application_completion_seconds,hour_of_day,email_domain_risk_score,account_age_days,num_applications_last_24h,ip_location_mismatch_km,is_vpn_or_proxy,profile_trust_score,label
2676.266116838524,18,0.0314233168847211,388,1,11.123420397803834,0,0.9024710675258152,0
672.2781120713872,15,0.2310775345627636,218,4,23.412260052738148,0,0.9461449994149986,0
1546.279894555732,12,0.2527804703580401,597,2,51.13646167059682,0,0.7223498781861462,0
929.0570522438644,22,0.0256441634332569,654,1,9.796683098473377,0,0.8108384619282771,0
358.1752342001614,15,0.3081641120086423,204,4,10.531923484206878,0,0.808314997318111,0
634.1218612280927,16,0.2825136693114989,729,2,14.094323786219066,0,0.904470425238609,0
1872.487900063058,21,0.0693373049492032,611,4,34.61862647604556,0,0.8882585924426969,0
302.41598248745373,20,0.2584589692446981,206,3,46.19427135287946,0,0.9508591018997262,1
698.5667066427653,15,0.2514669562240066,655,4,28.413647139962418,0,0.7045293890084325,0
1683.3426816070237,10,0.2337346402596056,105,2,0.5196465608188277,0,0.9774986546978828,0
1361.7832606510894,11,0.2422290118156988,367,0,3.713001876229408,0,0.7199376151043216,0
2350.9521803508537,16,0.2868599577607372,858,1,3.439279549725481,1,0.6894918109465091,0
840.5464554391518,10,0.0219497610386174,531,1,17.35906026793056,0,0.8360976445092735,0
657.2666484747314,20,0.2419312362838271,544,2,17.17563152828461,0,0.8485386809961999,0
756.3915064455019,12,0.1281274046932419,34,3,13.270873382236768,0,0.9094698701981844,0
1007.5279920340054,7,0.2807368114292882,713,2,56.29525096631816,0,0.7357381940190046,0
695.9872816496202,18,0.1149262142214332,306,4,20.3976012589256,0,0.7667558121282286,0
1074.0245832273404,20,0.4544038093929141,656,0,4.892568043000741,0,0.5623230672693791,0
1327.3143361998518,18,0.2259176774676042,753,3,13.095207600328289,0,0.7285112976767338,0
1463.6864094281432,17,0.1912018412899777,865,0,19.37680206798975,0,0.716106477634225,0
724.5624343865986,13,0.2039989393977708,536,1,20.733329484009666,1,0.8949226886204482,0
864.2346933180584,15,0.1308456808692184,322,3,22.262228169109346,0,0.9050639655364728,0
940.906600771596,15,0.2725756398810774,478,3,8.472572520135701,0,0.6405120453162637,0
1345.7486170318275,21,0.1031824202107784,824,2,9.181976324178194,0,0.8168015014007804,0
2047.4655039234951,20,0.2203984992045389,88,4,2.505388820741247,0,0.8761152735460771,0
1065.3809414779769,10,0.4379115923804791,946,2,5.904644937581717,0,0.9255991783052336,0
621.4597744541322,10,0.3555111602849796,388,1,12.247982136347764,0,0.6943865998235371,0
2227.95114463697,12,0.2055480630691505,62,2,25.75370188478453,0,0.7370473705713841,0
1209.0405588917845,16,0.1122374868396229,967,3,9.80397716944282,0,0.948954325019554,0
1329.5253986379237,22,0.0680846301845526,858,0,13.07093956780377,1,0.8513964895801557,0
4083.1456614688623,13,0.3980943125111091,78,0,78.52621661669853,0,0.9044751823143052,0
785.1687818753711,22,0.3286041980063549,457,0,1.9918842585874588,0,0.9466794470511316,0
776.8139475737889,21,0.2572487740842728,205,1,15.295127481843462,1,0.8888195286103597,0
1308.059392435802,21,0.245518645614795,565,1,6.696384556123045,0,0.90514870643402,0
638.5775110385428,14,0.2259800695568199,859,1,0.3330775752090522,0,0.7963457711522333,0
1386.389548229797,22,0.1899756211889043,149,2,6.802843727395824,0,0.5191754489603125,0
1314.5064562525142,18,0.1732700302338299,413,0,2.994415298401656,0,0.7904870285907797,0
223.77083997101195,20,0.0373387267192431,978,1,17.093540322154073,0,0.712006464052956,0
852.464690437374,11,0.1282997268564951,345,1,6.51045895118571,1,0.8545993680340328,0
896.7764333728002,21,0.2182369984605527,743,3,0.8777784316568882,0,0.7859725411437868,0
1685.6968421197084,14,0.2205320168589355,767,0,13.11563722426845,0,0.6863878215208884,0
1144.3239365441934,16,0.0637166876839517,130,1,15.43935835281376,0,0.839939140944939,0
1242.8596880721527,22,0.3531097314897615,256,1,20.875839132970334,0,0.9578749737717176,0
511.44118566920406,10,0.0295982155290356,669,1,2.9357618994734795,0,0.7899870730712436,0
1299.4168635433118,18,0.3617568088221026,451,2,9.321493793073072,1,0.7876146849526957,0
794.6732806196806,13,0.1635215375400989,560,2,41.890857823349506,1,0.5507418634664765,0
1051.3048955877275,10,0.4742573630785636,208,3,8.762718653200901,1,0.6066663296005662,0
1491.1929361076334,9,0.1101122634240717,105,0,1.4585010423030689,0,0.9433351114855774,0
1810.4368442013697,21,0.2782749392634251,990,2,62.013341602400445,0,0.8248515985694771,0
1611.047657015839,15,0.0903853213259408,965,2,14.808390617746792,0,0.9451689842382958,0
1717.1382243490857,20,0.2245452390016865,114,4,5.060618362308458,0,0.6888129174249361,1
490.0951482046988,14,0.1131041455270927,155,4,11.6071522989574,0,0.9602300678612046,0
1255.8078859967716,21,0.0648981528926233,125,2,2.8305847866555585,0,0.7569843794272325,0
851.1747200061799,22,0.2853833422359846,271,3,29.5200664708424,0,0.7850728407396926,0
335.7351235760705,22,0.4486593467729116,895,1,8.293816880079225,0,0.7942913113991689,0
1051.960875679163,7,0.2629996728057924,389,3,1.4038302088378491,0,0.7680667566802101,0
720.7548701831729,19,0.3551205552703158,318,5,0.8480236232351331,0,0.8989324426207037,0
1257.821517282136,9,0.1414958148095907,594,0,12.4264568337663,0,0.6278062176780785,0
1031.734195855445,17,0.0479425690333717,36,0,1.3576674108175375,0,0.528036077911192,0
3002.325489127387,7,0.2580865302003924,30,3,9.317417713863277,0,0.5564234799208275,0
1225.2903095071724,15,0.3527063046295773,291,2,4.750943964053034,0,0.7837086646572933,0
432.1176423822407,19,0.3103355514387115,685,1,13.089871187509068,0,0.9607507357799274,0
1507.9311600257763,20,0.1925820009278183,955,3,4.499456246305918,0,0.8342327867724859,0
1139.573230713022,7,0.0644618100931298,344,0,3.0720998834612416,0,0.6995242226921733,0
834.9181868600958,13,0.0909458277737639,315,3,0.8857575633920216,0,0.7951026317297404,0
1656.5214691702774,16,0.4103606368710032,370,2,32.49763422560157,0,0.5807189680767547,0
992.1493255860876,20,0.0559617193803152,204,2,5.315243596961353,0,0.7285317929611781,0
1387.1362719956046,8,0.3399362007891026,76,2,8.019520386779924,0,0.829496850963138,0
900.5694181941326,7,0.2045111338459265,621,1,21.545222573407244,0,0.7971237683564956,0
973.0234686971586,8,0.1222263729413211,726,3,0.4742996522405746,0,0.899516589735067,0
608.1923164239182,20,0.1382233362932664,248,2,25.53525986989001,0,0.8795676174031988,0
2643.3496199167,18,0.3452657538035942,341,1,5.928733064231372,0,0.656435533990327,0
1406.39124871955,21,0.1782848277799539,965,4,6.12313961687783,0,0.8538903055413185,0
1047.0332777747735,16,0.1731863294950786,975,0,3.534732506273546,0,0.8170863673882678,0
670.3202821807802,12,0.4335957246326827,853,1,21.359599947557324,0,0.6423306657536819,0
2905.2812996451953,7,0.268919558251232,280,2,10.285267849262755,0,0.8733031671626159,0
739.4785487275477,18,0.1563398041516933,269,2,8.530071962146348,0,0.8316619537996819,0
721.0110813085153,13,0.2260649966667084,124,3,2.401494130875269,0,0.7714603601964769,0
879.3428426428666,21,0.0857174695318674,155,4,17.002969062483245,0,0.773528542176412,0
1137.5912789746667,10,0.3646754216652828,313,3,9.215424452826191,0,0.705808278348518,0
546.0703958451048,20,0.2499593400030873,392,1,12.645340661249284,0,0.8634559825674976,0
445.56838706209567,20,0.4385209968546739,87,3,9.722141203771251,0,0.915914689901051,0
1147.8632674697687,19,0.1777626988446682,82,3,21.772762671174895,0,0.718365637394068,0
1285.6326623221992,22,0.2391483338960339,686,3,41.225722534223955,0,0.8618519672032328,0
598.6017127982996,13,0.1659419336296448,809,4,30.04294329251367,0,0.8421722395442339,0
816.4719547768054,11,0.0820422411462219,468,3,14.383064790894984,0,0.8770052336259755,0
2314.428854560406,19,0.1012451094105484,544,1,17.076693926795276,1,0.9614068540402304,0
712.9375427956356,9,0.2062045104143061,52,2,2.6785522943054016,0,0.7547668553003968,0
1444.6548863068892,11,0.089296308458987,251,1,1.2832533359963032,0,0.7961818923440959,0
1319.9195707060803,15,0.1156817820968168,414,1,13.582756457260627,0,0.8247799616953987,0
1735.4664212787704,7,0.3106200864152738,259,5,15.059725967475693,0,0.9278999772100636,0
1209.2118401318965,8,0.1765389794924929,802,5,19.998008231523304,0,0.7854709901637357,0
1300.5073106215698,14,0.2806155592312772,996,3,0.7198596095620716,0,0.9736104748504084,0
1073.719738052064,22,0.1904269670165794,893,0,43.52030555315349,0,0.7299499918247593,0
473.1949490577794,17,0.0363197832287494,150,2,12.527517721395691,0,0.547201677829524,0
633.451418090678,15,0.3539982199342825,195,2,11.9779129592358,0,0.8137351559941727,0
1755.7352055145288,17,0.3176832149738111,516,0,27.265221523780102,0,0.8179716768291317,0
1161.7099375834734,9,0.2331343917147259,125,2,3.2682509617810505,0,0.9487685376470888,0
333.20084466683187,10,0.4771993846469411,197,2,23.316377258728473,0,0.9476138655477068,0
498.2299862341535,11,0.1113764541920141,914,2,27.683402996440705,0,0.8899862185115693,0
704.8854400351975,10,0.4877913219551839,81,0,11.486693041470737,0,0.6749748117106946,0
1634.595128882117,14,0.104864715224176,285,1,29.24677271491877,0,0.8059538736549368,0
442.1111324759727,11,0.2310923365486034,475,5,43.57855937412844,0,0.8994756881621417,0
866.3536294430145,11,0.1068591516631261,527,2,9.388148507596515,0,0.8503623021204593,1
1140.477599850765,22,0.2086146891799563,426,3,2.421593135877841,0,0.6085441933069913,0
1158.9605580843722,10,0.092934916170832,213,3,12.546197671240582,0,0.809883547522267,0
1392.3512594960764,22,0.1033810819373721,820,2,2.17461608517272,0,0.8816854803233567,0
1159.445881039566,7,0.1964699381779984,739,2,41.88849835837636,0,0.7553742302256755,0
742.2363810567982,8,0.1958710391953325,873,2,0.7596107576322044,0,0.9327419010306244,0
311.6974047243286,21,0.4178249792251611,55,1,3.1620212886455374,0,0.7599755677792525,0
1136.2569595956872,11,0.0592878435318761,455,1,5.33597152608258,0,0.7542810890858863,0
550.4645879656244,20,0.3168638827171515,782,2,6.409634414172676,0,0.8474492923099783,0
813.5427679796586,15,0.1461192253611763,154,6,1.0908028617755905,0,0.9259154696194972,0
1623.3154511024093,20,0.3567169791119362,664,7,4.539543694553291,0,0.972458775944593,0
668.0937377824922,8,0.1470877413253402,911,3,58.19995816564285,0,0.8262127436627165,0
412.1884440114574,21,0.3358569590701678,565,2,60.046487782506475,0,0.9538828241586392,0
1117.3958662479245,18,0.131002667805339,595,2,0.6849264477663419,0,0.5542699186448001,0
926.3469889706148,19,0.1348419917624548,285,2,17.81931741853431,0,0.685392043042934,0
1213.1409610191686,18,0.0767011481685837,292,2,5.968301082002949,0,0.8687016972158926,0
1064.0933123953207,18,0.2007323239854797,526,0,1.3334149052556894,0,0.7806674832445513,0
1385.498887397392,9,0.1167135477093284,459,1,3.1665552935302266,0,0.92061805964485,0
1518.5051017814449,15,0.212793996957528,541,1,13.393286158793602,0,0.8926377947310383,0
534.528448472792,20,0.167569449908153,887,1,3.983893182491315,0,0.7902623449208972,0
501.49675174892553,20,0.2732826604961687,624,3,33.10371219806445,1,0.8701594907895775,0
531.56244900978,10,0.1165559912387441,350,0,0.7309626342115215,1,0.906903291924547,0
1567.3061727741317,12,0.3132261502644818,589,3,3.5332416001652076,0,0.8485359105812252,0
829.2952334384928,14,0.0514943534490927,73,3,12.139207710470028,0,0.6951712134696749,0
730.6323063199688,22,0.1823984223444631,522,2,2.7844158154866387,0,0.7876694243317456,0
1087.7824566692414,11,0.2232155435079717,204,2,16.457346310578536,0,0.6598348548024529,0
464.1408228040693,19,0.2087763910910057,166,1,10.022786634271435,0,0.749456792115774,0
828.5463875022529,12,0.3730886788222446,673,5,1.558055609144945,0,0.6027009794779431,0
540.8041044418999,16,0.2715980676134282,328,1,45.79609562192907,0,0.5764886698994341,0
927.8935499928886,9,0.1043817440402037,182,2,27.48693923385979,0,0.873664501727028,0
954.4102568729056,18,0.4002829772518426,741,5,34.08811703952307,0,0.935292905560081,0
1804.7378980276812,22,0.068156132970498,255,4,21.027775174052877,0,0.5933179257372395,0
571.7185673166904,22,0.0531614096881195,859,4,24.287618389052053,0,0.7041027388199859,0
1173.7446519074958,15,0.1957744250957577,209,3,34.33132262091842,0,0.5033348735793379,0
1077.3366486753273,12,0.1936961683309062,746,5,12.084362716834232,1,0.8698217291354383,0
508.81115542509673,14,0.4201410629697704,73,4,12.456609022165123,0,0.624231712768672,0
989.9026977589084,9,0.1126022122904434,156,2,5.830620381903466,1,0.8162553879678597,0
1612.0871306370302,17,0.2471288772956938,866,3,7.394339022688193,0,0.8098791440703931,0
1261.1555669743584,20,0.0128675046343885,473,3,39.304568432824645,1,0.8860640181121487,0
1637.762158772781,20,0.1330725630876038,717,1,3.8649220548186873,0,0.929607594459285,0
1291.4833050740424,20,0.4617610833810606,627,3,2.6503065093078937,0,0.8170641509713472,0
2517.6087404049727,19,0.2740703735103097,285,5,2.972225144792482,0,0.8984867260217116,0
622.9317314096553,19,0.2520405394855342,877,2,14.847837313535898,0,0.7926055921054963,0
2714.637144579725,12,0.2319424100717563,762,2,22.526708946330352,0,0.8618356908873434,0
827.6717286386236,16,0.2365302073464401,743,2,4.5381346378709715,1,0.7696772522561386,0
1112.5419572565063,18,0.1420030667905695,481,2,4.587974627585576,0,0.9862037669883104,0
830.6507775717591,8,0.2283247142898311,604,1,2.8474289499523295,0,0.8527226253653943,1
1807.8439338562323,16,0.2330481439693902,422,2,11.33924018504338,1,0.6926637299263637,0
1209.4058575842182,8,0.105784687608382,921,0,2.8786340075139347,0,0.6956142830824479,0
441.50965275458304,12,0.2138950113745022,882,8,1.7388009835131892,1,0.843471966732919,0
771.5813931826176,19,0.3205453975162402,38,1,2.155667117608339,0,0.9488124298490777,0
1158.3336222992004,13,0.2545853281471497,800,3,19.230845793933863,0,0.8341093676848864,0
475.6978154827916,13,0.1755169794626325,596,3,40.89506846342425,0,0.9038648958143176,0
937.5913998655298,10,0.1011936926543969,245,1,1.146534677616486,0,0.8068635082967794,0
674.6257520914667,8,0.2068656945090813,650,1,17.62935279538197,0,0.5569452324354617,0
853.2816153436155,15,0.2326455568539867,70,3,18.059367210806833,0,0.497786994280844,0
973.0271363451882,16,0.0623846460563181,558,5,1.9053904265987989,0,0.9433843180059392,0
1096.7463550727146,8,0.2016273836483775,69,0,1.0994917844648566,0,0.948758386159309,0
899.0380597238131,14,0.019458280983557,703,5,12.36466526541383,0,0.8189773663484581,0
1625.3505564688285,21,0.0904170350213673,191,3,18.261222051200654,0,0.966045104272806,0
1010.2113373120588,13,0.3618955446567725,455,7,31.43557001588437,1,0.4969792707183257,0
1536.8259485336034,8,0.1389583969107182,201,4,16.17402289849707,0,0.64031342393086,0
1958.2676532432388,21,0.3270949969510752,587,0,8.56236876266932,0,0.9020718405408312,0
602.6437928012516,18,0.3561567009134894,104,3,6.047311269453533,0,0.9182278612350376,0
963.0421783741232,18,0.1496090652185823,211,2,19.901404456260476,0,0.884140849403188,0
199.81870037047665,0,0.9229471649237238,81,9,13.367268407273734,1,0.5109105650857255,1
758.4602917832909,20,0.2704164299230477,719,2,37.359218188826475,1,0.9043211012197736,0
461.9226706461319,12,0.3252027712115808,74,1,1.3066959277888268,0,0.5723415741531861,0
1203.3698727804629,19,0.5616807804418512,551,3,5.215898127183541,0,0.7815184988704952,0
996.907349784802,16,0.3296910590090514,433,3,10.99237569237082,0,0.8211793560049971,0
2205.0070890819848,18,0.0805540105057989,550,5,3.976651108439463,0,0.992110854256394,0
858.7756440980716,17,0.2920788886830494,766,1,12.06711526712681,0,0.7854423721654323,0
701.3061327578542,9,0.1106485899478355,383,2,5.084449224224269,0,0.6460667490676032,0
913.1997528884648,8,0.1505656692087899,367,2,6.242924929474791,0,0.8393209349626802,0
911.7851280192548,22,0.1296260833228601,265,2,4.441162489264102,0,0.5883571323245089,0
362.4925533382342,3,0.6797143726774589,154,10,99.94643269029136,1,0.6265551231939902,1
1382.766975410958,11,0.1349809448323062,317,3,6.931414400997953,0,0.6209344989010455,0
599.806123740075,22,0.2208840593073377,563,2,1.7479530823674465,0,0.8327295930035215,0
1287.8882960929552,12,0.049223977517894,330,2,26.186203065122054,0,0.8464910764022847,0
2430.685600066341,15,0.0193921164520605,834,1,38.543992795665275,0,0.6324441474255683,0
1531.1570116952887,12,0.037568375057649,743,3,15.460568369495498,0,0.7949522229070771,0
1521.4089089900451,21,0.3420926643408821,200,4,10.925032818091134,0,0.8197085523438472,1
2032.8358974072971,11,0.1357919824142208,732,3,41.435420841153075,0,0.8455566408864784,0
841.571891254838,19,0.2421590241390894,132,0,16.14438790778258,0,0.8443159537717825,0
562.4155039382225,13,0.2608621203898749,982,2,6.303611916478052,0,0.8007361303705289,0
728.8982657425829,14,0.1826984383998466,873,0,8.031258723597947,0,0.8924108420493685,0
1349.2476696952997,7,0.2385013812678315,278,0,10.10752733341594,0,0.9204020534254612,0
929.500483241591,22,0.0432084230017922,887,2,11.23629009700714,0,0.7909934658230217,0
1030.258194253587,18,0.0078426026262077,744,0,31.16717685727519,1,0.9661671579803554,0
771.2419723535515,11,0.1896256009412812,929,1,26.306356172582113,0,0.9526669479477404,0
733.6025659435455,21,0.1039736109767125,955,2,15.48140644438626,0,0.6025175273270921,0
377.7969699192936,12,0.036101568016285,235,2,47.26625085122866,0,0.8030693847455462,0
516.1779990680086,18,0.0237965636657812,981,3,6.41542685059669,0,0.6575103927148721,0
1398.649835413456,18,0.1124141299388136,288,4,2.299646820128537,0,0.6147867688778329,0
3637.049105571747,22,0.1758280629800145,507,0,17.135582429826687,0,0.8282066265868934,0
822.9940487445842,15,0.1055667013651837,236,3,27.570521862458897,0,0.849811043547588,0
1425.877400330049,11,0.045884595276989,841,3,18.386314909825373,0,0.8306429603692499,0
474.6459966131486,19,0.1268611199029768,37,3,10.512195072285264,0,0.9354047191222556,0
784.4703349983619,21,0.1201761192486441,926,0,8.569461227413974,1,0.6705688975062369,0
996.7764988336947,9,0.2733180902271827,279,2,0.2286226175218265,0,0.5652515654634742,0
1555.5212246141602,16,0.0426348253193171,446,1,27.51870870377846,0,0.8862007175802422,0
1426.3590604499127,21,0.1928182801199181,51,5,16.53229308439243,0,0.9559574869597682,0
796.13947976529,21,0.2406505820748198,747,1,13.658874630235964,1,0.7498878298719212,0
1418.2864872192383,11,0.2867139095142738,893,1,46.776900357944534,0,0.9263700044618368,0
1013.7144688608788,20,0.2276859289167909,816,2,3.8315008275101503,0,0.6763987793687968,0
666.4819061764147,8,0.1857653825727692,494,1,13.238626348797863,0,0.8487505275820997,0
701.222740566386,16,0.3704440443755524,68,2,4.549302415823105,0,0.76146719853561,0
926.1672005261164,16,0.1218454132073578,115,2,1.811678727765497,0,0.8773654085911803,0
1815.7095216659884,13,0.1217698363185112,701,3,3.9527305468744824,1,0.9642357050466176,0
903.9134826843148,22,0.071027628223753,387,4,3.0213184419586203,0,0.861813110795657,0
606.8666948576329,10,0.066720410564831,180,1,5.934611093642892,0,0.8962021673939224,0
1251.5803582174376,21,0.1354302281253873,58,4,22.351404590073408,0,0.9133392037031308,0
1843.7224195773756,16,0.0461281015696702,647,2,4.310652999588172,0,0.9396471678446529,0
1651.7359671382908,15,0.4788244233626503,447,0,9.388495660903388,1,0.527072088753354,0
1413.6185843126034,15,0.1116220345120887,881,0,20.161441746040435,0,0.8825464631819722,0
1205.8630295364176,20,0.1327897334459008,482,1,7.1746175387419155,1,0.9306057557052582,0
1424.9736253338604,10,0.1671857323663873,824,3,58.71459897120489,0,0.4253646350772265,0
1312.9541461293034,13,0.1039917425587929,139,5,1.512824279569965,0,0.9397205584094476,0
520.7918007970954,13,0.1367648691317842,504,2,11.388617631175116,0,0.8375497966331904,0
930.466059850174,14,0.2973709803236287,538,3,2.1832269132124247,0,0.5040211403526147,0
1095.3669629334406,13,0.017155932830635,244,1,3.6730968054527473,1,0.879193026380932,0
2159.3094493863746,12,0.1064185413914643,230,1,39.64838302815286,0,0.736066655609731,0
615.5544381643945,10,0.1617773297456128,876,2,9.374132498988004,0,0.8842891184161569,0
754.4025273870591,7,0.1529929351406461,281,1,13.17989518573646,0,0.8008307193703474,0
763.292150762154,15,0.0814961023839762,130,3,20.568598356257024,0,0.7166969660687842,0
1240.4592196391268,20,0.2907675530521328,50,3,24.148814039674313,0,0.7332368261943532,0
784.5335421162099,17,0.2233118730151004,865,4,15.36488524971892,0,0.7292850341128883,0
60.44899652439209,4,0.7192129644839588,179,6,106.49979022820298,0,0.7933827011594742,0
1914.501289435048,10,0.2216737630652604,948,1,2.121621503033156,0,0.7401084508203463,0
721.175068966662,9,0.22519129666434,555,2,152.23420591391314,0,0.9222612640689392,0
650.6446683523925,22,0.0862075588571051,943,3,8.6885430139464,0,0.9115372366162332,0
734.6448206492942,16,0.4192418577994721,171,1,53.12219383127967,1,0.6379159959094349,0
1330.0538434235805,11,0.2701729392800334,724,0,88.53336612349027,0,0.6589556665303693,0
1845.1615496089344,8,0.4143771768593201,795,0,19.034660015035005,0,0.890729000581752,0
1274.394918962578,21,0.0457794604778843,324,3,7.382116749229621,0,0.7851330535482652,0
470.1389633037395,16,0.2438757972916977,528,6,1.8779456535069663,0,0.7148802677258854,0
1288.3394671686697,19,0.0120480244128559,244,0,6.569134569495857,0,0.8459447995559397,0
1143.357276829916,14,0.0620163495705403,555,5,3.7886518186687166,0,0.8367964655242975,0
685.6079505456202,17,0.2245368611180852,501,1,6.516153022254986,0,0.7849763783271998,0
666.8988752328014,18,0.234847108320376,197,3,12.846812332674215,0,0.7155809030666831,0
1591.4770774794008,16,0.1298259177391592,737,5,11.378272839948268,0,0.9396611595823332,0
1451.3853367918985,20,0.2251866365164776,72,3,0.1638883753770184,0,0.7788564071546185,0
1035.7560646137576,11,0.0383193468738948,451,1,20.006040980098277,0,0.7333491998829931,0
832.6592370246779,14,0.452503304269533,393,3,16.763838140882108,0,0.6912861981740192,0
820.3466585396123,16,0.1006267130914385,153,1,4.315331025906979,0,0.9177923971492576,0
528.5547056709128,9,0.1620538785984832,924,2,8.408921690135815,0,0.953904148077048,0
2236.244597160838,11,0.3465989556743049,501,2,3.9224877708050623,0,0.8697442608719097,0
1923.5355888478848,21,0.2985891661161493,520,1,3.552085460207187,1,0.896282546195968,0
1095.7826482925043,19,0.4222371203885067,270,0,10.050457917234876,0,0.4913576019034033,0
1256.75847365987,15,0.1670383114360182,279,4,9.3049374371876,0,0.4821891635386527,0
945.561745457686,20,0.178681315252286,412,5,10.904575296067096,1,0.9208229803123542,0
1471.2718033211263,13,0.2422102387055633,819,1,24.281226017806873,0,0.8610052854411508,0
1247.9078677741704,22,0.2049986079580792,622,1,12.380459098902683,0,0.541691762032584,0
475.7391796150755,9,0.1377588707167172,884,1,25.280839551948056,0,0.6652510977673318,0
2038.4517600151023,10,0.1185043886415318,201,0,15.581611514717649,0,0.6636012141630128,0
656.2706762083012,14,0.3797344273038786,704,1,4.547694768628735,0,0.8347531698515123,0
525.1588295134511,23,0.5222281512713794,109,4,174.8544281922243,0,0.266661652944701,1
661.7529564270485,21,0.3328092060500042,907,1,29.1963616973497,0,0.8287955162207113,0
539.3570333708042,8,0.4421996901338283,53,0,5.127858316062712,0,0.9345288017200212,0
1012.9775235876745,19,0.4058176125012666,203,2,2.3682918057675435,0,0.7108313407289485,0
585.8428605113098,8,0.3834231655558158,583,2,18.148844344171515,0,0.9485427168659152,0
958.67438178346,17,0.1164181844545893,458,4,9.353058079236844,0,0.862668253702846,0
1409.417264103166,20,0.2879508075959276,966,2,27.831036427494578,0,0.8735509227185911,0
1034.332651351455,12,0.0791403319694653,209,1,3.332198906920104,1,0.6306123474142269,0
1595.3319301186605,8,0.0488232153909804,277,0,24.435252263376576,0,0.6844020888466017,0
910.9817426851464,15,0.2822904951588109,240,1,3.945440408672372,0,0.8056439601293668,0
1350.775958189814,21,0.1197333538846499,107,1,10.28402277215259,0,0.8277553652423453,0
2011.7711921429532,21,0.1346605911849622,815,2,0.2685766550566122,0,0.8865817622632077,0
1001.9218279056092,22,0.3168657298539883,75,1,11.356540361045154,0,0.938421910116567,0
2740.978588599841,14,0.3009277319860083,500,1,23.47481404142561,0,0.6914137280700144,0
2104.3673306252267,12,0.4759256278932923,866,2,51.417041224701855,1,0.8458836620920024,0
975.7540044071688,14,0.0849125189686218,543,3,20.82729845952403,0,0.8192571375840464,0
293.36973756582665,20,0.2555660097950772,224,3,6.215580969227399,1,0.6842657880132513,0
1172.1443487801048,9,0.0805579360173081,140,1,0.1091747624971633,0,0.7529764041105793,0
1570.8801074062717,9,0.1053554018836946,657,2,2.5803933797572864,0,0.8758315457597508,0
1362.1965861786605,19,0.120896091026483,431,3,21.917951558651907,0,0.5487908759617756,0
1196.1969753209992,7,0.3852256375085947,897,0,2.313055082381831,0,0.5533679425021826,0
1357.4829954386207,8,0.1680838928864982,855,2,5.444697231847329,0,0.8643079550258927,0
775.710011666575,21,0.3691882685699159,819,0,3.859414693020175,0,0.7821288323468957,0
831.596947593742,15,0.1207955033383995,353,1,13.90372971329735,0,0.915550862463274,0
1179.1531779377133,21,0.4945600876197208,86,2,16.41131242845127,0,0.9254302394975554,0
1323.5337962435297,7,0.4125696685517858,349,3,20.62536523369278,0,0.624364102871257,0
2199.8533087858855,11,0.39612218509033,830,0,20.44825930912112,1,0.7518053454752333,0
497.3358443104218,8,0.2475743367402414,501,2,17.536995032956888,0,0.6951287889924498,0
1515.0905538914128,21,0.4882312745909167,731,4,7.79862493381326,0,0.8329319023051713,0
414.73618340525354,8,0.1900426803051874,441,2,39.456444086094784,1,0.7352453329690946,0
1193.3296803182586,14,0.1585802332864365,123,1,6.778573734842143,0,0.7389556175199421,0
875.1741821114656,10,0.0798135928337765,168,1,20.26160529250223,0,0.7915407214693793,0
1500.1873170683962,18,0.1408481570363413,749,1,48.77526832304424,1,0.819327323814938,0
1471.530873698225,16,0.0270018828200174,142,1,1.698769755584229,0,0.8114462464318539,0
1006.472440932044,18,0.1772477801406695,153,1,14.137925283518069,0,0.930401672015684,0
1117.844627336333,12,0.2061757893605167,438,0,5.146245887008051,0,0.7820432610715933,0
995.4268081247816,7,0.1700690006522655,969,2,1.6603503333101206,0,0.6125462195988656,0
651.7218743658203,19,0.3981745912596421,773,2,15.661998790625937,0,0.7253056193568189,0
842.0905777759102,11,0.0616007154441679,627,0,11.24518445311942,0,0.9163434197165032,0
808.4593863703874,18,0.2124572284952432,880,0,24.385801051000943,0,0.9873725962305518,0
595.61407501642,17,0.3094362338701985,415,2,38.86567258159978,0,0.953422416864784,0
631.2595287778837,13,0.397511961300706,40,3,3.0557751258296815,0,0.7186269459228266,0
1020.9150904738055,18,0.0063455059108308,252,3,21.775580412627686,0,0.7718990023719181,0
1055.0745326547185,15,0.0664333327296427,490,2,38.57891002270282,0,0.8972054633761491,0
837.8570781254538,17,0.3238552531775998,132,2,12.076729022222906,0,0.7470572620305912,0
569.6549943403279,10,0.3062562338449735,771,5,28.459583724344537,0,0.8903861990791949,0
1578.7203620605176,15,0.1759079355508063,166,2,10.244740084666304,0,0.8004920386744209,0
882.8453262679617,8,0.3599645233087865,661,5,13.036831397364894,0,0.7975369605542769,0
649.8329539757144,20,0.3588702839283715,592,0,18.67114411349041,0,0.855681530469609,0
413.25306784426607,13,0.1152853398226332,706,2,5.862106519313446,0,0.8892157436758766,0
672.1638948557398,9,0.0471945013920513,489,1,9.882820758556576,1,0.9873798551865548,0
2420.398404959287,14,0.2971060267326802,344,3,37.94445630357541,0,0.8660277358141681,0
1384.6057750637287,19,0.2482284028992548,242,1,0.4592316286474661,1,0.5798251934093912,0
1031.6417081292464,19,0.1223929983808301,226,1,5.583969671496034,0,0.84693035135678,0
1603.1527642992503,14,0.3636437362832734,227,1,42.15197948301993,0,0.8386691556193893,0
1318.6007461811166,17,0.2248060375661121,644,3,58.34184514147837,0,0.6965001369394525,0
1409.8911468413196,16,0.1537677156811339,613,2,23.845032036355637,0,0.7057646542224192,0
733.3076322295971,10,0.2579117833458816,514,3,5.500749172130722,0,0.5782055759949524,0
575.7761786903217,14,0.3155695446699446,179,0,19.568247979928778,0,0.7816623106907555,0
1089.3321755619313,14,0.1403332226436727,869,2,12.708292306088172,1,0.8881365764104834,0
598.2082550374859,7,0.1605774887290972,837,0,16.62786589133931,0,0.7803149691537404,0
626.6492734589052,12,0.4305452689045563,961,1,4.016009995295713,0,0.7962141749913153,0
252.08638010919876,9,0.1729704772088758,672,1,9.671734959837313,0,0.8367709473091659,0
721.4796758763546,15,0.1238335736431228,414,3,56.91449516527868,0,0.8844308162503568,0
1039.570849796076,11,0.4357493080504947,758,1,33.395692715849016,0,0.8171112870065241,0
276.1618003050041,16,0.1069489132528647,110,1,44.92824957968926,0,0.5775157744925768,0
293.41751892234083,21,0.1309062125493593,873,0,70.29121097859465,0,0.9164558659464812,0
2093.9712490879515,9,0.3058321019873034,766,0,3.6898765455654168,0,0.8305484594863041,0
797.9335775550585,22,0.1181897676585592,159,0,10.033743944370665,0,0.7051262174967887,0
317.12121413034214,20,0.1783707445571436,927,0,30.72573042045967,0,0.9200202231306704,0
1855.2235072075505,9,0.0396920705514266,350,4,3.539571260864139,0,0.9688486241258688,0
732.3404630980222,20,0.2373278756741517,969,4,11.473588341308988,0,0.2841149253232869,1
1530.0226347003006,10,0.2871387867646858,438,1,6.8588068258722235,0,0.8290925525258162,0
1395.246335720556,17,0.0875537624040905,681,1,9.519154573635976,0,0.9010866599256137,0
629.9137485839972,16,0.2845594769727031,336,1,44.05155675956134,0,0.7001071677081107,0
1652.53761268902,18,0.2051893322286443,896,3,2.608918936572022,0,0.9300226723796738,0
726.0313765745968,17,0.0757265741022479,42,3,10.18953951539943,0,0.9180435853212232,0
624.2609838343426,13,0.3341120792639856,711,2,0.3338922477128983,0,0.8923079089987302,0
1462.3696710570202,15,0.0229171295849292,354,3,24.460663950611742,0,0.9547028289729854,0
490.7324593086147,12,0.2892850207933518,408,3,19.62753194987135,0,0.8252062617646307,0
1199.5636556068866,22,0.1930200768217141,108,2,2.5100784424180524,0,0.7019295661699229,0
658.9384419034333,12,0.4707307358842788,596,1,27.956847926649484,0,0.786527227149623,0
736.1207821102066,7,0.1062768668055834,871,2,86.00725323330745,0,0.8655087979114807,0
705.1093546644437,18,0.1143185056810425,953,2,60.61397270311888,0,0.6575178312938625,0
904.5507724586148,16,0.1342827568840099,987,1,0.362564193113943,1,0.7986086852839501,0
1117.72287112539,9,0.0433409300883813,702,2,3.671748693530645,0,0.892355626766796,0
961.545137131962,10,0.1101391418950442,629,2,25.46283565077229,0,0.925208068033906,0
536.2909664247181,22,0.2628687846817795,129,4,9.738217053555337,0,0.8974462501245956,0
515.7103544145118,10,0.1336330028448204,568,0,24.66989432147213,0,0.7375980260198558,0
1400.018788330333,12,0.1758310908116441,878,3,5.4749727331956635,0,0.8521948508239654,0
403.782919532848,9,0.0888844553365513,284,1,32.42691620872489,0,0.930017246344612,0
1499.3852648606744,16,0.0427704660300631,377,1,0.1258078031669331,0,0.6820246695371115,0
685.7132383329104,13,0.0811511860211394,163,6,10.768433498812364,1,0.9281330655283716,0
328.33721051790315,20,0.4232068076047837,353,2,4.551425067860891,0,0.9656767041927028,0
359.4071589008367,4,0.3978008693859196,100,13,351.5442399444109,0,0.0367647385855418,1
1515.8741327277917,13,0.1040028109966196,801,5,1.690491001326992,0,0.9291900929980024,0
1542.6883010342697,13,0.3231489266624134,815,4,59.04439069562766,1,0.8217498416278289,0
1619.0140923771717,19,0.3345652739438343,203,2,17.287279630198483,0,0.7405365613624751,0
465.99272159547263,5,0.7990853116059112,131,6,52.37823998895177,0,0.3798432864382807,1
1034.7868486550128,13,0.2034416152849167,652,0,25.13943653213623,0,0.8690634642329242,0
1115.9847176775845,14,0.2827835246833579,429,1,2.9362136014289137,0,0.7724087669275945,0
2301.5418283461227,20,0.1775767782898771,856,2,2.0674635277883553,0,0.8968417676227782,0
1981.818593347388,17,0.2875714327899422,194,3,36.63529674421209,0,0.5750781181466903,0
819.0812333907743,13,0.1233694321585027,886,1,3.280255593558486,0,0.8220949121297922,0
1272.7912508928566,8,0.2892431825281385,562,1,22.99024536761645,0,0.6985527342478431,0
1533.953378191115,14,0.1211570518491771,255,1,36.7373453087132,0,0.9361893358759374,0
1354.6286084521562,16,0.3618678125026687,660,3,0.9083764546079104,0,0.7589439443436488,0
184.45581361026208,10,0.3924609946297293,505,1,27.835954169803603,0,0.6635897855764354,0
1320.9805026128065,22,0.2730482608476886,977,2,4.757046458211844,0,0.586781384058125,0
548.482390740934,19,0.3218095713566315,395,1,6.190372163468646,0,0.8512811808121117,0
1132.56254181768,12,0.1130038751551097,544,1,11.372774391093946,0,0.7850052712738464,0
910.1526117787748,21,0.0800924622974698,43,2,20.554252058710304,0,0.7228606977920498,0
1604.9028702380297,8,0.1057456556773026,774,3,42.47161795325775,1,0.8410985315701391,0
812.2069867952165,12,0.1232579502871994,303,3,29.649390983187622,0,0.7648952487500669,0
1190.3313197616476,9,0.0370440162267432,686,0,9.86221723539208,0,0.9504752785534822,0
1912.030271725644,9,0.0792522679340769,100,2,39.4437883549937,0,0.8959162886979121,0
750.2362384548934,16,0.3454928515054776,401,0,5.230724513905203,0,0.8704110698411984,0
1160.7056078553896,19,0.240692419511013,373,4,21.83222663253169,1,0.8090303294434719,0
766.7126976626656,16,0.045427940339154,397,3,11.024859665276088,0,0.923956929188763,0
1217.3566363916884,12,0.2504520526064952,239,1,5.174314955878007,0,0.8484274774556201,0
402.4167058215513,19,0.3689024344565313,542,4,4.832588741115189,0,0.8209900916267397,0
3116.9272181376855,13,0.1253654573377354,245,4,16.316632854319675,0,0.8294234853236901,0
1428.8491484568906,22,0.1305286043715419,213,3,1.5438020332104097,0,0.8339744752715936,0
1287.011037176232,11,0.0687121431652145,841,4,11.164256766545025,0,0.8304761027712074,0
2071.01316008155,22,0.0361124150625495,700,2,12.9413473159799,1,0.4246589281600845,0
394.595155248204,18,0.1402249756760655,264,1,10.13390029826116,0,0.9191263420415852,0
1231.8807108178137,19,0.1956293090434631,810,2,22.956184024020303,0,0.935313302365104,0
1206.700154844661,15,0.0980857685524906,648,2,21.541719707799523,0,0.8217415947070706,0
1189.858094084739,20,0.2026679371823458,814,4,16.53929940580596,0,0.9042287271087948,0
1221.2198520262623,19,0.0691880957250086,440,1,4.3763870887969185,0,0.8449435499721539,0
748.8038125139286,7,0.0998653074996126,370,1,11.571337742679194,0,0.7854327289734003,0
1180.5844654479451,21,0.3539680347273441,198,0,9.461433905206505,0,0.731848343095548,0
986.5122822088348,7,0.4724652319380383,144,2,9.767967876526106,0,0.972052033002834,0
2918.2469423571774,13,0.5611899160440694,571,2,11.573876941745857,1,0.8413135483903843,0
923.287327393602,15,0.402750268838132,831,1,15.103090605912158,0,0.9306443913565454,0
424.6451517124305,22,0.1979122427590478,604,2,17.639455972462066,0,0.7551576528343479,0
1478.7905892348242,21,0.3198723935631281,39,3,28.59663191896068,0,0.7515198346385729,0
1512.5159838158934,21,0.3131108399874092,748,1,22.622548049205896,0,0.8586571354624577,0
850.5920722103207,8,0.3026968826480868,475,1,8.55480500773127,0,0.7976536096405928,0
723.1842404426848,20,0.1024141045194363,102,0,71.07209836917427,0,0.9567438355137744,0
937.5634574040872,7,0.0159629231633083,235,2,3.731587961721838,0,0.5704610582121572,0
397.2926048549125,10,0.1729811335395092,307,1,30.21003440787545,0,0.8280356727946857,0
1565.422184185015,16,0.119554323601571,654,0,26.0628079676562,0,0.7921445054324612,0
1833.708139245043,9,0.076458298106775,229,4,4.943816477674841,0,0.8829703899780996,0
892.1795450447321,10,0.236988862678417,606,0,47.77990109704477,0,0.8037758363605615,0
2203.596654242899,11,0.3674310711045357,896,4,3.013755588535624,0,0.8297704719360914,0
870.796209926177,9,0.3176060959850801,48,2,25.233852164063208,0,0.930778311586819,0
818.6857850779178,18,0.0009140966825837,822,1,16.21196621628906,0,0.8370544378574296,0
2427.377382768505,10,0.1057867553126758,155,4,3.003694595185796,0,0.8444267912321666,0
888.623637631089,11,0.200009924184775,457,0,26.0773691792353,0,0.8354109239574488,0
1291.974769427196,11,0.0964872378069569,335,2,10.5008019257864,0,0.7635347802805095,0
686.9205333004933,19,0.2078173293480106,325,4,35.64764351609762,0,0.8011020456395315,0
1088.2426310875198,19,0.2004468236615491,553,0,3.545279992065711,0,0.990741831789022,0
1008.463467356636,17,0.1807709120224024,275,5,10.161746600095949,0,0.7729661287585364,0
731.5790780321955,20,0.1010890382553318,805,2,3.35287023759651,0,0.9118258493994084,0
1238.7798433784264,19,0.007223239140994,96,1,1.619281592106132,0,0.9261066947472504,0
1239.6067161553544,22,0.2402500730387828,771,2,15.151174554439166,0,0.8490002876549213,0
1762.7966356322402,7,0.2677366648859738,781,2,50.56833104794679,0,0.8108760734538207,0
743.4947676603288,15,0.0449095218887682,260,2,44.4517964283162,0,0.8558848563141701,0
664.7488434783075,22,0.1091533012531257,580,1,2.324075054371704,0,0.9309643590801407,0
1945.11534463492,13,0.2521642889629349,107,3,13.616407885892569,0,0.8883970518881936,0
1443.4611041939916,19,0.3366389066132078,687,0,38.7176390312033,0,0.915148599442638,0
1408.8150348005734,14,0.214743257497804,463,2,2.719026350372702,0,0.8212627892299085,0
578.965473935269,18,0.1629549320911593,500,2,7.12384899832405,1,0.7751119076720201,0
918.4686405358632,13,0.0987699730609871,674,3,6.016522058216699,0,0.78650711157692,0
487.604167307592,20,0.1361665017241383,365,2,0.5325795023143938,0,0.9450409075464424,0
1791.7151997673482,17,0.2817566472992309,813,2,1.4508115772891843,0,0.8668333957839545,0
827.7082278830311,10,0.1176970753091495,887,1,6.991863216257092,0,0.779777904268404,0
886.8218280883269,8,0.3191297091629508,906,3,39.98847393182472,0,0.8577862121044962,0
737.5309075483963,18,0.3482169937211198,570,3,8.73469268864461,0,0.7521538713709733,0
1837.03237407995,11,0.187338351440224,163,3,27.990642258441188,0,0.9125651813953816,0
1183.063886517623,20,0.0431465832480407,529,3,1.849874691050014,0,0.6855305474263652,0
911.225996366819,12,0.1534101254581168,826,2,2.7911238424809732,0,0.7856677770139072,0
713.6603865483601,10,0.0895639819540009,181,2,54.91073200665899,0,0.5560120436217919,0
617.3217296509039,15,0.035243045825574,440,2,5.5358038168419625,0,0.677039142027807,0
977.6954216577848,14,0.1988255131726146,766,2,1.3947472422901266,0,0.8924224650908931,0
739.2002764617746,11,0.1472877663821094,646,4,1.279877286446618,0,0.5649254698020029,0
1611.8802406797174,12,0.0472940019058374,655,3,6.357612948008246,0,0.9587502446716863,0
319.55952679964474,21,0.0957441238742202,386,1,46.5641343955758,0,0.8038686416931725,0
1415.974767491861,8,0.1475230918358095,530,4,9.629287935332064,0,0.7966583920535255,0
1773.7872238950692,9,0.0426788926633106,128,1,2.175782100609576,0,0.5122933053848716,0
1220.681306587094,12,0.4207590327242182,253,4,2.067256960391959,0,0.8224393229145484,0
475.11894810652007,15,0.0735495118857817,392,2,12.502098712000391,0,0.6849959927752632,0
1197.6102945516736,13,0.1785493403785162,593,2,1.2221421262970211,0,0.8136246708177982,0
951.0911982646962,17,0.2003165796030259,937,3,0.7347697619976191,0,0.7656238654643868,0
3449.429622386471,13,0.2100329256719066,736,2,11.55308944919185,0,0.5972469533188401,0
874.1811400596825,12,0.0457261758610468,92,3,14.56566549454441,0,0.9536438099580148,0
1226.9047943731268,7,0.3062524394273237,641,1,7.817142615511985,0,0.6477839510039393,0
1138.0689910556669,9,0.2923768901790129,190,3,34.61212647554911,0,0.7205948901574285,0
377.3915462871469,9,0.0669778308543139,800,2,7.7965407492844205,0,0.807973652520097,0
1008.6247845290784,17,0.1239540810385609,997,1,3.010790916739997,0,0.8976288008778036,0
754.1075473757994,20,0.2590354554427923,444,1,2.006740528743806,0,0.8210944692457458,0
1025.6819655343272,11,0.0373907753124286,213,3,22.655139962225277,0,0.9617101569137186,0
367.74588013923574,9,0.1229718953700764,390,1,11.815036271229054,0,0.7828414469459667,0
392.1587263213638,15,0.0542107800212622,343,1,23.43374076922472,0,0.8074967271374156,0
1070.6612073786528,13,0.0428375367555601,690,0,27.039568235234015,0,0.825402464655511,0
1156.4172658737696,11,0.4577338004477387,843,2,5.615059027100918,0,0.8837342263357671,0
600.6412994985136,14,0.2755945794245072,301,5,39.01867574149453,0,0.7827357366051566,0
392.4720348090403,11,0.1374609178914971,595,1,4.005422029691876,1,0.7224131979444293,0
692.3560562412263,17,0.1179629625773074,825,2,12.921307504114951,1,0.9593344154621852,0
787.5083309735525,15,0.1285963385705695,634,4,53.48397681096666,0,0.9176931882922988,0
1128.7392994134696,9,0.2835922951271294,643,3,2.5280748258296275,0,0.73737399499709,0
573.2459750487549,14,0.0443148135941452,399,2,18.39154929617114,0,0.9543975267299104,0
973.6074407277988,11,0.0399281212482471,373,1,0.9477050068279236,0,0.9725538369535476,0
1544.233773069851,12,0.2937976335037403,643,2,1.077566326502267,0,0.7900931844453185,0
489.639626689583,7,0.2240579325819042,409,2,20.64771878781226,0,0.8384215828292333,0
895.6782388152975,12,0.1024267373664347,240,4,6.049400155206011,0,0.8880929978308391,0
747.5857250774238,10,0.3236122976783708,468,1,10.99381711987329,0,0.9310204790973456,0
286.94856543751735,21,0.3174777109659927,180,2,6.098439803033428,0,0.4801034200992407,0
835.7815313185882,8,0.1202168226761515,409,1,6.021702219740218,0,0.2069544526774794,0
557.6480397775318,8,0.3669777507254775,624,3,21.600933364310755,0,0.6861465523770508,0
1151.764022237729,13,0.2409384302612427,966,4,33.15759205643968,0,0.9420403788051614,0
1391.020164384528,12,0.0816680373861279,293,3,11.931072270308112,0,0.8617609503727708,0
738.9856487670338,19,0.3334839307779647,178,2,23.926196635721464,0,0.5974582137932553,0
594.8232723618255,14,0.3368825521516738,341,2,1.4306761689808738,0,0.8592757069619033,0
2361.6709780405326,15,0.2037339764686712,480,2,0.4323691525500491,0,0.9228324629346438,0
1372.8675001949136,21,0.2839975779596318,317,2,11.933531655457346,0,0.7984707149325847,0
1226.8827308352693,22,0.2573623426031679,401,1,48.05621637066571,0,0.980212061187004,0
744.2627235520604,10,0.1090920421900903,830,1,0.4876254649245056,0,0.8026858636932332,0
785.1464849737762,10,0.2872980262936324,326,1,48.979222548300875,0,0.6525204868436248,0
1728.8121350252115,12,0.2978801540244188,181,0,13.988382542525146,0,0.6565605342352332,0
1437.8463951391027,15,0.3253290309230354,957,4,16.87430341284819,0,0.9279131135876152,0
405.5079348759774,22,0.7808564005090303,84,11,29.36085697622822,0,0.260000452279078,1
786.6627602238691,16,0.0772693479283787,757,0,17.13876076750025,0,0.6282749160645414,0
809.9624658378897,17,0.2046579458079483,154,2,58.83328014316352,0,0.9888064153081508,0
791.7672838812603,20,0.1782264744677476,657,2,6.473059738825333,0,0.9625571521258056,0
1138.228392735562,7,0.2366065381835317,426,3,7.587145122690089,0,0.7525101068803388,0
715.842362411256,16,0.211483968360976,294,1,1.6994538450483865,0,0.836127335456109,0
1926.93138302486,9,0.2550858041180889,930,1,16.23750886603166,1,0.837622217469076,0
1476.793629294763,16,0.2175094001943215,578,3,50.732785394620734,0,0.9090622851222038,0
535.0834090300477,20,0.0332716407245007,504,0,2.0498360816327295,0,0.7342582173578204,0
1262.3094765196731,17,0.117198478453793,897,0,23.37053517304846,0,0.8104745574164219,0
379.13501730094265,21,0.0771803615190591,789,1,10.484816109663011,0,0.7888091398969238,0
1927.4116419707884,9,0.3601700115219872,415,2,11.127260215969732,0,0.8008960840713691,0
1714.7245501513055,11,0.1710361673802182,935,3,16.177663612602576,1,0.5626617126198443,0
379.0131387337059,15,0.4516435708813704,647,3,88.14715843874158,0,0.7862297237324701,0
699.4366740070187,19,0.2727339557002219,900,2,19.168138985583873,0,0.9080908941071992,0
679.3018203285636,14,0.1904336162685659,451,6,28.94986084907283,0,0.852740711146509,0
953.2317932153748,15,0.2022241149433161,45,3,1.5835076034429991,0,0.8068914950491508,0
781.1958721834875,12,0.0900102757196537,909,2,37.07254034792885,0,0.8166426565058269,0
860.9380665151942,21,0.3266435790615594,905,2,5.507983410657489,1,0.9374669634202314,0
1139.288002864578,18,0.1559002967202824,145,5,24.262641147346994,0,0.424961882923818,0
1195.3620534597292,7,0.1703217311819185,738,1,30.21853888395565,1,0.8899222337489479,0
1504.4635926906112,20,0.2136772682966594,84,3,8.265302578675428,0,0.876114890027134,0
557.8035963218007,19,0.2067692116821749,558,1,21.480837432337964,1,0.3696246896201178,0
1118.0866519363178,22,0.0879328681040675,127,5,15.01107148389314,0,0.6963933606524689,0
885.704104023334,20,0.0372594626734015,896,2,14.428875131196987,1,0.8477010624450086,0
1282.439058570929,13,0.0819900606189983,633,1,13.396733098488395,0,0.9870053954110553,0
214.29192105522233,8,0.1712832625449073,562,3,12.498867513525663,0,0.8573584006994573,0
1519.2045587646155,17,0.237383280723051,644,2,4.301412847895825,1,0.6428593400689179,0
649.1958073607974,12,0.0369406191465796,766,1,15.81271041884849,0,0.805351372822352,0
864.796042276471,13,0.0498575177129481,193,2,0.6939468525201787,0,0.7834476752735705,0
652.2938057954185,9,0.1844299220505908,876,1,20.42773834383075,0,0.732839143207745,0
1079.3711842874795,8,0.110071975289993,748,0,10.30339337179593,0,0.6637605589335802,0
384.950119154222,22,0.2129706362881226,664,3,16.0728670097397,0,0.9596666753757618,0
877.1886139321238,20,0.2749880279997884,106,5,25.61275480814984,0,0.8600731518292785,0
827.0276027012907,12,0.1693035419000399,598,3,8.519206519411693,0,0.883361059441979,0
1190.0016335099392,11,0.2712118944267589,250,0,22.84084910523096,0,0.9723748624972782,0
1855.64815093297,11,0.2486141316252768,897,3,17.658482025546512,0,0.7742884096010185,0
384.0043746810612,17,0.1781173619009905,236,1,82.36088227766471,0,0.6960652933606952,0
1747.2006556424465,17,0.1884043637470687,618,5,10.046933564343767,0,0.7139055455551238,0
1149.9328543043275,20,0.0557390346744084,530,4,23.64088183227781,0,0.9395024254620064,0
510.09683194646874,20,0.1802366297619979,307,3,34.623586406147545,0,0.8219577856788567,0
1133.2922575959683,12,0.2695626342605205,952,0,0.1580397498143395,0,0.9639899392744808,0
1300.4612035674045,22,0.0709888709576734,543,2,0.0083219798300731,0,0.7698990599902152,0
760.7334724270079,8,0.135095571600545,177,2,8.254666906526662,0,0.8945808336047978,0
883.5673693658143,18,0.2015387425766474,514,3,10.706486073137732,0,0.9919223155782,0
999.3991938681296,16,0.2211628643607598,652,6,31.003736633470464,0,0.7339821952276359,0
599.485922499052,8,0.2136966546833798,552,3,3.6507543368003144,0,0.7241364624057504,0
441.48108892272967,13,0.3185894303243752,243,0,22.94276525611164,0,0.9213712807602836,0
1158.3072138134405,11,0.1852823089593386,992,2,31.080341631127816,0,0.8363656038351317,0
795.0654833761016,9,0.0858821166572937,485,1,9.918203288990476,0,0.6585384331394267,0
712.5705809874173,7,0.1033270463275474,894,5,2.084355694595079,0,0.972340347221875,0
442.7395118034631,9,0.1851287643278728,478,3,0.4635028585667903,0,0.7778431650101535,0
425.3336224929844,10,0.2286839313583267,456,3,11.621518202935446,0,0.7619452997084205,0
1406.2018344599912,12,0.1348765190317218,294,2,36.95353256567336,0,0.9150401388723294,0
921.9576366378476,10,0.245659882543583,683,2,41.97262041979031,0,0.6859884666649688,0
830.8797566733322,21,0.2776394062008099,139,0,1.3933594690418218,1,0.8710637064045041,0
1687.9243123133865,13,0.2109922189687701,89,2,12.84393962377263,0,0.9056732685956428,0
668.9895548188241,10,0.2349119718864602,259,2,14.43681737669055,0,0.9576935617036172,0
1296.9646624690763,11,0.1371443679257946,300,0,3.7956659044479113,0,0.8691282371839009,0
1635.2424565485655,10,0.1547767375783228,195,1,18.70355882303516,0,0.8078487620765586,0
703.1498848147565,10,0.053810188587153,406,2,28.88386017739651,0,0.9271131340233046,0
283.3857579123037,16,0.238566512775508,442,2,41.547631175017784,0,0.8300546464554353,0
1316.014697443382,11,0.3999035489655543,875,3,18.11374965053225,0,0.7045027246035206,0
1820.4061533034085,12,0.1450204998725338,754,0,23.876013745643075,0,0.836489785795528,0
353.004619679678,7,0.4255115399870595,291,3,1.0221744654296436,0,0.8563415572193965,0
531.0501063709665,7,0.0674990861148041,566,1,19.98858706659412,1,0.6945688082768183,0
837.4899157615471,22,0.058992908581005,651,4,2.8785820713550043,0,0.8363908015063236,0
952.5789128173786,18,0.2008867822982829,602,3,22.824195874160207,0,0.723440151796405,0
901.2071823480264,14,0.084467311621405,75,0,21.142750570755695,0,0.8596683825653163,0
919.6780929058224,0,0.586286700640372,36,9,107.85026013559154,0,0.498054364051719,1
811.4604658204087,7,0.2780536034021447,657,6,7.232824376559008,0,0.955328306812558,0
1129.5597198622816,15,0.2059630276593122,639,2,34.81842507378609,0,0.7887873402631022,0
546.3732938676535,10,0.2429086372399966,243,2,6.757449435318425,0,0.534300167163397,0
684.3658926478043,20,0.1670591942186754,452,3,9.85259678977341,0,0.5655609649258562,0
1643.3724271590302,19,0.1056269975933656,760,2,2.1676313604394073,0,0.8602596087405247,0
1750.342308690168,20,0.0991063480239566,905,2,2.4426264937470146,0,0.8036228084297738,0
486.49315964211206,16,0.2232727510604102,128,0,14.177443939173063,0,0.905369943715164,0
901.012915754797,18,0.3746672433077193,715,0,3.5237082049925603,0,0.9101568000597564,0
1296.6467190743049,22,0.094529600319375,365,3,12.914336622724983,0,0.673821902270608,0
431.6810794993853,2,0.4537261006202916,98,7,208.6641228978241,0,0.7935282907943456,1
970.9101553626728,22,0.2260985639297065,242,3,4.485691581697227,0,0.5216383159498502,0
1808.8044996922335,18,0.0663781855998207,168,4,12.502913943551103,0,0.6815116575312299,0
2140.910021055397,8,0.1790538793764251,685,3,7.741276706208867,0,0.8127667458534926,0
1013.6833553445854,18,0.2490262548171721,761,3,7.30061256378682,0,0.8507901073271145,0
530.1094749362425,18,0.198659522521635,675,2,9.540251011681748,0,0.969184798609318,0
607.204923343286,11,0.1364874257429483,63,2,0.8590533439534623,0,0.766633650363406,0
1373.667224809206,17,0.2428186502769877,199,3,33.74513509004206,0,0.83511601603233,0
187.77272230815785,0,0.3185211873697562,43,12,326.0505827577251,0,0.0598966583769746,1
298.7991462121727,7,0.009375294159281,885,2,25.617424487312405,0,0.9918299733706898,0
890.390800338221,9,0.3532259097687847,468,3,5.985009813147002,0,0.6808527932854281,0
570.830559992623,18,0.1381388882512434,510,2,6.714284479320872,0,0.687201712778154,0
1123.162125562142,14,0.0655482625282617,187,1,1.471036085234834,0,0.9794829215024048,0
1409.8180204702558,7,0.1111894365424578,226,1,10.98525692888021,0,0.6123943206114633,0
2174.631570303892,18,0.2120034110390682,510,1,19.12274148593484,0,0.6228312792716959,0
808.7435381737668,11,0.2986595298660149,521,2,4.544114269306241,1,0.8320996593558172,0
1083.8811436488372,9,0.1256099806215498,185,1,7.815697845440329,1,0.7015782216650018,0
1309.712489262174,18,0.0862443539446149,114,0,10.2077388902703,0,0.859663695360054,0
329.7157469732906,12,0.128073781634612,563,3,2.5270533887161735,0,0.7550132391722296,0
2339.139845823858,21,0.2999862479103271,647,4,11.789952181253506,0,0.9445639365776664,0
337.0841435680052,17,0.1408296494875396,659,3,5.1069143931835805,0,0.6337893317452172,0
1191.73375405697,19,0.4674802738770847,227,4,21.599765903843135,0,0.9387194944397788,0
196.6351971604406,4,0.8681389465006473,37,3,97.81094961523956,0,0.3820578275667906,1
1182.608444816218,14,0.1234006075854151,683,2,5.059267598929728,0,0.7791459281907822,0
500.86690169858014,18,0.363351101284318,719,2,2.3161649189341085,0,0.6522857704257946,0
591.9102257005552,7,0.1743161356554731,538,1,2.025225920281217,0,0.6712450976020607,0
463.0794122550061,12,0.1146500712922117,852,1,50.16655547401402,0,0.9516028443511044,0
1125.174860384704,7,0.0111691857380159,802,5,52.68480490858278,1,0.7652224751184431,0
907.07387707773,8,0.2538085187215122,661,2,28.550135594863548,0,0.8945971902998788,0
967.5534234563532,16,0.1824359937691205,863,3,102.5560035497655,0,0.6613105642760686,0
3257.4782758292445,21,0.1129531605497271,165,4,8.151026421343396,0,0.7466528918436329,0
1057.832102405931,8,0.0580785717114966,217,3,8.358420103116064,0,0.6350167405200694,0
1017.1150824014752,12,0.1717459644859341,78,2,14.716154531446138,0,0.5333699620499684,0
879.9681095059095,11,0.0978865543980073,312,1,0.7829270849372625,0,0.830190280982222,0
1181.0434724670347,16,0.1411903987105838,483,2,5.56997932114298,0,0.8143387625251023,0
813.6497382552606,21,0.0407733223068413,170,3,1.4031788097436035,0,0.9476637835962726,0
1711.4367166553038,10,0.2638853797827399,417,3,12.1557009871652,0,0.895980645247686,0
557.5796192637027,18,0.2614709235074053,238,1,7.0674475056999055,0,0.8592811517403427,0
856.7643314082833,16,0.2801186257037484,515,6,23.210514160106005,0,0.8823105008430557,0
2404.9974796020115,22,0.1758132678149789,387,1,0.9008307723303474,0,0.7141324370185536,0
1683.7904081534043,17,0.0418078485025012,516,2,37.16973427727381,0,0.762235160230136,0
669.0486457405079,20,0.066913072116744,793,2,14.01768943823186,1,0.8678160048601612,0
1107.943695236592,14,0.3987879635334067,156,3,0.2253317550227923,0,0.765178904905385,0
1444.4941203217363,13,0.2042707860560485,524,3,14.392973592363372,0,0.891665050433106,0
871.5899956020115,11,0.1051157349510712,792,0,36.188463726867866,0,0.8600471355422528,0
384.7623144832588,10,0.1682203429749868,391,4,10.754699843628966,0,0.9599453050068518,0
893.8077861628926,11,0.202180521643413,82,3,37.101854900002365,0,0.9323968199291072,0
1925.696620139464,13,0.2145373687541873,480,2,25.099904804166137,0,0.7518853533207849,0
2325.266392641862,9,0.2417964320161433,698,3,52.35799934042803,0,0.8288089375809488,0
413.7984267288819,12,0.1651366092876223,589,0,13.89817147507318,1,0.9527759670229125,0
633.7690997586918,14,0.2672348402168015,262,3,18.51261929778141,1,0.9136322201336758,0
1019.3092389137328,19,0.0741153508644117,957,3,25.7813301441013,0,0.8404375489719387,0
662.2296282857614,11,0.0922855120723655,821,3,3.0827975848321083,0,0.9060466859691964,0
1095.8065560133996,22,0.1506166247442035,673,2,8.020474072909733,0,0.940391072260626,0
832.7967378388383,7,0.2572778488285552,206,3,10.099521837203138,0,0.8830857632998779,0
1157.803004677482,17,0.2513217299793943,649,1,14.544748273814138,1,0.4855920867725558,0
1034.0516147944668,11,0.2115484375386356,578,3,0.1126383115717914,0,0.9310781664670752,0
617.0044270693062,12,0.3135089731622902,603,2,5.442676267846108,0,0.8037767255872315,0
943.1198593165803,7,0.0670295527575789,932,2,36.50731535901274,0,0.8664788143469313,0
1439.9965712711328,14,0.3484410554096542,342,3,22.900849979708624,0,0.911582175112325,0
574.1472247829855,14,0.1124862380254914,912,2,18.853198558438237,0,0.5723415630868811,0
774.8041269805842,22,0.0221684347334698,383,2,10.742109287715314,0,0.6811983427873829,0
1708.978135154072,16,0.1697895145715825,134,1,29.753141700571963,0,0.6618714958915772,0
1079.562227120398,11,0.0693612708041425,97,6,1.0775816328831258,1,0.7314499205740813,0
1325.1713239441085,12,0.0669293366567758,137,4,11.413962219048964,0,0.9140667184118964,0
466.6527475715542,13,0.1401679289709181,50,3,25.094707739664564,0,0.871179544447488,0
1164.8296765947243,14,0.1682075249003899,926,1,7.44239067508919,0,0.8172976637156378,0
795.3530646691526,19,0.4666782382928651,256,3,5.937161341328824,0,0.8145624140333676,0
541.4697192469482,15,0.1435913241279684,445,0,3.739805377350777,0,0.7673899543102366,0
1364.941682516907,16,0.2888636199189276,322,1,8.170348553103876,0,0.8510558524403851,0
1252.145943019251,16,0.0525219852082799,803,1,1.3111876995929914,0,0.9256865898157848,0
759.5329632629087,17,0.1227275248878592,447,2,17.960551201990096,0,0.7219833419792945,0
754.3034053540869,12,0.4947727108483906,726,4,63.55434027839144,0,0.6110558096729295,0
1683.052261901961,22,0.2167332451824074,906,1,24.2012397554636,0,0.733429284622056,0
3110.099608982736,22,0.1543763363030467,336,0,25.69723517804782,0,0.7618648660015527,0
2067.470920770701,21,0.1745973661938249,627,4,76.46986861585127,0,0.7255242513934913,0
797.4662854018225,14,0.1984464493430346,482,1,12.944271537247191,0,0.6745357368697694,0
691.9595242096458,12,0.252804574400332,761,3,15.731545778970029,0,0.9168363445043584,0
1574.0496884277245,9,0.0899397898747058,202,0,12.09441631453442,0,0.9646149183904908,0
1422.8494171409222,9,0.0614793043784104,741,1,16.985372063943355,0,0.5438484967049302,0
259.48153519517086,16,0.3079294179458364,507,2,17.206485268102597,0,0.7528182910044693,0
1061.9352877931065,20,0.2099900277813624,67,1,0.2438385361193717,0,0.7650038782801151,0
660.8304249852177,18,0.3533480472476049,957,2,17.349770840760456,0,0.7728520527998805,0
939.949430418868,18,0.1319496282769753,232,3,6.708813042029716,0,0.8594871041958281,0
639.1919850112617,16,0.4125354248618403,225,2,15.667315189495586,1,0.8695938651690442,0
357.6758108100139,10,0.1024962225674476,981,1,12.656863700604132,0,0.6935544526646259,0
1151.7025645706317,11,0.5199548563187912,612,1,26.623420200662014,0,0.9841025274020992,0
1736.128050996684,22,0.2817910954520349,226,1,6.251448332076235,0,0.8424814409458162,1
3414.0117178862906,13,0.1842457319352958,742,0,16.99388191032906,0,0.9230477201569828,0
997.9967398569224,11,0.1710788504864876,572,4,20.83192929853776,0,0.900907459861769,0
1926.1581517438783,7,0.3278990700276584,346,4,9.53600180201418,0,0.7398837791902063,0
917.8634959478436,22,0.1730807883658595,206,2,54.566363068528105,0,0.7476354733253573,0
1334.7209986443563,16,0.2833818431370226,675,3,4.582194540711056,1,0.9517740733739976,0
379.8842441728155,9,0.0916167146448809,861,2,0.8399328272185473,0,0.6017237741295703,0
3135.1075853831867,7,0.4360127530236126,879,2,27.964589616709578,0,0.9069843521300144,0
1983.029259093349,21,0.2629621189120087,641,2,0.5165021758799666,0,0.6280630959947502,0
1133.151719845264,14,0.2043573602693774,737,2,8.956199104411237,1,0.6931209317613015,0
1023.4296863255856,11,0.0370958992932839,956,3,43.249570747215415,1,0.8413656134527112,0
853.0571017953489,14,0.2041436162555453,605,2,4.69900966960349,0,0.9250033473201744,0
933.8336421136828,15,0.5654537457969823,727,0,32.380416638953314,0,0.8304366157356073,0
1392.6904591323748,7,0.3416460288160231,56,3,3.5719606008633464,0,0.6394087480520695,0
629.8037759739094,21,0.3310705396117779,575,1,10.966051167838916,0,0.6772898663734783,0
678.5301652050244,17,0.3554829513415196,474,2,4.052601486139531,0,0.9728284683190944,0
671.9857304495454,11,0.1566808709667932,428,1,11.27830740976134,0,0.6353507145593521,0
711.5741868767003,15,0.062240327896517,974,1,1.9234149897522468,1,0.8175704642730084,0
1621.7321784528322,20,0.1591062171185609,282,5,11.681498145649844,1,0.773247841543588,0
1404.0467840591966,16,0.0943404496737939,730,5,19.430252489939157,0,0.6901234173440468,0
622.2350451631113,7,0.0804398055015165,149,1,4.555587196193148,0,0.8594770374668027,0
713.284926669365,16,0.348312270984386,62,2,1.3828085828753638,0,0.8252488268218288,0
1938.3664257892729,21,0.3554089793163097,692,1,0.5355714985786983,0,0.6487664033423423,0
458.1962393372988,17,0.1994972653690526,257,2,44.49668655891405,0,0.7197184520456846,0
537.6765786596824,12,0.563450185743717,479,1,5.315019597504103,0,0.7096192710470538,0
810.2678499625769,21,0.1992859306230025,810,2,6.497572377073674,0,0.4852933450108803,0
1380.5056638564656,16,0.0921131025819697,694,2,5.16392253344937,0,0.8029189053977293,0
737.611068830245,11,0.2824344005107627,281,1,9.796977610409357,0,0.7083645625114882,0
758.5772918258492,10,0.164266179739882,155,1,2.6373082597408084,0,0.869481465643599,0
1059.8067781966663,11,0.1563272616452805,377,2,28.820644053176412,0,0.8443863407083845,0
863.0946306826042,10,0.1519123695975039,822,1,10.45531995455387,0,0.8979451771094912,0
243.4747065743232,19,0.1845955681443631,858,4,19.33309926765971,0,0.8730083082346627,0
775.8072920750872,22,0.0641838771594738,602,2,6.673546736823307,0,0.6193047174465242,0
1643.5762891707352,10,0.031210076388391,844,4,14.065985245746363,1,0.8511934113692619,0
1219.7860029817543,17,0.2625733001988091,991,1,20.676484457887323,0,0.7371204600101218,0
951.7200976286556,10,0.2909708520617289,875,0,9.535459049083162,1,0.7463637079446551,0
1945.686267421171,16,0.2598345026517102,396,4,6.872262099507315,0,0.602583120910536,0
397.91420081597937,22,0.2288431049996583,926,2,12.66736121352157,0,0.6753416786331011,0
1358.060318085134,12,0.0591281200256599,518,3,3.3454546604518343,0,0.8098135017424531,0
1859.220922045202,12,0.0335345362450278,653,4,14.25141698849723,0,0.7525981107923891,0
1547.4296252155011,11,0.1331585547088057,408,1,42.62912262586637,0,0.7633988454347015,0
1596.9662081406818,20,0.4286567136175918,947,3,26.299721442129645,0,0.9041990634244478,0
785.7997535182623,12,0.2490921868488645,985,5,15.62496663065912,0,0.7750842962765752,0
1087.1467109742648,10,0.3013466992680321,148,1,46.23095113352347,0,0.9515238225338588,0
885.0418143933731,20,0.1426942509030235,587,1,7.542427136055174,0,0.9510839058416646,0
582.7189485063515,7,0.3452575708266222,393,1,3.9243403783301662,0,0.8027676864539968,0
501.4492216159286,13,0.1416851752150441,174,2,18.89183047843537,0,0.9171240346534708,0
1116.642438035831,18,0.3423417458816496,636,0,15.40452138618756,0,0.6281686510472742,0
598.7310136565304,18,0.1766464919010296,779,3,37.467250497834456,0,0.7885309305337861,0
694.51877156907,15,0.2289455959328463,441,1,2.888362469075675,0,0.973827300366721,0
1219.4722901794528,21,0.3665719731586089,49,2,11.739427264779208,0,0.9531390225398204,0
1535.057237649484,19,0.2816026303396888,901,2,8.863755855712926,0,0.696117962064596,0
968.64237169677,22,0.0311193470361121,939,4,0.7724997710810625,0,0.8975277125344964,0
2281.3307751916755,17,0.1395497858667748,187,2,23.026591720453663,0,0.8027187358826161,0
1887.92162236522,20,0.1126699949153266,262,0,2.5293541846304404,0,0.640360054461331,0
828.0461149321968,22,0.1417413039396891,87,2,12.349982738825132,0,0.8575586567231022,0
515.1507096364143,15,0.1107324005801438,282,2,3.6738465859643497,0,0.9942729403907384,0
937.5943441068232,20,0.2189096791448371,533,3,30.037096606371463,0,0.8234334341521795,0
1133.2549291917087,13,0.1421703175366707,136,4,1.293332004685288,1,0.7158504114307986,0
2145.5219864976343,19,0.0630795810448828,358,4,14.127098408563372,0,0.8574299676312077,0
937.356771968956,14,0.185959467541681,284,1,2.763828461885298,0,0.8880765515920744,0
332.45634467273544,22,0.194227314050565,226,1,1.4723230597586143,0,0.9465386002846876,0
1046.7882367730715,19,0.077093465121662,244,1,19.890763176366573,1,0.7550429384686346,0
832.0779579280731,10,0.172050932185405,855,2,17.16175722452681,0,0.9088537327196318,0
1284.9989853912598,12,0.3408788603591847,67,2,4.461678771474982,1,0.8677938814469128,0
1757.9615453203978,12,0.1995962407078238,794,3,51.79068443050039,0,0.9025562611197968,1
811.8424231563199,11,0.3775951289761154,892,2,13.135327569011183,0,0.75212666992482,0
839.6978524190655,17,0.2701465184680441,785,2,16.78872376601888,0,0.828171957011936,0
1749.2877578437945,11,0.1023334752521395,960,1,12.581272027299685,0,0.7132619247611481,0
345.6560652396609,19,0.2803019124994207,569,4,1.0293960947143144,0,0.8669147452752992,0
1242.021474730288,7,0.0534209113694038,405,1,6.270637879521565,0,0.7296714359221406,0
544.6743891256153,11,0.0956256751663249,309,2,28.630766380385225,1,0.7514432620605151,0
1418.189251465046,22,0.2315873287968849,627,3,12.310882015526028,0,0.8627968131673418,0
1840.9047523472743,15,0.1393154160209588,969,3,0.0670460525133473,1,0.865205338970044,0
1814.7012114230035,20,0.1489569229429126,345,7,6.999499606827618,0,0.7203090243367913,0
392.19787792203414,19,0.0873405621086324,340,1,3.833559896784001,0,0.7123283096211909,0
673.044433221626,17,0.0626043418864714,930,1,20.05597010222085,0,0.7741223860060024,0
495.4086203892916,10,0.2045163034299151,969,1,3.9838993582680735,0,0.9399409854336678,0
2127.9796759221795,10,0.25285202879602,816,1,27.016688633651913,0,0.9538287712107684,0
829.9128240035851,10,0.2053799297833683,499,4,49.74592667103119,0,0.9475844713539064,0
549.6942810979106,14,0.2882240577574554,549,0,0.6333283140487387,0,0.9854985559676688,0
893.7699995550914,18,0.1289747121524228,161,2,3.71533576970991,0,0.7281620877705438,0
867.1178935719456,22,0.16875274872296,169,3,35.82708433426377,0,0.6772037159498403,0
332.1165994080418,12,0.0130135848809633,586,3,37.78448291074189,0,0.7437058376360678,0
2290.0431243884823,12,0.1388017188895921,665,2,10.22124169671144,0,0.9499557583154966,0
425.1127788194515,8,0.1031234974152363,457,4,0.4644671349124373,0,0.666571061904793,0
455.9391291816207,21,0.1146571465778648,921,1,25.01047180107164,0,0.6442385180731391,0
1202.7389971746225,14,0.2143572176566093,63,3,15.909966130041548,0,0.6434691646432916,0
839.2610718196231,15,0.3888427150396766,889,2,4.174991270073737,0,0.4543707762791465,0
1376.1269170144203,20,0.2025929288211863,340,2,7.76687578723127,0,0.9155426592167092,0
1882.4908393511632,15,0.2573503566424937,37,2,7.9159904046055,0,0.7309564183406266,0
693.6242913070427,16,0.5199672503473387,779,1,51.218986033985864,0,0.8573087896128895,0
1029.270244747251,10,0.2085306128630769,931,0,27.477352570411725,1,0.7381413162767289,0
1850.1374117532057,20,0.2223859949946579,908,0,4.4391719963952365,0,0.8169364467849104,0
818.4672540357652,14,0.4439869055015091,585,3,21.827886833067183,0,0.7601555966306434,0
423.1629396651792,14,0.3387511916623354,964,5,27.642344209047664,1,0.8038025505323472,0
609.9331831363933,22,0.1361075593940865,580,2,0.4992829716212207,0,0.6081857340275526,0
654.7667147915002,22,0.048530698162154,618,1,13.997816966290133,0,0.944317660667901,0
921.5048078394418,11,0.2511942799205082,404,5,15.673163611083227,0,0.7579415497337505,0
598.2588037200967,18,0.0954865073875021,950,1,6.0867265654975515,0,0.6327251433187859,0
1333.2930718018058,21,0.0061984502237685,466,3,2.0615175859270956,0,0.7831108093325247,0
181.53034149950912,17,0.2080264769015219,639,2,52.07669858515901,0,0.7844200782546545,0
339.4592402711797,5,0.8518585735361417,110,4,151.05814758799545,1,0.3750468815178809,1
1476.801899983853,22,0.1698420746033315,97,1,9.38763331309428,1,0.9564263708622226,0
1433.1863211102986,8,0.3058706108457735,341,0,28.72335331253819,0,0.8760277825483792,0
586.6474356305251,20,0.1618483321950205,515,1,21.00087602986808,0,0.8431252827044038,0
1285.134719123401,13,0.1306832604486194,81,4,22.302727505934193,0,0.9748183167149052,0
913.1591095128688,22,0.2290595889919084,641,0,25.129052133011857,0,0.8852368713211702,0
1625.4277987396777,15,0.0349242334008433,460,2,43.18344853473384,0,0.9846943971564696,0
322.6276045042797,12,0.3104176674957127,115,1,38.755088980451,0,0.9217816919063454,0
1240.0055432388358,9,0.100878801198361,456,3,0.4393567440129698,1,0.763015252252498,0
581.3609507411812,10,0.2296176437251728,935,1,4.469312140573589,0,0.8700338454713268,0
1290.6010333378915,15,0.0576790850279645,634,2,10.921650360713526,0,0.4247816492136129,0
1794.4623919025096,17,0.2494438675989064,523,1,25.848352020262443,0,0.8088772006695656,0
1102.2443627372925,21,0.1850967501434706,68,2,3.818560476752648,0,0.8391873586408911,0
657.7441746747096,7,0.1681210399415986,422,1,25.466562273403923,0,0.5072958031714743,0
450.19038424360394,18,0.070808799365942,746,2,7.98281360769465,0,0.9214606999769488,0
1496.3865015372178,7,0.4406683715805353,275,1,4.136981044559431,0,0.6925780635637817,0
622.0900852442983,21,0.104084376153597,837,0,4.816066488205526,0,0.9777930880929268,0
653.1088110054723,14,0.0824041114050089,308,1,13.444953863249753,0,0.6038862234559992,0
494.4291715569272,8,0.0603079578964857,588,4,7.1441996781849895,0,0.7386559695887623,0
201.8293971115037,21,0.0220961573881958,740,0,43.55068772311261,0,0.51341888301933,0
505.9232375937714,10,0.1055667204570938,367,2,12.337054691028408,0,0.8281500216911815,0
1917.6745769944448,19,0.1672579431904913,189,4,10.36139747561003,1,0.8458133929740604,0
1402.0521084144843,13,0.2852489773486136,981,2,52.315628001188465,0,0.7859010389491786,0
642.6334889171801,7,0.3562056960454574,769,6,27.32118707449781,0,0.8216100121203145,0
1769.5651322085948,16,0.0424705103516664,596,2,6.348850518493826,0,0.8858373019326923,0
1057.178470829007,22,0.1224087247367979,189,0,14.994924689330055,0,0.8668804250346399,0
914.3534350038874,20,0.2208872043880735,995,3,2.0242869458098265,0,0.9224045043670804,0
565.3575343206683,16,0.2023380333624939,145,5,37.09316276666071,0,0.7473087351831703,0
1881.1674990201184,11,0.1887155057443032,604,1,5.933424786775738,0,0.7457870391225218,0
899.6166010485956,18,0.2447498269356919,653,4,0.1709867255683624,0,0.7863615980682784,0
768.5086583666704,9,0.5629140715787985,505,0,34.039270131355146,0,0.6443402887793144,0
1953.3092661179364,11,0.2226052744778713,699,5,14.328311175751534,0,0.7655341577134884,0
1299.5524932752835,10,0.1266328393111348,56,0,17.18071074862446,0,0.7011941146262769,0
1296.6005550781254,7,0.3936971649378209,89,2,15.034666820654506,0,0.6022563262439612,0
958.7342451034611,7,0.4889382504031887,282,0,14.884954190117613,0,0.8107566361341246,0
1980.472118120552,7,0.4488173368254138,550,3,2.6603676573779813,0,0.8411517367243324,0
591.7368591799477,12,0.2932018588263906,579,1,9.3028610338667,0,0.6995027451038414,0
1709.5795488959443,12,0.256219479237681,710,3,50.41658206732507,0,0.8370298819513633,0
888.4022532329001,19,0.2988618403734879,762,1,7.075737024447313,0,0.8425160392410509,1
334.64754512077945,13,0.2394721902273772,972,2,82.54614931276508,0,0.9686944135684168,0
776.0581446057801,22,0.0747839505189786,822,2,2.415245407160282,0,0.5803583725806392,0
539.9536060424018,7,0.0549564175001354,54,1,9.07611554841036,0,0.9582086127284212,0
983.7313091595972,9,0.3423533722334243,982,2,2.8003266359950043,1,0.6534881192738876,0
37.383571247196315,22,0.4199611711453186,50,7,151.693537266407,0,0.4003117515918461,1
1920.9374964068832,10,0.0850529471962266,264,3,105.84501026541028,0,0.8101908879092287,0
663.2872563370079,21,0.2755454874769614,823,3,27.57307072217864,0,0.9275838647243724,0
2009.416129423471,17,0.1762191601503114,848,3,4.269476889290293,1,0.8706178829627813,0
376.315214697553,22,0.6393726442232383,154,5,19.25169625335909,0,0.0656177602735297,1
556.9997198245885,19,0.1737580443620943,208,3,6.312731086435088,0,0.8478038951769556,0
1248.8979496073932,14,0.1881363890742323,796,2,7.263807087089319,0,0.4470488825751074,0
1804.8593568928104,8,0.0241462886694545,492,1,3.6741418991179224,0,0.5754355222440491,0
607.3669961684426,12,0.0858117106507411,142,2,1.5771571328990064,0,0.8230874791592668,0
277.6010104164666,7,0.2118430850745563,934,4,34.879882906181884,1,0.7700055782713724,0
608.2743957132255,22,0.3041073978953072,83,4,24.695432411035295,0,0.9015436055084314,0
1244.9751105085568,18,0.3065359277983106,792,1,56.266080091280465,0,0.697327173054764,0
515.095810387469,21,0.3857694713315805,429,0,22.722183973663352,0,0.8782288468375317,0
660.0762836549513,18,0.0726506431904317,414,4,0.2873200078768485,0,0.8095486391507718,0
1119.4295325150651,14,0.0960491227428018,445,1,6.628735942592877,0,0.7893480235468405,0
604.2237459770648,11,0.2912448897245825,770,3,11.966215491585992,0,0.9756712958516436,0
1248.1620915020114,8,0.0340605473875561,316,2,9.415535031683824,0,0.902857463038646,0
486.4965884870448,17,0.0216730298310475,855,1,23.95163025497912,0,0.746217499730062,0
1606.337341357545,11,0.404990330760339,30,4,1.2160667318308025,0,0.9582237158936572,0
818.7713364049704,11,0.2177915746870439,93,1,23.805616700059353,0,0.4969128740231526,0
957.0443564000584,19,0.2112584743881611,640,1,5.4553391243558105,0,0.6132189222567318,0
817.2865020726323,19,0.2167919064070992,923,5,21.42973485496547,0,0.9057431295162208,0
1076.5578100635628,16,0.2111768424280958,111,3,1.0634495293479849,0,0.7874062503207512,0
1113.9074227154022,13,0.0515876813580444,657,3,10.252716409881447,1,0.8739662167244616,0
570.7026731144798,19,0.0717382366207162,85,4,1.9040985396475147,0,0.7558502776697621,0
552.4806337253411,21,0.0578210080081729,146,2,4.870237639974276,0,0.7347191447928042,0
1670.4512764157585,18,0.0717106109274726,457,0,4.822270930871971,0,0.947143675985244,0
549.238724374982,14,0.1366872207230631,374,3,1.660870783727284,0,0.647357548189637,0
622.3487697457381,8,0.2948216882658436,163,3,0.3315561798153056,0,0.9722842739279126,0
1037.8886953472563,12,0.1092245664730707,94,4,45.734314393148495,0,0.8524233008312553,0
1672.5580133420267,13,0.0845124922051676,598,2,11.601134640710358,0,0.7673947198832495,0
634.5603995520012,7,0.2957174851591059,990,5,50.70338935663061,1,0.7794828648594238,0
1349.919768453575,18,0.1451253230458276,348,1,8.861595988168572,0,0.861512012245564,0
702.4997580536804,16,0.0456696815134605,811,2,4.668431714763218,0,0.8593336579124963,0
1622.7847008903134,9,0.3047206532635907,542,1,9.0105744860496,0,0.9867703415630776,0
550.4126955386646,13,0.0562320542088485,921,3,3.425266314658585,0,0.8173014463401818,0
1045.4360299127698,11,0.246333767743152,433,1,1.483259433314052,0,0.7062264881656233,0
1264.1030318769958,10,0.113597911991063,133,1,11.897551088586283,0,0.9215404902948368,0
1087.0753026865534,12,0.2002135467600544,232,2,0.8883727929945427,0,0.5131889561027859,0
1058.1592916307047,18,0.3849233794035526,562,5,31.32776069719844,0,0.8470358584122929,0
3518.147531887391,13,0.3855306637825921,345,1,23.4895004663003,0,0.9555319427555728,0
759.1700412862978,16,0.4407479560598031,446,1,16.28930566924176,0,0.8349687097490694,0
497.7679198797621,15,0.4085858233645345,455,4,3.0276049160029257,0,0.7852102575517701,0
2594.9363908646105,9,0.2340045540215019,33,2,1.610759040007834,0,0.7837427361121401,0
1044.0811529432428,8,0.1621875394932939,184,1,15.831587885801914,0,0.8659567472355278,0
744.0343012625837,15,0.1184208375861478,344,2,3.422238561027936,0,0.9145921759769544,0
527.850481260144,8,0.1277164870335544,353,1,16.85741144601883,0,0.9542040648459258,0
770.1659137390894,19,0.1544927033386765,104,2,6.901082694767201,0,0.8449424097109711,0
542.8108727469306,17,0.2698198989362388,547,2,8.853811341145683,0,0.8337291747068026,0
451.8263781294974,22,0.2492686416247549,707,1,30.066934203190023,0,0.5725143581700425,0
615.7617535813583,21,0.0475008350866372,933,1,16.616779200256502,0,0.958136337819935,0
56.58706670443145,1,0.4748819822659101,25,11,137.0121530591208,1,0.3609300635131282,1
1540.384442089273,10,0.2049887631666494,522,2,3.4345793532922153,0,0.836157129788704,0
924.6975298968856,15,0.1901713072430881,551,1,6.216318539379429,0,0.7527024994019467,0
601.7400707477285,19,0.0791291505715814,136,2,29.399272262085976,0,0.6589026842001783,0
772.0678923162016,16,0.0597901301260631,749,4,8.349190634016201,0,0.8581289175562219,0
745.2387046993445,15,0.0611728020630151,50,4,4.6470263053274055,0,0.599572076377754,0
1412.427603074069,8,0.0788084285614779,348,3,13.0722937356246,0,0.8960129937603581,0
772.779376037613,18,0.0619000396429645,91,1,6.6674402105111845,0,0.6935733877201962,0
935.5506141291534,22,0.0442106775242612,963,4,0.8841968828847796,0,0.5141348879504201,0
1125.8120804720315,7,0.1184238697294093,727,0,6.025719015960047,0,0.798617115683568,0
1402.9088707238302,17,0.1236993469360852,769,3,14.593196487077638,1,0.7067665068204051,0
550.8426561583957,11,0.1155332948507272,719,1,2.1474826203267328,0,0.9674413638334044,0
1088.7122824003234,13,0.2893670349858822,514,3,22.38409555890143,1,0.5627256466462295,0
1092.9818716791156,19,0.2249649951331508,76,2,7.0820222076383725,1,0.7780726247523851,0
532.6436445182549,14,0.1870502365655152,126,0,5.411563855291244,0,0.7975608357954593,0
1674.9331243993752,16,0.1343612665558922,134,0,12.96572470200385,1,0.7852396358674711,0
1202.153168435491,9,0.3091492602288531,908,2,10.594451555132231,0,0.8496563877773927,0
5265.723099650327,17,0.2319314475104949,417,2,22.79652968600184,1,0.8848293520317746,0
684.8549590363776,17,0.5227853401050806,41,2,20.144736460265573,0,0.8560848474188567,0
593.5279288448774,10,0.3279274927852387,387,1,26.620003148004617,0,0.9764725289601218,0
668.4717489969233,17,0.3468870155972667,552,1,3.2686005823602855,0,0.7066151059710281,0
1157.835957228267,18,0.3545579094602077,41,5,0.9171564850797224,0,0.7380854759452162,0
1093.9459362737118,22,0.0347243561052328,940,5,27.716776561944727,0,0.7559061250313767,0
837.8232151335844,18,0.3729390750184912,392,2,13.10099064696936,0,0.8273467373419384,0
445.94908727964736,13,0.0922776600022768,842,2,2.627784475650157,0,0.8853986279537331,0
614.96356359358,13,0.119068664018582,566,1,18.97715647326166,1,0.7829771533063069,0
757.5516771268436,9,0.2910794370024795,905,1,3.786606122013078,0,0.7723129937542734,0
461.732053021015,3,0.5620710997776832,134,6,90.08140003232884,0,0.7379343286474259,1
1748.7902184111767,9,0.1277639921235936,581,2,20.08534929673725,0,0.94116257185437,1
987.3289481653956,9,0.072681454643076,702,2,1.2925412360554078,0,0.641780138079347,0
1075.4825638206426,19,0.1073616186487419,209,0,18.38454922667158,0,0.8297817589345983,0
748.682538176876,19,0.3737463602472213,656,9,43.49625084894815,0,0.8972844371384,0
1817.8007316941955,9,0.2282738753854444,154,1,1.6396740293465737,0,0.9607468738536088,0
1033.0028478898437,20,0.0446623311916218,62,3,5.885300689788312,1,0.8322335340319055,0
1002.386491044805,9,0.0465272461296153,341,2,11.554249140176996,0,0.5081910093187963,0
320.3928768459105,21,0.1343920808792705,48,0,41.7617653926678,0,0.8925516997778625,0
2235.8922024527046,13,0.1795281883470992,716,1,43.98048584121036,0,0.9334094782231724,0
1383.7986678849647,21,0.121643675423232,396,1,21.74009786026525,0,0.8782129874748087,1
1028.7711076919936,9,0.1478466132613517,791,3,19.68970709880207,1,0.676120627798212,0
575.348768026703,8,0.2954543829791111,819,3,0.1366418084406533,0,0.936941115352273,0
1976.243001975612,8,0.042168663843707,767,2,3.4862585512739948,0,0.7529223880858297,0
385.39211844918594,22,0.1263494047320341,75,2,6.826927820005468,0,0.8196449721684553,0
1676.3037785396734,19,0.0676346311216909,530,2,2.979155661998501,0,0.927781748563794,0
1213.0158227062857,12,0.1052913364751111,559,0,6.1078290497807455,0,0.9467551781868202,0
2276.2728308848273,13,0.1579102314343035,860,2,40.92880980711291,0,0.9082069554918316,0
1327.3815431061416,12,0.0688064457482163,472,2,3.0489541419304804,0,0.9761569576327344,0
1204.829748180456,13,0.2451561623485572,964,4,17.044700955014502,0,0.6622239806043964,0
1513.3139721810846,15,0.2476300863981045,962,2,10.605406386742018,0,0.632952611622336,0
3134.8649588762037,8,0.2926245096483386,702,1,7.419209077774672,0,0.8036981739468392,0
378.8209370961185,0,0.5674219286377147,105,7,93.21647624394646,1,0.3255655129407123,1
846.0718612876457,21,0.1487471551728535,336,1,39.58955098539879,0,0.5614207338327286,0
2091.967110674994,14,0.0349333494023726,445,3,2.1577010191033468,0,0.8655156404175849,0
2562.457466292185,14,0.3881080058625766,167,0,20.844541043651457,0,0.7704771508962001,1
1267.4203710499494,13,0.0892198546437023,784,1,39.093550653602094,0,0.7090677935229603,0
1104.8372349799745,14,0.2916197066298134,946,1,7.837452730819171,0,0.8115000028033662,0
137.5402444270212,1,0.4346412451464994,56,6,207.36052985703355,0,0.4207599781127834,1
499.4787865098345,11,0.2871643948162751,304,2,0.3995680919858813,0,0.9313960830854072,0
710.0300735177647,20,0.1654791347417293,490,2,28.46647687366856,0,0.8983047510769696,0
867.4702254684656,14,0.2272406504946917,826,6,26.178151590281068,0,0.8765771739469188,0
88.96974393385949,1,0.6350424562385041,68,12,111.2354677920805,1,0.3464117237819526,1
642.690478457792,12,0.3135892266899624,908,1,20.76900416619939,0,0.9263981284750196,0
1255.65802161678,14,0.0044308032248055,322,5,0.6215438221372994,0,0.9696225712747903,0
394.5115380580345,19,0.1523983859037268,911,3,6.359283858934051,0,0.8826530639884146,0
1583.2992516821544,20,0.2753103802939208,349,4,7.033890594997605,0,0.9586790756698766,0
395.2471647889457,18,0.0471565991697706,648,3,8.719600240135518,0,0.8343865091271406,0
1563.6867145170145,21,0.2799706480359022,763,1,3.456940577606934,0,0.7957755345034684,0
1505.530537080372,21,0.104587582370248,939,1,8.263913142687262,1,0.9111925770159676,0
945.8652859811908,22,0.05208088972719,806,4,76.98025991805657,0,0.8952962915216004,0
1341.4872475666734,22,0.1290193467351457,214,2,47.16878848848741,0,0.7240946138786368,0
741.4855265421062,9,0.247973556181813,834,1,15.372230888058317,0,0.8711143989739846,0
422.0601496465069,22,0.0824443135155246,608,1,11.18616715660783,0,0.950215316615624,0
690.5809662800973,15,0.0940747236167216,575,1,1.9783525971772469,1,0.9715725030144152,1
890.5877083702048,8,0.029381257788477,949,5,38.263010844416094,0,0.7358125268238267,0
1689.7678940375006,10,0.0627810295021635,974,0,3.7528809941568873,1,0.7891612291859341,0
945.0190256796916,20,0.0663776519721774,708,0,33.778253992090924,0,0.7650057787085683,0
717.8208729166826,11,0.1672790511547823,449,4,5.729264354326867,0,0.9551997431528289,0
1311.8128211853698,19,0.1990183123459846,996,1,2.6572802218021665,0,0.931736689681494,0
514.8658581589476,20,0.3317827976101237,658,0,2.1753849063291377,0,0.9105595807806196,0
976.1075190736432,15,0.1574093536171286,100,5,22.58785320652389,0,0.9082170257347972,0
1506.8149783347887,22,0.0416128344218858,102,8,17.195840900781633,0,0.8053517518556779,0
697.280055229216,11,0.1909632201180438,72,2,52.28590760346479,0,0.6765811293976471,0
494.1837836904927,7,0.1793448068873769,422,4,12.531373415319871,0,0.8984165615572246,0
636.8380427170313,21,0.2930923884795451,435,2,8.830044867786818,0,0.840278204098277,0
3101.4709232461014,18,0.2375287628530441,392,1,9.570149783935284,0,0.6558931828360998,0
687.4932639840168,15,0.1560728229012817,315,3,44.30408664886167,0,0.6774911598617088,0
1469.1629539093813,13,0.2134175382015719,891,2,1.7581954491113003,0,0.8696828965253045,0
2296.015698098487,9,0.0857323202391912,205,4,20.67239538620033,0,0.8500902752143601,0
2748.7948245507732,20,0.0861429075986516,864,5,13.513938368555277,1,0.8104334310402498,0
826.6973030066512,16,0.0750026552749748,350,5,7.824870492000473,0,0.871247595652475,0
1574.7250757624065,21,0.3523714453108695,235,2,32.32735902598011,1,0.8042207897768168,1
570.3419087538654,22,0.3291922769749384,152,3,0.7340421778342636,0,0.6655871975808249,0
859.9393902236814,19,0.1665418360166763,410,2,21.378401418254068,0,0.8346899701535982,0
459.69799324349344,20,0.2826354483877186,659,1,12.45976047938426,0,0.7466845303081846,0
685.6515517009958,19,0.1298339624177929,825,2,29.56128325465616,0,0.9490050520021543,0
769.415984390208,12,0.1219448019493333,709,7,0.5452602042948206,0,0.6765707381643764,0
2616.499958063131,18,0.1179649837859515,729,1,5.531453777548677,0,0.893677882768117,0
672.285606868272,21,0.3070112815895582,658,3,24.379235621021213,0,0.7123124607892466,0
558.3566544257743,20,0.143876682595665,243,4,5.413701318509582,0,0.8371609994385358,0
504.82757701656607,17,0.3301264802923863,411,4,15.836813893763566,0,0.7545399669313781,0
1635.540326860546,12,0.0540354388630552,395,7,7.5416315777606355,0,0.8878358131699882,0
1455.7072930897357,16,0.0942937586421549,861,4,31.70691180193819,0,0.8780544379790365,0
1078.7344112751157,15,0.2616961013702988,582,1,22.812178629626665,0,0.4365894218497548,0
1211.4201033655704,7,0.26684677447247,999,1,15.43553098930997,0,0.5883273178061764,0
2524.896657568961,12,0.3816551071570478,240,5,0.0794642246225658,0,0.9713483606154096,0
1385.0337775930632,16,0.2958629673430576,641,6,28.9148600719892,0,0.9844343546931128,0
783.5913208487374,10,0.2593735859603535,636,1,47.06435802869165,0,0.8138013770387807,0
453.4615246916307,19,0.0728775801466676,384,2,49.02929635771271,0,0.6319950341488548,0
1341.6681146513724,18,0.2566915256991569,350,2,6.582594617946248,0,0.7018866874749943,0
2114.2838173175237,11,0.1746864942199262,216,3,13.159490636049098,0,0.6403304433822474,0
829.5973731125507,12,0.0611838740949307,224,2,12.132615754265254,0,0.9308511575586071,0
1028.1677132905363,16,0.2169877042379252,930,1,24.08035019081709,1,0.8891360191467761,0
538.1131274221597,15,0.2604397077900109,663,2,19.885773022824704,0,0.8475845152647646,0
245.41153903586095,5,0.5883359852776564,88,12,23.714663622392987,0,0.268676719102765,1
814.1208957119022,9,0.1414145329271302,51,2,20.926288527935508,0,0.9641771242860278,0
1207.9217174960677,16,0.3946298917225406,760,0,0.8050742505829969,0,0.863783880718938,0
265.53114137811735,5,0.4230106435651501,93,7,77.91246652755436,0,0.377186707283546,0
982.6791163002896,8,0.0777797413851323,203,3,11.802286006417225,0,0.6650257330669004,0
87.2583833458335,2,0.7184049302816513,142,10,52.8781509765787,0,0.2413190510344354,1
638.6988500932056,21,0.2384394742548307,102,1,0.6154424108863887,0,0.7413479403761806,0
1763.8103204660845,15,0.1145916817861545,469,1,7.845386509168714,0,0.8996824304664709,0
469.3705708859807,18,0.2282285018302564,153,4,20.888926653939865,0,0.8557657800331328,0
1457.9754065055256,22,0.2175015098502683,639,3,9.981390081335428,0,0.4613779281120657,0
972.4146531347064,14,0.1390271319181704,68,2,0.3704626225988298,0,0.7306463333061144,0
2071.928046605879,20,0.0915811031201777,591,1,27.89403916998901,0,0.7851229005990498,0
1290.3162956809783,11,0.2262385604407855,912,4,7.507727790078496,0,0.9507565824357236,0
714.0707546387998,7,0.2600687189390316,199,3,58.08072454339993,0,0.8683611998976531,0
189.45234485238385,13,0.1641409418286403,301,4,3.49232909772054,0,0.5984004828985943,0
795.0570885174564,22,0.2726156653928161,101,2,10.745277069691989,1,0.9429882176486758,0
1691.625404877634,20,0.0283351681500999,895,4,1.9084706361136323,0,0.6589785173666185,0
2032.6078314450624,7,0.187676890428991,865,2,18.1324428062214,0,0.8365580748488858,0
287.2051944153698,17,0.2221427723958279,829,1,37.256403055161954,1,0.6220986372071575,0
977.8115971591428,19,0.0691742609958474,411,3,38.6641390308114,1,0.8333932408209523,0
1367.405602753251,22,0.1037050546252607,943,4,38.92219004951664,0,0.7480852006869089,0
1808.959137652123,20,0.2993029957247708,585,3,11.39356708972001,0,0.8574254458914639,0
1632.9584360077392,10,0.1501732961367062,68,2,3.258388353787294,0,0.867529228986062,0
209.47192256602668,12,0.4450105927107224,903,0,9.115245813372946,0,0.9007213448961716,0
500.663223078266,8,0.0106025872909913,639,6,7.563572556653696,1,0.5961536543734921,0
534.9810043188775,14,0.147534855750142,459,3,22.67247294106597,0,0.977512299639027,0
488.8596915720561,22,0.0730590314549835,282,1,3.5692242641530685,0,0.8231094282359522,0
489.0968972136986,14,0.2202529670491331,365,4,22.856334955042243,1,0.8143316074443198,0
641.8288973758246,14,0.2346748759371261,603,2,2.6625058105540873,1,0.9416228039742216,0
1305.3518870289206,19,0.207180387847717,384,2,23.838372549613347,0,0.9374052092734454,0
1412.5725756531178,7,0.1668725345552381,632,3,36.01334493693713,0,0.7310243611241881,0
1158.260663393086,8,0.3736733290480618,821,3,11.138959925256133,0,0.791397169445877,0
853.380613823687,19,0.2262576791112901,889,0,3.572180012788534,0,0.6392038378003447,0
599.1136945937983,12,0.2462698346269515,724,1,7.623026514623087,0,0.8940122210494238,0
623.6350150711595,8,0.7073025936096876,759,1,5.688230226267851,0,0.8162037718911771,0
1016.668918047012,16,0.0731774287438035,89,1,10.026096118637064,1,0.8636484202211256,0
1178.9454584144032,9,0.1345613837080727,167,3,0.7948736698512235,0,0.7092076303559932,0
636.8183207219272,20,0.060605532581925,101,0,0.6007808229793509,0,0.6421984848267175,0
1660.8463895868488,16,0.2009604356114107,867,1,2.708039654308445,0,0.7673190011046804,0
629.5310150382811,12,0.1106929866740994,820,1,11.952712371801924,0,0.751106818832272,0
747.6998819005902,13,0.0626024178039164,541,1,4.2076999973048235,0,0.9201954505247848,0
985.7185815166162,21,0.147747011566129,436,1,3.469896440569858,0,0.979869472502788,0
865.0683411598875,9,0.0449727030759507,708,1,10.138087818486545,1,0.5926825735069516,0
443.4089368345229,13,0.0833458012242546,170,1,28.803530335136372,0,0.6240843391480467,0
452.7976265861728,12,0.1316361692401886,924,4,20.387871287320987,0,0.7706027776243825,0
1148.5875023175895,22,0.5319842692549949,801,4,6.856835844757992,0,0.7449402837380645,0
2206.9928594352264,7,0.0463867148244619,638,1,12.622687379366967,0,0.7149880107567284,0
337.4382619424151,15,0.3336606095510952,965,3,30.860000489752224,0,0.7813643747067003,0
805.8713699006616,22,0.2675739057793765,259,3,2.166057874145203,0,0.7022451826421905,0
689.4694617493001,7,0.2516424452291036,231,2,18.29000690792064,0,0.7677558621688753,0
807.6442352421165,19,0.13905982260208,702,0,1.6939881120817983,0,0.7445706162279271,0
810.4953966641629,8,0.1440829032013282,795,2,28.848088455982342,0,0.8656471911011133,0
587.1724057037814,9,0.4282883114646199,725,1,25.901861524938056,0,0.7396378502269826,0
1640.3824674902971,8,0.1064667294375433,966,5,16.606463568659287,1,0.5182741880959638,0
1036.563396051007,7,0.1624918331645811,813,3,2.7933567185844654,1,0.6453498477494266,0
333.04890604142554,17,0.1734989494963718,144,0,10.284631188727204,0,0.6557579258225632,0
202.96569917634443,10,0.0589926255373376,824,4,10.51319895195283,0,0.7743302871294049,0
882.0427987998349,11,0.1883683097755424,898,2,7.372661073596799,0,0.6601656600604868,0
730.9921912924657,22,0.2991669297604413,904,3,7.152017777841339,0,0.9123616571708392,0
959.0453468900388,9,0.2151415062420012,776,0,19.149141780904475,0,0.8588676176492892,0
1933.221954850824,16,0.2454988507218531,71,0,8.159285307556875,0,0.7099558470095231,0
1210.793650732296,17,0.2647046611725532,694,2,24.613670856491368,0,0.9688813212543862,0
620.338164330967,20,0.1611179616585555,346,2,7.331384547122488,1,0.6498684392932004,0
2574.7816189106684,15,0.0911114772118279,924,7,0.1979873693425917,0,0.5919874867436504,0
605.652629643933,17,0.1320753948563548,479,3,22.248518708746584,1,0.7091747311524198,0
1135.700903841203,17,0.3860735054559945,107,0,7.208108432908571,0,0.7154398834678631,0
575.2216223977474,11,0.0852715523639343,817,0,20.078580169254195,1,0.810856825261834,0
647.4014910216755,12,0.0633787188180384,996,1,2.659611455862724,0,0.4829377071653438,0
1223.541916195879,20,0.1361182348794152,488,1,2.7385154635748847,0,0.828418073782402,0
801.1548892333691,17,0.2313558742230202,909,4,16.151478498723076,0,0.7658913908900328,0
735.4495921033584,11,0.2007150946649032,622,0,37.099530699562344,0,0.8975591686852722,0
1315.595108166686,9,0.1859573665988362,183,2,35.1937517042153,0,0.3587066502696986,0
529.9795096079064,10,0.0230637522622859,183,4,6.766482990144341,0,0.7388723297715917,0
1052.3200738215362,7,0.2037632997442574,171,2,29.54139903444055,0,0.609886342773088,1
1352.9416279511363,17,0.1377917161401134,84,0,19.284646446009297,0,0.9251819364006368,0
718.890514178962,14,0.20310003929864,715,3,5.286300945345088,0,0.8221755899869997,0
524.7149380588481,7,0.4525952144432927,127,1,3.9751651041506606,0,0.6466842131293752,0
812.9275261346816,12,0.0897306931552199,925,1,1.007113595383891,0,0.9162799502100551,0
1530.7414326069888,13,0.3082174770820146,642,3,26.77699803989884,0,0.8211410212906355,0
1437.1041654583803,16,0.148593374627427,361,2,1.0105009120703388,0,0.8687532252908424,0
437.20207940207655,11,0.0933593803118693,807,4,0.3572123203887907,0,0.7366621819140536,1
757.4370752265638,16,0.0727896144562328,399,2,20.754931211516578,0,0.6341955397939945,0
1538.7126458920795,11,0.2265929401424986,329,3,16.460046834772434,0,0.7492163937783127,0
548.4979798228072,10,0.1525545533786284,644,2,1.3856442667925262,0,0.9258960929968532,0
298.3043193525282,16,0.1658916947594559,201,1,54.156308248713046,0,0.6620066409296379,0
829.1508517010857,17,0.1794860971117808,705,1,12.019482867160349,0,0.6734406090282812,0
662.2644409109167,9,0.2289715657585841,891,2,6.1831633441888,0,0.8903760252511519,0
716.5892091355934,13,0.1475892521509007,800,0,4.24098599081301,0,0.6183462135866074,0
1023.2966678757688,11,0.3600722123963806,449,2,24.330750866581905,0,0.7567794339644759,0
1340.0389047096735,19,0.0908336816341234,275,2,5.784719847283749,0,0.8494639460406718,0
787.5018260272502,15,0.5244109644343036,557,1,5.238699227007412,0,0.753215818281513,0
953.3446616033297,9,0.0874342904129808,665,2,17.551083552289988,0,0.7697700568433127,0
1542.9679666794182,13,0.0515717900531046,248,1,14.841459954198996,0,0.971874047961488,0
977.4863350832376,12,0.2044220474306611,223,2,1.8675950641763313,0,0.9776247227712784,0
303.3765899935153,8,0.2031231900995465,685,4,21.036314644118445,0,0.8702553592243747,0
3203.3723764445976,12,0.2517817185259592,663,0,6.0724245736265186,0,0.8571171148145543,0
555.7219693241975,18,0.056869425509578,590,4,9.378401279690609,0,0.9382287742295378,0
675.5493967028223,12,0.3788104976958854,595,2,1.268793097931716,1,0.7809217973279884,0
1709.0250485812624,16,0.2141541034036307,728,4,14.803566824704788,0,0.9562379794190174,0
767.4532624235183,10,0.247870693225902,925,1,0.4429567751969752,0,0.7049729004402187,0
612.8471718009686,20,0.0973640461315298,596,0,9.73477998704273,1,0.8003068163856031,0
918.547431775072,19,0.4647037575265659,215,0,16.22884130834354,0,0.7725219867879723,0
276.8696437604541,10,0.1391683418566544,853,3,0.5762750088299163,0,0.8959057416796472,0
1891.4962222451268,12,0.3264456777514796,261,3,10.58524036209614,0,0.5690123826810083,0
562.640533895478,19,0.3089553897872978,836,3,42.29719843426412,0,0.6714971972887528,0
1192.446533984512,22,0.0468334035345989,774,3,2.8527940941193113,1,0.9191402087584616,0
533.2566399727652,13,0.1594032439665971,793,3,1.4200254477321468,0,0.8774548493234571,0
1549.5086982142282,7,0.2448630010105084,553,1,6.024344039804301,1,0.7458417173725015,0
772.974184459859,16,0.3751694567284047,941,2,17.87418446783949,0,0.7080382266898313,0
183.53727858810285,3,0.1929388617343987,53,11,105.54935758065396,1,0.2458811750428503,1
463.6973994392558,22,0.1753016529094592,732,3,31.868557799843355,0,0.8765905063681676,0
690.7425309520895,17,0.1983248266382666,441,5,5.499014997640391,0,0.724518904248693,0
790.6491189110467,17,0.184138335359955,338,2,2.9846550246527057,0,0.8406574274518386,0
385.37912965794254,21,0.1711596255793558,731,0,20.063186843372392,0,0.9513034657084336,0
643.513098504009,16,0.286540250031066,555,1,15.949259629867248,0,0.9442659594206704,0
1063.5158101651416,11,0.3616438001877405,385,1,5.531331117526714,1,0.7877586369012247,0
750.1193521584178,8,0.3363998983233398,775,4,42.6211015076169,0,0.7786466263708594,0
1460.7287666642535,17,0.2213632670809429,402,2,32.9061285629177,0,0.825903273119211,0
479.42209167710206,15,0.1891880959156256,181,3,9.083521888894174,0,0.8833846728289169,0
1271.3605941808949,20,0.5740004515551647,69,1,8.400754055394785,0,0.8845672696847225,0
1045.3162859902425,17,0.0590436585073191,222,0,11.798605014248908,0,0.936705034413562,0
942.091409410032,16,0.1387967862974622,396,2,2.3333723465144276,0,0.7837608810524178,0
1603.5496534113497,19,0.1494368005137835,519,3,9.24479655392924,0,0.7441381708516385,0
1040.1490808282974,20,0.5281236662847667,479,3,20.60295469092366,0,0.7428638519361143,0
1297.4709715613355,7,0.278451925755379,763,3,12.729871470443268,0,0.8279145884668723,0
489.2935741073095,11,0.2911514388297087,715,0,15.169853628686514,0,0.8054741301302631,0
2065.522710783823,17,0.2169315639849766,279,0,2.7419384678366514,0,0.9686753413221896,0
1691.9184354924182,7,0.1411199142362361,253,2,6.512430051339774,0,0.281366507984721,0
732.2882194381909,7,0.1264005389774185,646,2,5.076972383868269,0,0.8756596898898601,0
1407.9169042607273,7,0.0953969501313031,403,1,5.6973129605328,0,0.9539930329656878,0
938.2104923153322,7,0.1837633011419233,782,2,22.89339618466804,0,0.5456417731917977,0
1807.671703426588,18,0.0204448371021455,434,2,23.49178592204748,0,0.9258659098338256,0
607.1403167859321,19,0.3390101985162945,706,0,8.913482470043675,0,0.8690504922972876,0
615.4149427476165,22,0.0360199381075219,654,1,0.2407118077468782,0,0.9209007093111562,0
974.0166733835944,15,0.2429567134300667,42,5,3.4843679383818413,0,0.928402625739514,0
946.3876879735512,15,0.0777609893613801,752,0,32.52208609939499,0,0.9482567384793602,0
625.3276470421916,9,0.3450235856725356,101,1,26.797278865375723,0,0.8394836655991732,0
1100.6074604149164,16,0.1456371183987264,920,3,14.671554384702723,1,0.7441496794192627,0
1288.7229720807422,22,0.0696055917182043,573,1,5.559104149388801,0,0.9031356513486816,0
968.6738490919872,21,0.261684250893712,606,0,19.547434486896577,0,0.8501055846223399,0
1175.6395154370505,11,0.0112144277491672,199,3,28.183199122740348,0,0.8207783577292991,0
1292.4906355754747,15,0.3068597798322192,326,2,2.0224517762522045,0,0.873575388548626,0
613.0670359877496,10,0.3318639930182603,849,3,0.2630234348655043,0,0.8704766676803886,0
402.3815588212331,18,0.34924129495168,450,2,20.097965591842517,0,0.7552982332134013,0
966.198129721262,16,0.3237061359187518,896,2,0.0700475555838869,0,0.6497793262263049,0
674.9404937573819,7,0.1415856749238809,311,1,4.241596205781903,0,0.8789105318537148,0
1682.7369052460522,17,0.0533375095657637,517,1,21.887989393396236,0,0.919305980835254,0
438.6754120248608,8,0.3833658945550796,683,1,38.31159116916245,0,0.7923190161470904,0
784.4320059974783,8,0.1024651123722303,776,1,17.550431701545183,0,0.6970497632675469,0
675.028748534345,22,0.0920647691823592,472,2,0.0873437573652282,0,0.7423310267253469,0
1125.9908523601227,22,0.2180802877038722,435,1,22.06177772011411,1,0.7802060983697566,0
750.8430381383517,11,0.1496494602239489,64,1,4.6295870101876835,0,0.7310793569561883,0
629.2926811696396,12,0.1083567020590224,185,0,1.4294175829555962,0,0.8487488058132665,1
1618.4606374806413,19,0.0709836276666833,405,3,24.574116245848256,0,0.8783476355136108,0
1087.2475306970243,20,0.0552496136653849,448,2,15.555659680770818,0,0.7889601965518844,0
846.9975310931478,12,0.1396825598345105,279,1,4.831065368301312,0,0.854505096896226,0
1161.9441111153274,13,0.0766408976549204,652,3,16.51061236467722,0,0.6877096618672932,0
1012.7397840650282,19,0.2691207965056198,952,0,7.254701701316577,0,0.6583621563667118,0
740.422734384075,12,0.1541342605963405,557,2,6.048951900503695,0,0.8398607285052199,0
1199.93196616225,17,0.2209102670699101,169,3,20.52381707726072,0,0.8159253318985685,0
1909.5268237495695,21,0.4412434651589638,321,1,45.69107159052108,1,0.7438549254539295,0
1170.6409473092951,8,0.1120841613579349,753,2,4.787264340099734,0,0.7802363835523703,0
1093.919819918031,17,0.0766240481121315,387,3,0.588977410520771,0,0.7085870969592937,0
1212.9067093961028,18,0.1645472911438867,753,2,1.2226858905033902,0,0.9404324130790644,0
1194.303026651468,19,0.0953090670961042,762,0,0.8053530478358615,0,0.6255550109470512,0
1312.4023859935944,20,0.2342777249636549,483,3,7.697871570462663,0,0.7905900156870009,0
1180.5633779256482,15,0.2975649975339871,831,3,4.810415632579123,0,0.8343150489025907,0
914.2719364962526,12,0.2315385750723668,453,5,12.150947055946974,1,0.5712462734318067,0
413.2682418461159,14,0.0989512323658618,417,4,43.94210172967533,0,0.8922814781194932,0
846.385192222756,13,0.0974124078525107,976,4,14.053809450013055,0,0.8611695544701533,0
898.9266655135124,17,0.1706060988467362,594,1,1.896991407087772,0,0.4811112018866668,1
950.1988214846522,13,0.2640616763371981,645,0,23.889123894037848,1,0.5936128626073701,0
862.9236409435429,10,0.1141342515504582,394,1,1.0497357617748746,0,0.8376264582414864,0
689.6086460540903,15,0.0216803033361154,741,2,17.112119167485158,0,0.7474567251146786,0
407.8841906672282,17,0.150009455568137,356,0,45.313969277401696,1,0.9589130019747002,0
695.8821046407905,14,0.0509914402984551,604,2,1.9883438781106124,0,0.7834902492112934,0
1280.8946380872578,7,0.3015932852554348,915,3,3.892853436784369,0,0.7564385853527724,0
1302.557529169483,13,0.3155557244603227,775,4,3.82884896297974,0,0.5876355748621704,0
669.0921347262636,18,0.3467034912218169,612,3,1.176959142215848,0,0.690313962004887,0
857.0080435003106,19,0.2160003570736821,413,3,22.232690930531696,0,0.5388755926326422,0
414.54443502069665,9,0.0511103499996041,439,1,2.085655464007552,0,0.6041870877608384,0
314.47345970628373,4,0.5389141744660947,51,11,260.1875746348605,1,0.3560397997796375,1
1440.4786896670507,10,0.2267205852332214,827,1,14.40430877609977,0,0.8953652171306015,0
542.9091567053505,8,0.1697981292806246,327,2,5.72743247968425,0,0.7841205864139579,0
942.4420957633996,11,0.1572264397168506,50,0,35.66379246739082,0,0.8680973100322689,0
936.611398621369,18,0.4897193255999769,843,2,4.8115920450643825,1,0.5942706458233645,0
719.9530497129633,16,0.1821480899163335,651,1,18.180224961418677,0,0.6060094745244753,0
470.864488403224,16,0.1622513484827308,954,1,7.5469111862343246,1,0.8357580028637889,0
1056.810789475347,14,0.1947753930417764,879,1,11.094945408120353,0,0.9173564487282384,0
695.4123436301377,13,0.238431893402578,808,2,13.578084304790655,0,0.8883249565687987,0
2110.951275928667,8,0.3218272079740453,717,2,4.396626906565905,1,0.9007410094479256,0
564.8994915036862,15,0.054337478875693,76,2,6.6118536201190325,0,0.8840440496116257,0
899.6769032881549,21,0.2133153814291006,52,3,37.727904834737224,0,0.9178780551447144,0
2669.351792964841,7,0.0869372528009787,521,2,5.904450148173337,0,0.7260935976725027,0
878.1007358985925,11,0.0604436664579001,902,1,21.988878341500325,0,0.7108476186854982,0
457.73669934144294,13,0.0599272679616792,673,0,38.427344956843406,0,0.5009224026967335,0
472.40845193540144,7,0.1746825411701461,199,2,9.364124495216226,0,0.7933861167959934,0
1069.335219676457,13,0.1282638622538204,698,2,12.85113677915552,0,0.8006951995420939,0
1180.054623581265,12,0.2007855806067152,679,1,0.6209950791285802,0,0.8453306831199758,0
1164.5407998619562,19,0.1170804677612568,216,1,13.5412496886067,0,0.8497814857830291,0
842.7221472721039,10,0.4150585605525002,976,1,30.039520698829488,0,0.7961722730300032,0
892.3091486725023,17,0.1856324213653094,427,0,3.582738384234028,0,0.9495687264738664,0
2479.419155980137,16,0.0133086517359904,383,1,3.34866045524324,0,0.7571851583490324,0
943.5342643043864,10,0.1197579256019926,207,5,4.078793467353904,0,0.8093003880820434,0
676.525530063814,13,0.3821283430614807,317,1,4.792783065875621,0,0.9276218588163124,0
945.1268158515608,11,0.0630655332128962,637,1,26.06037803740336,0,0.5572936676580111,0
1029.4068865923848,7,0.0666839776574754,294,1,0.2439445114243894,0,0.6970417608805958,0
1124.7006312424587,18,0.1524195783546588,775,3,12.056653430424316,0,0.7947250831577258,0
1244.1212105718969,22,0.2321283883491284,459,5,1.1580056455346304,0,0.8795047795767833,0
1270.1959513109257,8,0.2657296211960459,600,2,26.98713624751542,0,0.7924148795138412,0
1073.1491457601844,7,0.1082790571208712,43,1,25.27361644636038,0,0.9457460190184438,0
820.5892139156796,7,0.0962474820501542,959,3,17.889141668167273,0,0.9095664332463468,0
552.4787566132718,10,0.1239522577354748,321,1,7.672465129207917,0,0.705304388953517,0
1379.1982151413588,14,0.1893287875666692,726,1,26.65482812779135,0,0.93111088609874,0
985.1824160731312,14,0.2241715621181394,349,2,1.9109766696444936,0,0.7386878161493331,0
1330.698774164622,21,0.1039347362620354,647,1,0.7350449123377403,0,0.8717339274644462,0
1502.789998318665,8,0.2286898543334737,467,1,45.56304316953066,0,0.8753712635221901,0
581.6529552169012,12,0.443676087219659,736,2,88.60998301375217,0,0.5291684580078321,0
620.9472485980492,10,0.369951065516142,723,7,14.083335924169452,1,0.7723351260049585,0
1408.1629465319186,14,0.2436262382496074,708,2,35.813323056875774,1,0.8149326562759667,0
1488.8310326873975,17,0.0428604312091034,295,2,0.8135383772833075,0,0.8314539497744983,0
963.8773465936664,12,0.4210037140943246,50,1,17.899002371287505,0,0.9178344495662324,0
355.25464425784173,21,0.1830487494383569,758,1,7.049664838746997,0,0.670784528014589,0
237.5542801940173,20,0.2540701854761291,373,0,5.124075255604533,1,0.8794108921675524,0
346.380056557792,9,0.3027500099109693,169,3,9.998155329415733,0,0.815443661795661,0
923.9215420758846,18,0.5175510093232065,840,2,52.68402161928853,1,0.730371288869084,0
390.8289302635808,17,0.5649967025873726,687,1,1.4758868111739127,0,0.6518647755539965,0
866.1456608876294,10,0.1783090771829231,99,2,1.1438967141312046,0,0.836956922957922,0
1411.689311264391,9,0.1859695230035536,872,2,24.49541052824383,1,0.8161259518900696,0
916.294912438306,7,0.0716798962846445,655,1,5.878256801977445,0,0.9302410315761616,0
840.716888154842,22,0.1089964840916865,858,3,14.29993493394178,0,0.8203448736752523,1
1062.2836399949902,11,0.0838295614540717,175,0,31.38028537571233,0,0.8622888099276765,0
557.2570180073901,10,0.0681226416541241,881,4,13.845617531278284,1,0.7051543158501113,0
414.3518592175432,11,0.1650307665484168,85,1,3.5554187145492135,0,0.7098155636950112,0
1247.0023204936867,18,0.2252475254558729,645,2,15.083781690238132,0,0.69438828041302,0
1092.1177318453783,16,0.1091704680089728,139,1,39.35171874638281,0,0.8356745027612905,0
653.5662465432121,14,0.20021713827915,39,0,8.293587068530949,0,0.5461065831809251,0
3656.0550075160127,18,0.2673722013060522,301,2,23.889138142233566,0,0.6581688707142849,0
1109.330795152977,16,0.2660908129186422,904,2,20.8408515411786,0,0.616541534509563,0
430.2230470313148,21,0.2953525794896252,966,4,8.194015492426718,0,0.7755936666664273,0
610.514825538032,18,0.0296465624003435,323,3,10.298166018619684,0,0.5814844792933086,0
629.065553575323,20,0.0516308115239094,208,3,21.984448788663062,0,0.6631129958849455,0
1250.2884122134062,16,0.1216483829177136,859,4,6.946241657257296,1,0.9104108275256978,0
1511.9737897523505,13,0.2459373162297559,771,3,48.18873396587905,0,0.948703708571253,0
412.9535438143998,10,0.2328835011408094,742,2,19.95967926551071,0,0.845745346506205,0
1834.1894096172016,11,0.0686616271882177,876,3,22.66602765771229,0,0.9652705963515912,0
244.85543335123455,14,0.1028181499032203,392,0,35.9522232522777,0,0.8274023574445342,0
680.5387719691523,10,0.1723080733735943,776,0,7.150062660078113,0,0.95967886172937,0
591.4599359471924,11,0.1535570764106909,61,4,9.89219054656786,0,0.7429691329538305,0
386.6330947811521,13,0.5281883456998918,273,2,14.445187528716636,0,0.9121738829436542,0
1167.9816399699562,15,0.2400273961650524,609,1,19.94365894563411,0,0.858134821316792,0
871.993436250238,15,0.1076449494454162,247,1,13.098923820494813,0,0.9005472987426103,0
1034.2006649981656,9,0.4565399588914463,836,2,19.674184147355387,0,0.7559489761194964,0
460.50296250881246,21,0.0861704792211993,408,2,0.4789257675924167,0,0.9451639338996928,0
667.334591591378,12,0.1334813050532384,112,3,17.695058273720843,0,0.6642520964053197,0
2606.9749825672006,16,0.4661076520702719,606,0,30.542428395261805,1,0.8867477263655562,0
920.292343135297,17,0.3712001529017188,245,1,1.0410241659124686,0,0.8460191601582495,0
527.8320989007981,19,0.2032739760288447,467,4,45.34676100880875,0,0.8889074038052893,0
1184.7520471601026,13,0.2011972904218414,148,1,3.46728153973972,0,0.9608460811769384,0
1077.6994146468448,11,0.2957235463988334,115,2,2.0304037044206593,1,0.8092821221810959,0
134.01104061189315,4,0.4285249495680724,98,6,29.85222703167151,0,0.1568222620635707,1
317.18519212295183,19,0.0633177355149848,79,0,14.306625365448433,0,0.8077171227053626,0
801.6084293597203,11,0.2220992084322365,897,0,29.749718049707536,0,0.8273159357594092,0
1309.5738830885662,21,0.2439705045747429,170,4,5.008818283907703,0,0.9885336569782426,0
1693.7877670421549,21,0.1277856491429043,722,3,22.443434973985013,0,0.8026668566271485,0
1191.7836084833584,10,0.095200277117263,986,2,18.33594050316902,0,0.9256882742399788,0
1129.3706956431784,19,0.1496282626295122,541,2,8.388441155661214,0,0.8114189113584599,0
624.322094625157,12,0.1694991799793126,977,3,19.927283756363952,0,0.8821936209193721,0
288.5238998089239,8,0.227401861900942,788,1,26.23375763781185,0,0.6746713620303687,0
1071.8271863092589,15,0.071583269346112,935,6,27.805082496107673,0,0.940686017843516,0
1631.7904288526263,19,0.4293188510313008,328,0,13.587243493077995,0,0.7488848305993101,0
1279.9821553912095,12,0.1389829286110229,709,2,14.309305678567211,0,0.672088160609335,0
1550.1908067637053,9,0.4242240361110296,580,2,1.803506391872935,0,0.8971730740013929,0
672.6499241900506,14,0.154457349248293,605,1,14.531273409271828,0,0.8012867670058529,0
1021.9805300172044,7,0.1478157377794912,80,2,7.0531660212312985,0,0.6624871131111638,0
545.439523607266,19,0.1665291537726242,663,4,3.979557691657015,0,0.8541585684461342,0
1070.693682922572,8,0.1694191710588622,343,3,8.407544133384608,1,0.7531974133357882,0
1034.6394525260946,17,0.0738171951991,909,3,4.688209365006542,0,0.626600076669764,0
672.9372725669808,19,0.0972845634830553,590,0,22.6579394173743,0,0.8974019287376663,0
829.3618174287573,13,0.0671912085080673,310,1,0.6636201666082076,0,0.4204612599326235,0
548.5285831635391,19,0.213339517579718,557,3,3.5306013381820645,0,0.9408039876416764,0
806.0084349291741,13,0.1695380651650787,765,0,5.86590876763666,0,0.9160032297208364,0
1320.3969427244378,14,0.2755380272629475,625,1,86.02239268234786,1,0.971039669845167,0
1419.4396060213778,17,0.0151083573243824,935,2,1.7793397191711289,0,0.8327226706831766,0
873.7924937037778,8,0.226876208024473,890,1,27.991708986298043,0,0.8517394625777492,0
721.3323304462006,22,0.1315363058968721,507,5,7.852164660791125,0,0.8641120098708582,0
2005.4407866196943,15,0.1102920834292099,685,4,18.37486955197494,0,0.692153935122387,1
684.3960475211406,8,0.2203174999054589,508,2,8.813538313102747,0,0.6824280669378467,0
670.8920150192504,20,0.0578114491332719,315,3,3.907539888056863,0,0.9314171748922307,0
3162.836647797893,18,0.1204942451615828,916,1,1.682023306735597,0,0.7869507730616507,0
2028.5316429419984,12,0.4400348493367376,221,6,4.874674318056173,0,0.7784359981292267,0
1616.6773195416986,14,0.2772880799128138,892,1,4.341685666416859,0,0.8928694166059622,0
1650.1532287015414,22,0.2850686724093778,472,1,0.2175138599333101,0,0.9235124337331226,0
524.3047478307295,9,0.1476005085718358,67,2,7.361569070433951,0,0.9267266496128104,0
1525.662244715543,15,0.1576203606889657,404,3,9.760403964289294,0,0.9103585723809589,0
420.1136895441967,9,0.1690125620119069,57,3,10.74561000098943,0,0.9231765440133846,0
603.8076690199995,13,0.2842627189165209,370,1,6.4518745689288055,0,0.8652036394433008,0
2011.18806149688,9,0.1164299593308291,270,1,0.8438598458244724,0,0.6776078581282761,0
1116.040349488386,13,0.5265262653645639,146,4,10.03094371295707,0,0.7414466259040948,0
1472.243020216701,11,0.2417567747689167,866,2,26.594780934337106,0,0.2552920467033946,0
941.7800959202488,13,0.2022334743321219,469,4,15.871180220778747,0,0.8565408320823811,0
499.043432173557,12,0.1173866374136453,959,4,9.259920544284144,1,0.9749626304272788,0
1314.3270737444602,17,0.03857166049441,888,3,58.34937558967546,0,0.798583083775177,0
1690.4189350059926,7,0.2674134941218528,354,0,1.1371843811315077,0,0.9247448233285102,0
2204.5349552382568,12,0.181510960645733,418,4,9.619369976813058,0,0.7949468229603954,0
926.359727105996,22,0.2198143739744536,30,2,9.968170566396076,0,0.8969668383099816,0
1138.451301744656,10,0.1350393447633981,874,3,8.724767077497006,0,0.8356943203875102,0
1166.897485737008,16,0.3469741304456918,671,3,7.480279896015061,0,0.8894006835661334,0
1327.1108908349452,16,0.1415129728672812,867,2,4.340329963871427,0,0.6765167363007573,0
2856.6388295964134,17,0.2720335964180597,521,1,47.77610900395853,1,0.7422153828173327,0
511.42970841216487,7,0.1203005337284811,549,2,17.20918019789478,0,0.8174732858528079,0
1168.505065898965,21,0.3777228383921506,486,0,64.80969858428799,0,0.7908367280815962,0
392.1344776276793,16,0.1326176401432899,451,4,12.497091243776502,0,0.7256371500447836,0
1067.86294974631,11,0.2332127520390246,684,4,0.2499318415333283,0,0.7912214564562695,0
837.0516722021702,7,0.3407613806431953,213,4,50.7921103099636,0,0.7143871137936064,0
813.205066613657,21,0.1408384327723792,492,2,4.077544040826505,0,0.9290099974242484,0
1139.4166658651543,18,0.3281516535501715,769,3,32.655383365708445,0,0.7874892357014381,0
1239.6787818916844,10,0.1138199440919135,994,3,10.970262098064136,0,0.6360704668173258,0
884.2217208515727,22,0.0708571186898743,468,2,4.415502952673958,0,0.8709421892490277,0
1106.799276050839,19,0.0434136760261302,893,3,1.121146518370198,0,0.9044612463168644,0
2731.926215257799,15,0.3987951228031021,576,2,3.292986861731998,0,0.9196417237989136,0
1002.2922050714576,16,0.0791131298002674,703,1,0.6304364652960601,0,0.6042598046870165,0
741.5086356665835,11,0.3033524007224319,578,2,7.104727769241515,0,0.884848894171435,0
870.7794360061664,16,0.2795496270194526,111,2,5.177232564840512,0,0.8501250784368226,0
889.118913916279,10,0.1261760803770505,141,1,27.475847413027452,0,0.5424041706876687,0
795.9440338277984,12,0.2157877690585338,563,0,16.763815337723514,0,0.6732604872990501,0
899.677604157309,14,0.0377008914323148,525,1,1.716545401792548,0,0.8754720392155877,0
567.7048784709343,19,0.3386515026490794,718,3,1.312296766013121,0,0.9598539270409407,0
930.7607674854474,7,0.0786622160749911,473,4,39.10285581674527,0,0.7035145855917971,0
1257.5328043280383,10,0.0747521159490551,81,2,7.224770546741561,0,0.9169278796024336,0
601.127189754632,16,0.2418973104753609,199,0,8.003834490948412,0,0.9295791319540604,0
444.4564811331567,10,0.5320377926560994,769,1,2.2033581587611906,1,0.5630839892920393,0
382.7804033803626,20,0.2623873434907004,68,2,7.773016825827163,0,0.7293660688654411,0
764.033076634005,19,0.0406724183243417,576,3,10.62019188303149,0,0.7498750135127572,0
674.7244441872647,16,0.4653482863130646,506,4,9.204728811656576,0,0.9698933304063246,0
1347.5418335549878,15,0.0906670682929034,848,4,0.9274490671637206,0,0.8268665496094101,0
1991.223228855595,7,0.1251652544941042,363,2,33.24778213063384,0,0.9400945913105572,0
373.28869331345504,13,0.110851265920896,633,6,14.88039293827208,0,0.8958016037920093,0
367.4137366617024,14,0.3640850801131973,49,4,17.202300573311323,0,0.7621953291470666,0
1323.6183318606036,19,0.2506893719569195,47,3,13.891338564198897,0,0.6260146245309436,0
1397.1937544147368,12,0.4192415524381098,993,2,17.521638046733237,0,0.8592538996218706,0
350.17737360594913,2,0.5090386313727748,126,6,154.89382743869524,0,0.3248611566530154,1
783.6459912933509,22,0.1153328642503667,954,0,5.20730175062248,0,0.8942283906414341,0
954.9123996856248,18,0.0923910279175886,494,2,12.042522996554634,0,0.9468050543526184,0
1483.8265158414918,15,0.1016081147389377,301,3,12.524087949337796,0,0.831643801624838,0
1244.3237100469348,22,0.3055898361214898,891,2,0.9948202340536468,0,0.9345804103774048,0
970.8388245443728,19,0.0813230911147804,867,1,31.264305712662633,0,0.6360610602969071,0
1095.9808760829972,18,0.2003627745828484,443,2,2.79996859224518,0,0.9813188447925308,0
307.50991732805875,2,0.6454136353711655,163,6,76.19698053847956,0,0.4442018797155618,1
1725.0456781342125,19,0.2165333826192707,424,6,3.7083171001982977,0,0.623140381433643,0
916.1016323072884,9,0.3064892891816153,523,0,64.50174362620552,0,0.8786484232020807,0
1335.7939048961714,19,0.2400891826097938,376,1,3.1571296013528767,0,0.7224794884478366,0
1194.4140663293665,12,0.2591741885811935,549,1,6.254603929833616,0,0.6409797646261999,0
351.67937310471274,12,0.1234477633974823,861,2,35.16379119658646,0,0.5323469004926054,0
919.620335762756,10,0.0428590500806709,647,2,40.30268374275164,0,0.8940429646104551,0
483.4705460059761,9,0.105623581023693,734,3,28.48388184228033,0,0.7806567982157644,0
860.1699237246095,7,0.1966388608221248,871,4,24.33643618667569,1,0.8662793674615554,0
1711.4433697279385,16,0.3723218807111756,840,4,7.923467268138487,0,0.9461009174865038,0
1067.8935982157168,12,0.3302066515315499,361,3,4.0910640487795815,0,0.7000950676976917,0
577.9720054494594,19,0.1842402820790681,116,3,11.596849608737571,0,0.8928415246882837,0
1064.318213530781,16,0.1648916610382794,592,4,6.529164610256415,0,0.6544531073513421,0
971.9309926658352,21,0.1079884679189943,90,3,32.87479998234392,0,0.7825877298139592,0
549.6268666252817,17,0.227597883046315,921,1,4.062034245233826,0,0.8847841393429099,0
1049.30178615566,9,0.0671093702643313,774,4,77.26997584163152,0,0.6849792657533118,0
485.0768635146975,9,0.0470173221861188,881,2,1.6109254692472512,0,0.4396460442913479,0
571.94680462106,20,0.596625743541992,362,6,3.7619593401688367,1,0.8333287843180921,0
140.60157603995472,3,0.7558873063604741,140,2,15.466609136589218,0,0.3115016508310626,1
2297.2478482813463,22,0.1651143344345709,393,0,7.367153502549093,0,0.975525294073238,0
667.1791141133981,10,0.1021274959583036,125,3,1.4739810678689766,0,0.8711760964733287,0
1172.7912010394575,15,0.2483029378478721,839,1,6.750303656828501,0,0.7582516142642424,0
1221.092328663316,16,0.3426541312875503,672,4,36.328712299297784,0,0.8581762418746505,0
1416.338867153556,18,0.241757154273079,837,2,4.562221125729759,0,0.6041463788905429,0
776.399453393272,20,0.272032322772646,547,0,8.169013505668369,0,0.8481239641364141,0
491.0309982571944,21,0.5514212521118329,655,3,30.025002402506026,0,0.9408520995884928,0
951.7421507182652,19,0.0849663083260535,292,0,11.60761948419379,0,0.8175569860389026,0
733.8999926074492,16,0.0403960076037248,916,1,22.63888134084768,0,0.6353680559410012,0
1039.8658147778583,21,0.282747475940099,205,1,45.51480530839144,1,0.712097847597691,0
562.2970928140442,20,0.2619746807686172,901,1,13.309558712921255,0,0.6019335519689368,0
119.545113989916,4,0.6602735322708431,83,6,485.3689546101606,0,0.3214140526208953,1
1165.3067526511522,12,0.2664790839794737,755,4,14.633775265225538,0,0.9372337978280154,0
499.25932404509217,16,0.3496819800218219,169,2,13.709219686904936,0,0.939113612895889,1
1633.876376470977,19,0.3029494326263162,532,1,18.8002064875681,0,0.5110215553335214,0
1667.0449889786007,19,0.0185788120005571,589,1,24.166388419441297,0,0.758067053941828,0
1082.7735362062272,19,0.0566193108344924,754,1,11.483683510179413,0,0.8052765639892625,0
1218.0997215967343,21,0.1415749598182891,880,3,2.4971493053716975,0,0.7991125238857513,0
1403.140622699104,16,0.1290739058182931,545,3,14.718422933958676,0,0.9662026929980604,0
663.3102701622302,19,0.1882598331477412,115,2,18.54995875201489,1,0.7638565283449074,0
437.013224211054,7,0.0639369618872419,489,0,3.061689495343374,0,0.9417837781050068,0
1830.7142180386925,20,0.3433565638095152,606,0,5.543221825120318,0,0.9222401083538598,0
442.5788170238368,18,0.1788561133165076,114,0,9.422385808240849,0,0.8441472162379523,0
1740.0975248390962,17,0.2705083093904218,694,1,5.705927057542402,0,0.7940917709272041,0
1656.6537657203296,20,0.1613613793377096,860,3,64.56968022687528,0,0.7447240501696407,0
500.08861236234446,20,0.0720936708296462,646,2,2.1827272677665435,0,0.6636478405989391,0
480.7508059758029,10,0.1307249141801049,131,5,10.515875602241964,0,0.7612050608257237,0
1348.28153734718,11,0.2815851049817848,855,3,15.101270262408118,0,0.7435243303024932,0
1699.7990620150208,11,0.1570210772666573,987,2,24.377554753462785,0,0.940925368163404,0
760.9108666542182,22,0.0884121234039079,935,3,5.169368292080351,0,0.7317042925674191,0
1216.6260981041758,12,0.1562162362910369,576,4,33.553541110735026,1,0.8595883933921192,0
837.3422507367862,20,0.2892295455034956,961,2,31.059729607091754,0,0.8730768157867722,0
1240.521693559272,10,0.1421582793500857,896,0,28.97210772028094,0,0.7579998586641743,0
368.6867773397285,20,0.314177858662228,161,3,38.13070658065814,0,0.8465432322768908,0
791.9487583139608,19,0.1451982079866452,98,0,14.577685972704304,0,0.845714246300409,0
612.1718251879586,13,0.1050237455772518,44,2,4.999162912445534,0,0.6241523632982977,0
1480.6750856614988,15,0.118972493239954,166,4,10.215222709133744,1,0.7816970642233207,1
927.496431522168,7,0.1940835160601369,568,0,1.8769191257965627,0,0.95279661935464,0
1173.4325787734908,21,0.0847667675488285,664,0,8.803185184708216,0,0.7033389636779515,0
732.6628540385898,20,0.4109887925769267,557,3,6.521286684053931,0,0.9312971297099404,0
1273.9144874529495,9,0.190305682805448,667,1,9.623587747489758,0,0.6398542691440846,0
628.3583971566059,17,0.2186198210921083,482,4,8.062444914152241,0,0.686336563865677,0
1074.7669511115284,12,0.1129322017356245,429,1,1.068916713246452,0,0.9654972934035608,0
855.8990223361063,12,0.1519828545346064,832,4,23.124343680842458,0,0.819723421412198,0
1028.6570670856247,16,0.1237110838378578,231,4,37.31194793091313,1,0.8677815865803173,0
665.418930250537,20,0.3237650978943087,593,7,27.219167766949337,0,0.8360457839783645,0
791.4353437309727,9,0.4173947076138149,686,3,18.01434595118573,1,0.7985642446575115,0
2215.1349282265405,19,0.274295917748854,820,1,5.250875412545854,0,0.91479683370117,0
678.7656983661602,19,0.0696167491876907,874,3,14.809110637662869,1,0.385545163598837,0
989.6409220286428,10,0.078430279532911,594,3,24.298209493645395,0,0.8073319260816887,0
1300.4003918316112,20,0.1936878092111983,670,1,8.721617029079988,0,0.6800682153398929,0
1007.3402350669576,11,0.2088358343607931,503,3,3.115328244881972,1,0.8534373233226673,0
954.90798713132,14,0.1244542257950582,977,1,16.485235972653072,0,0.8315721400001425,0
1704.92564845394,15,0.1913934615965312,365,0,6.0962539332151495,0,0.64583881585903,0
925.9324838408652,12,0.3829546241806197,960,1,5.703214741576622,0,0.5348353354877771,0
626.9223704120947,16,0.4402802714120976,315,2,33.26489092250131,0,0.9803915897562429,0
922.7472968954432,20,0.0688935191802839,255,1,35.10986519752839,1,0.756291926922312,0
647.701635254451,21,0.1231905174999774,734,4,0.6812186065848955,0,0.8417926377655783,0
965.7552775416896,9,0.2098304258660138,227,4,4.881424209807008,0,0.8232905931947265,0
769.1196883607764,14,0.2189278840425166,685,4,15.894881272980951,0,0.755804952258044,0
1082.045793832914,21,0.1963708904552058,273,1,4.416062926748114,0,0.8230225569107741,0
3347.5480863316698,18,0.1367563546366097,752,3,0.4345087121378697,1,0.573475876495828,0
697.1182799427174,15,0.1396153455009024,578,1,2.4837212390406256,1,0.6823436413484695,0
173.21766501659164,23,0.943978430643778,168,7,245.84431198139464,1,0.0756690099532741,1
381.3428762829151,18,0.3540378290974956,809,1,22.460201873635132,0,0.7063552965795672,0
547.4849330348242,19,0.1674130420061299,398,2,1.6742389167485865,0,0.4853686085507749,0
775.9836218663338,10,0.2560369309161268,56,2,22.81954723080123,0,0.8327453276249641,0
423.5776106646991,9,0.1285846133216579,710,3,25.98850004045058,0,0.5945274637611269,0
2749.3150919622976,10,0.5263445927349726,608,3,17.87691723430065,0,0.8436407230584253,0
1549.0156599697152,8,0.209023912460537,344,2,7.622276024388819,0,0.475531314321344,0
403.6651318937733,9,0.1619082241212002,573,1,30.874256307465487,0,0.7739002383517618,0
1091.0919827396767,7,0.2216299466450048,798,1,6.770172569877886,0,0.9317624923572644,0
816.545886558948,17,0.1507452988797352,977,0,25.86330475513881,0,0.573801814414971,0
1742.783594490708,19,0.0995907625415216,445,1,15.710997886774855,1,0.6302644023396271,0
1589.6729016613165,10,0.254201567736971,775,1,3.6856477138034873,0,0.6224312324358645,0
997.8802855585884,17,0.1542438255131732,548,3,5.27468750137566,0,0.7676886716290181,0
750.6910276428089,12,0.2161283210830152,861,5,9.070533670802048,0,0.8120703976056786,0
1485.7975681965745,11,0.135002243510682,75,2,14.959946329960278,0,0.8734645387922765,1
623.0977871729982,7,0.0701855968356317,916,1,4.5785656443256375,0,0.9416156500655158,0
1661.4023647285162,19,0.3325560383898873,314,1,9.114490254819575,0,0.9042484714499296,0
1851.96924866589,15,0.0506699208739017,526,0,10.190464476667366,0,0.8889036434271087,0
614.3800104207751,11,0.021872276410006,743,3,27.24733907243529,0,0.7816633319185268,0
771.0050747184371,15,0.0612645257721934,420,1,6.091588935195173,0,0.6327172077523815,0
616.875247899163,1,0.2880069179665572,161,10,497.1813479739978,1,0.4373825502613737,1
647.658194257732,11,0.2529090593220802,272,2,12.498155554894671,0,0.6581686025918944,0
600.8534359935051,14,0.1125533932966081,553,0,0.9322947732444888,0,0.8177159996478605,0
186.0019386774808,0,0.5951808628781472,1,8,22.196247128824613,0,0.1102729675995393,0
728.1834286655983,19,0.21613478675408,275,2,3.224569083576677,1,0.7916716359086404,0
482.75049760856393,15,0.1958039788477939,330,3,6.511574542064202,1,0.9487601290603448,0
667.5445757540532,20,0.2811662749321312,880,3,14.87244912387689,0,0.9307988435272968,0
595.9958912866493,17,0.0953220138288375,644,1,28.692933009441145,0,0.9660376216108906,0
2459.470922015978,8,0.2615116061849822,825,2,4.336087346176943,0,0.8778545258516193,0
1488.0093822195524,12,0.189232721866181,172,0,7.056124945860579,0,0.9348233140551035,0
1225.6305409296265,8,0.2447615004422585,436,1,7.786392215529752,0,0.9361391749309615,0
1033.782198382661,11,0.0344947375958226,258,3,49.82235135416172,0,0.8617876998440762,0
1263.8297707208562,10,0.1152799646468019,372,1,14.101081177721742,0,0.8235483333134201,0
1248.8788482080474,21,0.2742456462654692,47,0,6.017573801590749,0,0.9496968967090044,0
885.8632628726596,7,0.0447924987950664,840,5,4.735574916914452,0,0.9477206420570222,0
721.9124285638562,17,0.0260186304121576,957,1,10.119584729003815,0,0.7530315279958819,0
2098.928614053718,22,0.3519460034775628,347,0,5.889956546268538,0,0.9029097686802824,0
948.2040938930178,13,0.1896842138248589,968,2,7.097156435794763,0,0.6989674816524576,0
1862.173424638779,18,0.2819942908129937,193,2,14.213403629038206,0,0.9430763099119336,0
1272.7254178985936,12,0.0853622199241359,367,0,8.474261833980606,0,0.9685818299343332,0
2538.643723914719,18,0.0347922052277142,64,2,20.363890856842453,0,0.5173423842357974,0
3125.659469624766,14,0.270509832496605,57,5,9.04422278412556,0,0.9107617642526274,0
1369.328959400044,8,0.2569477531097639,206,3,14.72238131433832,0,0.929526100994175,0
591.2870741416116,12,0.1986057410254092,556,0,6.947143054085274,0,0.710641438611488,0
828.539957930805,22,0.0466271684180261,357,1,22.66444615580059,1,0.9441451766162674,0
543.2873413154975,10,0.0775647590854464,177,1,36.32127086841999,0,0.8452327171188894,0
697.0252892879885,14,0.2000813635961678,704,6,54.0973032331963,0,0.7772470287027252,0
286.5605991866998,7,0.048133219557606,646,0,6.6443984688254245,0,0.62926304625728,0
1179.6914709731998,22,0.1718558761112232,655,2,24.339896864707462,0,0.7990896971299223,0
1974.885921546609,9,0.2521264434876707,864,1,0.211721633328321,0,0.8124801098068366,0
989.7750500181204,19,0.3635790344876367,517,4,22.104047855085355,0,0.9274939481858,0
1352.286191058579,9,0.156668214238966,708,3,19.768075076248095,0,0.863090351065482,0
1192.92400006434,8,0.1693086335065758,51,2,1.025406280135946,0,0.9553719298319192,0
1348.784567069071,12,0.1923488668919717,330,4,37.553137907161954,0,0.7788308083750729,0
990.1152620639652,8,0.2600282458011818,477,0,18.90239100370929,0,0.8519353417080162,0
571.96568482264,4,0.6419082171081198,43,4,183.19086068609553,1,0.3918725745029095,1
935.9129926443628,16,0.2624694873076725,904,1,5.202445951676048,0,0.5862432298196896,0
707.8560852616661,20,0.0887400567172439,152,1,7.533946532536881,0,0.6052792668961294,0
1993.029035199232,15,0.1398380648635944,973,2,1.313463785503385,0,0.7799119863797093,0
998.6460811505146,10,0.2020763470023131,498,2,0.8434783772981373,1,0.5940505736292874,0
1078.2200946773698,22,0.1594998843231707,299,2,0.664503819973276,0,0.8479897821341772,0
2167.553612149253,18,0.137491662048461,971,5,19.874182036405703,1,0.8997554275618094,0
804.3359218459788,17,0.5447312490998993,67,3,18.303056042682233,0,0.6809114955935712,0
723.248135341729,13,0.3578178360342803,777,6,1.9064716457224864,0,0.6816174235873026,1
1583.887455963432,9,0.3558002161414565,858,3,2.1955823927672378,0,0.7736049267982299,0
770.6003963412365,9,0.2571377361525123,626,1,0.1219434099462925,0,0.7219843384133147,0
1007.6985229138572,17,0.1921098938273737,850,0,1.1821380290049808,1,0.8463753820314126,0
982.144638683374,17,0.2262484805253511,377,1,11.12239905441092,1,0.8635994523426648,0
1406.3448154435816,12,0.3183941195099263,769,4,9.57000691671145,0,0.7786711961193897,0
539.6938831473002,7,0.0303846453539785,255,5,16.014835610346864,0,0.9339379585687558,0
1017.7870675639504,18,0.3518387984431702,632,4,35.32909074516598,0,0.9722149095915376,0
998.7973013801208,16,0.2637720146685445,722,4,0.370678899362948,0,0.6623106010522913,0
390.4457284834888,12,0.2585196134612326,915,1,3.94934170037358,0,0.6003998656636488,0
307.98241249927736,17,0.2266251103971447,652,1,2.0853716046496737,0,0.9445788169371024,0
957.228217750906,17,0.2562968204218714,487,0,14.38242870862657,0,0.9486620936191432,0
1003.261160263698,14,0.1963809572332267,583,2,16.69868693243943,0,0.813522497310818,0
1424.7561131513426,13,0.0762472755317472,501,2,7.769274688210888,0,0.7965462845163125,0
487.7016678327444,18,0.130151259126684,549,2,12.759141818198998,0,0.7884761085819251,0
1502.74009001406,7,0.2446031791724032,398,3,1.8758900084449044,0,0.955591963845591,0
1485.6890900210558,9,0.1420640911794724,908,1,58.57516643645389,1,0.8129984044020402,0
365.6493665781113,7,0.2328481909684788,784,0,9.517367437889236,1,0.6170592393493425,0
351.9165790985784,20,0.2008306838038105,915,2,8.161854201685733,1,0.9088904919263638,0
793.8691600744675,19,0.393128406061038,866,2,44.74554666172412,1,0.6989489299094153,0
1112.7603375820356,11,0.2048058852921937,443,1,7.0081184524198195,0,0.6700750343142607,0
1805.144890964049,19,0.1830178616814285,302,2,16.30930462027092,0,0.926246038718188,0
2087.3231308679915,18,0.1052945138616467,82,3,5.914235938142254,1,0.7258857200039077,0
1586.995542876767,15,0.207939646254972,120,3,23.172600248785216,0,0.7754667370141863,0
849.8250712076491,7,0.1960243146293273,205,0,2.857701866528715,0,0.8010726059446693,0
723.8857324214206,22,0.2592245885047164,955,5,41.39236231810037,1,0.9129654495515684,0
689.4163701938453,10,0.3810872729822132,850,1,11.266274971632487,0,0.9622396574480248,0
509.4442432551572,13,0.1457493263032059,224,2,4.963017417512001,0,0.8045150744597473,0
538.5253008714687,9,0.0477290390895703,755,0,19.399403777192248,0,0.9972886442131252,0
416.38134053929207,19,0.3360131017383337,196,2,8.711448494081509,0,0.9467705986433056,0
911.5278155213612,12,0.2087029012914632,902,1,31.607462589127753,0,0.8053577786822522,0
742.1812687917835,13,0.1366752059720407,820,3,7.918143710098509,0,0.5387467016219373,0
1542.9101881434517,15,0.1109816441383355,77,2,6.321563127451435,0,0.8969874594240196,0
3211.798046715842,8,0.354472965893559,682,4,7.217530522590815,0,0.8288123687337752,0
2421.9543897299095,8,0.2142763756391868,799,2,4.292816350436627,0,0.5057383846502964,0
1051.4321762820573,13,0.3748033925812634,73,1,11.429568134914796,0,0.9027045449126536,0
588.3208446028287,15,0.1478849135074127,45,2,4.6322927191627175,0,0.9394941434382948,0
864.0691795063734,16,0.1660344513261988,848,3,1.3778183987750152,0,0.6940287446851253,0
913.8465109611748,22,0.1220122192970898,735,2,24.784417487630353,0,0.960657733939449,0
795.2466440086331,15,0.2165228679100402,321,2,27.74319806447568,0,0.5550939371513759,0
1527.8523401229545,9,0.1606570692890285,199,1,21.618320038129443,0,0.8700178347951126,0
573.2153820029835,10,0.036850700777568,758,1,9.583941464746845,0,0.8486140941053183,0
806.1970086832517,10,0.2966065609141483,242,1,0.9524243534886891,0,0.8282194072809412,0
780.2360980669577,17,0.0472096939885397,653,1,20.037237931850616,0,0.903371190229279,0
560.6935977805472,15,0.2468200867821517,749,2,2.5849945480591163,0,0.9578462295595224,0
696.5557134129531,21,0.4003423484024144,559,1,14.935788531525665,0,0.7768886722995763,0
791.5129335126309,10,0.1027333818614879,502,0,11.238694540689057,0,0.5975024874972954,0
578.4976511078754,14,0.0724996243742934,493,1,6.165190008416458,1,0.728438195091637,0
458.0415435484298,22,0.2690957397910718,335,0,37.42087672325864,0,0.825113040432715,0
1016.627669089738,9,0.1008958475136365,217,0,4.756085771779561,0,0.6088766530372824,0
1022.9411949461,18,0.1023171095421306,909,0,8.978733557752749,0,0.7647446321483651,0
973.525834353812,10,0.1090874708290801,446,2,16.386513251131625,0,0.6953877974656804,0
607.2807498627972,19,0.0205974317037226,116,1,2.472013830242116,0,0.9413626457615748,0
1444.6471817925026,10,0.0637879857260694,953,3,41.92371504893174,0,0.996134094863563,0
587.6540934244039,9,0.1613989411781272,316,2,3.379222762215044,1,0.9910148439136864,0
693.5018447431065,13,0.1107188760158398,798,2,0.4413689978980011,0,0.7180681540204807,0
1006.8149112343058,18,0.5147366760972686,905,4,20.88528721332049,0,0.640598669884229,0
1079.9580290952786,14,0.3197813102366033,290,2,3.2015155255374146,0,0.7661183936218977,0
1024.165220322686,16,0.0483296745373113,598,3,4.699833220999739,0,0.8581058675460762,0
409.2120415947785,13,0.2110285279951063,678,1,8.990206121789269,0,0.7812002191026192,0
1993.0581395144452,19,0.1123115057725705,151,3,9.865075221561405,0,0.844900328811997,0
700.1223018201582,10,0.4089076753922708,408,2,32.598731929624016,1,0.758269256776668,0
2341.747914778495,10,0.1626977194883875,191,2,0.1370454941838503,0,0.752840493506308,0
1495.5945534673822,16,0.3249561653266551,934,2,45.951035961684894,0,0.8102893230203454,0
850.3644540630648,9,0.0600187125761143,525,1,5.555557864544961,0,0.8855261125857202,0
126.59586662364296,1,0.8484417976451059,47,6,294.3778305375779,1,0.5474217583930971,1
644.1840182852906,14,0.0225008124301274,994,0,70.79815295244758,0,0.5685468635450721,0
476.9623140549367,17,0.0225146394795462,847,2,3.962362026656769,0,0.7840766535751093,0
2227.000867146236,18,0.2682036466445688,363,2,20.346345760846543,0,0.8578496482372976,0
591.8837150531664,8,0.1191187693668608,753,4,65.11663828789601,0,0.6318544975200098,0
448.8306991448744,11,0.2122741528649726,132,4,74.84288374916383,0,0.902779804021993,0
657.884707223746,17,0.1809692230694015,68,2,0.6584740893894624,0,0.5575892522106094,0
1063.9077704717886,11,0.0404574372118871,600,0,37.17416525271209,0,0.9070786873019296,0
1123.7497389152084,12,0.2452192125887352,185,6,65.66688066736216,0,0.7915874571196081,0
583.9397246600207,11,0.2836267312982191,765,2,10.161868275970132,0,0.6611209245117375,0
597.3106726619245,17,0.2651159768345552,992,3,13.287612569141768,1,0.8848377128589489,0
306.5196528462142,17,0.1246553471584163,931,3,18.211378681513413,0,0.8062242052616472,0
1349.5276143700507,19,0.1221624043030966,923,1,5.959172329277237,0,0.8872852359201242,0
964.3079401039564,11,0.066772151254641,954,5,27.126124979376858,1,0.759214579642415,0
779.2549131399402,15,0.3087084766618281,954,2,46.92683578767132,0,0.95476177640015,0
885.2866004652633,20,0.1556194130728951,846,4,7.6403486938311636,0,0.8322851576631499,0
1024.2576545943975,15,0.1628499221044529,368,3,5.6014424009938715,0,0.904553417025642,0
862.395949000806,20,0.128760653582511,177,3,8.477017503671163,0,0.6597163712053393,0
520.9383673832799,19,0.2121868549813257,930,2,0.8773364942542461,0,0.813149254818031,0
915.874232274872,22,0.0794985895463854,994,2,5.2220177988463234,0,0.9142431853659048,0
872.2296319409002,20,0.0446225305405172,883,3,16.5552246359896,0,0.6693781703441154,0
3261.6052943484588,20,0.3774089674833346,237,3,4.205799147209389,0,0.629235800086612,0
1513.5225746168824,8,0.1246586088306914,798,2,9.318336777850254,0,0.8626380911797928,0
1271.1463224533109,9,0.26775697390469,358,4,12.693385869642944,0,0.7841598396376585,0
717.5849492993412,8,0.1052378334687723,788,3,4.091958823828526,1,0.837401810686748,0
2470.576749288207,15,0.0871657243778997,965,3,13.251476846461037,0,0.8944694434144899,0
2226.7077708402107,22,0.3317903045833083,908,2,1.4262359625551304,0,0.9879929551369075,0
951.3539503895934,17,0.3334470458900199,190,2,69.47815694802918,0,0.8817692134197166,0
685.8979499753821,12,0.2158659614113489,906,3,5.91944097315427,0,0.8791888381861808,0
512.0376117843388,22,0.0592515657031793,995,1,23.172161608562114,0,0.9096154125975876,0
530.6711542235341,17,0.5615720541416103,957,5,29.81058092246714,0,0.7994292325844996,0
996.7848623309658,9,0.1254056443627172,216,3,13.182344824307457,0,0.9296449455026672,0
1056.1639956977483,19,0.2349079973501965,615,4,33.82794580156345,0,0.6425595538766842,0
748.0587948016356,21,0.4660661162314416,133,1,6.973488956341997,0,0.8416439884760215,0
1131.59741252857,8,0.3004979957300263,889,0,0.2373742848845794,0,0.8895066714433153,0
1030.1344507113365,19,0.1350353628534867,451,0,1.7746225650957008,0,0.7669312488996337,0
825.7873865857963,14,0.3491477307977237,549,1,2.1870417841135663,0,0.9238930930440482,0
1285.8749125740933,8,0.2928346279634871,683,0,8.408541771728398,0,0.9557952576566362,0
1104.2427991137251,13,0.3650657932547326,356,5,14.517166555332084,0,0.9745359624824,0
1284.460881310284,9,0.2186833178229441,523,1,58.23227012138526,0,0.8185666110015316,0
828.8655281975032,19,0.280512363354047,397,2,1.3488139421460212,0,0.9561659589044154,0
680.3828439632032,21,0.3614260231507472,510,3,10.193022219171969,0,0.9743331178353974,0
808.2923062463913,14,0.2125127652882706,382,2,33.37314892286928,0,0.8180531284646737,0
1259.5523904403271,22,0.1531158217375792,966,2,7.836181880592933,1,0.6399755813236712,0
1289.8376215230892,21,0.2436382287832414,262,3,20.104811656953338,0,0.7812041223650567,0
760.5974771736451,18,0.3947700847878232,34,2,0.1685265683992774,0,0.7641720012130153,0
1345.738085553157,7,0.3058222967834395,521,2,1.7478946716250048,0,0.941533994414547,0
1700.0083477052665,12,0.1892693183616288,660,3,17.982992214800916,0,0.7640355990774603,0
755.284404483006,15,0.0663100811708897,314,2,5.619476744466322,0,0.730575289857434,0
1199.8305134061536,10,0.1410648290773163,506,1,10.97096512587436,1,0.8551102256161842,0
659.4954597579706,15,0.1654092802543075,34,1,8.775458715267142,0,0.6496882854803671,0
731.3575252799719,21,0.4944250038324525,327,2,7.681562698970295,1,0.818391561314264,0
1477.2962586772785,13,0.1619848210891571,740,3,9.11085826289652,1,0.8549636037588569,0
1089.1659387184843,7,0.3390767174312405,564,3,20.31147675185625,1,0.6540879344697981,0
1456.6492248538177,14,0.171080292897332,179,1,1.6671156311870394,0,0.8147265408790701,0
1726.1989533255742,7,0.179832169492948,78,3,8.614566380655065,0,0.5285821273272163,0
500.57944840147786,16,0.4833108715875512,962,3,7.710909119671515,0,0.8938509202587027,0
2043.0155382919563,17,0.2626688775706221,525,0,5.157753633463788,0,0.7412207725137342,0
1322.135768302257,12,0.3144220149419874,210,1,1.3848878785601204,1,0.9154240558053858,0
684.616977209945,17,0.2573459234653658,486,4,0.7651294854004147,0,0.9227793649230316,0
1096.5783262498323,15,0.1447265011623868,775,2,5.336744069028049,1,0.9319015988766444,0
1140.7789440516324,22,0.0825938822242475,856,1,4.942550927049016,0,0.8473388034314855,0
965.0222866567458,21,0.1556032835469241,721,4,21.937167086755128,0,0.7979352880222701,0
1268.1176241980447,11,0.133922739322694,327,3,16.748477119095657,0,0.7716220800185913,0
2538.447174604529,16,0.2830048861396175,380,2,18.13506602916859,0,0.8866736741297818,0
1823.2490791774776,10,0.1977454393453712,206,1,5.225649356311426,0,0.5530696632133216,0
1097.939929126606,9,0.0958417357778075,80,1,19.339722846200292,0,0.8279348001185481,0
860.066167922465,12,0.065178912549516,464,1,14.007956663501655,0,0.8441589283508705,0
1018.5719138770596,17,0.0496161582565737,820,0,1.509928388647933,1,0.7674321058928031,0
988.1082351991328,12,0.2844160815325116,237,2,0.7399933518207996,0,0.7919394472039446,0
691.5583056987391,12,0.042776931619087,454,0,16.591747415700596,0,0.9560111651417048,0
427.717586303094,15,0.1609713411348386,267,1,18.436625735964043,0,0.7261669924987949,0
611.9432248353852,7,0.2228491507107837,433,1,7.610445814964216,0,0.900846915668553,0
1076.9616367644626,7,0.1927661531295904,923,2,37.74632705450145,0,0.8179993154128946,0
338.55852352340645,19,0.124010317827116,446,0,38.34371617651835,0,0.8361424053198729,0
1937.8180083148068,16,0.0416635324918922,294,2,2.11255414510056,0,0.9388326320893904,0
766.8120734942255,17,0.6396912766116221,940,0,23.516815426356185,1,0.7764343187390117,0
543.8212377411062,21,0.0281241959352129,843,0,1.581991646478417,0,0.777806651346489,0
751.9236585655608,17,0.2048511776441609,587,3,4.583891727168468,0,0.8571917304943784,0
1861.428055716751,7,0.0457270740171436,298,5,43.95532586736256,0,0.819533194441197,0
718.3440297369965,16,0.0181602619883114,853,1,4.0327239297647575,0,0.8360857323272513,0
294.2598549136063,20,0.0474480250246868,635,6,4.0804908661702886,1,0.6715715109106251,0
681.2733225452719,21,0.1521940900776778,265,1,5.152647952853157,0,0.4453531912269255,0
3009.0638364222896,15,0.3841724174639001,837,1,31.380239894854668,0,0.8248016620937892,0
930.4082920006952,15,0.1522877612126728,239,0,2.714219172071197,0,0.8048446506924615,0
1129.087441211561,16,0.3912219402019197,366,2,24.85515005639682,0,0.8081432343982694,0
523.8449725815857,21,0.1500517224571708,341,2,0.0952475118033075,0,0.785430444388296,0
879.7673856644902,12,0.2373185083453677,844,0,16.41330038231355,0,0.9140783944551012,0
825.5209309661719,10,0.1760945091789819,825,0,0.956245316744606,1,0.6608092089828105,0
768.445695500026,13,0.3386895848243879,278,3,14.161141770237084,0,0.5770818255414221,0
1512.624375147154,7,0.1948872190966609,797,2,10.883361646296189,1,0.7429380640724595,0
946.0705553489272,19,0.2479394016301724,866,2,24.92226901490461,0,0.8813548610143705,0
794.3413165768188,7,0.1722712919500461,118,1,5.325473083128729,0,0.8872551807159598,0
678.0072257140312,15,0.1681012835993649,370,5,0.7969665411152069,0,0.9740791154550498,0
1172.3482905105295,11,0.2033311681807755,904,4,27.74540095473294,0,0.9017734927893024,0
1076.610675590441,16,0.0784100218109644,504,3,7.89211612549331,0,0.8843237657190919,0
1357.9474309676436,20,0.3229457210508651,434,1,2.1855537731151635,0,0.6842043170671827,0
2136.028127876704,22,0.0733544224139573,56,3,0.9487885827918584,0,0.9546160445003032,1
664.593627192517,20,0.2973923212903384,791,0,77.78675357314809,0,0.8095775415162794,0
1240.33204169263,14,0.265777271391371,319,0,8.551375670781889,0,0.8364423789919048,0
658.8279469322181,14,0.2631669248838008,109,4,14.603878254639278,0,0.8218960342378423,0
1061.8492430262852,12,0.4855368131774852,646,0,22.3420568847913,0,0.7310264934081402,0
554.5814442599432,11,0.1869533623578193,262,4,2.5447076903901897,0,0.7475098411483261,0
1126.864149167864,11,0.4175819092464349,669,3,51.148359151025666,1,0.897398643579433,0
572.9842211298067,19,0.1234101291691353,864,3,0.952868250953196,0,0.5979481535791842,0
582.7838075661844,10,0.1406088199669657,111,3,35.01201996504818,0,0.8713491743434841,0
603.1798037649316,16,0.1437555665454116,993,9,4.563482897301628,0,0.8021164914429921,0
923.0697883243196,11,0.0676199181405082,541,2,23.11365439998979,0,0.766188344894858,0
2212.150852852778,15,0.2493965667065187,904,3,21.028890604553652,1,0.8123819569505538,0
883.6932873944778,11,0.1281486557707519,113,1,12.287846029832464,0,0.9300885117373756,0
1125.028281737341,15,0.0791688279073654,478,3,34.6992269469386,0,0.9075391132139294,0
523.5868633647385,16,0.1807799407594439,743,3,35.00839756654661,0,0.8251998034239267,0
906.9883011628452,7,0.1499695960795085,840,1,43.43362821052294,0,0.7689648295209361,0
701.7219030668764,11,0.1558161021427795,222,4,1.6383497043366937,0,0.8450736762811784,0
1311.6903945922454,20,0.0755994088787727,257,3,4.161200296267913,0,0.8170041526637954,0
70.0658651970857,5,0.7779416635528688,117,11,116.71907670501342,1,0.0125893788343095,1
1303.6377145344177,13,0.2210120702153791,647,2,57.564012016014075,0,0.766406426783223,0
1669.5203546030332,17,0.1167347035253504,623,5,10.006026910062236,0,0.775221293910157,0
612.7278992789826,13,0.1076870193237198,880,3,6.365008934766228,0,0.8399931206717661,0
1122.8411661922803,16,0.2215670939305999,327,2,24.499346356647727,0,0.6597377784689661,0
1128.326270728939,22,0.1849319329316962,753,3,2.845485314091976,0,0.529408131666896,0
1597.9005020972809,10,0.4139999715962336,756,3,7.185605398615291,0,0.5573533279962749,0
615.51232341442,14,0.0769187929092506,590,3,0.5392113682909105,0,0.8579240701075337,0
802.4692323942802,19,0.111142890859692,151,1,15.730131241520947,0,0.8610330100821649,0
1504.2114420544642,8,0.2644590338852781,902,0,13.530095252352828,0,0.7533914817558516,0
389.8261924232062,22,0.3655326429432903,186,4,0.7147072019017721,0,0.9636512255690528,0
1548.0284922650274,8,0.1930738077323948,809,4,2.3331372409648723,0,0.6515544829244625,0
467.07429940109665,15,0.0756106622371756,683,3,3.2429156452153,0,0.3504033569190762,0
1837.2702014443375,19,0.1775899957232104,38,1,5.877728893511912,0,0.8716080495780965,0
1500.9647519329162,9,0.1603402711352752,168,3,35.439304291086685,0,0.7368981398005094,0
1420.5151635935526,14,0.1918055172970386,359,2,2.3869514929776705,0,0.7283764556163721,0
482.8010732031989,15,0.4422675372415501,798,2,4.1376711069254695,0,0.7397439168768343,0
1343.0809096246787,13,0.2225478421058859,598,1,2.4865891235582853,1,0.9331545962580168,0
1768.8039561922976,13,0.1529345624357798,676,1,11.446490242392263,0,0.8894249905198705,0
510.6308979967168,19,0.3235734298316166,121,1,107.82451146134365,1,0.9310814732016592,0
710.5612680767215,14,0.1763578507059144,332,5,31.962956054026662,0,0.7237184169595443,0
1196.1251491939595,8,0.1345966478923414,663,3,39.4845551944805,0,0.8448589711697987,0
1282.8644417289631,21,0.1672137518779807,557,1,14.821540882854976,0,0.7897764726525767,0
1664.4614168494138,9,0.3774741607717656,655,3,19.17969468440969,0,0.7329085975639211,0
982.4420091332184,17,0.2611431484231757,281,4,22.28429272051181,0,0.8207511454433746,0
858.2105217382535,22,0.3536297195293947,493,1,22.745081813002617,0,0.7209378710570774,0
592.09626310427,17,0.2896306009548727,101,1,58.77531165767698,0,0.8226143428803441,0
588.669146866374,20,0.2217390985781734,473,3,1.3828283289646677,1,0.7660487372509223,0
862.1036505662856,19,0.2023705112586229,976,1,7.516359918616341,0,0.596428727938007,0
684.1174128399615,9,0.1246615669249424,106,1,4.495728857830762,0,0.7087013298143936,0
575.1206098090083,22,0.1302181130555251,750,1,0.9312482369655818,0,0.922469038006764,0
530.6007287026245,16,0.2999073079196513,505,2,6.975703345935763,0,0.4845778017913921,0
831.587505256102,19,0.2471631859324943,49,5,16.79734398107305,0,0.9369161266036696,0
348.0248413798638,16,0.3965763906403304,385,2,20.794948858258987,0,0.9369050885758284,0
300.7058043733161,14,0.3394994602554189,146,1,11.95959299463682,0,0.826408942874425,0
772.8624801217646,14,0.135203325553512,527,1,29.315885986217577,0,0.3991768309263048,0
788.4975860221209,14,0.0901901871552822,95,1,29.157980761224938,0,0.85831015812167,0
570.0419079365442,8,0.2941715816843022,625,3,8.456121098896347,0,0.9100076557343204,0
1142.7560799283756,17,0.0657456317925698,935,1,18.07038602826063,0,0.877094437085776,1
505.364086985366,10,0.2695712831488394,719,2,5.614126558913837,0,0.6575929044363706,0
890.38806510119,15,0.0751233390146496,560,5,13.009346860624984,0,0.8503714885230368,0
729.8149861532752,7,0.184476075532322,885,3,2.5510688967444546,0,0.8648799217894717,0
1847.8561937701447,22,0.4011012777254754,446,2,4.059771099033791,0,0.9111980298577186,0
1203.2610039969693,9,0.2745744835453635,594,2,10.307648797259924,0,0.5324123747005809,0
845.97394905292,15,0.1389843451787744,576,1,18.06043721055341,0,0.684926019817044,0
721.6531347812173,12,0.0643948159099882,921,2,1.0641471715106927,0,0.8954969309554042,0
842.9835889115295,11,0.1653408413374967,486,4,5.42041471720523,1,0.9209720595133212,0
825.9613430190483,14,0.4088216849755628,88,0,7.21559071617764,0,0.8448624764700119,0
1071.8385396805322,17,0.1167899954794376,645,2,6.297087245340923,0,0.9273200138538444,0
1013.9458436807012,9,0.0933900134634385,545,1,0.60914099418689,0,0.8231481141033161,0
761.1734165574944,10,0.0812390553826234,550,1,25.51055594484487,0,0.5154948410218183,0
914.4958449702864,17,0.0793977807863952,506,0,21.30782024813344,0,0.8431194187154724,0
271.569216004531,3,0.4201704042582858,37,10,156.55355173824398,1,0.0971298469202522,1
1551.399401578294,9,0.0645686980118236,728,1,93.23209171838096,0,0.8893930944667505,0
1465.9612352362917,7,0.1667193486500372,785,1,5.138793021720926,0,0.7720803938562324,0
1065.6759041659188,14,0.139725465001028,552,0,38.2928830649301,0,0.6330738825972357,0
829.575797988831,8,0.089646688547511,112,5,3.136148129671043,1,0.6676689376064222,0
772.0487098017027,20,0.054714954537355,489,2,4.622137860346691,0,0.8048862909633782,0
665.9695351994867,18,0.1197994215838899,148,1,24.48290429863913,0,0.727512669800794,0
96.24429905585704,22,0.7993532728007705,26,4,22.060190022645138,1,0.2280232066543619,1
1516.5918207051964,22,0.0668477756363616,94,4,17.752289460203638,0,0.8830428806455094,0
521.5308105911457,19,0.4436209108347909,344,1,10.06608332842012,0,0.637683236126521,0
1664.4456713515283,13,0.3782512240673399,437,3,16.042498860803722,0,0.8347437454906484,0
1120.201388470475,11,0.297314957244272,112,0,16.273343402652507,0,0.910942618419693,0
572.1464190459076,13,0.3735728847053039,743,0,1.018219233460362,0,0.8736986062355293,0
741.9261759449049,14,0.1809903772694392,529,0,26.283265413006102,0,0.8462112716348128,0
1319.8733039771569,15,0.0596316136788866,403,3,19.949898983580173,0,0.6240584544936264,0
646.3272198919392,21,0.373846941224732,595,2,2.5839949470982013,0,0.7478389787087475,0
1020.0200326614298,16,0.3002503638289933,670,3,26.500158158981133,0,0.6937605713516893,0
1338.542261666384,11,0.4001598361258362,498,2,4.172777043292956,0,0.6735954549288025,0
1265.5209187482535,13,0.1671972678176078,201,2,8.557971174540958,0,0.805329942411502,0
830.4947119023623,20,0.3111428856881761,180,0,11.26865800732779,0,0.9645241265628816,0
1291.8235036983458,13,0.1658705405440146,374,1,0.3988682478008544,0,0.789701278487746,0
803.5404464698985,18,0.0765349956615964,234,0,0.1688900225658319,0,0.947638798910361,0
923.3158161542464,21,0.3704113503625962,689,1,12.371703786924575,0,0.794595175675868,0
431.9886308006843,8,0.054115858654562,308,1,73.7776854636037,0,0.8707370133815,0
361.74219792156777,10,0.2010752881263437,803,2,17.98505594729677,0,0.8441420307724744,0
547.8362961094108,18,0.0260812298652901,358,2,5.577290727953277,1,0.9181910484314084,0
581.2492504636159,10,0.0546073922992305,144,0,31.05049959575052,0,0.8363948923692542,0
633.3012116237925,10,0.1792960636594728,124,3,71.994950735705,0,0.6894503333939745,0
1430.4152626178145,18,0.1530174048214981,731,1,19.292806395019305,0,0.8639723203004054,0
697.0785981028134,15,0.1276426888484509,55,1,25.19252516219322,0,0.8259916502516568,0
332.5055823046132,0,0.7405051741580034,53,5,54.51807602730826,0,0.2545350753820328,1
620.0896668484444,20,0.1127800991005056,589,4,17.178826150934235,1,0.7795876144166595,0
1527.3046846703712,10,0.2085209488794794,496,1,4.0929538855490675,0,0.681441032883896,0
1996.3459763749495,14,0.2423333694789243,726,0,12.629779232620631,0,0.5400576441664835,0
1254.9683187440744,13,0.1180803302314754,541,1,11.458978311114674,1,0.5069257190075536,0
542.4973488772777,9,0.209315753308553,467,3,22.451261788713143,0,0.592794341003125,0
2136.1618547779094,9,0.3617136819753911,236,1,0.8637782426055961,0,0.9055372087075044,0
699.8934146613544,16,0.1488715207826791,976,1,61.60558192847682,0,0.7355452988957546,0
926.9094112544466,18,0.423112883696182,804,2,0.971679872756848,0,0.664384117546405,0
1565.9336429293703,9,0.1419635592216311,236,1,0.1269240088337986,0,0.8782268434278508,0
882.4948366977742,10,0.3474518938328247,420,2,1.7718019172012935,0,0.7507064971214042,0
797.0643714259594,11,0.1741888757049053,47,2,5.715761268762723,1,0.9485512297656096,0
1022.924157866075,13,0.2953413452876818,505,1,2.744932865366844,0,0.8709800350417443,0
538.4796362649049,11,0.4056516314691311,112,0,9.406592478025006,1,0.8355581981403291,0
601.1981820589972,11,0.1145312946448147,868,1,12.925514236021376,1,0.7234546760031528,0
759.3644479734005,20,0.2010473710122338,362,4,41.56572071937737,1,0.739949923573678,0
888.7698304032335,20,0.1097637277331002,298,0,78.23268709910741,0,0.8797946436991742,0
1420.729453804224,15,0.2414069685506016,495,1,0.5881621023075624,0,0.6466669646702828,0
1328.556404488602,22,0.0760849429487293,152,4,4.158902657953653,0,0.8168721580049892,0
2983.2921447409262,12,0.1747614978672647,96,1,9.348538912241429,0,0.8629215977717583,0
692.7608149042942,13,0.2160064584747593,386,4,12.131628381463624,0,0.9322775321235456,0
2617.9310281559056,19,0.4052657096064117,554,0,4.680810029568294,0,0.7309122326775365,0
1284.4025900978718,17,0.478597281863215,928,0,44.05008468143658,0,0.8395601116416361,0
1608.5015644015216,8,0.1157516433067677,432,1,20.865659825089462,1,0.9803234086644612,0
919.0567236127896,17,0.1453680260010904,933,5,37.13692837090924,1,0.7994551850530021,0
942.97966363638,11,0.2241952602014994,721,1,7.993684087959322,1,0.8024786809057995,0
1416.0014995750414,10,0.3122961645700698,600,0,6.957726159830089,0,0.8590286061367239,0
735.5361573037187,17,0.280399942314918,545,2,32.63536271300774,0,0.8361323462404575,0
950.322105230746,13,0.1869292668165693,535,5,23.711799910489663,0,0.9598746627425278,0
972.794812617816,15,0.1258947068538556,290,3,5.846453293115143,0,0.6753493144374005,0
1496.149748083854,9,0.0787194091441478,693,3,19.804502170579447,0,0.6661115435777808,0
584.8163201762359,7,0.2108645532629205,681,4,1.2906226574419353,0,0.7744648123218716,0
624.2786844275894,14,0.1081999258333593,518,1,9.748100214126405,0,0.5617977000545611,0
946.3902993656476,15,0.5156881852142084,835,2,8.488647153129405,0,0.6060062355740254,0
959.7239818714124,21,0.2051631240670896,712,5,6.574836839309069,0,0.7909012461271299,0
