application_completion_seconds,hour_of_day,email_domain_risk_score,account_age_days,num_applications_last_24h,ip_location_mismatch_km,is_vpn_or_proxy,profile_trust_score,label
820.7812607189537,13,0.1045715241852051,887,2,7.2909401039386195,0,0.9196805476999504,0
590.1305508996552,10,0.0873932874349427,656,2,23.454434598723996,0,0.8026383204137609,0
1207.3739629192862,7,0.0582665835656057,447,3,14.877338051120812,0,0.8310779038439216,0
519.6029814609864,13,0.1416085326666977,729,4,22.60677674520971,0,0.8868959712459017,0
320.45764840269413,8,0.1644535142056709,608,2,26.334840782296254,0,0.7424063266915769,0
639.8542070123283,22,0.015401801697223,977,2,16.404005707672436,0,0.9247194635609554,0
610.1760767096084,12,0.1863033739805843,109,1,4.357596079632405,0,0.794689573232724,0
391.2843914320211,22,0.3051843876239876,739,2,0.9286468903279248,0,0.84449136720822,0
618.9451631143393,22,0.2612855804095986,418,0,7.264606557854965,0,0.7784240235491375,0
1037.0420222756577,16,0.3091907089044293,42,2,5.132315726209959,0,0.8214189038472636,0
783.3945749051787,22,0.0813083232443622,225,2,15.725990929746263,0,0.829782448096748,0
2206.07155051856,8,0.1333417610348262,392,4,11.056341156771872,0,0.9713918623000966,0
914.6739129747174,16,0.0805579738750338,254,1,13.077633836713424,0,0.8656054094798954,0
272.5543624938361,22,0.1258932716955077,285,3,87.9825855476829,0,0.7639353719528582,0
95.5840023049054,4,0.7831264500578935,126,5,44.97401921705748,0,0.2447594462137373,1
914.2827089040928,13,0.1234777011290581,581,1,118.30108069363196,0,0.8463093066453024,0
1467.2704748111023,12,0.2987706363337254,863,3,2.168936896652852,0,0.8824037222868699,0
524.4616266664494,7,0.1502142089989205,372,1,0.5675941628628585,0,0.6355092126348716,0
578.3190007322303,16,0.1404529634348488,916,3,34.529883203255295,0,0.8244654751205712,0
932.1717369854218,8,0.106298661096049,103,3,4.30531835989644,0,0.7596182071369161,0
402.6341626886368,8,0.4821392028337967,381,1,14.287185601142088,0,0.8656789332341532,0
376.28097534220433,7,0.3450278984601834,750,1,0.2281071350189222,0,0.8138859189139709,0
418.0730138379979,13,0.2838767641906413,308,3,11.447319103931534,0,0.8972146574342943,0
361.63416631298486,11,0.0775062762034916,685,3,0.6948865454264104,0,0.9673925233371224,0
720.3885544320999,14,0.0806765617367686,34,1,17.509180909067812,0,0.6130789179586971,0
327.2804080629106,19,0.4330231318434188,248,2,22.53845397236346,0,0.7935360793319937,0
1037.5230784926184,13,0.3929075812307213,554,1,15.630579892484617,0,0.8168129067467214,0
1301.3340431889092,21,0.1421581048987834,614,3,2.24608148524881,0,0.6193123299221426,0
794.5061451219502,7,0.144019101581861,612,0,1.4776637864857898,0,0.820782623124692,0
225.70151468918831,10,0.0241527376292956,991,5,17.2460367937091,0,0.5536467414711399,0
1215.9375652892386,18,0.423347841088011,450,3,2.590829892533825,0,0.7378676027928931,0
745.1151575267577,19,0.1432598010393511,874,1,3.6040721642251774,1,0.9164143828856566,0
634.8044616699405,22,0.2565692768184976,181,3,13.21277564481274,0,0.9353335277976068,0
508.6767772482447,9,0.0910459747787261,813,0,4.4860869704029165,0,0.8200673400659666,0
499.4465860324411,12,0.0929079461282988,956,2,12.05169220529131,0,0.5621060922032632,0
604.435119295521,10,0.310950751302879,758,1,6.491755808703816,0,0.8143367170635666,0
65.00718151257291,2,0.8321846565199459,35,8,44.3725169833416,1,0.1824509509306096,1
806.7643928950047,13,0.0226933219466852,785,2,13.667967187313144,0,0.8494131932212334,0
513.0078570760572,18,0.0579119493000524,256,2,32.74490084857119,0,0.8200278432030976,0
622.7083643996741,10,0.3084861678631941,802,1,15.78583464786752,0,0.9397446275704332,0
517.7584014696964,21,0.0940076329495104,915,4,18.06211146143446,1,0.8129369045427483,0
738.7302276257517,17,0.2553085680841368,685,1,25.162105687596263,0,0.8221410691291359,0
850.0045864658696,21,0.0931314424777556,541,1,8.645034064286522,0,0.8673828069158612,0
691.934433680029,9,0.2346281220095886,515,1,4.242237100877134,0,0.9155344432495768,0
585.5089703355875,7,0.4181138299251872,786,6,27.357984179807193,0,0.8496843635606216,0
615.7473940293295,19,0.0570710388538245,871,0,3.759123686838083,0,0.6602064248361506,0
541.7988070381393,22,0.1086586475970725,354,3,1.4605981947533837,0,0.6979137875755229,0
50.406117809706515,1,0.6995623035507373,118,10,142.20400041662418,0,0.2684814184503973,1
497.3411375753648,8,0.130299827318011,422,2,30.71491766731831,0,0.7313541235575296,0
1957.54475749464,11,0.2112015610284853,231,4,27.576505459749782,0,0.7627573500930229,0
297.6420184281974,18,0.1972351126353569,746,0,7.396577118854111,0,0.8209354282763313,0
464.0270978771981,22,0.15007982899136,724,0,11.153579059777128,0,0.7323964641122375,0
183.51171166687203,14,0.3355331336631767,276,1,3.7195334479806066,0,0.6594871810800775,0
782.3822924150486,18,0.0965864315879235,933,0,9.74542876112611,0,0.8229372183087048,0
1407.6974042975278,15,0.360691506116963,134,1,11.20104260826844,0,0.9253170444851484,0
1783.3286534144074,22,0.1378898826981031,197,1,37.638861863038635,0,0.902637205975329,0
376.9838621769504,12,0.1569166046488954,96,2,8.161438037636293,0,0.9728829558689566,0
1051.6872391661227,16,0.0338541095063419,859,1,21.43899639645753,0,0.9807961788401114,0
1688.5771261862517,16,0.2483468513211802,183,2,1.337696668943941,0,0.8517918634698897,0
488.3204168712828,14,0.2433132056055399,283,1,21.983703518697983,0,0.8680811378091255,0
1127.6277855640017,9,0.1621830387946952,223,2,3.5652691952953166,1,0.7323296347962187,0
881.215799224522,10,0.1903616238568273,77,1,31.210960589592748,0,0.8528414477066684,0
560.3145841837207,15,0.3037756850058335,878,4,61.221606269250195,0,0.6098150817106766,0
830.9092966386307,21,0.1427407672832122,895,1,9.871557744291229,0,0.8995875184175239,0
881.9986932413174,14,0.2086793827204167,854,2,2.6089844552892365,0,0.5713393486014431,0
828.1499873336868,18,0.0515589264441954,63,3,18.774997937171506,0,0.9486441407306082,0
252.78447579692337,9,0.4272011267927642,80,0,26.970256921996643,0,0.8691084947090342,0
478.10064138716103,15,0.0420006371249108,40,5,70.85696854957804,0,0.8166194397686904,0
371.3616261270621,13,0.1063551701712915,61,1,30.398151019559712,0,0.841802893272537,0
1201.9615586238551,20,0.2924073625085219,210,2,14.448580044704723,0,0.8945043779336759,0
1025.130414803624,10,0.2476246075473845,918,3,15.70301116680412,0,0.9950619314092246,0
630.0663566431397,7,0.1552364050196251,852,2,40.458415360142425,0,0.7887539713327038,0
1537.8895905851723,8,0.0985239238983976,999,3,1.387134345006726,1,0.8680922804904886,0
681.2214947547476,11,0.2429351757101019,247,2,22.78198032158288,0,0.9869069065152948,0
454.8232640931813,11,0.0910441244287268,382,0,0.5401273561318747,1,0.8122467403080695,0
735.9204194883624,9,0.2652548751896419,413,1,1.4046514271696355,0,0.8011116267945531,0
676.3667883208033,18,0.3676933811276971,662,0,6.184150689916438,0,0.5319159163400945,0
1072.6564275920466,14,0.2085829231784421,668,2,4.193669490791567,0,0.6217459147756954,0
328.1187576480327,7,0.2417814429180435,524,1,95.23102376397112,0,0.7514071896709404,0
339.771675494004,19,0.1440730840690642,992,3,2.1559073268853934,0,0.8629108117717788,0
1100.0660947346385,8,0.1057019524138327,32,1,1.222342915377004,0,0.8114323942139587,0
719.3650928426539,13,0.1500445316928183,734,3,69.56140421613102,0,0.717845421680895,0
674.1455041832479,13,0.645784916932551,372,3,13.682334821691155,0,0.9782571096011526,0
447.1594589267346,19,0.1200464577231665,578,2,19.71776804101644,0,0.7063784632521836,0
1601.9131992447776,14,0.1204633052608562,733,0,2.523073094614883,0,0.8569392133289693,0
1077.500343193503,13,0.2381662062864728,133,2,38.61944505914396,0,0.772064119504642,0
932.3963272766416,16,0.271097429606991,127,1,61.92645096022793,0,0.8267610247404118,0
1240.724839552072,20,0.1347851868725381,451,2,10.916030802981515,1,0.6835655428418165,0
751.4788213823257,14,0.2207664254098274,246,5,2.2352210736333973,0,0.8586623887955489,0
285.03230169920386,14,0.1634123826056571,672,3,8.93825334624239,0,0.7589923609625053,0
322.6749862799864,19,0.3604918889967126,514,2,0.3456931931106721,1,0.8384779350380032,0
853.3592005348554,10,0.155460659389777,769,0,8.873249353625237,0,0.9893975806802864,0
892.0124285017973,22,0.0155595017949482,819,3,4.330874553583413,0,0.7221208955339459,0
831.7337753398104,9,0.0466096900016195,400,2,28.570809749721963,0,0.836331869229895,0
1249.3832666057613,21,0.2138934757257453,337,5,6.218046884823715,0,0.8370545238740187,0
720.9571159342541,10,0.1190965451241532,541,4,0.4669038227162267,0,0.653853835110295,0
684.5382177038305,18,0.0745811403884486,655,2,13.764681048924626,0,0.9221436411799824,0
396.9722804347792,13,0.3149057657385294,867,2,6.871131889232792,0,0.6076945032548096,0
586.9894333071811,14,0.3603162440928386,235,3,7.951480548624549,0,0.8600888933047567,0
840.9659987224836,16,0.2875312981710515,72,5,1.5216686274324962,0,0.6281130167596173,0
593.6744397205827,15,0.0843749189891194,422,2,14.694725284517869,0,0.882273712867098,0
355.82333294154813,12,0.1324431442436074,250,1,11.482270672704615,0,0.7163543621443903,0
72.85158706422725,22,0.7134038457001454,120,5,298.1769670048126,0,0.3931768924624083,1
316.76633751662075,15,0.0797380165336947,361,1,14.11666140195676,0,0.5626004555772157,0
524.3168040110781,16,0.2134758885685738,151,1,5.56589447491181,0,0.8856626815228469,0
997.820802362582,14,0.2547772874431661,310,1,23.74977335976152,0,0.8132594216418337,0
468.1667607351755,11,0.3744204729643921,169,2,15.906746086733149,0,0.9767266162740632,0
609.5304434947611,8,0.0427108145198196,640,3,21.86049670701253,0,0.7923137898484013,0
549.9280499990408,19,0.1508699233899399,67,3,0.7344780042234309,0,0.6219609689287539,0
1045.1084048087157,17,0.2257067514541453,680,2,5.702484800795894,1,0.8422170443877601,0
398.9370587913629,17,0.2342525245148092,481,1,7.559267649961456,0,0.7839593548061886,0
966.0700363495588,15,0.4004925520648272,84,2,1.9625150522563128,0,0.559475305629054,0
522.8583387886113,21,0.0255816483880017,359,2,20.95823251196953,0,0.7974726963834983,0
712.2840100253319,19,0.1079605887367249,102,0,3.1142625076586574,0,0.6016454691882435,0
504.7417463004992,9,0.1458380072389059,767,3,58.90510488087668,0,0.8238766198588114,0
714.5306943834642,14,0.1564329877619958,509,1,19.05930395946405,0,0.9276648765065438,0
1097.8996576595746,11,0.1160463132702209,938,1,9.04090670472853,0,0.981056128933095,0
584.3383354317104,14,0.191414818085861,984,1,2.298819699208247,0,0.8117376627529507,0
552.3653145996697,20,0.0516759861514033,707,5,6.382475770991041,0,0.8501146174453386,0
346.5263337305728,14,0.0816065323913306,364,4,0.646481631169011,0,0.86987422385859,0
755.3411655445178,21,0.0744081256110445,903,3,5.384492171620265,0,0.8291707255786522,0
909.9335906611842,14,0.070825536242188,181,1,8.832458849861627,0,0.6656096520982988,0
376.2180474178009,9,0.266915532744118,767,2,26.50845750239586,0,0.4485245910503529,0
564.0033441289165,14,0.0320347849828384,615,2,9.929571901382106,0,0.7291165873448597,0
422.50693210961606,17,0.1346747282000057,132,3,16.616073703183,0,0.9536178049201508,0
942.8734435800616,18,0.1005432551951677,412,2,2.870543831099686,0,0.8226092528071575,0
426.9534653888166,8,0.0771181071744581,507,0,0.712493712124053,0,0.8767426297854627,0
414.92714806753065,10,0.2653545151501512,68,3,1.7506465982539674,0,0.8721603043764978,0
626.2763060411398,22,0.2822695249341569,880,6,13.673127621973013,0,0.852811951301885,0
499.7750143518052,16,0.1849663704574602,776,1,0.7696972904584637,0,0.6600093925618786,0
1571.4003546113995,10,0.2589652900017454,793,1,8.296994859806599,0,0.6517211077525308,0
517.1498654623954,20,0.1122052995537283,559,2,1.8768918297199924,1,0.9099205592145212,0
188.9351470476317,1,0.6066446188686001,2,8,45.034730656676984,0,0.3562478083214748,1
767.0067169883126,21,0.1011605875012361,752,1,30.439876079569753,0,0.7494138188013428,0
584.8278470028525,21,0.0975097521939073,777,4,37.59740704274808,0,0.7976291159681216,0
652.2624186998731,21,0.2202372959575143,908,3,9.746318087622448,0,0.7903701515766701,0
851.086760618453,10,0.3050121932837283,252,1,16.63066279524752,0,0.8328001394533053,0
420.79608906069313,21,0.1138086936666748,961,0,0.6404597309037288,0,0.8330799134901261,0
1149.044379831173,13,0.0198469199252393,439,2,11.889141406957323,0,0.782864998530272,0
402.461870141008,18,0.1112490479240686,350,2,0.6800558747535989,1,0.8398868450542281,0
1691.8413268145764,22,0.3602386191263554,515,2,59.71134259497548,0,0.8651363872974303,0
887.9647948482262,22,0.3549304381263019,509,2,14.719679920386392,0,0.8525725330073685,0
394.17092471394113,1,0.6816605700989884,55,14,623.197157834028,1,0.1236021506893187,1
362.2951344075262,21,0.4229728153354444,643,3,14.77365157921886,0,0.7909099200160016,0
508.6823983710455,8,0.1046181412220479,53,1,11.298639509213098,0,0.6249265395902716,0
711.4471048583505,20,0.0253324533871042,219,1,10.262869956283833,0,0.9668059342754308,0
1026.449140826831,13,0.1905971681706359,202,2,8.271533863188544,0,0.6175659883464016,0
657.5033206152473,7,0.0774340267724857,586,1,12.58714340228055,0,0.83760192945246,0
705.6898505296416,11,0.0778372626414986,43,2,10.50581515501384,0,0.9677843401913232,0
840.2389436945616,20,0.0909606637433805,660,1,15.576477254630202,0,0.8405129610350704,0
369.8919085164072,7,0.1264211457280261,873,2,7.44558915498363,0,0.6674123128071439,0
568.5134023113267,11,0.2204542238008741,841,4,1.223797449428883,0,0.8967885312122996,0
793.6343825117592,11,0.2851040764058777,461,0,14.21668972543439,1,0.7409626339572236,0
426.4732161106339,18,0.0208342324894672,338,2,5.690193519179823,0,0.6328461138644811,0
1225.0478385987471,20,0.3624948661011656,622,2,6.371343239871682,0,0.7841781116907842,0
471.1672483747725,19,0.2667503061874882,276,5,42.8786954888493,0,0.8828126172953792,0
483.281620137286,22,0.1219886721477933,974,1,5.62404980810609,0,0.9071701805612852,0
893.3438451976286,16,0.2374995346558932,296,0,0.7683053190005358,0,0.6954837166730942,0
558.9813900438083,21,0.1832677265968022,66,2,24.662037188609965,0,0.8251216537112402,0
903.6097177559247,8,0.1012653132400275,271,2,3.9061425971658337,1,0.8890127623707903,0
56.09765146393616,22,0.5451586284018686,85,8,246.78679228327636,0,0.3607646087660783,1
542.0585448794467,12,0.2071640470919034,991,0,6.70920363111645,0,0.9390442819923008,0
220.2016901968443,9,0.1132618442074994,238,3,9.161975603088791,0,0.656937789919009,0
717.6495028884058,7,0.1086958148682604,253,0,12.925270183326392,0,0.7432896225891866,0
1112.8739092535022,19,0.1460482885599377,561,0,2.9117958431083473,0,0.7231975470379538,0
721.8047833581401,20,0.2994132863137202,468,2,16.465033365719528,0,0.9282938254006716,0
573.6148009155618,10,0.1614119215758901,133,2,6.436926749579126,0,0.8913647284314293,0
383.23185126127504,9,0.3140036214573237,735,3,13.458189669217212,0,0.9455036798511824,0
390.0352835563272,11,0.1224428457369479,378,4,2.2562593286551182,0,0.9653332281824648,0
653.1359519652094,14,0.0757022750408031,963,2,25.059367916426893,0,0.965168742619196,0
1539.973445007877,20,0.4521928671505011,953,3,16.776877396021302,0,0.8688923242675616,0
821.9545716505374,10,0.1333328914823583,106,2,4.981277418728132,0,0.7742399295332063,0
1589.546128022004,17,0.2007051167669469,784,1,3.5011045403233187,0,0.7641150945616962,0
598.529856014099,9,0.2746950489376412,933,2,11.324488143965269,0,0.9382836013451628,0
1211.3173531216162,18,0.1067010760237496,648,2,73.81621374463144,0,0.9008016849595982,0
515.8097968177112,7,0.2503610382066291,815,2,27.75840173826944,0,0.750859453502471,0
707.1749110228344,13,0.3639125120637039,798,1,13.274802875219692,0,0.9428539567416562,0
1322.5204241822487,16,0.083801910718404,852,1,10.743671129275365,0,0.8030161185316074,0
1184.3826401359115,19,0.1871689115895881,271,1,3.8792276550777975,0,0.5602861102989373,0
2068.668102298831,16,0.2743636463178171,537,1,1.6289609454378484,0,0.921072879922984,0
859.9720274520758,8,0.0731096072016772,959,3,1.193461076203877,0,0.6665598392395146,0
288.89586457892324,10,0.5447163350313314,580,1,8.979360981941891,0,0.7060801908775364,0
563.4008395668181,14,0.1129622448484789,67,1,20.35979290703756,1,0.8936250668368108,0
524.6985394885113,17,0.2152744900116947,768,0,12.415488834694504,1,0.9320675134065136,0
972.1840978883358,18,0.1881018460566262,700,5,4.062851969517159,0,0.9498410492938956,0
859.5581847086062,11,0.1953939023193019,87,0,4.647330267203171,0,0.5778205088972059,0
396.31815673247496,19,0.1767332155031649,700,3,1.382534440581879,0,0.932323896589882,0
621.237841345783,18,0.2143174177198566,400,0,12.54597056757929,0,0.9077246997388866,0
1081.5934071609463,14,0.1973226929006279,737,3,13.191928970102293,0,0.807979593051922,0
436.08933609682214,14,0.1442874257835783,75,2,7.734603749451702,0,0.7456754165595377,0
619.9251778819232,22,0.2673277431649504,216,4,1.0782261920146523,0,0.7939109669021286,0
697.0862891459908,22,0.1124599290498068,979,4,1.999837140894596,0,0.6526588635159886,0
991.9664369607876,17,0.4865596520193517,490,2,47.284145313336126,0,0.9863742919121604,0
613.2470626059237,16,0.2615338827684962,817,5,14.171202755703291,0,0.7880547543687789,0
878.9154399404929,10,0.2846623299834142,743,3,8.40570642228159,0,0.8711544521420015,0
133.55562964991762,23,0.7829533564604849,131,12,177.76154369592686,1,0.6570349895516346,1
525.2091538695731,13,0.0480537490155422,288,2,17.810375364481214,0,0.7573434269303294,0
844.2240978399076,7,0.1878683809526432,205,1,0.8973771028876608,0,0.8940837307634263,0
964.0354195285596,13,0.1739243515184436,241,0,2.7326058551423698,0,0.7760414665620389,0
1055.3647283883868,7,0.1081966427329645,378,2,0.1669311710946326,0,0.927995351961198,0
415.98745948360414,5,0.6240951363158553,189,7,77.49540172757756,1,0.27722887616465,1
603.6602530191311,22,0.1491395673281197,576,4,5.152610823749246,0,0.8710606675987964,0
272.78918011119003,11,0.4430338749319271,490,0,2.590732482043918,0,0.9165873532646563,0
814.0458768066437,14,0.2277292591087922,442,2,25.604668971978143,0,0.6129788202196639,0
132.8042643514015,2,0.544397375074067,144,9,78.78628842140928,1,0.241005510731066,1
554.5530608164754,8,0.0375312786273994,168,1,6.93038340978391,0,0.7230267781772827,0
1227.4474895543358,19,0.2280841796758868,868,2,12.896823652676842,0,0.9114309225587024,0
489.929837765256,22,0.0825700211061639,727,3,1.5340812821713414,0,0.8815256962758657,0
1142.6334687786969,19,0.3918769565490109,820,0,16.940964542369734,0,0.7864823379020587,0
669.483048635182,16,0.1415163988881537,882,1,14.509274448864195,0,0.8367179930755805,0
688.8080619924799,19,0.138858827073279,93,3,17.298863778289387,0,0.8755560948778489,0
1416.698336133324,21,0.2902411209159732,976,1,59.27124947383108,0,0.8559104069883202,0
230.28687690276809,18,0.1295043336364036,767,1,0.125220035334762,0,0.8271301109597279,0
2907.8072661806054,15,0.1203075206899034,619,4,21.436852193599563,0,0.7744001087822113,0
758.1414578908575,8,0.0985562177391008,668,0,18.42591568216561,0,0.9325042950076,0
1306.9774486338604,12,0.3561508145871436,973,3,19.16851858722655,1,0.8327615510198043,0
568.0405553315073,11,0.2473164444400703,843,6,53.43838528694593,0,0.9190182178650508,0
532.0424998077153,22,0.4308338597561416,649,1,5.191197870814967,0,0.8929253873053261,0
595.9415822000431,10,0.1093500242369897,172,1,1.0348495482423063,0,0.937961942411906,0
895.8859808948993,21,0.0509816670366288,333,4,6.498163069380155,0,0.8321131394435214,0
2378.448344825071,19,0.1307907502651366,842,1,19.49977023060869,0,0.8404885904144326,0
1389.0577415913676,10,0.1658954853560645,491,0,14.979781599981097,1,0.9211782332232008,0
237.53949324463855,13,0.199656629772552,386,3,5.301914462289056,0,0.8239163822991132,0
455.684557183598,21,0.2403533659426794,738,2,44.91658045505149,0,0.9535754278623024,0
1458.3950658037056,14,0.3165123401804462,601,1,13.15560026625791,0,0.917194334992824,0
1027.99623019697,18,0.1672640032550887,645,2,7.143364807329751,0,0.8032519289767791,0
739.5998871930456,19,0.1614690729625093,904,0,3.0006805519600888,0,0.8690546537021495,0
1276.246128087628,16,0.3377415990841871,192,2,9.397392291206211,1,0.6277999250333092,0
1166.8534093780552,16,0.1459208616804181,623,1,23.910463614181076,0,0.9347666152644938,0
883.3221634174603,20,0.4229924590742228,986,3,3.9533049997060936,0,0.9845861645047076,0
519.140711798555,7,0.4036060559294184,266,3,30.974275055895347,0,0.8440165923047019,0
1034.7286716059525,8,0.2150653508993951,493,1,5.2467467746081615,0,0.6767250766739759,0
832.7127000536354,16,0.2381332858612035,947,1,0.0419357301241632,0,0.7417272406860947,0
637.6688527572437,18,0.1456477810611228,699,3,25.358346403871064,0,0.8671723594172503,0
525.4438774053239,21,0.1654176770687485,883,3,0.3992912679393613,0,0.9229072454943316,0
88.49453110349124,2,0.5476440425296883,103,6,44.94715620706465,1,0.3347432128835447,1
413.5589912033086,11,0.4653288222543875,784,1,8.438628184701832,0,0.5317053719933678,0
589.1900686717706,14,0.1707718094512033,521,2,21.144703228525177,0,0.7614994485476829,0
889.0545158822958,8,0.2602039230653631,344,0,1.3492622337677014,0,0.6212693663129254,0
959.2036489677506,9,0.2590151123711338,630,2,25.667558934279064,0,0.939371682773935,0
333.14118737607015,23,0.5917406592452501,143,7,5.6493913899454,0,0.4137247707817494,1
1083.5470484477717,8,0.1193983895241786,925,4,24.38127978052012,0,0.7560800617465988,0
460.69202732724995,19,0.1627129842200226,40,2,6.627380841856083,0,0.8113326434589424,0
664.7772553080088,19,0.3388894302625002,931,2,7.686704947131973,0,0.6893815195521455,0
730.7782071473571,16,0.1950718812485776,331,5,16.465594705754995,0,0.7148263132138967,0
887.8173230959337,9,0.4876897736092651,509,3,3.1095313230843056,0,0.7723366118837975,0
938.8982149699546,19,0.178958558921944,48,2,33.94410526147041,0,0.864075015114058,0
774.5694214714166,18,0.354154424025441,701,2,12.025299308760497,0,0.9186935074353734,0
361.53886563638855,17,0.1590887766406604,591,2,5.396139194434208,0,0.6570677281660758,0
137.27596241030506,23,0.7113392006366555,43,4,390.7086962335789,1,0.2392140312913145,1
438.3929688175541,7,0.2109058636692915,363,0,6.821454014462481,0,0.8750491957646651,0
1355.5249837637862,10,0.1886306130249894,880,0,4.301909387005421,0,0.8783567364768937,0
727.0500226566812,9,0.1835824870573878,405,1,7.039820711196792,0,0.9483122585015616,0
764.1747569770517,20,0.2323481262136451,661,3,23.545506228335302,0,0.844250795364322,0
517.9261703316635,13,0.2643008654816272,425,0,4.730413792740406,0,0.730256770441009,0
570.8372932035331,16,0.4523551038332481,746,1,2.7023341435338013,0,0.8251882665758404,0
498.08905881986334,9,0.2740111381676856,304,3,2.8002344588413335,0,0.972219846995986,0
907.3392115423484,17,0.615644810965743,93,3,1.0806455258991603,0,0.8388373617884634,0
452.9773609261693,17,0.2586068603641266,244,2,5.120949089946695,0,0.9311188997536932,0
1041.004649921923,10,0.0618483703585446,736,2,2.068965070417454,0,0.7016996275404281,0
657.4490945123501,13,0.0471652787583395,209,2,16.509870444059366,0,0.730177092699217,0
576.4629911805864,16,0.0865621612924505,99,1,4.174778148784929,0,0.6312339489519432,0
439.6316128805607,22,0.18814357851213,746,2,49.90455272494629,0,0.8505695396104935,0
711.2837992612843,9,0.1204483047665745,999,2,0.7664976327937845,0,0.8702262094460494,0
984.9607097078896,16,0.2841405139476831,837,5,19.68032595642399,0,0.9015637387759624,0
426.3313141840969,19,0.1370489155958566,602,2,22.07243949529187,0,0.6689814792351353,0
1623.6874581663033,17,0.2136739348981349,520,4,5.410879611051826,0,0.8580579355801934,0
766.3498556715776,11,0.1131826605663217,876,2,4.09611448247796,0,0.7647632252319111,0
523.8290708277528,19,0.1301485292885393,885,1,6.930910631950225,0,0.8331129502160423,0
657.348968242012,19,0.2750940725686874,220,4,14.039180693479484,0,0.8934922570670087,0
1013.8763312784504,14,0.0895476200650841,252,1,6.927766182123624,0,0.9588816076094702,0
334.6347699933773,19,0.2810024885954736,784,3,10.514534193693162,0,0.7542701502036484,0
376.9454165184355,12,0.1974615122995182,593,4,15.036451411818698,0,0.7833241630494575,0
1113.5334795394365,11,0.236898680354278,388,2,1.0249226504024755,0,0.569489819642028,0
591.8633263535819,14,0.2765896100143795,483,2,23.13978531998597,0,0.8258966080342243,0
392.45807990926727,22,0.2261453479123634,892,0,7.076445082210064,1,0.7490129417187209,0
641.0625084234463,16,0.251889079623008,416,3,1.5512680930997371,1,0.6747434828561236,0
794.0727772785749,14,0.1733101698305813,752,1,6.340943244400209,0,0.5069754338305654,0
888.7742455694518,19,0.1745291899779271,695,0,3.28173738226649,0,0.97814176470769,0
281.33026889515236,19,0.10206392965215,214,3,30.25550915550783,0,0.7158467358323508,0
870.9072030478713,9,0.083276567233708,530,3,7.363140774732743,0,0.847239689362178,0
375.5988490854993,7,0.0526464260604164,590,1,1.8950841188818608,1,0.8151576270137053,0
1419.7033283837725,20,0.2320936565152339,44,3,12.757870344792982,0,0.9157833555835804,0
994.8941241481456,13,0.2659097168133895,409,1,4.042726575937353,0,0.9813106699189338,0
392.4070603699234,15,0.4492027160405547,327,3,11.192602273393572,0,0.7355531679618856,0
425.8045323201236,15,0.1339061390815902,884,0,14.38885511199135,0,0.7838386368579756,0
939.5617791036352,13,0.1015475019848988,263,3,33.07968925405742,0,0.8536467176106626,0
792.921257792745,12,0.0929375262009549,985,0,0.9136391859418568,0,0.7470086768746261,0
891.0813770984561,22,0.0465230275599274,604,2,7.049197534116506,0,0.8782080209504702,0
1882.3598523907608,14,0.2287861758255737,926,1,5.375167013489534,0,0.9623992850858132,0
512.5379719317809,9,0.2752454326180623,111,2,19.707222720001308,1,0.8366429322850307,0
1502.7112962885078,9,0.2925218436546416,969,1,23.53519443151304,0,0.7340930254907492,0
315.47211977884274,10,0.1226985713710361,639,4,7.139464682242356,0,0.8486718689161951,0
398.40791899001425,20,0.0718970791983663,303,3,20.542534167127386,0,0.895831220640798,0
473.6393749515471,18,0.0723120059282634,490,1,24.815813829953605,0,0.8051052130919737,0
555.5988409107249,8,0.1257671922292611,503,6,8.995587754721997,0,0.8829843098639787,0
1965.3953768926472,17,0.0593911479795362,78,1,6.590869453553541,0,0.8248600089766671,0
395.2825643128678,17,0.2159405732642621,177,5,2.2277828848224033,0,0.8601779408026822,0
898.2206239956159,19,0.1884002849992018,732,2,3.1220121707371917,0,0.7275030540434659,0
689.715587112185,20,0.0733630040074712,758,1,6.5965802669888,0,0.8828122624198745,0
504.3048907662307,14,0.4201115209375816,454,1,9.044208713302314,0,0.924684647324736,0
854.2384460016423,9,0.1051681043328137,369,5,28.57454624548829,0,0.7818546375833273,0
261.4039632996266,5,0.3951369537843501,176,6,94.3323772974432,0,0.4073177095198255,1
93.30951171303523,3,0.6568647387331377,88,7,15.18685892180023,1,0.4345670194230976,1
632.8821883554198,16,0.1226398769246811,211,3,6.407853073622109,0,0.7269893764580778,0
645.8178588482194,21,0.1784323182626342,817,6,8.354118462837596,0,0.9112088021749686,0
833.2359773583706,11,0.0949443974132302,546,3,31.08492473170068,0,0.736396041144555,0
731.856248297466,15,0.3717556916157082,681,2,16.310508630236615,0,0.5769780600927276,0
1313.7339372091103,18,0.1945936725058974,379,2,27.96927562394669,0,0.9465739210088744,0
1289.216772653893,19,0.1627619505863901,166,1,31.51803531060588,0,0.8867573580708741,0
487.682190301535,18,0.1831250678403402,590,2,21.89945520444777,0,0.8384276435742639,0
518.2725958045947,8,0.4699149496674926,393,4,5.236367123544553,0,0.8910427925573116,0
767.8133724148621,19,0.1582543793469795,233,2,19.829709882743384,0,0.6395283058832362,0
642.7825569633634,7,0.182387151615439,678,2,17.149749512801762,0,0.8256306340329799,0
679.9562189202786,8,0.2348625265924151,977,2,1.6176996373379944,0,0.60642962253986,0
927.1866517857816,16,0.2059032111331205,326,1,20.492280918170408,0,0.7958167646708482,0
348.0334455880191,22,0.1085659266161628,959,4,26.246524637133145,0,0.7065951854632974,0
578.5334635463064,12,0.1147334714113546,627,1,78.7316223269508,0,0.7906631082579968,0
481.4467367485949,19,0.0872998244686746,367,1,3.859295909072907,0,0.8078597915159578,0
787.1950891428664,20,0.0446658315924123,506,0,2.51513602755988,0,0.9002588567572091,0
496.3096191862372,19,0.0822722701998084,697,3,24.06965087465625,0,0.714079195263533,0
496.7907338898264,11,0.2074870588979147,255,2,5.442777040517423,0,0.867195356378028,0
976.3832572534328,11,0.1445284401923043,149,3,20.068035301874374,0,0.7842721233391471,0
527.8351151831063,17,0.2022937843346252,740,1,6.242267944242361,0,0.957461743976889,0
589.448598508821,22,0.1977473233124181,438,2,20.0653173215186,0,0.8246163261611491,0
263.7957929910902,7,0.2137543058818494,84,2,6.500698482367942,0,0.9502681916273568,0
955.1850832359554,9,0.0237906563160145,234,3,8.313668455443976,0,0.7598700064346426,0
594.0996453404548,22,0.2524969608461185,286,1,21.102572695252277,0,0.7670464015413134,0
558.0393150357562,20,0.2704319240669793,120,6,3.476804290462755,0,0.9726550006279648,0
665.2487886011846,22,0.2730532847291396,500,3,4.321267185904151,0,0.8110100662012544,0
931.126364424347,11,0.1940001996697038,743,2,11.263684185890426,0,0.928299012637356,0
507.2633649886557,12,0.14000756749933,838,0,3.652776551113488,0,0.8412786248770264,0
284.4936941629727,19,0.336023477073434,993,2,0.7855705807776086,0,0.8765266528655496,0
401.9824828236604,17,0.1714346210734156,284,1,19.480673057693785,0,0.9518153841379172,0
1575.1500138024012,9,0.1635323684369739,574,6,2.721017122453687,0,0.9646224273958848,0
728.8907116141626,21,0.2285910982942981,432,3,0.2300855830448438,0,0.5400953663827724,0
586.6407706616079,8,0.0289509991541296,89,2,1.9851271596190485,0,0.7609404161834253,0
767.5814560087794,9,0.0603210438808632,874,4,10.671988455617347,0,0.885457377253703,0
313.4577289849903,8,0.2146351265206217,255,2,9.405811313618615,0,0.8056875966196833,0
879.9089848471059,7,0.1999712247132707,489,1,13.03499701213124,0,0.7815040056423234,0
956.7066728265012,14,0.1593826172869478,346,3,11.116116907629618,0,0.7350168311838591,0
814.7825100714598,13,0.093955397231822,711,1,4.13639628500999,0,0.7292770019948555,0
72.93383650565912,1,0.860183068657334,71,6,293.49314208313274,0,0.3212468439734012,1
1647.6484440592153,8,0.1413956559015075,989,0,8.816155825361204,0,0.9333885362598262,0
1172.4584497640476,16,0.1444628775273704,995,2,3.340473457172705,0,0.7863379056559332,0
400.0572846963601,19,0.3557186766836839,647,4,25.26375405093451,1,0.8474290536591247,0
424.9508129590122,22,0.6489769118717486,112,7,105.2363622672607,1,0.1564966846917678,1
124.71733372462982,4,0.5068649359968991,50,3,17.75957141661984,1,0.4018449374224169,1
537.879692018906,7,0.1082311034381628,167,3,23.608568934352633,0,0.8559876314453753,0
682.948218916784,21,0.2366044261914795,306,1,19.09416638618021,0,0.7559565500876222,0
1704.6807427582935,8,0.1317044941692146,339,1,10.66939665075967,0,0.9068196443272866,0
1134.8189233781595,8,0.4175999982846871,345,1,27.810324584891955,0,0.7960332225745321,0
419.4444664787187,16,0.2184895626269583,739,2,5.880230075651254,0,0.9141858414122804,0
584.3943241767018,17,0.4973167521168505,114,1,25.086826587258372,0,0.7484517868562836,0
482.9331880402837,17,0.1197017371313143,183,2,24.80744015386318,0,0.724619812718159,0
1662.1049479473493,17,0.2792168182459187,198,2,13.23524604761428,0,0.7016503899144062,0
494.0086414971678,12,0.2505093208035825,883,0,7.466732373606078,0,0.7432900822029224,0
576.2666325944323,17,0.1505556305188874,733,2,6.812298522112559,0,0.8666458378372621,0
1123.149841271392,9,0.1585455282064607,859,2,4.845532943504781,0,0.5564534483017026,0
995.577380226171,21,0.0981620510098658,961,0,11.816677255702585,0,0.7072613041771111,0
939.3211925792032,7,0.4466334360632018,785,0,0.7589617050500622,0,0.9421511067745832,0
389.9101663076556,13,0.1017428509628147,427,3,7.507909047284317,0,0.8202750075680404,0
382.8373166722138,17,0.1348565079233143,298,2,24.581215948744124,0,0.7240425802871717,0
464.875465499921,12,0.3036805240241334,662,1,10.284696182981872,0,0.539597441221048,0
797.8574170701867,18,0.0916865790859411,396,4,17.053240483323243,0,0.7290626750688166,0
691.2601324684023,18,0.0647912807808455,43,0,8.80164505773197,0,0.9921349659794064,0
2764.04941434343,12,0.3737682725845207,418,3,15.802645741383426,0,0.7337992682266733,0
309.29971404319144,20,0.2691521487070432,196,4,11.76213801981222,0,0.8652007510022292,0
603.9170152311541,15,0.0613656432999922,655,4,8.47518593651329,0,0.7893843317865671,0
323.18080234482295,20,0.1571087759262787,396,2,18.59862583236254,0,0.8926411627370271,0
809.2187863864386,16,0.4952933256471516,977,4,2.407539305633923,0,0.9201930052528442,0
385.18791386756624,16,0.4350964130342244,364,1,3.0219810398037072,0,0.6365894574122756,0
692.991137202588,15,0.1439411249434476,657,1,10.78324149080824,0,0.989248974754585,0
821.0682399560998,15,0.1896428341057754,121,0,32.852745537375114,0,0.7992626679732879,0
518.8154391790366,11,0.0823951867100507,236,2,6.04547416932064,0,0.7587438209744063,0
590.9127284880549,8,0.1500182383821607,672,1,32.09172783211202,0,0.7047116782617603,0
464.1889300480563,8,0.0570363606740789,219,1,29.21142537729601,0,0.7334714858113982,0
491.1915544196867,21,0.1898638187327726,360,0,0.756829117259838,0,0.8539872113827998,0
368.5693277583937,12,0.2682546936602934,395,2,5.934656573402053,0,0.8342941755280459,0
397.3387215194122,10,0.1205010692214285,117,2,0.3172741655696921,0,0.6511598003634392,0
759.3385408341244,7,0.3082185555822309,803,0,7.218497809380963,0,0.8677629698295491,0
1210.7720259415664,11,0.0972309936244445,476,1,19.732232401987588,0,0.918762520038968,0
591.1424126598566,12,0.1638638864937842,317,1,16.960350679142497,0,0.6367659601611967,0
1788.7574436003245,17,0.2038406029616991,603,2,1.5103126295005087,0,0.6767257920116144,0
452.68889541428894,21,0.180650541553632,907,3,4.444720241833953,1,0.5523827628507733,0
677.6434820402134,8,0.0688529982815555,421,2,9.525182979102498,0,0.9818573224834156,0
928.9691344695468,11,0.0645073097296681,864,0,24.13530817206348,0,0.8625930910208872,0
572.6999591716299,13,0.0679246471010747,678,2,7.791926563527147,0,0.9446012833866656,0
1251.0106449725388,14,0.1906941931671516,916,1,30.703877972553418,0,0.9325558412619946,0
411.21260432687814,8,0.2954086799473592,145,1,4.970866961567393,0,0.6340249738023177,0
1251.7946722927677,8,0.0537487189615103,441,5,3.127968255405066,0,0.8103784503254412,0
1717.6743252090134,22,0.2009354640131341,558,3,31.768296832404936,0,0.6613709470817803,0
1546.740500139514,22,0.1440992568850476,512,2,1.8991231583266637,0,0.9329254576598732,0
455.56642560261946,12,0.4670650126216547,537,2,2.2987751062170383,0,0.9244122066084632,0
1231.8225244925932,19,0.2361871629372895,384,2,9.098996022697015,0,0.7383167405826856,0
665.2086969872796,10,0.3463039243359707,931,3,1.0528227378908157,0,0.7698434955843038,0
966.2928564516418,12,0.2457770095645155,125,1,6.786756895566466,0,0.6445241146807896,0
216.16945944279377,13,0.238070728118591,855,1,10.39638894192348,0,0.8295173911714274,0
598.3637271217588,22,0.1683409269573952,664,5,43.16588964053126,0,0.9429832665007571,0
286.9674639370308,15,0.1855233892388645,827,0,15.162753259946175,0,0.966202463251861,0
585.7834574550366,17,0.1267298850770922,166,1,0.711840125656152,0,0.9563832555845982,0
693.7305539737855,16,0.1024766052180112,530,3,1.7914885989697142,1,0.7662992564742294,0
1087.0388310081416,10,0.2446995254702334,125,2,10.172144790867074,0,0.901108658293636,0
636.7491571981686,11,0.2145072818340099,346,2,10.924974864078871,0,0.6338668500051724,0
420.6202395062525,16,0.2532634086931216,691,2,8.320255148130778,0,0.9096080696638712,0
557.4372907004391,10,0.3411997294004236,406,4,74.35362384065296,0,0.6253384192736116,0
436.7951563714529,13,0.269722662052704,831,5,52.260402989969656,0,0.8949561684558013,0
774.3096866302313,13,0.2758072737241481,742,3,26.92644482686348,0,0.80463766674215,0
2116.2711680866432,12,0.0828292510556117,473,2,7.574796862624579,0,0.8673995218466227,0
1225.2875619204465,7,0.1395927392958676,556,0,16.706928624137664,0,0.9216536878641612,0
792.1760338458308,9,0.0385615199891049,43,2,30.60268569757513,0,0.8424295313205978,0
550.7817070485523,22,0.2466604744247287,579,2,7.256687467078327,0,0.9111667756177672,0
505.42983117479054,7,0.1086051212064207,936,0,15.39688893892775,0,0.6852312817505708,0
1060.3893334966162,14,0.144283274694342,409,1,10.350172115839127,0,0.7407671179223378,0
780.126390714936,16,0.0375159048061177,839,1,9.268417657732432,0,0.712600054909146,0
324.0209487172231,12,0.3970689319489421,196,0,6.15570065751164,0,0.8931003799595048,0
482.4939429787903,11,0.3468272150135494,681,3,9.408987456847736,0,0.731518004274036,0
501.78918274083054,9,0.0836826193644123,518,2,18.030631986423984,0,0.8260447206112761,0
327.97174732286607,15,0.1687709528381838,914,0,9.837757308100622,0,0.3541440034720018,0
386.7591121921916,14,0.122051335590582,172,1,10.82105426866806,1,0.8760925379580341,0
113.86252464125856,3,0.4852751185986557,47,10,47.068065578076286,0,0.2975635337825616,1
284.8057134967092,22,0.3075943554246086,103,1,4.097863983113622,0,0.904728493616804,0
308.59396905067723,19,0.2551969001628604,924,0,8.675580562411364,0,0.6701154455928077,0
652.1872111866347,18,0.3703408372911864,508,4,11.619518561902382,0,0.8714596906723696,0
2372.7569571713275,8,0.0712631025330058,476,2,36.23479905388558,0,0.9270320843071548,0
468.7024168977936,13,0.1641049442895134,432,2,30.299103898395114,0,0.8510841295337626,0
1398.6737517280123,12,0.1634804887711666,938,2,3.800060761491038,0,0.8521764448145973,0
257.3202912896347,14,0.5241392562066787,159,3,7.6568520065093155,1,0.8287854892533538,0
893.5676885296742,12,0.0500554225064413,639,4,2.0669150527850944,0,0.6327118985072911,0
470.1884196054602,8,0.2765897119440224,235,5,4.8302514089474355,0,0.9358575781154334,0
968.8617352116698,11,0.0826331277844157,220,3,3.6016082212673317,0,0.7966414606282953,0
957.660589003486,19,0.1859559171438283,284,2,21.385634922958214,0,0.8497312158420033,0
209.52589746686445,1,0.5760879703618238,193,13,141.2817253227692,0,0.2351600381756404,1
731.2940684273387,11,0.2257668176437215,973,1,6.759379428607251,0,0.8833865989732285,0
1811.6830119154276,18,0.1645975282426312,123,2,26.12569232996668,0,0.7186488966848125,0
1667.1848246902373,17,0.1494904468172824,80,0,17.08741040208596,0,0.8818057314509816,0
286.20582904009984,8,0.1206101593021362,267,1,16.495665689803943,0,0.8182306895420431,0
1040.6807105504236,10,0.2308913493440032,662,1,16.456105091531796,0,0.7355390806468233,0
103.85569430003385,23,0.5829006238431145,198,9,37.39781643538182,0,0.1120741128313573,1
620.8112187163636,17,0.1462177948020431,848,3,35.00747048177704,0,0.6005426980851994,0
1171.9580010968557,13,0.3785874929455484,302,1,2.6847558741767257,0,0.7772023358393778,0
354.41633859109095,16,0.1011409111491606,154,4,15.082018568047223,0,0.5383958530871252,0
677.5365995681179,21,0.1023826088558853,881,3,1.9542241621199752,0,0.756901630200632,0
451.13153222100374,16,0.2657458228688814,720,2,14.131155006562889,0,0.7766584867003694,0
1509.7636826530215,12,0.3276678703845714,875,3,16.143840812927355,0,0.719786055291467,0
699.6632652627003,13,0.3510698603633944,45,5,13.563623732983366,0,0.7032932900408897,0
720.3513553722028,8,0.4021260657715808,527,2,2.54928843911467,0,0.6002483199769612,0
247.059348640951,19,0.2147179243490447,806,4,1.6578636524190618,0,0.748253015712672,0
364.8934551142953,10,0.2814120469413815,725,2,26.36937324611912,0,0.8031615465078565,0
1077.0547930878165,12,0.1534977413658722,353,1,46.79343951854969,0,0.7306683068093965,0
1323.5896606163176,16,0.2973193367741266,677,1,14.49158846517268,0,0.8013988601585896,0
370.5153662602065,17,0.2318680494707259,818,2,2.729076668271361,0,0.849843554525061,0
605.2914258132495,8,0.1152552701501246,151,1,14.872255150706383,0,0.8883447507377176,0
616.6525498893016,16,0.2477516379771562,54,4,8.289330941293116,0,0.8545014276978282,0
1124.1889168606174,7,0.2759511850639715,932,2,7.395239491994002,0,0.7181164604698111,0
667.8550041093082,13,0.1264787710197572,313,2,6.849671684197663,0,0.9012912304403224,0
725.4030627405459,15,0.031782568213631,187,4,12.592274117871852,0,0.9316113123315208,0
1194.053868922966,16,0.5012991955042154,615,1,4.859015343649691,0,0.8889444077324973,0
738.6600003588019,14,0.2924159950213895,967,2,6.488958585429167,0,0.918439747618463,0
477.2225379043009,20,0.1783433589686394,174,3,14.908511001856484,0,0.6646449681933952,0
1053.8183245493003,7,0.2259754995483949,463,3,48.49264863937485,0,0.7382491226339207,0
1696.1482047024954,20,0.3776535352261948,840,4,25.76092484499736,0,0.6160895985343628,0
576.4318309948926,19,0.1526882387492945,388,1,17.969074824267295,0,0.9088698634929347,0
1162.762088443799,9,0.0562478286999613,594,2,11.573364219598536,0,0.8850555191150441,0
712.3838078299823,19,0.1800565806543413,732,1,21.55197394549991,0,0.816321407814349,0
460.4088068357772,8,0.1764606810362893,311,6,57.17936149693294,1,0.8869097763885279,0
267.4772281256129,20,0.0368421883790032,752,0,16.565601147655407,1,0.8902310244609435,0
735.2276030404989,14,0.289576172485664,670,2,36.651556388270855,0,0.863133742831368,0
1409.2108473344942,18,0.1406783524914702,761,2,9.288994192527426,0,0.830154126883571,0
204.29716574516655,21,0.2586914413519504,83,3,4.365329287053514,0,0.5131413380168098,0
796.518861712116,13,0.095661562632074,809,1,3.765243824022984,0,0.9408125526274236,0
891.0935572392266,17,0.105750791557316,593,3,24.095115369773406,0,0.5682407555384943,0
619.6743085626474,18,0.0815355213421611,980,1,25.442913709902044,0,0.8881209452458608,0
375.7400984555669,9,0.0821146629638258,411,1,15.217011236728856,0,0.7792911697444859,0
612.801768203443,15,0.2675108134064721,526,3,14.147615621054578,0,0.9519101349028924,0
1156.6387973810197,17,0.2095281111241025,261,1,42.20316752423532,0,0.748271130841923,0
848.5966819660348,8,0.3159449828076401,435,4,48.183841467705165,0,0.8732171431518487,0
577.7838407904313,11,0.1130251669921869,155,4,8.91136291645319,0,0.5546280078621555,0
424.0123003202647,14,0.1564191650913307,30,3,0.5449922661354353,0,0.6252047584132508,0
624.390165760573,13,0.0485326718074856,902,4,65.53531676002086,0,0.8394108148828248,0
1301.3611120188425,18,0.3727141382797059,875,1,7.002333762493127,0,0.8484563505317054,0
629.0238483461801,17,0.0898692730762561,986,2,3.957343755294637,0,0.8296176491789271,0
647.803889442684,21,0.0899968424810011,914,0,9.442180635719843,0,0.7852041142589266,0
316.2708790301996,14,0.1948143004139735,560,2,51.02065208151143,0,0.931533003798222,0
881.7150662445549,17,0.1325495204760838,903,5,36.10510664190308,0,0.6310633756071377,0
562.0887334431987,13,0.2235057664940738,196,0,41.70304348892489,0,0.7212978033044304,0
361.7149740421017,21,0.1253112843893967,966,1,34.494972904143935,0,0.900162361618244,0
910.9556645746238,12,0.3289883548204893,944,1,2.253942382094094,0,0.8056594355973916,0
337.8036639077638,12,0.3309245648529981,879,2,20.60407019951947,0,0.8494294060659063,0
1073.7899024296953,9,0.1350674436014727,81,2,2.655520990845566,0,0.8493560605637953,0
412.41328314448253,14,0.1534070621952483,135,2,31.24521079600327,0,0.8922230442124234,0
725.1021904110287,7,0.3588478950363987,236,3,58.85364223765479,0,0.8777756394359548,0
1186.4726071944683,15,0.137286720570658,786,2,0.4174727886461002,0,0.8194902817901386,0
624.5368937026786,8,0.3307558958143177,816,1,4.666628532018587,0,0.9506635457225424,0
631.3413620775784,7,0.129669259283129,368,3,4.482449234526879,0,0.643868650906545,0
666.0220083684961,8,0.215439223727193,927,1,13.569930501949438,0,0.9690614298045848,0
786.2682893125912,22,0.1962473933179273,343,0,3.685233217015386,0,0.8596002838278536,0
379.20118152697125,7,0.2071555124172274,527,3,12.388408831692374,0,0.7388062008535378,0
1473.3742863776451,22,0.0968466901201303,843,5,27.71766817674276,0,0.7274756198242388,0
107.54863331565622,5,0.6867646746964249,188,6,285.1914161007942,1,0.2900920626187439,1
633.2660083612504,14,0.0476476352464681,572,0,0.9083930463260222,1,0.5989650719840399,0
1488.9836689788287,19,0.4542766149309594,343,1,7.411815000079619,0,0.9665348474897044,0
418.21042648291495,15,0.2139199672692399,913,3,2.4953513474929845,0,0.8107428407643082,0
583.4575378511109,10,0.1608674808311886,214,1,20.98043886569866,0,0.8026816114462025,0
721.004006500925,9,0.5336770909970093,243,3,15.257632071107912,0,0.86271218553044,0
347.48952533699344,20,0.1501731225021907,233,0,36.97898190704736,0,0.9190431030198064,0
649.6704955288054,17,0.1430630887263381,249,0,4.582690770261741,1,0.7942270295458222,0
572.376585330297,20,0.1905547461647128,917,2,0.1074970480044161,0,0.7053751262911558,0
867.3284652728331,9,0.1472478280660215,945,0,3.197017675572187,0,0.8039467559057232,0
373.5357649014818,7,0.2164205379285546,662,2,7.247415935031993,0,0.6737777389780569,0
665.6760835791374,15,0.2041896953304679,726,3,21.9077609121699,0,0.8197991455213209,0
837.7187511877983,18,0.2016266101197645,866,1,11.365403000413751,0,0.8230577981391536,0
448.46689955212446,20,0.1108135388123354,983,1,2.991617289263719,0,0.9411078972527088,0
588.8789537368696,8,0.270958911857262,257,1,8.644371073571044,0,0.9020198849564716,0
516.4545342334732,8,0.1257736664186673,693,3,21.77226429959589,0,0.9590253970093005,0
370.9869947252063,18,0.4752937589631928,134,1,9.0523701583338,0,0.9120802438996296,0
568.4800613130277,8,0.23480704142008,841,3,19.15120070137804,0,0.8915530847382367,0
543.4296739860855,16,0.1647833794796122,331,2,7.500959750421578,0,0.6969470330277574,0
66.90129829900724,2,0.5397342802891636,76,5,537.0914752396804,0,0.3616692291424667,1
1847.125274339398,8,0.3841450780866808,815,2,18.231653941187307,0,0.7271412803502952,0
723.7470582641894,14,0.3237982922875152,247,3,5.24652752071622,0,0.7973865964440597,0
617.7470631389383,8,0.3044755982893642,360,2,49.47375705732891,0,0.7676885984722114,0
774.9786203379725,19,0.1497469175935664,167,2,5.715426126806895,0,0.8414790533570875,0
721.395000666836,10,0.2904879630373529,605,1,1.2200106024083253,0,0.923988055077672,0
747.1778997555572,17,0.0371359729798355,234,3,2.813351033611395,0,0.5221073492377399,0
465.773429286055,17,0.1331121978128449,578,2,2.9933754171321603,0,0.8993765364139575,0
1006.3430124695626,15,0.262917547464619,449,2,4.219770026656362,0,0.646517215178379,0
378.1848349538681,20,0.1277309810869806,591,1,18.657937785034452,0,0.9117784196510172,0
438.68053375503206,16,0.1240910375113863,839,2,7.740721213363541,0,0.9217066257511216,0
645.178797711995,8,0.1303929944582443,578,1,3.4095613491143677,0,0.7875955114769861,0
1543.7665119588114,18,0.0386500829909626,31,3,15.51807040430899,0,0.6965189977648779,0
539.1263593139178,14,0.3706961790419672,210,2,9.54757788503038,0,0.6876298644619947,0
274.6756822138264,14,0.1002774095565781,126,3,35.80645369626035,0,0.8896207315579303,0
1238.991590985574,7,0.173925640735098,198,3,3.826083249126761,0,0.7974056176605571,0
1219.051715903553,15,0.2411685982411853,33,2,0.5546512191317642,0,0.7313245798690527,0
373.35219750725327,22,0.2427767482534742,202,2,2.216351268052158,0,0.7638464137980502,0
653.5719378875989,21,0.1403912252478749,874,5,23.650698187249414,0,0.7840189481763533,0
825.7955137924461,8,0.2648504646382688,751,5,11.470255293571627,0,0.8905705316919633,0
724.4931100705315,20,0.2483797448814629,257,3,16.754206521638302,0,0.8665697094918139,0
726.848019106258,8,0.1088267942131648,951,0,34.48529287738761,0,0.7739406731457142,0
972.2348373379438,17,0.1843965787504763,802,2,3.709234276358235,0,0.8899020731684867,0
332.5238572426452,23,0.7052133063714239,70,4,771.4892515853104,1,0.3216251491163549,1
621.5927882274614,12,0.1390332589987846,329,0,12.026788738146616,0,0.9330213792607968,0
335.03598750383634,7,0.1147500964173683,689,5,3.376315451739519,1,0.7664446661574749,0
548.6802737351848,15,0.3888111893342846,188,0,1.1606453818790947,0,0.8490264608460303,0
354.8699178774434,8,0.2439869234602349,220,1,36.38146347928333,0,0.8151647895934372,0
772.7728424697872,15,0.2312984142738012,320,3,6.601625019625496,0,0.5628496836468246,0
332.1639191803811,19,0.3532120729013474,781,5,9.792576009548473,0,0.6533643581965863,0
607.69927353606,10,0.2558011799586707,98,3,2.185189437445976,0,0.8241575195919765,0
838.229624812895,11,0.2429039150072728,989,2,16.899318125899853,0,0.8469200467834386,0
687.7226289758589,22,0.0308067030382989,652,2,2.415264207310871,0,0.918229737410511,0
1207.503601656494,19,0.2837011041838972,38,1,57.69622482454155,0,0.7691303532927501,0
607.7674736010465,21,0.2689173926953913,345,1,15.979414426399073,0,0.6601162648543328,0
602.0820193869969,15,0.3952391691065754,673,2,8.733415105968874,0,0.9087848961082704,0
399.03246695883104,7,0.4455892372415955,65,2,41.75686659894338,0,0.812067839546605,0
273.60446010199576,22,0.4275327769763232,782,1,22.352535077504182,1,0.8646412234615283,0
707.8046222599628,21,0.1875342290826531,168,1,13.314215619523887,0,0.7587774720215208,0
187.0937295116964,13,0.1331058108171786,905,3,20.927581737715744,0,0.6505987123280301,0
485.4437586430977,15,0.0643449415143215,872,2,24.079573160481296,0,0.564217034052628,0
430.0321870288969,19,0.0655588741444562,842,2,0.7917122394724195,0,0.7949378188591225,0
490.3440013388585,15,0.1503790657083978,926,1,12.906589486761105,0,0.743689597913992,0
732.6243291384387,19,0.1979699504821866,86,4,2.6220900005754744,0,0.6299307590061246,0
444.5664274892279,11,0.1484298021658577,891,4,2.822237962931648,0,0.8395630796800363,0
322.7602440794776,12,0.0199083304315176,966,0,12.54178981789273,0,0.5351129200180988,0
1007.0841739163716,9,0.0310365855484718,752,1,11.47682064736969,0,0.6211299025242929,0
835.4807345928438,13,0.3217768384104199,976,2,26.307627328611243,0,0.9471775123473204,0
589.8702128215624,21,0.1712707190847775,734,1,63.73649981314435,0,0.9567150798962646,0
1100.071563238089,19,0.323987766474079,370,1,11.560863375984129,0,0.7600641158833952,0
51.33976308468111,0,0.6383288893005875,189,9,309.5771327459841,0,0.1514471766809054,1
729.917185166778,13,0.2603727357302847,334,1,3.68856189259444,0,0.57466086976124,0
1015.5180340235744,7,0.1320944336295112,898,1,0.5759129851636351,0,0.6739147208613228,0
1073.269235067129,19,0.1182688212769658,110,3,9.73240850071918,0,0.830749955640612,0
878.9606024703855,9,0.0752903771902629,496,4,9.90074175147067,0,0.8991340290631262,0
1298.0039080176243,17,0.1463618985359883,247,3,35.52068121603247,0,0.8712613917168552,0
756.3031377378431,13,0.2860116579796005,578,2,62.28797915663072,0,0.890172851975459,0
672.1696691987133,19,0.1821590600888182,870,2,27.383382671904837,0,0.817050343870721,0
955.6416141416628,15,0.3338220049447843,826,4,4.753646543485488,0,0.7509382129481299,0
443.00208803376944,11,0.3647503948385721,702,1,2.784306750729197,0,0.7332446770570278,0
516.438241924501,18,0.292943799077916,666,0,20.948070786699795,0,0.7123070239353085,0
412.1172404324186,17,0.1974513665699637,474,4,20.198385411394774,0,0.9468236283072144,0
1143.727415565966,20,0.0834763057258596,135,2,15.46804939438967,0,0.9775025617602048,0
672.4514632793141,8,0.1379315766143281,826,2,46.68573330742197,1,0.964170788282492,0
776.7230905699121,15,0.6600198137596625,783,5,0.7614975737760487,0,0.7764679366311978,0
422.7509370369699,22,0.036505618663959,373,0,8.518756033198178,0,0.7469036704827745,0
898.5845857036078,7,0.0631649212709954,599,2,2.642785009478928,0,0.8677959846811449,0
179.10545391225338,16,0.0614879681288056,64,1,3.2961142630485374,0,0.8715175107720213,0
853.4513404075993,20,0.0466616046287796,567,3,0.3492176949958634,0,0.5075190623204562,0
202.84557249276625,2,0.7071064657576401,43,6,236.20899159211783,0,0.1891931149027317,1
773.7571166803738,14,0.2361194266070017,131,2,13.163972588633223,0,0.8164434112247547,0
194.60117139789384,18,0.1314823791923164,730,1,10.18755830061584,0,0.8671578475614192,0
674.3018138182215,22,0.406685786888164,983,5,25.09545749483801,0,0.8058871392911394,0
481.0701267869218,7,0.1661775904586802,813,3,1.561093137135674,0,0.8201006221618534,0
684.4953118158435,7,0.1437938836297646,471,1,2.9661350741473393,0,0.9853494013628764,0
1882.720478524114,15,0.2598322293736912,689,2,15.90701586801496,0,0.9372901485093166,0
1242.2262902330704,16,0.1483104618238538,739,4,29.45191934094553,0,0.9029114708771024,0
401.28847738325936,8,0.3013047578513309,223,3,3.930261664282966,0,0.792776762936113,0
461.698074713631,14,0.095490997913388,566,3,28.99311712109707,0,0.9410277870350072,0
840.6725009698057,12,0.3102324946225793,331,2,15.839673000386052,0,0.8248749089844989,0
622.9805925930264,12,0.1212926703774847,556,0,25.60124614916317,0,0.726667641291867,0
398.8257745641203,10,0.1091889173850592,376,2,33.88266254449947,0,0.8422542681982554,0
932.9524712043946,11,0.1401021867532632,91,1,8.448091973078055,0,0.8293656891942817,0
483.21911461264995,10,0.0259038395795922,452,2,24.7697343363036,0,0.6360974240205721,0
827.2111455517393,20,0.2690630178801911,114,2,2.888902411223758,0,0.6764799389800735,0
818.1102096300086,21,0.0919363846837809,892,4,0.6245659243251537,0,0.8095941443013379,0
217.74827600685555,12,0.348596622351883,46,3,10.348218623481683,0,0.5979380520660968,0
747.912652990736,13,0.3332267745455663,586,3,10.10495759856659,0,0.7733250705777984,0
555.2122438759542,21,0.2060268255987364,350,1,12.210731227030848,0,0.808336474072847,0
505.6034433087418,11,0.112234363322293,316,2,3.19471824200535,0,0.6753140061701395,0
463.6100734066859,14,0.1560117829949965,991,1,2.2362794306447715,0,0.8128745126741939,0
1081.501454424973,12,0.2663908142239174,101,4,3.83511403858642,0,0.797656028116583,0
1119.0040250959046,22,0.4515713767732707,594,3,9.907758327231548,0,0.7720358218176085,0
394.1127753448296,15,0.5009550960122143,977,1,2.3645594306271427,0,0.8354056110527195,0
1078.015569278367,18,0.1934867006741288,356,1,14.416095728595788,0,0.8827783493613066,0
1417.1327692155558,22,0.1635864660791206,663,2,23.637006933064843,0,0.8626290154416054,0
1051.1058254393638,19,0.2524994730180165,471,0,5.122350814545328,0,0.8992259929689332,0
870.3721428671503,16,0.2150239450361025,890,3,16.15624809290765,0,0.8566414563376097,0
441.308227066273,19,0.2373147299444741,498,2,35.40568237474626,0,0.9307490636311408,0
851.7923574795901,19,0.1793230258431987,587,1,9.117085295652153,0,0.6331410917231007,0
712.6115393995218,20,0.2031977639848677,330,2,52.01596699065228,0,0.8533951657438694,0
553.5388291339765,9,0.2477834662429312,552,3,5.092600568042275,0,0.9781452051509826,0
432.2216172156048,16,0.1391911817651344,795,2,41.90832581374245,0,0.8620250345642604,0
584.9421378352517,22,0.1911561117536506,731,0,2.197293634938667,0,0.6044487559689958,0
746.8806731078652,20,0.26387731126297,49,1,4.215290303488562,0,0.6283644554115604,0
683.3800448094602,19,0.3242623802842095,355,1,1.068216182027081,0,0.9234115523800822,0
484.4468594587959,15,0.1933965432671938,331,3,7.79046131780804,0,0.7181449007182055,0
504.018103678645,8,0.0651926692069913,324,1,0.0899109926270762,0,0.726911354814864,0
1241.637047896798,21,0.1807273532090184,524,1,17.778658990344788,0,0.7233510868768727,0
1201.2655597920093,11,0.1973497768096364,586,1,38.644815680845426,0,0.85815037525595,0
701.2761764417111,22,0.3101446289951714,690,1,53.66646649658995,0,0.8756671290528588,0
419.74228168941346,17,0.2128941846131374,913,1,7.728167586035201,0,0.8370291113779683,0
844.9571548248873,19,0.3270243744720025,511,4,2.9694780802912537,0,0.5186849822064717,0
1436.4902685129714,13,0.1639949226174124,601,1,7.961367532279333,0,0.7858403714225439,0
346.8735657147488,22,0.1474766079362709,128,2,3.765643593585453,0,0.8143327995858614,0
688.2770937320664,11,0.1889796760846367,705,2,0.5617151560553459,0,0.6594766816955917,0
585.4780027159134,13,0.2177985512166377,769,2,19.421576177568557,0,0.881535783491447,0
365.8368794429798,10,0.0647332422169388,916,0,28.16211374140703,0,0.741920536128969,0
544.3274984806084,12,0.2821460378819104,770,2,8.266393425879945,0,0.6761589680040576,0
977.2713246758916,15,0.1623740266130449,812,0,9.012105095186856,0,0.789729609391343,0
853.2558550641007,16,0.3642126279284401,867,2,6.227115312609894,0,0.8408859069278135,0
721.9655471893154,20,0.1710279411094606,739,2,5.486053354980332,1,0.8334060338738848,0
735.581777320062,19,0.1983162316735597,521,2,2.7487168064614953,0,0.743092204779378,0
664.6368359608197,19,0.385344955482967,967,1,7.928427385519151,0,0.5703187734748547,0
403.6124827510192,16,0.2403265389431279,136,0,14.925576478703723,0,0.93695840840481,0
643.6902294446836,19,0.2187347749151802,329,3,11.404446850514171,1,0.7257523691837334,0
191.58326269447687,4,0.6948944724582917,119,6,101.19549019287862,1,0.3852433507689413,1
769.8362599135548,16,0.0571071304851035,476,3,51.97250217608086,0,0.6420828060047112,0
443.9327543207677,9,0.0402317939915929,504,1,12.86990158628902,0,0.9470610415974976,0
108.00250601182437,4,0.7016321897648358,28,5,15.505898752347475,0,0.1776329085060667,1
482.43031134207183,12,0.2357504676703344,299,3,2.202500631105762,0,0.9604880035873888,0
913.2510173472326,11,0.1325405177803977,498,0,2.938949066544664,0,0.8708489577611129,0
342.259797578164,18,0.3423807709813774,817,5,19.29333923333923,0,0.9782739184506876,0
1076.8595539563073,18,0.1664668430994787,511,1,25.28685064493082,0,0.9564403643229082,0
1152.7295790411931,13,0.3975805633129764,740,4,25.815262657061552,0,0.8775276507907818,0
348.4482923131407,21,0.0304190553713873,713,7,6.473183128250624,0,0.8702896560709761,0
794.608804918012,13,0.1083974669633314,797,1,27.240388015498752,0,0.8469308979041087,0
430.9104259106273,16,0.0782215414900128,609,3,10.1454930080271,0,0.6884648043289605,0
669.0340847536927,21,0.0779072467612772,354,1,20.41581315692141,0,0.736369168435336,0
325.1547408912074,8,0.3530751168968857,169,2,38.28720779022127,0,0.8288531698878074,0
72.68032350126394,1,0.7068279329573977,33,4,55.47960810393125,0,0.3850764209283893,1
1102.568676855674,19,0.3071033385642909,217,1,27.91335404157565,0,0.731696560222543,0
484.05237579967906,20,0.0673065768464654,395,1,23.19571422718029,0,0.8162476342095311,0
2681.8086854922576,16,0.1729253370006559,960,6,13.32152315686051,0,0.589825842542119,0
1021.5335501269542,18,0.129661248383021,957,4,6.945577560079296,0,0.8119448564364973,0
537.4782811578359,10,0.2574338513007486,180,2,7.425783336974529,0,0.7592578544109463,0
333.9502318083883,10,0.3174993089096676,449,1,8.846155709429402,0,0.7614162263784591,0
569.1975692509939,13,0.1084248444434423,868,2,29.47591787877265,0,0.90437228218125,0
796.2212521922883,22,0.0654187231481836,335,4,5.039064241804824,0,0.7564698895773716,0
400.27971312459,8,0.1292287649537716,454,4,0.8709520339696727,0,0.8180324260383112,0
432.5976688076594,16,0.1399553121591049,767,0,3.0054546524507444,0,0.8940199085862831,0
329.47092454435233,22,0.1137516290701056,647,5,54.266958320968,0,0.8689112059364383,0
344.28593775442107,0,0.8009373667271522,83,12,383.48788774387424,0,0.1331786958792482,1
779.5993302075285,12,0.1192830716009277,723,1,11.269616634491442,0,0.8855699147570811,0
233.0051821969753,11,0.2859860674172387,755,0,22.25097286754112,0,0.6239056405014142,0
1189.685175815019,11,0.3156922109908654,813,3,8.358452213209123,0,0.930990003901876,0
339.6841063849041,9,0.03277984638305,460,2,0.6205788370425391,0,0.8963016938249483,0
1583.156001928631,10,0.2822261410318147,262,1,13.565069398089047,0,0.7605936298411209,0
218.60464014904795,9,0.3021280940659607,233,1,6.350645398834736,0,0.902143295810876,0
746.083216361099,19,0.171742863791745,187,0,1.5433531929501798,0,0.8124145533082013,0
368.951967649032,9,0.2240964046611684,208,0,8.271306572602217,0,0.8092703153233984,0
464.84660718538953,16,0.3039294493334414,519,0,11.169589787911894,0,0.5901833686565775,0
793.8736907213089,17,0.1320116928208197,475,0,23.251955107002782,0,0.7818733095606271,0
715.11879459982,1,0.6417721988542125,156,7,25.327878236300133,1,0.3106470665801448,1
851.0399144682383,21,0.1458415152943305,869,0,46.76942480806782,0,0.6976645150255896,0
556.3685736692336,22,0.1951434113374493,53,2,6.4289632757148905,0,0.9059010833769936,0
595.3089016199872,8,0.3809956531501843,270,3,0.3918803754653729,0,0.924020907987879,0
290.69862168427215,13,0.1711042980960089,737,1,6.244385467933344,0,0.7776862336366168,0
1221.894173831936,11,0.0610503957157205,986,2,32.77811618786041,0,0.8217310462598604,0
443.45339354016414,13,0.1004989418327498,291,3,16.025004285933857,0,0.7364956260378349,0
571.5907444363204,19,0.3864948800869178,959,2,15.327372599771516,0,0.7358429470300768,0
491.2879405810216,19,0.0154052406606145,650,2,22.022276345254475,0,0.8844137199406233,0
358.0640489383817,11,0.4615851422290255,273,1,4.768563866907839,0,0.8758661412993466,0
714.8285217785786,17,0.2790726104122664,812,1,2.707933187838851,0,0.5987933572759553,0
454.64000561080303,20,0.1147785401579206,213,3,0.2267423559221776,0,0.5848517465660642,0
1157.6610565224137,22,0.1869637140125087,487,3,1.6112536407940723,0,0.8032999141130416,0
574.7038544473503,22,0.1272211569563351,560,0,24.736389872119975,0,0.9175384402315958,0
708.4975493869363,11,0.3607644416901808,989,0,7.240445428756489,0,0.7975756474775804,0
274.64125207919346,5,0.7045743898920894,133,11,13.989225482767026,1,0.0970927192711067,1
529.1424125612454,20,0.0870605852288038,145,2,9.21498200196638,1,0.6460361209076231,0
440.0054229267621,13,0.0522489300607484,164,3,34.1267087316715,0,0.8237006348787628,0
567.716923293433,20,0.3310604693802181,153,1,7.4043673276317135,0,0.6628038585308378,0
1034.4118362336244,11,0.1612621615303069,491,4,4.99698777092368,0,0.8453932754694311,0
718.3251498915364,17,0.3042719075656823,726,2,7.20862401547924,0,0.7201475986244434,0
433.1522247111181,13,0.3509969301434736,379,2,5.96764686045795,0,0.9043405533478256,0
579.9865136985993,15,0.4803321438395813,263,2,0.6830257587477234,0,0.8212133179463446,0
1426.2073738531026,13,0.0104693220140245,215,4,48.18803340650305,0,0.8091242946191367,0
2424.1154956929104,14,0.1342938244429615,957,0,14.782565988314138,0,0.808010043887746,0
199.4497440933791,4,0.5463091862486614,85,5,107.59142210731922,0,0.1073356914440099,1
454.81214218306104,21,0.1429284780519597,967,2,66.23849755874097,0,0.9394258733430224,0
341.5842279119708,16,0.2018347394511893,231,2,9.359875795068538,0,0.8344248482180132,0
913.0508013846846,16,0.1897010899776562,968,2,32.641709199236765,0,0.8804811512880169,0
796.8926944808475,11,0.1390713117690913,146,1,12.284964605042456,0,0.918302148355042,0
287.27083640398683,19,0.1949665580344402,858,2,34.41151378226036,0,0.4938502354588686,0
981.83058882375,22,0.3023773915544446,756,3,7.737086306561418,0,0.7916730988671182,0
599.2945205151477,17,0.2243369151289863,576,0,26.54128730771181,0,0.8162144286486689,0
939.4042589638648,20,0.14426971187726,889,0,8.915894357951686,0,0.9261579450001772,0
1351.74688268267,15,0.0994203469518717,952,0,50.25183595199741,0,0.8272762792257643,0
805.5012797308509,17,0.0578973241909027,534,1,22.48265032211275,1,0.6703240806170696,0
669.7180155306777,20,0.1277207858684094,293,1,11.620501661933847,0,0.8062979662912525,0
598.362960165163,19,0.1704603001735682,897,2,1.6195514314640758,0,0.8014539533241871,0
1058.8968584426325,20,0.2836389399421524,791,1,32.401982092488936,1,0.6870238906310241,0
1360.001053887587,13,0.1131409988900094,371,1,11.463440832177394,0,0.9073026227912764,0
305.3088990218877,9,0.0306375567652103,897,0,68.77003114420921,0,0.8866282705424128,0
596.7736908132323,21,0.2562689784166104,516,1,4.191659205230694,0,0.6800635920809581,0
1432.2097210709585,22,0.0831975171481074,304,2,6.824103137954751,0,0.6212918930257623,0
250.42177412008417,22,0.1405110928587527,430,0,0.8909894399500803,0,0.6361302653610386,0
196.6849313485958,1,0.8119510955102419,181,8,105.53520311606972,0,0.0577434271952432,1
774.4870327190667,22,0.0489786771170091,474,1,9.235089636457644,0,0.8562181217643522,0
478.91887468579415,17,0.0053938838124578,454,0,2.6460403472967187,0,0.8576192002592851,0
378.8469659800218,15,0.1926581238638277,520,3,19.504844977934617,0,0.8668029435874047,0
875.8802673271014,18,0.1355019544074377,798,3,9.171744904789165,0,0.7068542541841799,0
747.5288484013487,16,0.3406513951878632,419,5,14.010540854164828,0,0.6501136289542903,0
326.3264461550253,20,0.1952945212467861,906,1,16.329154802517554,0,0.8517769485543588,0
508.1609220735399,15,0.0117382282104411,413,4,29.992157399505302,0,0.7859530966961311,0
684.2586833976821,7,0.1718174618830377,213,1,25.36440758818866,0,0.8796976308021964,0
728.9714492193814,14,0.3568594846185003,552,1,5.404423699701941,0,0.8761269526907639,0
649.1550301280515,14,0.087302685995283,246,1,0.9917472294190176,0,0.6826895924282731,0
450.72556463104183,7,0.1082151686650736,864,4,6.590747069480146,0,0.7728739736438506,0
517.0805554583741,8,0.1509073809038713,164,1,7.617587140132843,0,0.5528185408785417,0
438.1626503425864,8,0.0824981480052614,513,2,40.779564784466494,0,0.7095012470539807,0
492.09446137490687,19,0.3924903722571295,806,1,8.752944681763461,0,0.6021019162118262,0
549.6509142474486,10,0.1647005652524667,382,4,41.64821347171564,0,0.7626337598406068,0
486.7096714448764,13,0.1484409713582305,720,3,15.675264785031226,0,0.7249528556888887,0
746.0571163984887,10,0.1798655313251304,596,0,25.767225140542923,0,0.7201435020890233,0
592.6455145089486,19,0.147876885071628,131,1,11.84352478446356,0,0.5745466649879107,0
1434.053367107963,20,0.2571185427970011,249,5,0.5386165849212529,0,0.8451874451083443,0
401.63219224931737,12,0.1590936479576875,493,1,12.65977529249166,0,0.7797909328987398,0
646.6370305069144,16,0.08114142057422,590,4,20.731311518697876,0,0.6070855086487286,0
4749.947955295793,16,0.1288761509402864,781,1,4.703254376847427,0,0.4654430537491533,0
1004.0410665367732,20,0.2135170339586038,134,1,20.668952719666414,0,0.954794264165676,0
559.1256429684516,16,0.2133265535544104,726,1,3.918487301428548,0,0.9132428684063718,0
581.7450915491387,12,0.1045255609447278,336,3,6.164545509927331,0,0.9390488941510212,0
1239.5914779103082,8,0.1804312847580362,855,2,0.8066722509726512,0,0.9244090001845784,0
125.85310737233912,4,0.4422858562396445,113,11,23.381231246436432,0,0.3426113616089162,1
601.3791180810757,14,0.2437623406907459,588,1,5.432565795548683,1,0.9392856776443612,0
805.24698311691,18,0.1756415390504657,533,2,15.913456612337058,0,0.564963148807733,0
1443.1172608488905,19,0.1731098026614088,676,4,30.77564075984184,0,0.6431229895702814,0
500.2634478863427,8,0.1474289996690823,521,5,3.89225399145282,0,0.9365493577580116,0
347.17484225958145,14,0.0990447688741784,775,0,1.722317136083562,0,0.8239874643235339,0
436.54615974670554,7,0.1883992652642339,116,0,5.318347644811962,0,0.9853352131529036,0
840.2067802662011,20,0.1613058405194578,252,0,26.29875730205856,0,0.9313947312900052,0
515.3108452809047,18,0.2289638572818004,231,0,6.2680809660182994,0,0.8289348793088731,0
839.6669084440437,19,0.3232130772265126,788,2,6.394973234852957,0,0.9721948663430178,0
363.29851283872904,17,0.4025761966470085,547,1,6.940173208693151,0,0.910327256440788,0
2355.1947177200223,22,0.0999727814718462,944,1,55.03482384036287,0,0.7940785334853603,0
255.66476799778255,23,0.5715017548389401,128,11,30.59864704868012,0,0.1257444916403942,1
372.5688020783094,20,0.0640418763503689,845,0,9.348923787113478,0,0.5330552100445723,0
965.7419889437972,17,0.4045185483605947,974,3,4.259239570100994,0,0.7253771624146389,0
310.07896662551735,16,0.1127158229248214,862,1,5.548653903495122,0,0.7688361809917104,0
757.7835188291612,12,0.204316815295332,830,1,46.25299893159284,0,0.9344149338905798,0
1272.4275354100882,22,0.1822157561922312,697,7,33.16674075714544,0,0.8098576724469947,0
1035.6024523076592,20,0.4910008994506602,272,2,59.573238186156736,0,0.9508892112800468,0
341.26771743558635,21,0.3653211891657624,200,2,25.2152452250479,0,0.9337694063151352,0
735.2660704494585,17,0.1096518158185257,576,3,5.40350330087236,0,0.8577214171194623,0
432.8658631883583,10,0.1735878333994168,813,1,6.246795222122853,0,0.7211853279531353,0
603.0261373226036,9,0.2653927228045564,971,2,7.067108277060978,0,0.7911139637315739,0
456.027280538656,21,0.2606311566741197,775,4,4.417536910211863,0,0.9460213138937354,0
1125.711915725902,10,0.094346336900334,573,1,3.6329007503472126,0,0.9086757389085696,0
566.7562249575167,20,0.1886747611963276,558,4,12.70206766457651,0,0.7381007881125058,0
623.9484699071883,14,0.2414134818712248,738,1,99.52475040796064,0,0.8458715521695194,0
780.4232928315367,19,0.7258187353122945,678,4,0.9768306108384998,0,0.8732753497005925,0
408.8938195186929,22,0.1826695910087969,929,1,10.147944146005509,0,0.6311581747934164,0
1034.2619079291746,19,0.1625525626629116,84,1,25.754668579207497,0,0.6048416363890359,0
572.8104344252273,20,0.2104746977241582,860,2,32.269583066540356,0,0.7127126656617299,0
1390.6987658479698,19,0.2407941199935647,661,3,14.29333849484405,0,0.7273130822898846,0
633.185783166461,12,0.5124052860278953,347,3,31.788641951488746,0,0.6918458401556571,0
496.84522325865646,22,0.5481015216970336,54,9,445.1994375992561,0,0.361021994824415,1
1383.1506260611145,20,0.1193650958555403,291,2,12.282802591399475,0,0.8650928702548898,0
1232.0265520892112,19,0.2129269650222737,81,2,1.826809872397916,0,0.7444319972225305,0
794.0878692711414,21,0.4012019934688036,40,1,2.453013230339002,0,0.618412659593587,0
1017.6918611615722,21,0.3930174655656976,382,2,11.552951755983322,0,0.9174523907888792,0
684.084645187783,11,0.0985781508240078,175,1,20.521488431653136,0,0.599293457317039,0
1369.0661651859482,10,0.0835112221515963,533,1,4.281600319828227,0,0.8493905174751682,0
358.3773292801344,7,0.0956326185643256,286,1,13.80540078612058,0,0.8891020782810586,0
1436.0284231859112,9,0.1830181312342736,310,1,25.45621154624446,0,0.7474538314576935,0
365.7372846655388,22,0.2081178273226524,927,2,13.147040596589976,0,0.6562081747853711,0
667.50162247071,16,0.0631885433126866,557,2,4.2885616118835,1,0.9183685183901796,0
230.50690457626837,13,0.2182627536211634,432,5,22.686366616992608,0,0.958492887060714,0
485.0083122866293,16,0.0754118400832449,553,1,43.14936467346914,0,0.7723799765851924,0
512.238054590884,7,0.4078862080889558,989,0,23.572868003553065,0,0.8111182860611069,0
593.7551069600876,18,0.1699518875874391,731,1,32.231491052153146,0,0.4780981922217812,0
935.5633310886168,12,0.1466974055940218,895,2,12.614168394125516,0,0.9305948513142608,0
517.0660629341114,10,0.2090709695721024,835,4,11.769448429101152,0,0.9307100973930476,0
352.97484625041795,20,0.0801139384176917,428,1,11.07903356653852,0,0.8727507808708278,0
340.2856008713624,15,0.2216887178782297,926,1,0.2611737642596052,0,0.8836108335070928,0
1341.423047979104,18,0.1855817382213446,350,2,21.391322909035033,0,0.7937876765121393,0
731.5934776809074,12,0.1007153123312035,296,6,2.8271611339764133,0,0.7773018002274541,0
574.4705823505612,15,0.0536255819177784,377,4,1.3195171509027086,0,0.8759006557169872,0
402.2092030261441,10,0.1227986219749443,430,1,49.42387759540647,0,0.8664506426467933,0
331.8030644978021,19,0.21706158330818,122,2,15.192970771788028,1,0.8299113018802908,0
564.9854969641773,20,0.0421070057659211,278,3,5.424312087118981,0,0.71610368867945,0
683.1902074421323,10,0.2084171816236944,622,2,33.90282189357115,0,0.8008513339508394,0
614.1760847046703,7,0.2518765092346641,902,3,20.751360928496013,0,0.6887346863100092,0
532.054877685386,13,0.1197322321185592,352,3,38.560573578286984,0,0.8535160756952939,0
828.3075437460224,8,0.2125502493179391,653,3,8.022444314382973,0,0.8009768956735053,0
270.10277636028246,21,0.2915637683439562,946,4,49.28396028452737,0,0.9605599507251078,0
744.2210281954713,8,0.2613306203507724,493,1,12.811951347002193,1,0.6998918443576181,0
441.94392150247165,19,0.2275542222793609,87,0,4.728505762404165,0,0.905439131563518,0
559.6950853390005,7,0.1255274166761091,510,0,15.593424878165008,0,0.91191828445121,0
970.7378649042578,17,0.1224214677279226,727,3,117.42053103675534,0,0.3908724543206261,0
561.2915307350751,12,0.1854017181659091,762,1,11.327916080761293,0,0.861639173498149,0
1147.302344486032,15,0.1213079515936698,334,3,4.409712560790253,0,0.793483253320842,0
1338.8364151871951,17,0.0621109858281978,562,1,5.767260103232698,0,0.673042810313099,0
882.2253540465542,10,0.1657114495961826,184,1,42.39626708480702,0,0.8127417053345819,0
254.0096591913842,12,0.1947357352115286,502,3,0.1657868383893206,0,0.6958246589182888,0
598.0169659064304,21,0.0558044808346395,295,2,5.796248125245921,0,0.945507300084204,0
430.9152860831882,18,0.1447436593821018,976,2,2.909045848992027,0,0.5727406391349182,0
534.9124223121516,10,0.27099346848057,819,3,30.340606018725204,0,0.9567465910004588,0
566.99502196884,20,0.2276390784998883,868,3,42.29275553515082,0,0.9670252191135442,0
807.7587904648879,9,0.2376381481942253,174,2,15.035400100120912,0,0.9423764905384108,0
423.1942870624406,16,0.0710931151727026,341,5,0.7148602833540726,0,0.694062148379978,0
599.699622425052,12,0.0783565352288174,932,1,12.4693619736326,0,0.8641119365040723,0
333.82614229043037,14,0.1053531480391142,979,1,18.57865956373628,0,0.8245046729682367,0
522.5244107630629,12,0.1450470604206576,953,4,8.146846908522177,0,0.963940472230002,0
1715.2712539985405,10,0.0793579423284707,233,1,6.272568594019823,0,0.8447251696261602,0
652.1385873759332,13,0.1129318749813909,712,1,61.90371017459121,0,0.8373823724084319,0
585.1937749171822,22,0.2223876543233258,296,4,33.63473760185147,1,0.9133560738985022,0
1188.7481261579378,11,0.1235253480305564,806,2,14.737680504617556,0,0.7543788293566993,0
1851.6771439633433,22,0.1386516145350428,312,3,16.114113680024083,0,0.9067603353994887,0
375.12925133945,11,0.1026313162057004,673,3,14.206526460596727,0,0.9286163767240916,0
563.8892902579112,8,0.1213644673373576,284,0,3.0533274749780825,0,0.6796649498273158,0
690.452638905053,16,0.1157935288727133,805,4,3.3021216153682853,0,0.9712288705608644,0
530.9275041873502,12,0.1777268511333766,395,1,34.48850330537311,0,0.8068082471384278,0
594.5657643948258,14,0.2205980143129047,928,1,53.610715923368176,0,0.8701155399154328,0
432.2972920576211,19,0.2827458551686163,832,4,5.006950032943215,0,0.9502262292748922,0
630.0305923558361,7,0.0679073520413899,43,2,12.692937992135205,0,0.8595806936729546,0
827.2851155204073,11,0.1047806008793975,139,3,1.931127596867919,0,0.7391138493985051,0
863.4695899027565,9,0.2621900785153713,195,0,57.48853173303282,0,0.6608665806183601,0
696.7987579562378,21,0.2587160604223731,954,1,4.4684825364521945,0,0.7479282091596553,0
1168.0779069836583,22,0.4630007557112092,927,1,79.05234797694104,0,0.8744987679555887,0
1167.8560543507017,8,0.0747538382769419,328,0,14.571748773995346,0,0.7021174835418517,0
1128.329631913922,7,0.1003866887343671,646,2,10.558118921077064,0,0.8182017603301138,0
508.400328955211,8,0.1776653418389125,751,2,6.294668439467626,0,0.5007944633511211,0
1548.5716619719578,9,0.2187995298029804,862,2,9.995049045146397,0,0.7763807070825505,0
361.82395608877863,20,0.2001737737631288,407,5,20.240267542913,0,0.8043813315324565,0
1243.2300843436442,17,0.150971379119586,819,1,7.432695679366621,0,0.6381760929311064,0
942.2688608501204,18,0.2238879232280975,139,1,1.3036437418168545,0,0.719191616799949,0
317.0125090041334,7,0.087511196555808,843,3,0.7787604209141071,0,0.7954969454523488,0
3271.628332303659,13,0.1310077534204515,328,1,8.667741319672329,0,0.7982581051106351,0
926.3409498578736,15,0.0138643849799798,716,2,6.251407140827331,0,0.8488470738227759,0
276.73747856663056,8,0.3577982839018737,871,4,13.000540354370209,0,0.7311917807492063,0
1755.239351495854,10,0.3614603709326875,760,2,6.329465190962684,1,0.7662464161406846,0
527.7857706876541,17,0.0792688009750426,366,7,18.283783473847546,0,0.8151944072330771,0
869.0290322567639,15,0.2282464401140099,423,3,17.72026009215519,0,0.8840132962730706,0
544.5406659352527,18,0.2624869160084709,33,4,47.32764326030819,0,0.9458655110276736,0
180.0603917844734,23,0.4230738834735643,24,5,57.35203878645985,0,0.4529575684670708,1
797.4469384983286,12,0.3656597360170885,793,3,6.048944723554841,0,0.9292373495013384,0
3247.118595821466,11,0.170931732964076,941,2,3.508451935052302,0,0.9572966894773468,0
587.8547748435678,14,0.1304168206038844,684,2,17.94463248218782,0,0.7948767947686812,0
597.4882806898448,9,0.4941391949690151,763,1,16.066678129263444,0,0.6592214429722334,0
567.1902804053925,22,0.1010868007734539,545,1,45.51449702227733,0,0.8658673951256453,0
716.1151770893509,17,0.1788559502372047,739,1,1.720257604255392,0,0.6653434468801777,0
1291.071570198889,17,0.09765586965995,310,3,0.690461544778467,0,0.7986836559357449,0
768.9760833082491,21,0.0687084420419128,699,3,4.120848645421307,0,0.8341247410286522,0
205.81492046569485,19,0.4111397023077647,573,1,9.773389926699968,0,0.8588583342363528,0
312.2799089675623,13,0.1436810943256327,326,2,5.034176867235742,0,0.7096188593599978,0
513.7902149253248,16,0.0598820185723609,186,2,6.937486996361763,0,0.956786501848972,0
454.50876998744656,14,0.076305313745327,210,3,18.94876190145705,0,0.7678876940035416,0
483.9082293086006,16,0.0410380020990466,88,4,22.74041885187279,1,0.7370668249211537,0
624.657786376366,8,0.2369090489949515,757,1,2.7414175580707414,0,0.916388885528614,0
330.7867980681839,21,0.2757460679534078,678,0,39.84222803234181,0,0.8451124899659422,0
43.791710985910186,4,0.6217335191899565,184,6,438.77610821942096,1,0.311836953323079,1
616.9680416788572,18,0.06060405540133,294,8,17.82754207988198,0,0.9804044448530704,0
745.2272008776397,20,0.1890585530053838,814,3,14.35887997344308,0,0.5562496373107003,0
1372.6927775887118,15,0.2740668423600396,690,2,43.27828708325032,0,0.6423664634353526,0
597.8267011954143,21,0.0768305807232649,137,2,21.835635093327873,0,0.6959558155004214,0
883.6272240649104,14,0.1682044309834965,439,2,9.025085242617346,0,0.9422019486319771,0
3375.000812535853,10,0.398906167145913,258,4,14.902430360292792,0,0.8868243190578936,0
578.2733623792377,22,0.4360325352313748,108,3,9.709011533752578,0,0.9494287334337904,0
655.0478361400221,17,0.3017401421265613,565,7,0.4118953237851956,0,0.9290454407702816,0
1304.9425199313066,8,0.1408563044548743,411,5,6.615065695885156,0,0.8704920641387434,0
476.23911252070144,16,0.0906735338520572,778,2,0.3776278737309928,0,0.8627400113088997,0
561.435375270961,8,0.0666185069143991,101,3,22.236617476473977,0,0.9377485491801864,0
1441.920113906849,9,0.1108105495627155,68,2,27.30691508976876,0,0.8117112135698332,0
541.3744454375859,12,0.2822510029366246,532,1,2.563398046049682,0,0.914900137752706,0
539.4751665148813,9,0.1557164313514554,471,3,28.314022858462454,0,0.6651417900342768,0
725.1859013818396,22,0.2406530266511663,431,7,0.6761479452276826,0,0.8574651001246196,0
720.5348604175229,14,0.1092516499594162,294,0,32.807532006110414,0,0.8281611808312634,0
1145.1652142312985,18,0.2247999489745004,203,2,0.819232967850144,0,0.5689389605426428,0
649.9210717254126,8,0.2979517323282222,659,0,15.288344784217225,0,0.791092063338275,0
604.8467885681813,21,0.1310545791962539,466,6,5.639947220387569,0,0.6982953679935532,0
884.3329570222985,9,0.1044409949956682,117,4,27.7318190190456,0,0.9558728933100444,0
1126.203625620179,13,0.1554508998841146,450,3,1.6411367307906248,0,0.7494104607357067,0
897.9799672115676,22,0.0721714999570153,387,1,1.6804397658538794,0,0.882273806069655,0
221.7251578800988,5,0.7626495306201408,176,9,1.6987785754683873,0,0.4985175229427478,1
1014.68711124369,22,0.2180042751087845,407,2,6.079787125620837,0,0.8760965063316997,0
519.1796241011044,17,0.3113818713204361,793,3,4.245960005493789,0,0.7247193802254613,0
360.754316783715,8,0.1027771477969759,249,0,6.942343711247627,0,0.9360835659418384,0
1006.326083198498,18,0.070072139019553,68,5,44.68222941055808,0,0.749266711923701,0
296.13057772401004,23,0.770381870770538,152,10,139.1220560012513,0,0.2717929833208974,1
418.922952140328,18,0.1515805138027296,372,2,22.3542909951814,0,0.3762752643778904,0
458.8590527204707,14,0.6417660729155118,439,3,3.4680502493172884,0,0.6479380841883928,0
1569.2946883883258,8,0.2602009909568877,541,1,14.19600940526346,0,0.7064838956490503,0
508.1819396397121,11,0.3802552690187992,928,1,5.803526556513776,0,0.9595685456008376,0
1170.8120524200656,15,0.068867509529491,633,2,5.968604115216336,0,0.9719391210115964,0
990.7817949582156,14,0.1020295987890412,224,2,6.425319290551651,0,0.8988358190335207,0
636.8312233979452,8,0.1391639611210723,574,2,1.4210896755513396,0,0.8844155369742992,0
348.46395816018094,18,0.2733695082484907,348,2,58.493569958160954,0,0.8756633126988916,0
956.0378001187952,15,0.0297925621998001,876,3,27.01697892901666,0,0.6355457323743475,0
405.3304677642449,16,0.2597256780572031,131,2,25.880775447538007,0,0.7402549402046676,0
1001.6847601519672,20,0.4604286991069448,62,3,7.950907808505422,0,0.6540170463801481,0
1011.6713019693144,8,0.0888000456691391,604,2,4.865746129988343,0,0.6745051022743503,0
776.9346741108224,18,0.1419149782472525,463,2,4.517311461888684,0,0.8023330860951808,0
365.8773961948902,13,0.1561499518097604,276,2,4.181382207075507,0,0.7864599878132577,0
978.145648439306,13,0.020182502072662,613,0,20.07223779220701,1,0.7875258338290091,0
995.855013223884,22,0.2689292461228971,592,1,6.084713756486677,0,0.900864176509498,0
236.31504029089507,14,0.5140047552876484,72,0,0.4862651956632791,0,0.8524012753637858,0
742.571586016905,8,0.3825504742348171,504,1,2.3915618827604983,1,0.8277206290844155,0
652.5700147186291,21,0.2346764494060694,300,4,4.884844915679556,0,0.9003815396742865,0
307.9354078877048,10,0.5595580122532656,191,3,18.6674060448813,0,0.8719366881424258,0
2377.8426541130143,20,0.1308200782474383,202,1,5.103523135314583,0,0.5757002887089567,0
401.75145522791024,17,0.2121487480398648,558,3,14.756186890109268,0,0.952855713574504,0
630.3978265486008,22,0.2788827757168065,412,4,6.449708585605472,0,0.9481058173027932,0
741.8255378132852,20,0.0701082574730078,760,2,44.50889116313039,0,0.7979179464132461,0
244.86283582234432,9,0.1951827016561818,805,1,2.1111275090372077,0,0.7812902527111653,0
713.7570571605522,7,0.0435667068627571,964,3,13.883486076757508,0,0.7033569288420689,0
875.4966786940861,20,0.0982458382143854,512,5,12.07827675812593,0,0.6485985037926079,0
610.4804171433693,15,0.2830415205361236,935,1,27.756480036228265,0,0.6000398348736107,0
1023.7378053449538,12,0.3533706541433333,116,2,6.812516467613678,0,0.6854876595413357,0
831.2899197214866,7,0.0884634846978465,795,3,17.20033392885231,0,0.5592774602899255,0
432.78296519228,20,0.2202109768141468,839,3,3.129150623848895,0,0.8166592411907723,0
872.2218311663613,20,0.2202781109767,863,3,27.62048752524893,1,0.9766173166753442,0
401.9011266435964,19,0.0657919803457554,495,0,9.901395689478518,0,0.8235396879824479,0
668.858592741328,12,0.4935563310292246,635,1,6.055132032794554,0,0.9521343497924648,0
233.10502639478472,20,0.1723401340128368,959,3,5.193007625165644,0,0.9370160808102757,0
749.3034433571181,11,0.303654138968578,590,3,6.109320183816444,0,0.8385431349409441,0
1306.9053868416966,7,0.2542765135017018,157,1,28.90208727407818,0,0.4032042255727215,0
562.5221949853495,7,0.3035143564537908,608,7,17.36229971545334,0,0.8416005871664709,0
784.4052655048198,12,0.0519058496377998,201,0,18.46414402359427,0,0.9514042949653588,0
633.8822028581254,7,0.2023671409896799,433,2,14.934674207590083,0,0.9051668197996484,0
877.0835762427664,8,0.0806477616674652,577,4,13.992958306975089,1,0.7010441308432211,0
830.699614219262,8,0.0377363455832537,745,2,2.420952690557304,0,0.3897472647999316,0
439.0880049385138,21,0.2741095416006261,305,0,8.56017246286768,0,0.7794721821937857,0
841.2048269516006,22,0.1291694420616883,914,2,3.8713334780908575,0,0.4650292444417604,0
648.7177647200181,18,0.24418552443927,223,3,32.35392235707487,0,0.8850980173329938,0
504.8454563921286,19,0.2995163686167066,565,0,18.223632511779627,1,0.7349990571493185,0
521.8919480154884,15,0.2588880333733226,272,3,0.3442215658824918,0,0.9252800936325724,0
666.1241562252247,7,0.2357859309277423,744,3,26.104642681342117,0,0.8155067728593174,0
811.8912659674747,14,0.2543985904179221,534,4,10.098640103306616,0,0.8984486088092662,0
334.55891851929323,11,0.1143930794932085,246,2,11.25198345154012,0,0.6349720582107774,0
1002.5718272209742,20,0.2493402256735413,943,1,10.872701181914872,0,0.8692308014112319,0
637.634185081491,21,0.1494348900402812,950,0,24.290178108104623,0,0.6247093282827736,0
756.2610809858535,9,0.4891282726067362,919,1,8.033962248667965,0,0.7541464480979897,0
454.1309246637743,15,0.253866827900442,148,2,8.698388354961729,0,0.858264621804199,0
547.6572292398316,11,0.2396201665448668,591,1,0.1142929706275158,0,0.8792689207748998,0
613.847176842042,17,0.2946636207602753,366,1,13.607473157770002,0,0.816332832425203,0
52.28375198613556,4,0.7308778227645757,63,7,143.23017154643418,0,0.2162914879979736,1
647.6872168977293,18,0.1760358400875848,411,1,42.85969736863409,0,0.5910698037111742,0
976.064733718129,14,0.4862207348931481,487,3,66.66070086867865,0,0.8954801179124822,0
682.1727839941809,22,0.3024501699670441,726,1,0.2255428521136161,0,0.8983662902768448,0
1089.308158881874,20,0.2174953874722108,818,4,45.83392904314307,0,0.9402660964375822,0
901.508526557783,14,0.3759284740520487,614,4,4.672261757452391,0,0.726311258678747,0
500.3690208686808,16,0.246043788218955,977,1,7.813351570323286,1,0.963499688215664,0
352.7320528157054,13,0.0503781521325731,885,2,32.27399329566045,0,0.7820630024074752,0
445.0651141936881,18,0.0254312284589311,563,4,14.24249621074236,0,0.5879555397341907,0
671.0222013614729,13,0.2551678735464783,879,1,23.908542810853778,0,0.7272163740668781,0
424.029326412894,12,0.1547324789221753,174,1,6.192117351714411,0,0.8902348499578795,0
934.6013660036714,22,0.1874706016176352,574,3,0.0358126803230181,0,0.7354675152491834,0
536.3152356158188,9,0.4595550738280996,415,1,15.814512884568671,0,0.9282855965453576,0
1234.8311487748904,13,0.2840623561223296,740,1,3.044865349902003,0,0.7762948996945955,0
1021.4477119642092,16,0.0232756016564162,785,4,1.4723369613884405,0,0.7894364375809068,0
986.1126757695891,21,0.0662721494546506,398,1,21.92224990550939,0,0.8300630188334618,0
633.3671408314715,8,0.1219872666908341,976,6,13.45939450016577,0,0.5664145194180182,0
477.57626036615994,20,0.325982696698825,490,2,8.819570380195493,0,0.8537906100304123,0
302.3770425648875,16,0.1428327690775408,70,2,20.714598256662768,0,0.7822194294031148,0
534.796451689781,9,0.3665580484933685,51,0,1.549627098943282,0,0.9288452486457968,0
586.2645036967608,17,0.0074876575585879,156,1,10.76904010134207,0,0.8403482864264331,0
997.7350310549912,12,0.1444356769598605,392,2,10.238521517019857,0,0.7950982755011481,0
116.97673065292028,5,0.5073035701288885,33,9,98.49957122641992,1,0.1543371076283172,1
1456.2850005540406,17,0.0637234857643318,778,4,5.196124499133477,0,0.8225811869797457,0
1106.5290918103856,21,0.1686223402303044,347,2,6.4542342861504105,0,0.8850502853387112,0
558.361557316206,13,0.0446161220228944,590,0,30.821451607196295,0,0.5068709081574472,0
487.3591124341104,8,0.1354179764803534,708,1,0.9581700844011026,0,0.8401382435550404,0
419.7737619804624,8,0.3203751299291847,606,2,11.958827272878931,0,0.9860998220494432,0
793.03743888796,17,0.0871825033755996,413,5,1.0789980875142229,0,0.8309605396669819,0
386.01945867459114,20,0.0096053036251421,959,4,14.893661219354842,0,0.9297156678885168,0
375.1422612746522,12,0.0671324471508536,336,3,2.027240015023891,0,0.9228796524518296,0
924.5598417651806,18,0.3570424378340801,692,4,8.700597472281618,0,0.8848380914804607,0
166.8909020736018,13,0.2752591021682921,614,1,1.8918029470612805,0,0.959304089053968,0
972.61219087269,7,0.1409270961657943,852,2,33.75899424828358,0,0.7301521005128254,0
1553.656326963248,8,0.3241370344622684,656,2,24.311393859844404,0,0.9216121476876302,0
389.5811561753132,21,0.1050180065049039,122,2,21.791038382232234,0,0.8699517090724661,0
874.5737279060571,9,0.0941137732390671,390,0,31.020652748738364,0,0.9239413558146244,0
362.4531679648946,12,0.1533615030200365,362,5,19.853773330602507,0,0.7653830281927236,0
118.66635461718104,2,0.5837958604699893,1,9,438.1200755613975,1,0.3550987303000645,1
536.9370681302928,8,0.0944529097911299,344,2,10.125577687044796,0,0.9122858693012924,0
482.5119018856947,21,0.0363490537460664,924,1,2.299401104197894,1,0.9424757670618402,0
406.2422843552706,19,0.2528295158390392,155,1,1.4347827829001336,0,0.8657324201258646,0
1421.4916377175389,8,0.1472014995060393,505,5,4.034132584419561,0,0.8296351720980875,0
464.4346821114352,20,0.2080692393109149,50,0,14.289809483290735,0,0.876065015296829,0
382.4158453355849,19,0.3122337066042068,284,1,8.56144129747893,0,0.7973297642014091,0
940.9006996497704,17,0.5481405957465852,738,1,2.712999658051809,0,0.8328197052134663,0
668.5932972368028,19,0.1983889885908241,364,3,4.332152057832936,0,0.6555248780825157,0
1137.567834457,10,0.3452530129704816,435,2,13.308073513681537,0,0.8237115804015438,0
141.20781666780593,2,0.5948443881335901,47,10,51.51444326521628,0,0.2556301477958226,1
511.62868593776693,14,0.0114963711752933,555,0,9.601032107176795,0,0.9682201288416168,0
561.8040351450451,13,0.1512828715701966,203,3,12.634140956048672,0,0.533786275733121,0
861.0569031433904,14,0.2088581730822625,366,2,6.69366765890879,0,0.7368700639719762,0
855.2378415468693,17,0.1547935785757147,481,2,24.439461257856976,0,0.8977310045439714,0
872.0781992873773,12,0.0269943448225738,779,3,2.5932217738302454,0,0.9701875739690076,0
442.273176073116,9,0.0636462868150323,264,2,18.75143733414939,0,0.909141819056428,0
1072.5220138309674,16,0.2090056040986525,134,2,4.1627348575082745,0,0.8095375105363917,0
695.2700482289695,9,0.0800477896916515,119,0,1.2486698774104774,0,0.8167002142449523,0
396.9355341298259,21,0.0460461547418882,987,2,7.024440029967001,0,0.8118375938837389,0
1590.082567569836,15,0.4569171372784441,850,1,1.64168403866205,0,0.8995350506172779,0
627.0868977180933,22,0.467334461300625,250,4,8.246867375027161,0,0.9516940046415918,0
435.99328347578427,8,0.0963883392653505,765,3,11.822200412433943,0,0.7539572525631897,0
457.07948564005665,20,0.1143975721326782,307,0,7.13495251260806,0,0.7892498525728974,0
277.3540049387082,13,0.1252027807492911,946,1,1.003173882661965,0,0.6307969786877116,0
540.5893078788795,20,0.0627645228313866,939,3,24.687478324902074,0,0.7381855979969597,0
62.40198607689375,4,0.3560634913147312,43,7,50.48548205217836,0,0.3689035938091038,1
409.6871690482305,13,0.1429600995801558,788,0,5.632356702116195,0,0.9347560162364634,0
209.1557737069686,3,0.5928651968101648,64,12,14.16153124611918,0,0.2293718599126467,1
595.510303656899,10,0.2960837181253613,442,2,51.66380796356121,0,0.8411811275460764,0
506.1509805999706,13,0.1101413146551903,333,4,9.150064752394808,0,0.8890649511274162,0
471.2094191264223,10,0.0907914406060533,49,0,21.47154453394873,0,0.5754794716433085,0
657.1938896225253,14,0.2050815218044336,906,3,11.710953956883664,1,0.7204517894864927,0
697.6880776510474,14,0.0077952029412869,231,3,9.883858455630506,0,0.8670402770955423,0
691.7344719822133,14,0.0855050273768156,544,4,2.7255309385813833,0,0.897757640168746,0
1086.625564897945,21,0.0872271160149918,741,2,3.687815713665089,0,0.7881129487277252,0
986.8964972220688,18,0.089439685513913,151,3,23.818764203459967,0,0.7144093026289735,0
1076.0770347728849,21,0.1004528851044009,156,5,10.65708861900287,0,0.7154915437413736,0
1239.837784765706,19,0.1357814317710617,344,2,0.98424691024443,0,0.5948130158381344,0
1182.6219276571271,9,0.3622195934982162,261,4,13.461957269751627,0,0.8036161778884696,0
1414.5218450575524,11,0.0874866357388709,293,1,42.21441534527109,0,0.7261154565572973,0
447.2918822583655,20,0.3942032262835767,419,5,25.41686301089003,0,0.9455867389185912,0
523.8469412104783,21,0.1466733480755317,838,2,27.372040378451914,0,0.676411321750839,0
805.722360679872,13,0.0611247106417826,520,2,4.676143312120693,0,0.3870802967041556,0
889.4106497585536,18,0.2106608912895004,704,4,9.572072522548142,0,0.9009095993488684,0
577.6900543960211,14,0.4899918149327514,136,4,8.836866206779083,0,0.9376969287014992,0
950.0421082548733,12,0.1635032257546014,487,0,1.5398102348120313,0,0.7684238357377096,0
252.3897531931187,12,0.2929450118693516,835,1,11.168551061796345,0,0.922685888231976,0
406.57201568987904,17,0.1350847528728876,890,1,6.329941007067806,0,0.6261333808005198,0
562.1866851847427,20,0.2139303364428248,222,1,8.27796360188657,0,0.8411657764446949,0
407.2036003662434,15,0.1675749424090747,60,1,41.93347653019628,0,0.9455400096194294,0
1215.1107538160015,19,0.0639481617045949,632,1,0.4312788162541205,0,0.947957441378126,0
781.1334594838038,16,0.2073812198595003,338,2,0.9962289806077363,0,0.760061169564576,0
322.2815170603927,22,0.0294087140026369,791,2,1.1940521056414644,0,0.9588570543138424,0
878.9969775962217,9,0.3486019431723511,623,2,43.938989575969025,0,0.8415374684286948,0
876.4329185478393,15,0.3267866953753705,393,4,8.123070355299825,0,0.8443625700665961,0
323.19193336768456,9,0.2712436393019928,630,6,12.986681899055093,0,0.7098175838209375,0
311.0993627730837,18,0.3262145674412516,803,4,16.083302551808902,0,0.7830180308676188,0
1032.903771453419,15,0.1446696382192341,879,2,2.670144888622398,0,0.8989422856062264,0
124.04451281766816,22,0.679100577894531,111,10,99.00448242958164,0,0.4931088191146576,1
312.5898238407606,12,0.5242432551247457,717,0,15.790835326440249,0,0.8320429619852272,0
630.7861759564161,14,0.2155386894554012,381,1,4.3914163717656125,0,0.7529523893830908,0
436.3008512698601,11,0.1525623837035571,127,2,2.268158834832997,0,0.8291190929930906,0
420.99436337536105,19,0.3123878394807814,401,1,7.508462479614689,1,0.891008486460079,0
609.9607143095849,9,0.0730216440172368,35,2,7.240008742947951,0,0.9688051288778964,0
991.5110293504426,7,0.2737410162476948,569,2,3.525418488142175,0,0.7612443035192152,0
483.5485071171001,21,0.060855752635989,572,0,3.9593240120267352,0,0.7737293621644548,0
1266.9422312371166,8,0.3497176271088199,490,3,7.199411953181827,0,0.6625330297014859,0
511.3796609736768,12,0.2586373587402216,855,0,9.569043564775036,1,0.7800938626542409,0
223.06011037273777,8,0.52127051926803,458,1,3.482597907382661,0,0.649706524350561,0
914.9977101781748,16,0.1371598620035158,172,6,3.838516726500469,0,0.8776243712112095,0
784.9946198417399,16,0.200876468288353,278,1,6.667692525761754,0,0.6251530963024313,0
1069.81479167722,17,0.0476435765981589,788,3,9.871019507747356,0,0.8134310107637388,0
545.3529319502832,14,0.4061292155992232,34,6,24.324450045231,0,0.8048907524898288,0
612.7478958370082,10,0.1049487697543462,175,1,0.0817927333556527,0,0.9193560200359174,0
779.0266032411845,10,0.096746129256075,527,1,8.441461701433775,0,0.8726186324834796,0
184.7865726096443,16,0.2663428293464708,121,1,41.521233955362845,0,0.8098850137239746,0
333.8539173713442,22,0.0434207852821728,152,2,9.428822030173691,0,0.6614494215972403,0
752.1128821069193,15,0.1616340710571112,240,1,1.617205494336915,0,0.8062873687778535,0
809.8695441618819,9,0.0696649336806066,245,1,16.623766697252766,0,0.7816348956510553,0
561.0617493436285,18,0.0563489601248486,327,2,5.641973047984005,0,0.786934855196179,0
296.7297883874905,8,0.1668528545783506,758,3,3.669884499886468,0,0.6774488295535017,0
711.858895738352,15,0.0862445814735265,589,1,12.745236538413534,0,0.4122034492813656,0
521.2680639945403,13,0.071672797234836,823,2,6.94108719758852,0,0.7948819486570013,0
1631.357686709231,21,0.315212434573751,390,5,35.467499062212305,0,0.9061315142226574,0
785.0802351891991,7,0.1277426560506833,752,2,13.347685886568026,0,0.9074229219289096,0
801.1437726840755,21,0.3502001348852343,761,5,20.39363849679302,0,0.9113593716121956,0
414.7285411409108,12,0.3916332498307397,245,2,25.17832279282891,0,0.8139307332654704,0
334.9238576779894,20,0.23317045327018,387,1,6.008016562301554,0,0.9332656636095158,0
727.3260531722891,10,0.3497233411066571,747,1,1.8981968476197335,0,0.815582087769136,0
597.59878545711,11,0.1594379257777505,467,0,18.671022567162716,0,0.7004806200931547,0
690.1420513580658,7,0.1327016194373627,816,0,11.775471906749004,0,0.6489054632869568,0
716.2912322883348,12,0.3102109110992299,399,2,16.50035101793584,0,0.9510010354291222,0
862.4322381024589,12,0.1077218115230932,34,0,3.791614815091596,0,0.8994656133806914,0
508.5114649697376,11,0.6169249176078982,297,0,23.921279721605128,0,0.7287008408164858,0
217.429225918004,4,0.7672591807320339,14,5,53.31963341805598,0,0.2459128084557131,1
495.2913260004139,17,0.3990373255171284,493,2,0.0131769453946739,0,0.9096222308609164,0
1485.8826712584696,12,0.1868156665065214,995,3,2.96480686577863,0,0.9583638670044928,0
1196.35194161715,18,0.0786159934248223,224,2,16.734233773066833,0,0.7804717458799687,0
827.0809219049833,20,0.0831204196528878,755,2,15.883936470570518,0,0.4658659342940837,0
827.1030129220678,22,0.0403670273245947,223,3,28.2257117810114,0,0.8802141007879711,0
393.7358607639693,15,0.2036382111946182,589,5,18.692688587276425,0,0.9673546765059864,0
385.7000933122742,13,0.3398050934169838,135,1,1.9875489122540733,1,0.9551987203040784,0
963.3026921985866,8,0.1046769743022553,834,6,17.94290386948959,1,0.9217245982908296,0
373.6246634812195,4,0.6505692664557813,96,7,386.9528475164555,0,0.8160699652928227,1
616.8010794767727,17,0.3254713504604362,869,3,0.2908596016271767,0,0.297395385274322,0
956.084826282204,10,0.3166893813767591,65,0,26.47675052217689,0,0.7586506970749289,0
485.73443423638446,10,0.2367384253188142,135,2,31.81137440013051,0,0.9376050845005997,0
503.39577486162784,20,0.1947192801870951,243,4,14.364625992740937,0,0.8966643533934446,0
178.5406505286033,16,0.2635866471746969,978,5,4.133910625514075,0,0.864444759424997,0
1076.0728932223717,21,0.1133463423547616,866,0,5.251100370434201,0,0.7579875262469676,0
686.0763434229609,19,0.1641762340281162,995,0,14.553991749401469,0,0.8169303877285375,0
1451.653794159271,13,0.2086392003047728,936,2,4.965449649315144,0,0.8358589618688473,0
555.7017541304565,22,0.1494625751564376,900,2,19.174067114729148,0,0.6301629605461911,0
325.26093360692414,5,0.5741371137597573,121,6,245.4883192282692,0,0.5546301432003914,1
1006.5031932022064,18,0.2519845983675938,497,0,20.503706269156023,0,0.8280648423333221,0
81.9938642720904,22,0.5744233278392448,149,7,56.96464495373491,0,0.3106534524158835,1
2151.2994199667273,22,0.2409703328060128,963,5,4.208232801013402,0,0.800192640321347,0
763.8883350660686,22,0.3047083163047496,416,2,4.911269196095348,0,0.97056706309055,0
432.0472852486382,13,0.2470303192016383,574,2,4.740337564516262,1,0.8322158541795805,0
480.2753060619673,17,0.370057969921011,667,2,6.658956672497266,0,0.8810012317964849,0
777.9395910312039,16,0.2095966379546615,429,2,15.287216581246527,0,0.867706882859551,0
889.5061834408925,8,0.0519706227362445,134,2,6.194026308982185,0,0.6341263350171802,0
407.2861080595772,10,0.0825489817154604,326,3,1.394057643987784,0,0.7954812978175038,0
641.5612792282525,14,0.1818472323454411,336,2,22.287006610372103,0,0.6360562276488986,0
1057.8990340769626,12,0.1071715540045558,851,1,2.0062406173521663,0,0.6593781313700541,0
700.1446180312024,11,0.0649686443471675,732,1,30.18983159547081,0,0.8276060121622425,0
876.8617333600275,8,0.1901260128753496,273,2,15.940959029145738,0,0.8903230537356861,0
401.7279094715568,8,0.2008136917418888,587,1,24.631323989459247,0,0.8251141306614391,0
699.8826345816993,11,0.1146371129872202,716,0,4.33187366304388,0,0.8918014902715146,0
769.682289957067,20,0.0610925601953669,879,2,16.949290780638588,1,0.7127600941068527,0
786.885448143113,13,0.1135268955927032,421,4,76.7156668585896,1,0.8547617823218169,0
1519.910297748295,18,0.3167174904216684,672,1,27.088615926924945,0,0.9112101627247166,0
1149.1700015049855,7,0.0473177838255867,70,1,6.666810746264115,0,0.8093918064898666,0
852.5371478440157,14,0.2980910870726955,377,1,25.379723422397397,0,0.5884712861609828,0
576.456520388086,10,0.1646868704947909,770,2,1.7136970318455158,0,0.6782151717233235,0
1718.2564653312886,11,0.4062924616921225,413,0,3.970482350675536,0,0.8402192742670291,0
690.0348000057078,14,0.5800517514237747,902,2,11.278221685638648,0,0.892182334721146,0
674.5873879277925,16,0.1642149811803829,683,3,15.57486806208764,0,0.936383376443573,0
714.8799776602724,16,0.269363268902128,961,1,1.6871243456509268,0,0.6322408542082089,0
1382.4147252165026,9,0.2742205349766842,853,2,4.445548927500958,0,0.6801215885511191,0
197.92386615131923,14,0.2740724331421836,79,1,43.522661762179894,0,0.8427755460514603,0
273.0637796016537,20,0.283463422550078,637,3,5.454117723348214,0,0.9594966365476242,0
1531.0700177472636,10,0.1556423076567262,880,0,7.276516104568466,0,0.6354084497171036,0
527.1657411635339,20,0.0242591553687791,751,3,9.915923637629046,0,0.8259478224612012,0
1090.644496918273,13,0.27902756883599,511,2,5.223453496366803,0,0.846648965928991,0
475.0161416151348,18,0.3831210717322552,533,0,2.6775055411945705,0,0.8932786756151215,0
997.383224463348,10,0.2656316965531135,289,2,17.799841743218984,0,0.9116892758397036,0
781.1738954346814,22,0.1889780997014579,643,2,18.493614253993275,0,0.9757245610568808,0
401.1456801345722,9,0.155929918664189,792,6,12.274025027192607,0,0.7388936261505905,0
652.6089407316925,8,0.1691216392616203,178,1,12.412021039332949,0,0.6870661000444811,0
539.9826183785613,9,0.2720228343035552,609,3,53.23235507834885,0,0.9443214403089768,0
644.106306198358,9,0.410058656384647,201,1,3.0303012694722717,0,0.7471135085368537,0
564.5927589685365,22,0.2589235716119597,255,1,1.7133090406005609,0,0.5560600709963294,0
320.27916315671393,22,0.2493333634543743,839,2,9.764991016104291,0,0.743377733049414,0
908.6454713198464,17,0.234185006915599,419,2,5.1572047378837755,0,0.5878963018586345,0
403.5882845038052,8,0.365201236961346,93,1,13.836025237644996,0,0.9404831881645248,0
102.36662443027888,22,0.4324742534518768,118,10,79.54383275407689,0,0.2644413854496041,1
414.85013876164817,17,0.1160291546542408,858,0,10.011317317561064,0,0.6544702668549345,0
452.9181031663197,18,0.1697802321155777,321,2,23.772783871003725,0,0.9319656626189964,0
1169.153076311496,19,0.3394308014798395,527,1,21.963135984347065,0,0.7329561766528649,0
664.3178674495402,11,0.1995914413479299,139,0,11.169675412954954,0,0.4323336470810449,0
1151.8562337970216,21,0.3098942325457178,649,0,6.390258068657404,0,0.907135406424569,0
644.4233919533511,11,0.3584904085553175,808,3,41.333388322976354,0,0.8387191220744229,0
319.86926445517975,15,0.0790171421448747,56,3,9.789525532520807,0,0.7656712961527433,0
299.7904115179318,4,0.9295293136001316,58,9,151.25837339969448,0,0.1422516942428976,1
1530.6448158391402,10,0.3314741669857069,191,2,14.438323340188852,0,0.8592614861123367,0
511.794500991374,21,0.3168849195222266,506,2,28.151618526462652,0,0.8090513913450824,0
571.6854902792302,19,0.1928386374892093,941,2,2.4694771760019587,0,0.5148460244160676,0
234.8570171860154,20,0.1419646750430706,462,1,0.4996615455395318,0,0.854572029591918,0
80.49064724837044,0,0.1693698558514377,86,11,45.78386416988843,0,0.3914363476730891,1
783.9349825477483,10,0.2523171088809214,377,3,0.6997007574828247,0,0.6511230972154753,0
390.5037747156608,22,0.1391555968285626,230,1,10.256572671311844,0,0.9213982022141652,0
765.7287821098313,16,0.0951124239231697,623,3,7.157768543021575,0,0.7626368910972879,0
621.2137352426057,10,0.0628009026026061,268,3,3.7235087805079,0,0.8673547791746457,0
425.7368407833167,7,0.1022605593081615,755,2,4.587811276524652,0,0.892603949698667,0
390.81131011021745,16,0.0988923494843915,950,3,5.754349133687144,0,0.7584911818173018,0
1068.882197927286,19,0.1769858502159566,778,3,11.548136813862088,0,0.8694371139963666,0
271.55837577283773,7,0.1643568307159402,501,1,0.5014252103861835,0,0.7886707104900184,0
1062.9137350866104,16,0.237670058724179,196,2,1.5393198726483892,0,0.6351392118267722,0
1253.085061826049,7,0.4828118972430268,894,6,38.65924428698635,0,0.6777550464865798,0
464.0015371907557,10,0.0923138176626902,594,4,16.508047792587835,0,0.9418899727880452,0
946.536568731726,18,0.2837932345918098,954,2,6.32543778982417,0,0.9269822649011744,0
311.03182596263235,12,0.6094668701343668,252,5,8.515190072178772,0,0.7517509123788898,0
402.84323026514335,22,0.211341948785798,139,1,0.827759095214019,0,0.8887403274303617,0
526.2085694154391,20,0.1142562691476153,411,3,10.405005660340272,0,0.8444303374578189,0
550.3196223759574,14,0.4585742750470258,466,1,31.827057519709697,0,0.7936356956445988,0
892.257775002545,7,0.1803355717058165,621,5,5.378506918883364,1,0.7063344599515743,0
530.7816789433513,8,0.263614952256858,883,0,11.33550623540019,0,0.9891251064317702,0
254.08546205946965,17,0.1438632204315507,542,5,3.41367231721594,0,0.8482438053171744,0
809.9831854996397,17,0.1937925888674103,912,2,0.1029596171416918,0,0.8680673082751343,0
641.6084073146294,9,0.0312062968208065,389,1,35.31218964589365,0,0.730731172193478,0
838.7241938827748,19,0.20072713567505,484,3,8.500732939602207,0,0.8472940147996552,0
378.0815668335795,21,0.1599115565522959,94,1,4.028946739782499,0,0.8073289483825172,0
881.4764839649343,9,0.3170506961062264,156,2,2.553621795802573,0,0.8906350364335954,0
473.1344202790299,12,0.0747449352009886,756,1,25.45540060857599,0,0.94897736439886,0
964.6148952248732,22,0.38890915193032,759,0,2.3277790992545975,0,0.7574803172944199,0
407.2308985520261,16,0.1343552617105505,847,4,1.1336222340085804,0,0.8369634553078515,0
494.73193968730175,18,0.1996924240339538,548,1,1.909601809464366,0,0.8271412167217898,0
1373.5132391535165,12,0.2021268532322762,545,1,6.771388094427493,0,0.7749358256112052,0
281.8927875855895,13,0.2378678784431102,343,2,6.501592339906674,0,0.8423106451342329,0
637.8853191833247,18,0.2025930725502403,92,0,8.170795546858747,0,0.7401754304966971,0
436.3367208751948,8,0.0918085930618839,568,1,0.2225485375450901,0,0.7022711107408751,0
620.219119523097,7,0.1224650316372756,523,3,5.1528168152198965,0,0.9220198768409372,0
661.263194902843,8,0.2039422513018106,176,0,11.362514436820062,0,0.953308406958457,0
677.556223001037,15,0.1362154663743922,457,3,0.114875411501866,0,0.9435072064188812,0
506.7486330763696,10,0.0483376885545225,523,1,0.2937132190279288,0,0.931804229288253,0
458.9678811597808,14,0.26951655532736,992,2,0.2154223014902928,0,0.7801416584398541,0
613.0624207233778,15,0.1238230392663724,989,3,0.8445689172143922,0,0.6352613535658507,0
718.3258888367432,10,0.2979926469346281,119,4,21.944179571511494,0,0.8560765011945998,0
1013.8466015599324,11,0.2597928013963661,583,2,13.210623419490132,0,0.9500042392130016,0
435.7487218972767,7,0.1453631208951782,378,4,1.2901228872052874,0,0.827301132577996,0
409.6938790891464,13,0.078148596364215,763,3,1.6431714034334897,0,0.8845102738326911,0
2707.051221078235,15,0.1277032045538451,642,1,28.04667780670177,0,0.7692618766559367,0
759.1235693616452,13,0.214654360192588,302,1,29.19076467566493,0,0.7834664146205692,0
537.1964004843608,7,0.258757263385346,187,2,20.11141341473956,0,0.891003002633802,0
903.932503394182,14,0.1376087178763725,944,1,4.188562160565223,0,0.765076352332494,0
585.8808989044825,10,0.2993034385448913,392,0,1.6024093848892929,0,0.8493304702600986,0
369.1444858540933,19,0.2618317305367199,912,0,30.304122223315815,0,0.6537607323333818,0
1655.145870580423,17,0.1248871364402154,504,2,12.348702337616512,0,0.6142588127748861,0
270.55349364614875,13,0.1077405698655419,665,5,14.077114853396893,0,0.9150339570271212,0
1062.492490759617,20,0.2252032258013455,520,2,23.55885076787354,0,0.8048964178515087,0
194.9299245972903,11,0.355242593955787,523,0,7.210978913436077,0,0.9393131727306384,0
935.4090140706016,21,0.1126216856345121,262,1,9.69961725849449,0,0.6524915799020902,0
309.9121862393663,13,0.0333409502335897,781,2,4.328292165101669,0,0.8244597317653193,0
586.0392374802441,15,0.1077330178803825,173,3,28.476030792329464,0,0.775708430007218,0
1691.92617370531,21,0.5830979396959021,345,3,2.747877602125425,0,0.8272612095830979,0
409.552052091773,20,0.3883448798422805,126,3,3.862619427018473,0,0.6577326360803348,0
286.4508489935166,17,0.2397362264450769,712,0,79.66593006289887,0,0.6637833007493922,0
336.51811479844383,19,0.0371206190860405,354,2,3.683622094266306,0,0.7434035845887637,0
719.0967795654175,3,0.7434655673367868,40,7,64.11933048820173,0,0.2990454346590004,1
1074.8316010797296,15,0.2968385011324819,859,3,1.774619677817089,0,0.9412900427245968,0
198.57790484674143,20,0.1192526682888315,691,2,10.4285794685799,0,0.5268087087600862,0
367.88827742408495,21,0.4864212780182818,998,2,36.96460074696397,0,0.6102522063528852,0
539.6173874117833,22,0.0960298320890945,528,2,13.422483629656512,0,0.8329966076517176,0
852.2921754513511,13,0.3742103854070799,489,1,16.73801335376311,0,0.8156302909993656,0
891.169553109568,22,0.2880614396134366,751,0,4.228581171887073,0,0.9881152843865468,0
375.0028808884009,8,0.0955755444613988,984,1,13.35356483044522,0,0.967492988259237,0
356.7570113083143,17,0.4176119556019927,529,1,1.9003632853717352,0,0.6551784478245536,0
821.1524183742882,15,0.5269312467059684,809,1,0.551274525776037,0,0.8276094422162201,0
848.7741981270323,14,0.2272043525240997,553,1,10.57850755403001,0,0.9212678126121804,0
661.3658666400505,14,0.3200303491099613,967,3,8.542058284194944,0,0.7581704030441193,0
848.0946953733272,13,0.278966107045285,124,1,14.348614106604794,0,0.96682829963896,0
682.3702494497386,8,0.1358088781704033,154,0,2.084993409593236,0,0.7945842680470043,0
425.5520304420181,11,0.1263201421486231,445,0,5.005073517167623,0,0.8452652010103519,0
831.0328302274498,20,0.3012078224234906,255,0,7.268227455301039,0,0.6404520114944212,0
557.1928244817474,20,0.4341132470489671,746,1,8.29685235896071,0,0.9092094950823022,0
1071.5196822620903,9,0.2186593227480208,78,3,18.295906911231988,0,0.818684425790524,0
380.59709342108056,17,0.0822096146144758,251,2,26.465225731157577,0,0.6007777867894856,0
1061.1114859561978,21,0.1691501096790769,180,1,19.888637398457824,0,0.7155918758883728,0
687.610198845451,17,0.2078855393485836,598,0,1.2130327766447546,0,0.7752396249146755,0
1094.7140303498047,13,0.3896140662131965,237,2,6.424828985833927,0,0.6679557250372165,0
286.5003801776341,15,0.2067700636804524,271,2,18.61588452134802,0,0.9285276769838594,0
784.7695380228133,22,0.1888935904870996,600,2,3.186543453620903,0,0.8125742115853927,0
408.92062097572096,11,0.3420176869147835,827,4,24.89837794844518,0,0.7215097149092721,0
463.1191298518876,7,0.0918021667048138,697,2,76.45730300588565,0,0.7788293395322405,0
684.8243348465661,8,0.1305170911593401,265,1,33.19171215602304,0,0.8378528147880453,0
336.5290323400712,11,0.091275252644923,909,2,28.67555571709427,0,0.6234092026233969,0
271.23693837292046,11,0.3134245377995319,450,3,6.313096311938368,0,0.9915557026215296,0
953.4962720538464,19,0.121370980938103,368,0,3.8651548235535262,0,0.8598855142571632,0
341.5430067277503,8,0.2499127174034019,904,3,97.42076809704952,0,0.7320642370500245,0
486.4074942789745,15,0.3619401016146689,205,0,24.74012387616282,0,0.8287494568118814,0
749.1291841975506,12,0.1219905376075458,929,1,19.704878453647204,0,0.9728620468971564,0
531.1850762314767,16,0.1623034967109642,617,2,13.028933134593505,0,0.5608182644928393,0
325.74643894539696,9,0.076649807983036,499,2,1.5619928450438556,0,0.8084569384919156,0
432.7187226976288,12,0.1061158610084672,899,1,101.93683310938218,0,0.8175775068625356,0
697.6541063331956,11,0.3273415646300119,32,2,0.8390180652153952,0,0.6742616298155341,0
825.581324458981,15,0.0998454281864252,703,5,12.244937078008274,0,0.7668749461426184,0
694.4059943726028,15,0.0226819778089026,111,2,45.48264168595672,0,0.917183783599012,0
1040.194179216321,12,0.0607450729698871,832,2,6.519242070716616,0,0.8632628880662139,0
678.5807823492555,21,0.1617778125637044,51,1,18.064842619793406,1,0.9837103095242038,0
965.8101256491613,7,0.1578415804328979,918,3,9.065380669328816,0,0.8658280365270843,0
694.2317770142856,15,0.1949726227403301,349,3,0.0567754857064465,0,0.6430736755148878,0
500.1041292135117,9,0.135845102697149,725,2,23.907261823273004,0,0.6456442789378682,0
596.1934663194164,14,0.2616188207948979,600,2,6.074960842023637,0,0.7557094010775357,0
2023.94399584186,11,0.5787272608831172,384,1,34.159542764547645,0,0.6728909601151092,0
450.4911800407109,21,0.2871322791134286,661,0,50.579810319573035,0,0.6867015888828674,0
481.88802094961056,22,0.0326543306105301,560,3,32.919226576967816,1,0.8908143562249422,0
1238.9948894357517,13,0.1610118169550244,909,3,12.145630253614032,0,0.9318790823529712,0
642.6492422178591,8,0.1851525179681432,638,4,8.14122821369485,0,0.8380364892920884,0
1439.0214133696309,22,0.0677942255595019,525,4,17.80499301175979,0,0.8869121284113912,0
838.4492285937959,19,0.1365171179929843,793,0,22.068453879181988,0,0.6560940176366167,0
1324.4252336645256,14,0.0578982652125568,862,3,25.884233670945108,0,0.7913379095585527,0
563.6686892368982,17,0.1839300891288816,912,1,55.46122446704828,0,0.932618868462918,0
304.02212075067143,19,0.2702142103410625,44,3,15.005725641313171,0,0.6028646483603498,0
1885.3011619063705,21,0.138553748555864,132,4,7.679063286005697,0,0.7669425090016905,0
365.48165995901945,16,0.1886277436771181,830,3,5.576804585692439,1,0.7746946161762607,0
608.1981648775444,11,0.2047901992963706,600,2,9.825504772953655,0,0.9083084770381904,0
706.3529227264922,12,0.1366015006692639,385,0,14.059990728726447,0,0.7229460087907603,0
1056.3455554040634,18,0.1764910802494732,168,2,5.924763524345341,0,0.7814548894618082,0
969.4591526672456,20,0.1857575338332983,311,3,0.8262697152476222,0,0.8721366180492751,0
874.0488910444395,16,0.0606626339331221,801,1,13.521067143793283,0,0.8789761062466197,0
619.2130688537095,14,0.0852793476913972,397,3,14.841677202725467,0,0.6985996871448117,0
877.3689247089183,8,0.1866002994108787,926,1,15.082405433866729,0,0.8809164694102503,0
906.4618235574328,9,0.3559433506100432,912,5,55.31901097028815,0,0.945169769021996,0
698.1921788908479,13,0.2693231512374564,652,3,9.70243448271919,0,0.7762861409860365,0
1964.3352765394584,11,0.2264771251125493,278,2,1.3492762621501324,0,0.8705080020814253,0
408.6591610400386,7,0.2703940868734794,875,4,38.44057757425861,0,0.7272142670556796,0
859.2201630906968,12,0.0745826645215464,177,1,6.090304614277036,0,0.8748289602951294,0
1528.5195836598502,12,0.1515006028207054,179,2,6.1487855998057235,0,0.8588170985708397,0
256.1660827486046,8,0.039627625601694,823,1,0.3498874399907697,0,0.7676002488549714,0
1055.3424276632095,17,0.0573926318662086,251,0,7.542637925239312,0,0.5611192332027681,0
997.7099777604384,20,0.3469534705696787,728,2,21.479907353989375,0,0.5261597703955013,0
571.7758908794118,20,0.1111591213366651,947,3,10.124805978075583,0,0.81796866880664,0
610.7369369532332,19,0.2009929201321164,751,5,5.13427248951378,0,0.8571267588073411,0
730.7778760201205,7,0.1926959417228139,561,4,12.635690143329112,0,0.8515983228472308,0
266.3111672657797,7,0.0952055110820526,724,1,48.45702368206339,0,0.8008659924572478,0
587.5515177945342,9,0.2098577722503993,970,1,26.621336606431942,0,0.6743112941876002,0
397.0301663254622,10,0.1997473695616914,763,2,21.649991177872167,0,0.9771763813695568,0
1295.5435218118,21,0.2592539337755647,132,1,3.1430503880912752,0,0.7239838205237157,0
756.0205197845809,15,0.25862705833844,67,1,43.8147125089624,0,0.9612652817132772,0
346.142982924158,17,0.2036027965069468,214,5,26.813945865404943,0,0.9488523016495348,0
970.4122674782824,9,0.063379655383774,333,1,3.216161433593544,0,0.744484955441612,0
672.8266456081367,14,0.0508986747628304,701,3,6.589837612187643,0,0.8507896493136949,0
331.58700377125393,10,0.1169332447389625,849,1,1.1142012612069192,0,0.527085081118787,0
702.7090852473491,8,0.2716015094101648,583,4,16.966352851789896,0,0.8177437733671191,0
401.5337340053438,11,0.1476340740648383,351,4,2.880808047863548,0,0.8532553557061824,0
698.0384087966565,10,0.0829761373113904,433,3,12.53891670965114,0,0.833408309845411,0
473.5046264104317,10,0.3147675236579522,916,1,4.550248283096008,0,0.963473085087478,0
790.2348647565076,17,0.2655463298058446,984,1,3.622634284072986,0,0.818932105294283,0
377.40475544716594,18,0.20772718405296,897,3,21.849398370086615,0,0.7308444752040647,0
1168.2449773045753,7,0.4337323874479605,990,2,0.4997062775291491,0,0.5177400834672552,0
597.6087512001178,15,0.2499769377752931,836,2,0.5172187355717449,0,0.7917422010540239,0
1099.625839776715,9,0.2452912041646127,44,2,15.359152548794004,0,0.7529258906051325,0
161.63181091093122,22,0.4715995848283814,196,14,93.790708114135,1,0.0840012746893673,1
1026.8794393362648,9,0.0765455346950817,55,4,7.770791233211792,0,0.5905640697817605,0
510.2083968320919,11,0.0283660233564427,939,3,48.015340056621426,0,0.6297937281698248,0
587.7578491807294,13,0.1133158966667394,428,0,16.79935710420646,0,0.6330889961985391,0
827.2051650625197,10,0.1010793464981036,97,1,11.89888867443553,1,0.8955855025075592,0
254.573519841969,18,0.2226640509154339,967,4,4.0831344909739995,0,0.789257889795445,0
595.6832542168755,14,0.3748507746237748,760,1,39.92048940664691,0,0.609414579805413,0
544.1407434420936,18,0.1081605703882748,305,1,4.74417544663978,0,0.8035359567803617,0
77.67612978619034,0,0.824963597202586,57,7,77.62890693823368,1,0.2527594455276536,1
632.7474967254743,8,0.0662091811156913,977,2,3.017565196855875,0,0.9352253519131194,0
412.77693245099215,7,0.0505168139975584,493,2,10.271792387869924,0,0.8763191672761761,0
552.1867004525607,20,0.338276223250813,859,0,10.462366222608624,1,0.9369290921276436,0
82.52428180944565,4,0.5123294118806482,185,6,186.73447553673665,0,0.2154385808942933,1
719.0825346973486,7,0.5241522335960377,233,3,2.9507667992473174,0,0.7695127069880686,0
489.40583772139865,12,0.1929779096061439,186,0,17.984867820535463,0,0.8165395486096027,0
1464.5584816455364,18,0.0739143943603735,339,1,37.492723188524515,0,0.8473541529309272,0
622.1751673310528,13,0.2830086637965985,131,3,0.52990805302878,0,0.646597650422789,0
882.6350861884754,17,0.4435433343864471,109,0,7.284649638133687,0,0.864085778156304,0
891.0029349523576,10,0.5073681531727771,870,1,6.733289686799309,0,0.9240359005749424,0
549.8019114517999,10,0.0711069737755769,270,4,33.37451779423287,0,0.7943037090812874,0
856.7486429105635,11,0.3013756893774217,373,2,15.098323276458498,0,0.7372268712278286,0
694.8817114235414,7,0.1427985394466208,567,3,21.228099444035603,0,0.9933786851899934,0
724.4832978562376,13,0.1833963736533656,284,4,31.13088164416898,0,0.971667649464999,0
1085.0536060034608,15,0.1855707990945616,156,1,1.837397889595645,0,0.896068922074322,0
564.3866032260692,12,0.2176244659475178,247,5,1.8035870107823648,0,0.8709907915860107,0
1385.06854049233,18,0.1749841133002343,356,2,10.659735876558871,0,0.8351788551216327,0
389.2617597094623,9,0.0650460542946153,601,0,21.528778357659405,0,0.8841077551589503,0
1407.2564691379264,22,0.178609442262205,181,2,22.59640848636416,0,0.6995340364077687,0
495.37283512139186,13,0.2851393026117353,900,2,26.91117950459852,0,0.895462953260509,0
711.2585026229043,7,0.3488574780848275,927,1,17.33753505235676,1,0.993670294525304,0
1064.111295392124,17,0.1156667207923272,252,3,12.26290073608919,0,0.7257096354023894,0
978.5536437438288,14,0.3624021986448669,506,2,16.787361073410484,0,0.9103596348609464,0
1009.4809930398608,21,0.3054860846893102,849,2,4.080167316704173,1,0.769937879184783,0
324.971447516124,14,0.089046049221017,306,3,4.438479116690059,1,0.6420954160238634,0
714.5470105938316,17,0.1197195465557283,997,1,20.79978074640386,0,0.9565172228074608,0
862.1749307460282,11,0.1700180534605125,760,2,4.539230736805527,0,0.8115969236309619,0
587.4102153153448,8,0.1928620031222337,902,4,1.5732099619610482,0,0.9505340338465658,0
1046.7174553291788,11,0.3321277832964988,86,1,17.48735012088334,0,0.7979020204309495,0
507.7896194049243,22,0.1362421518475528,619,2,71.90496165595225,0,0.9374203584685554,0
480.0647630899891,11,0.2694306803817684,880,2,31.91235984151632,0,0.955642917024093,0
709.0604397767959,9,0.5833694733769794,570,3,26.217022649452016,0,0.9001687876877291,0
632.8707777832063,15,0.1010853655542378,777,3,0.7339999929721299,0,0.6380588087399595,0
320.2037577614726,20,0.1327436778816976,840,1,12.117356548482556,0,0.8138849319171573,0
446.15877470110894,14,0.228778456262103,243,2,0.3041608264739582,0,0.7205015911495732,0
766.6107865084964,7,0.166338201491883,845,3,20.85125051981932,1,0.7643104582597544,0
258.8367817681704,17,0.0918881508299057,772,3,16.065187215154054,0,0.6119192384629913,0
315.31479643050216,19,0.063482623841729,788,4,52.09437171857035,0,0.9270927786302374,0
536.460611673793,17,0.2895564864241136,626,1,36.55089515436494,0,0.9467696147941644,0
1322.224858961077,19,0.1664170259061208,997,1,1.707778402392523,0,0.8368824902463079,0
557.0182114250347,18,0.1536857236530363,522,1,29.7036607046109,0,0.6791427370945818,0
1650.2840057439848,21,0.3994880124583317,766,2,4.577148071098561,0,0.6753042705298816,0
456.84136465880806,15,0.2150727074477404,397,2,7.542097026978472,0,0.6194567480527082,0
1354.9270924063374,10,0.3093740327848649,550,4,29.78223324742349,0,0.7287596100829797,0
797.1245815906932,9,0.0796297041350691,353,0,22.665185897755823,0,0.7518847381994422,0
641.041230806517,12,0.1271729615448895,282,5,6.04644418487554,0,0.6526223684449469,0
949.606699279181,15,0.1647044227023929,897,3,7.77483141845632,0,0.7460557896284544,0
1684.4042386476897,9,0.1679328170497213,796,0,34.79655276559655,0,0.8777545214941962,0
561.0280917095761,9,0.0975636374218049,372,3,5.69868526417293,0,0.6917177598184491,0
918.4776351379638,10,0.2333957803919666,113,3,48.38194278492861,0,0.9263055457749906,0
368.6538191009008,11,0.4558192111205605,52,1,3.5213189101132216,0,0.953864581225857,0
1274.1216079607868,21,0.2250197617337419,986,2,54.37441589194962,0,0.9387948685019027,0
501.4876310066221,9,0.1064821021149951,808,1,7.076311865384616,0,0.8429811918608895,0
769.9340812852727,21,0.2547001696704893,228,4,10.397626566677568,0,0.9768613837095906,0
1051.750770429774,10,0.1843966388438097,920,1,11.160990644412925,0,0.6266407960422224,0
902.1357807743188,22,0.0222650890164167,614,2,7.855918214780741,0,0.6653144805731357,0
709.8508245762359,22,0.1528602630795061,320,2,28.388208764552697,0,0.8241687058077428,0
538.6019917940107,12,0.1160702585688371,164,2,42.14568384700333,0,0.8856098324097424,0
581.7248634693669,14,0.2972757561971869,802,1,16.268431445410485,0,0.7555608703321881,0
433.8212629371163,11,0.0415835174331441,604,4,15.671445766683078,0,0.6840618483935447,0
621.4717844638614,18,0.1446284831459278,293,1,8.228141312342357,0,0.8584185006864806,0
319.2330713057806,20,0.0975809058538091,743,2,0.6020851248219059,0,0.6830328196750456,0
521.9223667711093,16,0.1926703317115603,308,1,39.70397890463802,0,0.7419024593698861,0
752.7447749186492,7,0.1408354079923722,699,4,19.388205825196295,0,0.7245772224454353,0
295.41901005015865,11,0.1459076754038183,562,1,9.011085073754192,0,0.5341580785037089,0
931.7865305923888,9,0.4286661433049427,662,4,30.013488624497676,0,0.8948805622094315,0
1236.9761092802437,16,0.0701331406968425,917,3,9.246561350412335,1,0.9087424798612654,0
738.1588845073601,9,0.2086644934734039,669,1,36.43481607262552,0,0.9370847309088982,0
977.2851369682026,22,0.2535160574150593,702,0,6.607265624155154,0,0.8260913917022594,0
662.0068569691902,16,0.2092350909586684,935,2,4.609763854926774,0,0.5009508934518754,0
621.0593784399451,8,0.3125685813160512,322,1,0.2665882122132436,0,0.7757444858531856,0
914.6842116850588,18,0.2957137726343792,718,1,3.1669783222666656,0,0.6564981576697789,0
723.6553213231374,11,0.2087852044241163,763,1,1.6306846641768071,0,0.811403138416095,0
311.9596541992836,18,0.2497191997503148,351,0,8.98059513061273,0,0.9628109190548272,0
2353.948118443576,19,0.2281175974643619,444,5,6.657108367570636,0,0.9216285945901052,0
1178.7406750572643,17,0.1145227704255101,844,2,10.180877713401168,1,0.8990466719509933,0
119.84936523295548,22,0.6308491972928612,50,7,355.326433429336,0,0.1150291375538638,1
949.9250033383588,20,0.1842203775048867,199,3,1.9797046576489248,0,0.948230853261912,0
255.25762550241183,7,0.0560708003831053,589,0,4.3385006553026075,0,0.9164054171312688,0
1032.5015799202342,10,0.3050617482494193,475,2,4.068675018820444,0,0.8418975704508619,0
1160.7080303574246,15,0.2648857315885514,128,3,4.524384715761622,1,0.9185640152181028,0
445.1828239613416,15,0.0651305699479123,626,0,28.76442759118682,0,0.8480007019849592,0
789.9868319670281,14,0.5303316484529236,172,4,20.37782239614296,1,0.9051929360923572,0
587.887776579365,22,0.3684371283811192,751,2,0.880706380108039,0,0.8260062801704103,0
991.0460376257156,9,0.1528287017269811,717,3,6.107969968338707,0,0.8506743390804756,0
465.7612213134363,7,0.1284621189050599,170,2,5.397823644376496,0,0.9340619926324176,0
619.005260391622,7,0.3793081447438128,716,2,18.176731013893665,0,0.8004889897246593,0
1305.869648033663,16,0.0189778693750543,760,1,6.737430757043702,0,0.6244511370042694,0
1392.7397471657364,11,0.0771530727590301,184,0,63.95534517657168,0,0.8367645975344793,0
2219.263111927113,10,0.2093745545162994,928,5,7.230878635719011,0,0.8148329348784877,0
517.8862988061994,9,0.3482585708974779,45,2,19.16999383590986,0,0.8233430660835026,0
1135.3251993199383,18,0.3665469487004894,164,1,6.521801242046143,0,0.9406680264283038,0
203.1492937001101,1,0.5266906809996589,98,5,236.32302613620644,1,0.2558172083875783,1
356.2474432919628,14,0.1559141969682947,294,7,6.730530405359551,0,0.6607968382308846,0
790.839049760613,15,0.2245084241858692,80,0,4.938928310856768,0,0.6489681155385653,0
440.796521521753,20,0.208455262816105,394,3,25.916852327297132,0,0.8981651302619433,0
351.30142030159897,21,0.0794528674756258,346,1,16.348724006795464,0,0.91852887219007,0
796.795483258816,15,0.1219062282844558,58,2,9.134415401955769,0,0.8257818882623716,0
281.1294925541169,19,0.2360528819099373,380,2,5.619458931441406,0,0.489802824361031,0
163.7178232581437,0,0.8218006301252984,135,8,57.401533665174846,0,0.0945535529454061,1
745.0268948582095,10,0.1915289331878316,646,1,9.326668175789798,0,0.911989698747386,0
304.2850947671714,16,0.3545677057523367,237,6,0.6773731837856513,0,0.7629395030655933,0
652.5319696559797,8,0.0256582962673715,270,0,22.30235818707963,0,0.8827857798778581,0
860.7665882217757,16,0.150947148169259,971,4,14.390475116705352,0,0.8581368753121756,0
815.4863261254219,8,0.3663374701348563,951,2,6.726401919769238,0,0.9040176919972396,0
1443.7446870545295,8,0.3067816960186132,203,6,26.835182468378655,0,0.8523859065636611,0
968.1676526047768,14,0.1148342913363342,953,0,5.9553971613066485,0,0.7391038440865789,0
489.2622089239681,8,0.5989677174931364,824,0,0.7400809764669765,0,0.8093817051946405,0
494.4826322371095,20,0.0547221887525673,334,1,24.28507926907673,0,0.9081492301398624,0
564.2235259044742,11,0.2226655192937308,257,5,6.05458538094392,1,0.8168333441987679,0
933.7524339158158,22,0.3321085859696034,556,1,19.451524281490073,0,0.930014939796318,0
473.3349467830135,17,0.1916226570056735,261,3,23.69926958847819,0,0.7353016777759539,0
476.2078508026757,21,0.3461368898407738,253,1,1.854577462673416,0,0.8645824124048233,0
837.1009183690784,11,0.3379872403682797,925,0,6.998799143031092,0,0.8067296305879382,0
373.76160868777566,21,0.1898678245032129,47,0,23.380283224076862,0,0.954436466109514,0
304.9891543341685,15,0.0790168985450122,92,3,37.39811721366184,0,0.8511977331275526,0
1434.3360367033736,9,0.0537037527398933,379,3,12.74222230393451,0,0.6379899510351832,0
886.1854245340777,16,0.146881375958329,148,3,8.86466338671409,0,0.8969313377436802,0
822.6858114194554,21,0.264832287335061,703,0,3.9994937712686034,0,0.7566542001839044,0
2279.478668408002,14,0.0239509368838481,883,2,1.0570140759131963,0,0.8328154303736933,0
1072.203934803372,19,0.2549261123663128,484,1,0.3111706253494555,0,0.9442533910162982,0
309.0414456194451,9,0.0284227800139353,670,0,28.286486147218135,0,0.8967297362345615,0
1839.3161527792208,13,0.0719675997763346,807,1,17.790949453608352,0,0.9525081773140176,0
1270.3298970778703,14,0.2033298107834573,682,4,5.238234037979417,0,0.882259572496041,0
757.8413701452172,9,0.4646603802696225,846,0,24.800740593287188,0,0.7903396529535399,0
803.445340948805,18,0.0985291388377696,344,1,12.888515746285876,0,0.7777224565976417,0
1778.5327455854845,10,0.2455752886586602,368,0,2.9857708579660875,0,0.6999850354205026,0
775.1069317169618,21,0.1368548999147905,606,1,4.503818830767587,0,0.6772416897659432,0
573.9793228137607,11,0.1297362392594281,394,2,1.5657319097925504,0,0.9294589137234192,0
401.9571161923788,7,0.0663477514443567,287,2,1.3264766949055522,0,0.9733618914569928,0
493.45328685847295,15,0.0551509722381753,666,5,0.8049408137226999,0,0.8163772136493715,0
725.2505592333224,20,0.1960550625951048,587,2,8.98261084588031,0,0.7911873111266396,0
983.457695131902,11,0.1409662195331806,358,4,38.006194034102855,0,0.8755412624393303,0
706.0592989555414,16,0.1275336324073597,544,1,8.09473610727788,0,0.6860310739455315,0
92.78103506640736,23,0.7164577796491076,71,7,383.95624268475785,1,0.3261208080879874,1
420.9431241904784,18,0.3266392257032588,721,1,4.347338365535816,0,0.7863059517679586,0
569.5182925140881,11,0.1381362646707517,260,4,2.915762201132826,0,0.8755785362879254,0
447.76881973516623,22,0.2032372914524837,443,1,11.643318260086032,1,0.832800395582981,0
848.4743914552936,9,0.1723441991256319,778,3,4.061895127355814,0,0.6427638077278484,0
556.656874874255,19,0.0537951933796173,612,0,73.28716796452211,0,0.9475862169295692,0
114.73653100187649,3,0.7650324723292693,159,7,62.947169469396165,1,0.6291836223312031,1
900.0059599012363,19,0.1539668899849925,867,2,29.54947404880312,0,0.7426321503548092,0
347.90410772174033,19,0.2210707506590895,617,2,23.676382236589266,0,0.9123596308413464,0
527.1635112275962,16,0.1723340753581373,971,0,25.82074871171897,0,0.8962929604326538,0
494.93731798797427,21,0.2574013059259301,777,2,5.812041729791532,0,0.7357582102951454,0
1099.6457096327529,3,0.7368695155393138,194,8,100.92167636711568,0,0.1148401291604603,1
183.5386772951785,12,0.3901534445781043,371,2,10.339482480002577,0,0.9404171886742752,0
334.31190004051973,19,0.056662921962171,628,2,4.79896445618726,0,0.8230178248365803,0
1698.8545767414987,22,0.1864432708144157,471,2,69.95148460863655,0,0.778658622544909,0
815.9799017864125,15,0.1088524757875047,589,0,9.997185394418675,0,0.7936986596283434,0
289.6061815838679,12,0.1867350599354282,112,1,3.7005062140817753,0,0.9036794105846874,0
260.53810495927456,23,0.5809611204313272,71,9,228.68436754411655,1,0.1633363456682979,1
888.4319597450004,7,0.005586941686511,548,2,26.798835798781163,0,0.7790724351389335,0
1039.6849588333623,12,0.2222232050823281,724,1,9.006713163548682,0,0.763564214019042,0
1335.468999998866,20,0.2454291661736188,43,1,9.513714583855624,0,0.7926460068069331,0
1268.2134813504915,10,0.3412727066352932,61,1,6.900300210903976,0,0.9043612922921146,0
1023.74463862566,17,0.1726644874731384,485,2,7.544091452343921,0,0.6477449628078747,0
1403.4234779540948,19,0.186152022723913,185,1,16.97823993757276,0,0.8907977876589338,0
869.6616967044681,17,0.182212681202137,842,3,97.51030760512393,0,0.5292427827408704,0
598.4035854742779,21,0.1186483320596553,320,2,3.796394062436858,0,0.9804584099647164,0
754.9777861291794,9,0.1032725864870443,227,0,29.48234517832101,0,0.8601066630876008,0
1360.8531643025965,10,0.29102573030656,522,1,4.371353627715294,0,0.7795748648457834,0
568.0460524427199,11,0.5226310416863393,650,2,11.353096719860906,0,0.8960773167854951,0
486.0513818508739,7,0.4070247659944746,353,3,0.4403787533441082,0,0.9447749260403564,0
662.0068876038426,7,0.3133312155935046,774,4,18.48313641749854,0,0.932560426334026,0
585.3376451942523,15,0.0812114617666718,276,2,0.0805766236016776,0,0.6606204998323192,0
1075.6079091335682,20,0.2129904155635439,158,1,0.8200780591396523,0,0.8696222245222098,0
503.87957502063824,16,0.1631865307570276,626,1,48.88503428607195,0,0.7861763616728891,0
539.9363583976118,15,0.0949467463742113,838,2,0.6853801142184368,0,0.9577986246272558,0
621.3388001253015,13,0.2031959279007211,355,0,32.47048693002088,0,0.8951006127577557,0
473.36864200674546,10,0.2929323405063564,958,2,5.826322391470179,0,0.8475914140860973,0
411.974521538491,22,0.3767732793342842,91,4,10.143756393964328,0,0.9523967810348652,0
745.554852859764,8,0.26817176288346,529,2,10.134699389596069,0,0.8398601418609193,0
726.3866696102439,16,0.0638276240613006,312,2,4.157698678409818,0,0.8399828837641267,0
647.4548019920314,18,0.0949803050424533,566,2,14.306951997934398,0,0.8747291746413702,0
1082.0251168397135,11,0.4305489969269102,350,3,6.829377901140598,0,0.6375986332996945,0
871.7095226784865,11,0.0736579130108637,112,2,30.008623098902255,0,0.5093478787271447,0
650.8336310333328,9,0.2435751415910195,163,2,33.425833610115724,0,0.9537643374631068,0
584.8783516382381,22,0.0861124848553176,560,1,28.32600977293374,0,0.9570032977243752,0
746.768724941017,14,0.1941673803059531,507,1,3.4514980955539314,0,0.90881535540516,0
628.9508534877706,14,0.0329064649541466,547,3,37.80011804515576,0,0.7990221256151483,0
668.7419508718208,18,0.1871693927129205,944,1,38.19566524132747,0,0.5767291442417549,0
624.1353354768582,19,0.2216059339299632,446,1,43.05277176679488,0,0.2711879381072709,0
472.6648944941228,16,0.2578472002805556,325,1,3.2668140733465787,0,0.4564722975479643,0
1133.071065329145,18,0.0637290441091255,387,3,16.402031393042222,0,0.6529165260790637,0
501.7730643266151,10,0.3145026499795181,92,2,4.345456790475808,0,0.7389106484838929,0
902.7762929800824,7,0.1792218119621864,859,1,13.36550702286757,0,0.8241601848621241,0
349.04998138784487,21,0.4556774128190143,494,3,12.676242212347166,0,0.8844289358955386,0
1050.7657124790085,22,0.383655075652588,983,3,4.268961519547772,0,0.8836610432574425,0
841.1618150513226,22,0.0748981608453616,999,2,3.3964451872576524,0,0.8341638270833536,0
1070.6389877229728,7,0.0902901016456499,342,2,43.2401792027817,0,0.9525459044648452,0
976.6101411326326,10,0.132445986417785,414,3,39.949232727724755,0,0.7017556887006356,0
505.64147230787734,22,0.2907814929489043,83,4,7.354820774628689,0,0.7951541978013681,0
1241.7242417977757,7,0.2645752675365839,371,3,4.916060058921572,0,0.8159451047810321,0
242.3728161302229,16,0.1899116471976258,652,1,4.570452382747117,0,0.794627454767207,0
268.9696360534372,10,0.1783373772317715,819,1,18.491674852749338,0,0.817628136879361,0
702.3056384902139,9,0.0646181025684481,812,2,3.794714975983845,0,0.8674510501112005,0
557.423328796535,22,0.0528987705538152,160,5,8.479800720419046,0,0.816715347351324,0
250.42613418788463,17,0.2838882952343925,53,6,6.665499788597596,0,0.9046272554457636,0
446.1887869520522,12,0.1572235775128561,634,3,3.040529724247522,0,0.9649306735158282,0
715.7432758396473,12,0.0424732596308341,428,1,20.254419707672454,0,0.8568816466183238,0
1873.390162402815,16,0.2692376065748556,890,0,9.374267811100015,0,0.9021190984721482,0
731.8793258341825,17,0.2128174037846127,634,2,10.095093533244135,0,0.7848145382431161,0
669.6037431554495,17,0.2670774332202893,122,3,6.88762244454322,0,0.7381923954870001,0
868.7411194065743,13,0.3081275229610889,275,3,14.456061803714585,0,0.5427570361936881,0
358.1445680334172,11,0.1207983372431664,423,2,4.535128675983046,1,0.7810068996244668,0
354.49768975058936,16,0.0315361987365819,81,1,3.1377635680803904,0,0.8803872852302335,0
1001.8097089481754,7,0.1380921402167567,386,4,28.298078783663605,0,0.909647736190898,0
635.6782383999445,13,0.4542869894540307,951,3,3.8634723209746498,0,0.8802397133718234,0
677.0824945073664,21,0.0791621765805392,809,0,35.45975214973926,0,0.7985223690809857,0
1547.8129749359869,13,0.1450583375288399,378,4,1.722024242104136,0,0.7543756603138237,0
368.7600618870181,19,0.4055151407814832,980,1,74.13582426671735,0,0.7662842585476758,0
38.828854924497456,4,0.7233697495623613,44,9,21.786444561210423,1,0.1334863812876829,1
1117.335713257119,20,0.1447102071598487,400,1,0.487283292613229,0,0.8759448875786773,0
1063.127062853964,13,0.1180386014727945,34,0,22.19629446273048,0,0.9431303850761932,0
957.1204819652652,11,0.0863670177900547,670,0,56.40919608113887,0,0.7801167419547241,0
77.77428887224497,5,0.7378729707497608,67,7,136.81450290319887,0,0.2536515023418758,1
354.11601291637413,12,0.1532385137754768,328,0,1.829470161671206,0,0.8786923709039404,0
1800.0748682665042,13,0.2472508044299535,786,0,15.955384043246552,0,0.9497843020461816,0
478.3871451487546,8,0.1625974294115041,150,4,3.497349940312714,0,0.7766925401170605,0
467.5759628712591,11,0.1368308655312238,759,1,3.298532368558583,0,0.7624491318441754,0
1196.5529977443086,12,0.2209846542644042,942,0,10.27517349727728,0,0.8238085243352075,0
350.8004918745812,21,0.2003905717925105,981,4,4.4465934598040135,0,0.745380223383086,0
748.8472901188849,20,0.1426723097331183,770,1,2.8149452529508165,0,0.6623991060946541,0
862.118265698536,11,0.0646347388395728,816,3,6.680147696068371,0,0.758618689864636,0
1977.7547907468863,20,0.0909169488387392,237,4,1.5020841604280042,0,0.7955562258928996,0
895.7325387839093,18,0.3226786977008166,405,2,65.07648440412483,0,0.8808434812712609,0
733.2009279525939,22,0.1446212010296224,946,1,25.628905016693572,0,0.7255189134152347,0
1848.5640257160096,8,0.1067774677761175,587,1,5.701371976015542,1,0.8075443951502143,0
521.0823735189767,14,0.0463700306213597,819,3,2.9086969006334464,0,0.907699277975972,0
974.2772496419344,18,0.6215388302202343,350,7,13.397933615983195,0,0.9204269077003736,0
423.95643988642814,17,0.2402646800823362,39,2,16.868860622947253,0,0.5132273341778344,0
439.1169383908501,18,0.1198925169860255,190,2,0.796614246014751,0,0.8027464512923296,0
1535.417308083276,8,0.4605152011038214,792,0,25.005064145471746,0,0.9390013084819088,0
293.60326605385075,18,0.1482367125165497,447,1,44.66433043480314,0,0.6752576915961601,0
1473.8636553544425,16,0.3160583429144427,35,0,66.04388248048163,0,0.7445231215811889,0
796.5223942869511,7,0.1914628030582706,847,1,39.72570898061198,0,0.7384431603346843,0
652.363863026539,21,0.0392600128585042,655,3,24.86028009608018,0,0.7056789506518913,0
368.7275334818608,19,0.1781347997338609,261,3,35.72239839817014,0,0.8446988323775312,0
564.411692640666,14,0.1921862515158207,963,2,11.006834332181205,0,0.7691206444456022,0
489.5638314879794,17,0.3688253520666785,492,3,10.825932997428282,0,0.8046189025368498,0
605.2810632073082,17,0.2547135940855683,757,3,6.421219900444187,0,0.7555692327825628,0
407.57886722812,16,0.0293977974843276,416,4,26.062685140521808,0,0.668261262839508,0
461.4701716225561,20,0.0342031735838682,717,4,3.7268586181949024,0,0.8979205313107875,0
985.0672684093591,2,0.8629159052462843,168,7,0.0199134545137398,0,0.2557187449799309,1
1290.858751704331,18,0.2325198392073834,595,2,1.8794035823193505,0,0.9109649861421985,0
533.072572185276,14,0.1377003454658091,240,1,45.81012705099022,0,0.8817032557574958,0
477.8376992812851,12,0.065194521924115,577,3,2.2415858435171767,0,0.9132817425105754,0
414.44584364645647,18,0.2206461168240925,913,1,70.25421213777594,1,0.9559614102751846,0
959.44406578078,16,0.1242384627550544,840,2,22.767509982882657,1,0.8892410313447052,0
1094.3552651864177,8,0.1443942833398179,599,0,4.011547648949776,0,0.8897344708937048,0
672.4460249045895,21,0.0191400297725272,100,1,0.9172898712955156,0,0.7242911031152198,0
757.4875053319137,21,0.1969002764339174,332,1,29.314252299375138,0,0.9847669462143682,0
377.54935331504385,19,0.058820984606908,551,1,5.482421550242097,0,0.6970074283069334,0
905.6857175129394,9,0.2681776879321995,574,0,6.164197597319819,0,0.9521492063278952,0
701.799681821307,7,0.117192735725203,562,3,20.25692787160235,0,0.7140828047730643,0
1267.0776236040604,10,0.0495436915301547,275,1,6.547470740440467,0,0.9444812429890744,0
837.2277632820802,17,0.1015871099047288,893,3,8.28530274517875,1,0.8931331947734487,0
749.6400958936398,22,0.2641604727700702,470,4,10.26624749712207,0,0.8033377698709134,0
468.905393097336,22,0.00903196502678,960,1,5.784585980954389,0,0.7385476745820616,0
529.7920815909023,16,0.2410547559478225,257,1,0.1644006084429893,0,0.8285299123811328,0
347.84597771993907,17,0.1495302568249756,708,5,39.48483945643762,1,0.55476531201078,0
631.0427992389317,22,0.146554468092611,465,4,21.775118981896966,0,0.584706012494933,0
419.9360564287806,22,0.2321142336036892,387,3,18.970132570440217,0,0.5363955454654964,0
1744.8483428026002,7,0.1849059615544015,419,2,16.41952228113928,0,0.8649740408135502,0
1141.2949804110774,15,0.2295701464301277,985,3,16.230108182064324,0,0.8948015250878065,0
266.72198924039833,20,0.3464401497760221,504,5,0.6024939191903591,0,0.9203083708303094,0
296.04052401238806,13,0.2744206360655156,947,3,24.079563318238613,0,0.7975304907790125,0
469.0013657034451,12,0.13492751257913,317,2,1.4742290589558396,0,0.81878563995592,0
475.8920777410087,22,0.1214305426313396,668,2,2.1014661254595817,0,0.7133855398765592,0
492.086323172734,12,0.1986467316708589,624,1,17.725248797239033,0,0.8518066425556612,0
551.0244964924875,17,0.179294148843898,246,1,69.63737180051893,0,0.9408898106712204,0
486.0822329622483,12,0.133181099574509,805,0,20.032571527015797,0,0.9574472194329198,0
683.4716142952088,20,0.1611679207651276,341,4,3.837077140358103,0,0.7105625235255082,0
977.9438968146048,19,0.2626540667480285,91,4,15.1926950505633,0,0.62036371950737,0
1080.2303493068046,12,0.0995461504711769,852,5,4.16707664622376,0,0.7733000160246344,0
1093.2221797575412,8,0.2469108581169085,140,2,0.0059528898818908,0,0.925008859590533,0
906.345966184688,19,0.1998197432362281,219,1,9.615120636190282,0,0.8896181834180568,0
677.5837237302337,21,0.4300717226631228,102,3,21.741500429941993,0,0.6783023446484175,0
1716.4069194429662,12,0.073274335821123,201,1,5.596833877282566,0,0.764639967134003,0
1281.770842669766,7,0.1576935022535171,878,3,4.8867951985874996,0,0.8159108126117949,0
1019.3917543137156,12,0.2499875036144762,299,0,0.7224593352168842,0,0.9521880416629476,0
611.4178327864142,22,0.4484742057268263,401,4,13.76233867473879,0,0.5267256760427664,0
103.94260067101185,1,0.6755240113664179,29,6,109.43438602477212,0,0.4257977281447503,1
368.91896072434446,9,0.1069226290010061,222,2,5.767532025051753,0,0.9267995218147982,0
754.9817529942095,21,0.1410796751048043,678,1,1.0438932251975896,0,0.8189428265938244,0
484.57801813877705,12,0.2001548108359719,318,4,22.56184456682793,0,0.8317704010901847,0
605.9672573310347,19,0.0733549952612303,245,2,35.70879740736578,0,0.8474923981149488,0
107.52942746118366,23,0.820736890930952,88,1,19.158028563570653,0,0.211562710369937,1
603.1222625536834,11,0.1332822056926659,159,1,4.359541223128747,0,0.9496758701798974,0
729.6831503245114,18,0.2817909064399195,484,2,4.6951645898410685,0,0.830601117872714,0
887.4625353289125,21,0.5245488340818102,145,3,10.630995071779497,0,0.8735352012402251,0
657.1939731900202,18,0.257883678061683,233,0,6.1712074335657645,0,0.9452970328885902,0
844.3120169032048,21,0.0382485764845394,426,1,0.9713807041097496,0,0.476588365853797,0
343.39436537264066,22,0.3849843683762377,83,6,265.52467898974464,0,0.1723685468405239,1
504.67251197799067,9,0.3073778995091158,887,2,17.057782809348705,0,0.9042019622647312,0
433.5889031468193,16,0.0925027417046004,586,3,8.791318443108,0,0.8816125255695426,0
1170.9497533604167,19,0.163348133536038,391,2,6.66207361137321,0,0.8476286257598654,0
639.895036668959,9,0.2215558543862143,754,2,40.46162588779133,0,0.8302947843970534,0
930.1819758586272,15,0.3358950714319384,188,5,2.446479109640428,0,0.845367948536338,0
248.3464215008952,19,0.30618186411102,316,3,3.8738864094133527,0,0.9877159829084484,0
1210.1833300296548,14,0.1574572420595785,457,0,13.35667642835811,0,0.7995156204593469,0
792.3372422720071,13,0.3660213372611105,838,1,5.843958932123275,0,0.7419509810895223,0
1238.9772719720709,9,0.2499400799710694,366,0,14.719059201986113,0,0.7094593030675712,0
877.8082147666548,19,0.3066269164200502,431,0,25.65312615193273,0,0.6189133798423981,0
112.64091146905088,4,0.5365582160192626,171,3,446.52789969948424,0,0.2733481708061054,1
212.0015153208849,18,0.1326989023400466,365,3,0.8386608403164615,0,0.7861542712075613,0
638.7425795427024,12,0.1768618039645411,972,2,11.408001845361364,0,0.4180597895013909,0
1475.9316508149766,11,0.0663490098425035,482,0,5.47930538701194,0,0.9574816168938004,0
347.0048459984568,22,0.3005906311215793,906,3,1.0101167227314658,0,0.9494520944937666,0
85.265542536954,2,0.5762012047345606,98,9,126.35812578301784,0,0.3391949427038419,1
234.42979606761267,9,0.2198278445484763,464,4,24.234702423579325,0,0.8339454205213105,0
293.84602912154764,16,0.1891790262099029,910,0,34.711447913133725,0,0.6324118317189447,0
572.4803972197908,11,0.3744108607274821,88,4,10.280058933906163,0,0.8001525963687632,0
689.1704194677534,7,0.2619642651838523,64,0,11.31064036915293,0,0.6341591233494893,0
1528.8943995465893,16,0.1646012369570101,288,2,8.410621352472663,0,0.8187491799059418,0
964.127092812376,22,0.3349251624138487,236,2,5.5943117787913,0,0.821044740731034,0
467.55977891023093,20,0.0763705681803109,955,1,5.532007156279657,0,0.684443538628278,0
593.772603610445,17,0.4713568082189495,229,2,15.750789211068348,0,0.4519905340854833,0
1783.7820997566714,19,0.1751851412457947,638,3,16.77486802767475,1,0.9001771864054892,0
965.1347883261056,7,0.0438748260335067,647,2,6.5573620126497945,0,0.8964228851955035,0
642.539147353802,18,0.2553969363033119,589,2,7.861663044603379,0,0.9190011322438524,0
298.42415584782924,9,0.4097266855511859,495,1,13.329470714975816,0,0.8116386304493236,0
648.3205566674767,14,0.1686587404751058,981,4,12.262181312080468,0,0.8425725758433835,0
407.2189590238699,15,0.1742786713882821,374,5,19.558271288842473,0,0.9005849036964189,0
717.2509938293149,15,0.2565315748387972,248,2,3.8156913198037383,0,0.7123996767047484,0
759.1841089288574,21,0.5655560056096696,457,4,16.41473306621536,0,0.970678628654526,0
413.6164609658694,19,0.1887835853982265,615,0,16.518908029451907,0,0.6947455051503106,0
432.29421669286234,20,0.0384650914625111,692,1,11.947912183333756,0,0.841907413250603,0
543.5524032503023,12,0.2002325729444048,214,0,8.017070959963222,0,0.8314794442427554,0
820.582243078319,21,0.1145031014102054,743,3,4.770996752636561,0,0.7512643238519324,0
1023.7195567771394,20,0.2037537014244621,600,1,20.914364551929875,0,0.8706806954710735,0
247.79076810854468,13,0.0999931859435232,62,2,5.354087364837082,0,0.9406196394985344,0
362.7829741537076,10,0.1699748629297106,169,1,7.846463842270296,0,0.6533984984812153,0
452.9437331948568,8,0.2375106035426201,677,2,23.56043928808112,0,0.9485071646772466,0
297.6722174704845,15,0.5633492847424684,667,1,8.284652753567114,0,0.6585771453318758,0
428.4254141501356,10,0.1254445573485342,536,1,7.684593852565731,0,0.889090852635809,0
693.9342397562526,10,0.0229917820364623,301,4,31.491576836812392,0,0.3784287008053051,0
811.7990428970821,18,0.4532103594649753,582,4,14.701672931195729,0,0.8853812293385358,0
1223.0594382888107,8,0.3962442462396246,535,3,10.191406397423856,0,0.7535296195673011,0
838.1142761041056,18,0.1677385836649606,846,3,2.4467857587112176,0,0.5862967428644046,0
1685.5730161438478,19,0.2111090528433821,958,4,9.409846933959251,0,0.8278098339611193,0
257.75812769953563,15,0.2176276162204931,941,2,5.1665868824065875,0,0.8834715567949394,0
836.7960385493375,18,0.338710435620713,417,1,14.891143946952557,0,0.7065000084427613,0
704.4553106262113,15,0.1851170295313985,449,4,16.225236995578694,0,0.8623993800167612,0
889.4244317787794,12,0.2830180424980112,466,2,3.0588752151426073,0,0.8420277897961489,0
769.037932922698,12,0.1293376366807963,362,1,1.2147864951115324,0,0.8543054414282396,0
1061.940798385525,11,0.1519295324053975,161,5,13.561518951229525,0,0.9880313022334476,0
264.4535343709047,12,0.249591148195222,93,2,33.2596561220648,0,0.6308424831047643,0
382.49762555423774,10,0.1275419761086765,282,2,3.1983603712948927,0,0.7207962069549074,0
46.77883081030005,0,0.4366918602091193,144,11,738.3626130824085,0,0.4362927771578265,1
601.3822137581701,16,0.1804573894272693,657,2,70.98484468667807,0,0.6559522133593313,0
629.7555245322152,16,0.1872194438684253,346,3,2.791720921311193,0,0.7648884385570752,0
462.6816737808272,15,0.2040685959998868,892,2,10.656474727115322,0,0.9157235641374382,0
361.9988959983394,22,0.1701568380064242,718,1,5.293218731447356,0,0.8284711924682787,0
709.3680763078466,10,0.0247616741118245,549,1,30.275954926977356,0,0.7343160351163007,0
967.5111116283992,14,0.0845542332365312,877,2,13.982542168400643,0,0.6613466697514586,0
1124.5085212017464,9,0.2002693110560773,766,3,3.662459695226293,0,0.9611145660711224,0
817.3233883391499,9,0.0783337497972251,578,4,11.525073855791408,0,0.7032697324783271,0
226.8581347128234,21,0.1437121138129014,929,1,6.2818145729156445,0,0.8972895737009272,0
15.36272241541163,1,0.6953880579790589,68,10,10.272446037220693,1,0.0892862466440673,1
610.8923774614607,20,0.2297138469559975,489,1,0.1026007376938229,0,0.7186614560429387,0
916.4419641237253,16,0.2179740865398643,407,3,9.68477873511851,0,0.8654317531443315,0
617.6833838595612,9,0.05781621132307,844,0,9.022110368358092,0,0.7213741817325957,0
376.33029286782136,18,0.1749619938576008,730,5,2.6636958679323657,0,0.835090763617069,0
1066.844642453519,19,0.1939210975405293,344,3,1.4091980902503318,0,0.8260487057243898,0
332.11909222596535,10,0.1374019243001652,480,1,4.82110108337463,0,0.8997137291487749,0
776.1834335128962,7,0.4009485174227802,376,2,1.75162687669921,0,0.6587215550792093,0
203.29573699055103,18,0.1673248054071558,296,3,30.794766485885216,0,0.7884643516225612,0
30.36227247711715,5,0.8077935567275034,16,13,177.47301739679617,1,0.6017750529374756,1
1385.914633411414,19,0.0494117740346684,702,4,5.848919686747863,0,0.9451652692352126,0
640.6818555993829,10,0.1231364283735681,31,1,3.3655594687770702,0,0.8438965619710418,0
851.3574503101373,10,0.2128597727021048,401,2,35.81208653694301,0,0.916965651610192,0
534.6047157249185,8,0.1619678784845135,71,1,4.989810798894944,0,0.8150899192207649,0
182.26614960147865,14,0.2046644855942873,675,6,7.420820172689747,0,0.5201988625809064,0
304.77464340542133,13,0.5744965740985186,687,2,6.106984744379425,0,0.9218118871750178,0
1701.7582864291558,21,0.0868588236166186,711,2,0.5659089908927968,0,0.7679492088804148,0
570.9409967039965,12,0.1307472139886122,931,3,1.96058366354546,1,0.9162781139776788,0
555.4581401681953,19,0.1249311987371137,618,4,0.531137394683115,0,0.8499696557920157,0
81.8891380313666,4,0.6885934605387177,54,11,57.57573367330171,0,0.2106311151395703,1
583.3407491476006,17,0.1411294232455973,388,1,8.688776762496955,0,0.5937960504231569,0
864.1702908590638,7,0.1734957169831033,400,6,6.8478822590449955,0,0.919768422134908,0
810.3223441429965,9,0.1948110767803983,132,2,9.850968458057082,0,0.8612335464127252,0
921.1590176585204,18,0.1924380942460492,580,1,13.610114014186268,1,0.823366436750965,0
224.38765767211376,8,0.4204914178203621,63,4,70.25761130320458,0,0.866208948182121,0
835.8070696443367,13,0.0186447133095629,348,2,11.034317257666627,0,0.6402969765671469,0
1738.5125931490495,22,0.1831009119669572,45,3,10.522901738226755,0,0.7419858277065569,0
1430.2393552982094,19,0.1514658503402288,914,5,32.321326648760746,0,0.7916324177634083,0
369.8149266556792,12,0.0484053595433813,899,3,7.958187460162845,0,0.913076469687128,0
340.63595250606596,12,0.1817320910296503,844,1,16.057633480120828,0,0.8848485856989904,0
574.5825113963034,9,0.0609334677694604,227,3,12.980258620630837,0,0.7033577958684584,0
666.7377033933554,16,0.276373371390137,464,1,3.823008308456609,0,0.518110619814561,0
466.2554666034152,22,0.187757903300409,273,2,3.450810758345279,0,0.863635889175933,0
296.7900681799112,22,0.832838502211908,156,5,306.4771048284598,0,0.0194419119499907,1
923.631145735514,18,0.129404453826927,176,4,2.800843554450263,0,0.7856071759733526,0
1535.5406198073215,19,0.0679181419063968,267,3,16.93410476474164,0,0.8892975223396641,0
694.7066181515942,13,0.0498815855983589,470,1,1.6147909270119456,0,0.8072972841954771,0
755.279910507083,13,0.0966603314002386,778,4,20.182358828848372,0,0.9565676493949412,0
482.1257402800198,20,0.1498753388399425,111,6,8.921080583287509,0,0.9208526119907136,0
326.79339334658994,8,0.2302245419955423,935,3,7.422324766934027,0,0.7730336769602724,0
784.9853707292657,7,0.3092482069710854,413,2,27.224784214217365,0,0.4027655576495647,0
872.0642356210587,11,0.3733762682315382,78,1,26.11170314393748,0,0.901929348511588,0
577.7850922285826,21,0.0491938612092563,717,4,21.476943023422745,0,0.8840496588553387,0
398.570115414133,15,0.2575548824737872,142,0,18.374503988663633,0,0.9645561551403756,0
819.5998892692469,21,0.2400110495811667,36,0,30.08486836292108,0,0.8357747093373137,0
1383.961295038939,22,0.3679668386384899,30,1,21.967801569483328,0,0.6232815689249727,0
1118.303088730365,20,0.1261385825791298,534,0,1.9574500390188785,0,0.9030202064168964,0
661.0617776109611,11,0.0840688502984968,682,0,26.011621491497408,0,0.8092240391883758,0
739.092652186187,10,0.1909118813187501,104,0,2.6819256203750967,0,0.8162320325660046,0
665.3981794390672,9,0.2308446824798412,399,1,12.71599548720267,0,0.8897077606617941,0
1138.0754906068075,10,0.1869587301106047,838,2,6.901719317185523,0,0.9031037346873994,0
584.7408996181471,12,0.3169582940137037,586,2,1.5204247689389765,0,0.8164471117581913,0
381.45375276842645,18,0.3395331825952038,347,2,1.2761511719531995,0,0.8957212573574239,0
472.49167029383955,16,0.199110112542497,883,1,1.8848109129966055,0,0.7674747196459211,0
198.638157391847,10,0.1862541717294867,468,3,2.649366475479355,0,0.6218782493329696,0
842.282388557831,14,0.0414503962109017,770,1,3.042579846619362,0,0.8797196821072232,0
843.489418114195,9,0.4051895829953468,800,0,46.58669017106448,0,0.7252478348750029,0
1467.6671332525802,18,0.1373985067235133,342,1,4.0575329809756395,0,0.7501213594355928,0
782.4493899061885,18,0.080701326733142,509,3,18.314571950720257,0,0.8725638838759923,0
219.09655861818575,16,0.3727913130905203,129,2,47.354532059209454,0,0.6725346452642084,0
450.54705688904306,15,0.1530662610812001,937,1,3.270426135826906,0,0.9821345871175782,0
762.9487027617147,19,0.095783363362125,61,1,26.214170055790643,0,0.6748412087961567,0
798.141737899295,20,0.2384813572203696,665,3,3.1567659588745443,0,0.955799607813926,0
695.6892083385579,16,0.1268886209099296,766,2,3.0128528710543816,0,0.8193042150630347,0
394.6579561995724,14,0.3046342863437615,784,0,46.0160990663922,0,0.8267032250037586,0
282.3283779426749,7,0.1107493317403106,413,2,17.68001378808802,0,0.9520937155772102,0
651.6706487170691,20,0.2250000116983494,501,1,28.03507446078784,0,0.951552101824034,0
1773.2092748195762,13,0.0872078950822377,66,1,9.533060360768689,0,0.8608581295269407,0
300.3995467525557,7,0.0704184854551652,136,4,1.7740615869890608,0,0.9700726699243584,0
1038.0350236564025,10,0.0487955947294572,830,3,19.3408678333904,0,0.8289280135205596,0
652.6721165566968,14,0.1014957508942844,351,2,24.490292524306664,1,0.8032365538733094,0
1263.0594440748014,19,0.2373026356193439,589,0,36.70621074786128,0,0.6744750779541633,0
1186.1846916968786,13,0.4497365042352826,486,4,5.23360687451052,0,0.8694139782766033,0
814.0181197937851,13,0.0428977907416718,669,2,11.427241373787314,0,0.8922489389429217,0
569.8383894443933,20,0.1430613457687596,817,4,11.825015028269922,0,0.8424562848993664,0
719.6570308510733,22,0.2828990773600325,802,1,5.112685027175335,0,0.9812724386999658,0
664.9348730558181,21,0.1459209793875225,660,0,18.425563520906387,0,0.870053489517818,0
649.5425140723123,21,0.1342560293584036,575,1,4.19720215306967,0,0.8390181751350174,0
548.2535202429776,17,0.0762637869158495,876,4,4.216534301030657,0,0.8738791004774419,0
539.9963840962563,15,0.1931843596564618,186,2,5.86236108181209,0,0.782804628484064,0
992.9069667957428,8,0.0396613172446181,845,3,8.203824941989419,0,0.8297823258983266,0
1536.2436473809544,8,0.2707065674755148,611,3,15.008113970923954,0,0.8256234928508696,0
1038.564338228394,7,0.2908822465637356,931,0,20.723966143551863,0,0.7730823719242459,0
576.9260889293115,12,0.0730498621625104,365,3,19.48459512158974,0,0.9785412930475886,0
729.1553255939389,9,0.0739206346518711,79,2,12.210420107922912,0,0.6625938542247604,0
753.3260080377381,9,0.0836612881391341,231,2,30.983828007579145,0,0.948366261227961,0
1009.6282236014914,10,0.3501181774162172,134,1,37.34250222220526,0,0.703577703624519,0
211.857188823262,4,0.4267898810712877,55,7,18.830236511652068,0,0.0579863091362629,1
561.4273228451174,19,0.3955310676768865,606,0,21.98301813200726,0,0.9562801873134767,0
716.0048134428448,8,0.2021924768263046,645,3,20.650687914894515,0,0.7093584505639369,0
512.1348987391226,21,0.3001976604971488,600,0,32.054123013653026,0,0.9187162968037218,0
683.9100535436161,11,0.2555527471342447,823,1,17.104677847712917,0,0.8899063113044641,0
969.3305748417936,15,0.1401614607036996,631,3,17.086563018103284,0,0.6468597899000739,0
1042.937336913546,14,0.1920107500993046,341,3,12.42919742309796,0,0.5964731038648362,0
549.2264686837307,10,0.2673338442622357,685,2,7.097144750165997,0,0.6865766647552796,0
471.0878082473067,21,0.3173588162252375,195,2,4.684270063100014,0,0.8079084945916735,0
178.0702129737639,18,0.0112309721918688,675,1,16.76576697354021,0,0.9251794855790628,0
1289.8387463667757,17,0.3707879824686368,488,3,27.665640568416062,0,0.6313176137913077,0
1079.0050478706114,17,0.4708946418722599,688,1,3.3743004993758405,0,0.6977014644090878,0
1024.2200022798877,13,0.3432979322064536,218,1,15.940444525579904,1,0.852005560817435,0
350.32277200314235,10,0.0209604433250499,463,4,5.706665951265186,0,0.408577952517501,0
775.82128890037,7,0.323021535357254,929,2,7.788730945030897,0,0.7773022734112403,0
730.7043275677318,8,0.2902760092988741,533,0,3.5288219402533247,0,0.9491495511539052,0
339.5046150618352,22,0.4103938855042088,34,9,44.40584578453024,0,0.4003070588342068,1
1576.4845248080885,17,0.3162850949939645,591,2,26.771903276081403,0,0.8720621312565162,0
615.504625463657,21,0.1667026778411285,137,1,14.403849104625165,0,0.8560012815962078,0
932.5528823850274,22,0.4797334120145787,664,3,10.04807156593785,0,0.9542987065983308,0
299.35030149688987,13,0.6130178804850126,813,1,22.222636289649373,0,0.8577406917042949,0
410.4839013210544,18,0.1751493192886163,661,4,3.656580950357169,0,0.9164869391350728,0
470.3489600440966,17,0.1293174342870567,553,0,36.13803485513213,0,0.8371451884283029,0
976.736478978516,18,0.1817364348773749,910,2,3.6693389383086257,0,0.7309459803464028,0
878.4130491422359,22,0.0501313061101566,750,1,38.37846126145112,0,0.9400561680643086,0
681.6167994018914,21,0.136921822748866,82,1,11.250274343132547,0,0.7438132876117765,0
920.3211062417024,22,0.1823322226083621,815,2,0.0553510588189831,0,0.7655449961013411,0
659.9113506458383,10,0.2284894141391241,516,1,27.505650083603985,0,0.8821757913549682,0
664.8233827195296,10,0.1108233912684765,277,2,48.60773430523027,0,0.6192474337392865,0
131.9609211906885,2,0.908186454074872,177,5,23.927335844097392,0,0.1177954139261762,1
457.83667112414565,16,0.2663193952640225,252,3,4.8566601538948095,0,0.9516038726137096,0
547.7626555079523,18,0.188324181748379,660,0,19.39246995962792,0,0.8406664279632844,0
559.757857345462,3,0.5581400484318333,55,9,434.97306880208816,0,0.1125190357116405,1
472.5374849402507,12,0.1104984338196272,592,3,22.506197962366347,0,0.7013443479272873,0
738.4724058698077,14,0.1635854555947493,834,0,21.87094732120992,0,0.9297707548876414,0
1095.4568244981,20,0.361343108982989,440,4,12.92341658531044,0,0.8184978575195445,0
372.5426904671182,15,0.1644186925855744,589,0,4.500501709407543,0,0.8698545744107198,0
1120.6836825269263,16,0.3311912947005674,294,2,15.066176732998107,0,0.7087833156900044,0
610.82000765439,9,0.166636101631505,762,1,0.6489398189846087,0,0.7414687966179434,0
657.964048699427,8,0.137226543754592,378,0,11.4150059710062,0,0.7520411425932089,0
822.5284780963226,22,0.0871982300446025,983,1,5.114806907882983,0,0.8174245290513005,0
621.2279112321409,18,0.1390048742019773,675,8,4.041608907742919,0,0.8621557750089597,0
248.54310933216792,13,0.2252977988990834,552,2,17.0418798914631,0,0.7752675529603744,0
1097.4066812277067,20,0.1634503894709293,885,3,9.714686996593214,0,0.9641381496197584,0
1135.8302524036635,8,0.1795849081471294,825,3,16.508338073274373,0,0.7460792490398972,0
1958.4920669115097,20,0.2793709290345872,738,1,36.06385427587954,0,0.7030327601543043,0
502.9194715232343,22,0.0211054781821119,224,1,63.0068816983395,0,0.9470560282967736,0
546.9155096598167,7,0.0976216539919821,181,2,0.149404978035453,0,0.8899658907735716,0
666.2680253725392,14,0.1426201515876665,70,2,2.732090975404668,0,0.8472441960059224,0
629.1400603693593,14,0.1637539048754212,778,4,37.517503395057446,0,0.8684729304734267,0
422.7226607264341,14,0.1284541460076619,45,1,6.03540042479361,0,0.7845260076064863,0
1074.7097218797496,9,0.5642423290538351,960,2,4.859717055918972,0,0.8883245949731917,0
1090.83072602722,9,0.39751368508753,478,2,7.542345405371599,0,0.9696297024262894,0
1079.814659334357,11,0.1855861109410582,529,4,2.648051081254282,0,0.8500089630099055,0
526.5471811041667,20,0.0233434574401829,857,2,11.815441120669933,0,0.6142264819459525,0
58.04227561633098,4,0.6300079259013676,42,13,115.81451725603952,0,0.1288199378155104,1
1400.513314351243,19,0.1395195225822145,382,4,64.85000723065603,0,0.539204147702896,0
751.7100978718631,17,0.0368614047676512,324,2,50.930280061161845,0,0.5840990410981243,0
741.1989284925593,10,0.0874179906564289,989,2,5.1514286718042905,0,0.8255275812483653,0
399.6184197486221,14,0.0635182166369979,265,0,12.488724956766106,0,0.8002961694856086,0
319.5772059852861,18,0.2390815671673502,774,1,28.83267700564445,1,0.6545250478151372,0
918.8337100806968,10,0.0579075322414828,475,2,12.275487504799976,0,0.9553732283075328,0
1327.8973936893942,22,0.110770140782055,775,1,19.460689325005436,0,0.7465468348075229,0
532.2104549058527,21,0.1123297539481173,233,1,21.403674912151757,0,0.9665884045011168,0
571.1031781471407,21,0.2035984221612485,611,2,1.8190762568551475,0,0.8995137670266541,0
647.6673472564128,13,0.0663758011406139,855,1,3.494211828816438,0,0.8264563118161177,0
582.093194944641,19,0.0064376830918011,41,2,3.332850739567252,0,0.7180237170613533,0
1301.783883514345,15,0.079021036158347,589,2,0.6925740436223673,0,0.5453277751218775,0
565.0838828300588,22,0.3756507415472269,353,2,5.066181570505942,0,0.6928395416829576,0
533.0595807141415,20,0.2226961573843845,530,2,10.333114448446691,0,0.8859128169980309,0
358.1713872704374,10,0.1398513636910347,803,2,18.223282881714848,0,0.8547687484664652,0
512.2584074349843,15,0.0622944924253998,437,0,36.89781967567614,0,0.8042968690914291,0
2150.271055349067,18,0.3026451920283887,844,3,22.24431036481682,0,0.7891390047647665,0
1963.8986748625584,10,0.28818871871656,333,4,4.807969825916855,0,0.7951309885525055,0
397.25084477900674,15,0.0966168082690847,307,3,16.643327798566393,0,0.8511132118508501,0
294.0735715290087,20,0.029839523380195,371,0,6.856831622729198,0,0.8127518697316766,0
272.61955747255985,13,0.1032087838480844,477,0,5.619974684861521,0,0.9463572916130464,0
1236.4241891782824,12,0.0336976757602557,912,4,66.90693354937,0,0.8749018870285737,0
520.5336619887792,9,0.1340996730767398,172,1,42.538056419913545,0,0.7857898420105904,0
586.4104849337181,12,0.2890234578342764,614,2,26.01040716396735,0,0.668083454064604,0
719.6478004254487,9,0.3269629542658336,204,2,7.535892747193004,0,0.5901934199602433,0
866.1082072891709,8,0.1533836000142073,793,4,29.84336280416213,0,0.96272957138145,0
170.9067964114692,18,0.2492213720220646,767,0,15.777291742800909,0,0.8914212039011394,0
660.1960791447818,19,0.1908611468314076,130,3,86.88262399637512,0,0.7244837426074306,0
749.753967945398,9,0.1099333148727715,646,4,9.40989650939437,0,0.6669294727885323,0
1328.0474787392968,21,0.2574880378349171,812,2,26.07900734113443,0,0.7354267949743852,0
259.35169478688334,9,0.279158321639675,764,1,7.783169527318282,0,0.852923548838169,0
120.91174394427668,0,0.6303652545023748,15,7,134.3589021257389,0,0.0530078557007681,1
495.1112715690125,20,0.3675359502789465,245,3,4.343966245599566,0,0.7980360960620528,0
328.42601265484416,14,0.1328174084229003,751,3,30.251175514933067,0,0.9298359545778426,0
1089.897104766027,22,0.2912448315174464,77,6,15.482664314225763,0,0.8363110851835185,0
653.5982872053122,15,0.1259824493754982,237,4,7.976044809737343,0,0.8501902858568046,0
511.044057425224,21,0.2039661299497533,175,3,32.38664104459844,1,0.805195309275298,0
475.63466934250874,14,0.2778884220121131,189,1,8.187174026059498,0,0.9327214243076296,0
415.6193284067437,14,0.118172468899168,631,2,1.8128255386016143,0,0.8061082234392287,0
2771.4618777127534,19,0.2039816473780958,621,1,2.634693020386616,0,0.827198391994221,0
845.8003030825666,20,0.3150484344546539,117,1,1.897795851551606,0,0.8758269343059505,0
1092.473440342242,12,0.2347518848745185,915,0,11.565273934723372,0,0.6829776912401764,0
883.9563070150099,12,0.2666989689189445,729,1,21.612592657053796,0,0.966193462898874,0
1144.450775599749,12,0.3266798779488715,357,2,6.539967741905963,0,0.4821980939529999,0
990.422303691368,17,0.1879961012141374,532,3,53.988297602070745,0,0.830603066545987,0
1089.307160713751,9,0.2086561112471941,476,2,10.61457474197416,0,0.7671355781735245,0
499.543807761265,9,0.0784119493215121,802,1,1.871788427898906,0,0.9222480002876444,0
806.5301282587935,21,0.110074785093399,978,1,6.506122049437531,0,0.7321879319353357,0
537.4423990476192,12,0.2674780407671135,42,2,5.087788694303632,0,0.8096504986874595,0
320.05417587072066,7,0.0638034363010465,934,1,7.262216240083878,0,0.8875133311438886,0
429.5926523741592,18,0.2456025154611905,785,4,12.94795896170597,0,0.9749930092604404,0
827.9059575229544,21,0.0664591781437162,692,1,4.349245852404875,0,0.8332173032677266,0
556.5399974338217,21,0.0299314947805164,59,1,11.746710023025448,0,0.7868464020576367,0
494.3372966179735,17,0.2047844902987189,244,3,2.288469948270666,0,0.8448412244134522,0
327.2500907306924,12,0.0699045725056558,776,1,3.1832495741277067,0,0.7002027032430593,0
1249.9261256763343,11,0.1461702670537711,477,3,20.585146164862863,0,0.8203478081296937,0
973.3519609019082,9,0.1132199350069604,221,1,1.0824415249852295,0,0.923738457550831,0
681.6392046695324,17,0.1821919601209528,532,1,1.311143931214673,0,0.7656915486992735,0
400.2195319731942,22,0.1584096203617156,333,1,25.270213977922857,0,0.9672035686591496,0
1200.9929742867,22,0.2931385288991416,804,0,6.648581877715431,0,0.6139248966201787,0
317.642139281695,22,0.3935009526557936,388,2,16.68894635572297,0,0.8773974104842927,0
965.5954386330573,10,0.1334010602514415,244,2,9.254300912834708,0,0.7007931711561654,0
614.4750278216297,15,0.0392542234148245,759,3,25.883188370307145,0,0.6603150327268553,0
1308.229704277799,10,0.3107768426077437,583,4,26.159672194654465,0,0.8944305741960439,0
686.2958182359279,16,0.1901418440987908,647,0,25.559540978291057,0,0.5566030658715928,0
739.5657338464312,11,0.4224660615335487,166,2,17.33453706382396,0,0.3867219587551292,0
491.29638097961856,7,0.0984374256439107,335,2,52.55309205373652,0,0.9166493440982132,0
695.5889493073007,22,0.1308624237146749,485,3,14.14550636092012,0,0.9361497092609212,0
849.2198644104368,21,0.2068074490815948,288,3,15.30006401715334,1,0.6844957771849217,0
519.1486132040436,10,0.5394604792193904,947,3,6.005572080736044,0,0.9749458219548052,0
847.5303927125614,11,0.1424834072572365,264,4,7.07233862104713,0,0.789498092347662,0
418.8408056404896,10,0.4952210531732432,475,2,26.376117140289335,0,0.7707530622806829,0
794.8356031311981,22,0.1110801860137196,911,4,13.60908123319606,0,0.8599810331407234,0
569.073540419183,16,0.2463127507938097,878,2,1.5705450097281553,0,0.8689004931967624,0
493.10724961059526,12,0.171587176246265,43,2,7.7318230510709665,0,0.933353171849164,0
948.8768724623916,21,0.060182325899048,521,0,0.002726158470343,0,0.572217576122075,0
477.5004051554812,18,0.1550591688899514,555,3,40.17124748722043,0,0.8149010983417155,0
77.21662173407128,0,0.5430741032295233,149,5,6.431695803108151,0,0.2205520356455915,1
889.3790377293545,13,0.1728236343378676,47,3,30.56679462716202,0,0.8419422608736377,0
1340.8685036340205,17,0.2459935271677327,157,1,5.203635524886343,0,0.75076509643169,0
671.3541325610348,11,0.1362631989072394,175,4,12.504308739436745,0,0.7356758429890992,0
561.734269493295,17,0.2556686452655609,172,1,5.08267913594267,0,0.949823477734536,0
314.4875583435093,22,0.1421803676936882,881,1,4.419247017965249,0,0.6655632953307103,0
195.75653457200963,2,0.583577777473779,199,4,100.04438863836232,1,0.2867132882579098,1
415.55171029945785,13,0.1550511927740351,583,3,0.4148438404496496,0,0.9354809101648692,0
1158.8066183593448,12,0.1158546449333663,710,4,68.37300575664443,0,0.8124879396075556,0
507.85922229874376,12,0.2946986197019077,737,1,4.334081520407993,0,0.9204191094780144,0
1029.0338016586568,15,0.2032961288665718,487,3,10.94012939577107,0,0.8541338064693905,0
310.0360604153118,17,0.0521434415427568,604,2,10.65037063386248,0,0.4332264490650106,0
433.8393329926944,21,0.0831884751983717,172,1,14.563932126520788,0,0.3206183781598369,0
765.50220263449,20,0.1814684565348577,56,3,14.100615667533226,0,0.9308588928019128,0
449.75963367351903,16,0.0317304404291798,60,1,10.510588328698011,0,0.457804030112815,0
1080.7104948973688,12,0.1182509276958369,850,1,0.0518678062654147,0,0.7261361089980637,0
594.1490156118592,10,0.3368877549734557,820,0,2.764833411399994,0,0.8151448152164582,0
1042.4926407642388,21,0.2794600363524768,876,1,5.769947683986262,0,0.8914603265200678,0
469.83947442050504,11,0.3644981042688433,122,0,57.92862127914268,0,0.9290321140235784,0
838.9295699614797,14,0.0599215423035615,969,2,3.037306052011737,0,0.8917564802037861,0
1451.576183578349,14,0.0430303731151192,701,1,2.2845705606292213,0,0.8803267729642514,0
844.2428220771691,17,0.1470528443572348,565,1,5.586225561771261,0,0.6553967380444263,0
337.7780868066898,10,0.2921830604991657,626,2,3.1366810979399795,0,0.6812535835128358,0
531.2089661524084,17,0.1665001561583696,589,2,24.38034190249003,0,0.9031507916672868,0
467.86600931089333,8,0.3042623928974555,337,2,25.871180323166257,0,0.8240414794736576,0
161.9736876959839,2,0.3802863228199149,131,11,10.533574077256752,1,0.1832184088941843,1
770.0692504241697,18,0.1559027331718901,509,0,17.021221979881457,0,0.7785956657365106,0
577.7169013653677,15,0.2044000921808672,52,1,24.25007399292575,0,0.7210039106377457,0
1500.8615416359671,8,0.1159962521194567,65,0,9.648062727849553,0,0.8042360025445894,0
464.2829436608909,17,0.2220810573072269,944,2,14.712362347043722,0,0.835920216254361,0
807.6800127140829,17,0.3173848824351388,55,1,16.75226612243009,0,0.7108474181547392,0
244.2721532858,22,0.0607755590830976,997,2,1.0972375691959224,0,0.8521393640546678,0
1097.375050110946,22,0.1877319420874245,858,1,6.202318835182854,1,0.7957613447283236,0
1050.7228150105532,12,0.066781384504633,270,4,30.72002005277772,0,0.7310539956421327,0
458.0928078924781,10,0.2670657273284352,727,3,0.895842270561103,0,0.8985207777521976,0
1118.8866808660132,8,0.025329749530924,313,1,12.975223087157392,0,0.8163024325648791,0
832.1209445183287,9,0.409337187502926,377,2,2.790232007742356,0,0.6840610724688669,0
559.1074264884279,15,0.2768266817227119,466,2,15.084546478538403,0,0.8985546577549824,0
117.0450851364984,0,0.1900136320029259,109,11,24.45694373561805,0,0.228170665619366,1
409.1881035276032,13,0.2073283594055568,982,1,6.937857532406287,0,0.9133182234949092,0
407.67964831826487,16,0.029738562404297,270,3,0.1756172359443315,0,0.6965720979209433,0
1414.8247468551758,21,0.1781105022650216,516,1,4.1761111726584685,0,0.8296510464307437,0
425.2757363751444,20,0.0233180844631023,524,3,3.4876165554249186,0,0.7628238887918838,0
712.2797352068543,18,0.1687737427853908,74,3,13.557541363403963,0,0.7146980015282517,0
1111.129458456012,9,0.1610789085607743,125,4,16.37788536285497,0,0.5945529598292191,0
638.909847624682,14,0.2299762577515347,173,3,4.23161286313828,0,0.7824414582456677,0
430.62739512170504,10,0.2107299257412755,177,4,6.6673123311943465,0,0.8965678534511541,0
415.3156143910307,18,0.4282630313824506,615,0,0.5816765121613068,0,0.5179998801827812,0
705.081169191724,8,0.1001465898698036,672,1,9.345341537368018,0,0.7684405986281724,0
1186.5023204426932,20,0.1994690516484912,558,1,16.320470191601405,0,0.5847879740696913,0
691.8383471990312,18,0.0470471230494588,843,0,3.45579901624847,0,0.8702638283675004,0
913.0708298575664,8,0.2113890643347543,892,2,4.508749209697725,0,0.8753763006294638,0
1040.41554663118,15,0.1225608858868549,985,2,7.314680827048742,0,0.9455967376171296,0
812.8453659137957,7,0.1001116578062405,67,2,0.1841042116097304,0,0.828398715641167,0
514.652522261354,20,0.2155395894095006,883,1,9.91870364055069,0,0.8695335385440679,0
526.6968740820428,12,0.3314035163128693,678,0,4.028843187314954,0,0.7160845633438667,0
471.6648462268379,7,0.2417804799908076,267,1,64.84141186606313,0,0.9790327384004583,0
1136.1552990674531,7,0.3015210155301703,695,3,3.999035575174695,0,0.7214225862129167,0
1452.3636159188984,7,0.2302709115133498,834,1,6.77989488968474,0,0.9509312362827156,0
281.3454276016356,13,0.0282805873298412,55,1,7.419743265448525,0,0.5397550985840038,0
961.5907208195651,8,0.1595121380940946,157,2,8.280601162414193,0,0.9017607238594452,0
1358.4740084560965,16,0.3715212724487011,854,3,9.337829128986575,0,0.7562899149966609,0
303.92964264202107,21,0.0933648305651975,136,5,1.1110460648430631,0,0.9260452829810986,0
244.78617457052047,17,0.2020672377981279,739,0,8.188366530212969,0,0.8259528200131492,0
825.8604586017211,21,0.1338166471186403,276,0,15.558291730207316,0,0.9289168998054118,0
577.2101742252357,7,0.1324734255464991,677,2,0.3849956169245279,0,0.8052319293603802,0
416.4154779848432,16,0.0659858785272325,661,2,8.220480222098102,0,0.9405204862527048,0
463.2154185345532,14,0.1654810488355836,509,3,2.3898920022012233,0,0.7893776872476532,0
1536.4649909642394,8,0.2629621522752188,310,2,2.7332146049773014,0,0.6936476592167287,0
1681.128099923153,12,0.1594638247229742,297,1,8.28367036087569,0,0.8194204411796439,0
450.79341962579787,20,0.2193152466773626,818,3,7.432339576557264,1,0.8337251214248274,0
703.2216611364154,21,0.0201332950636211,856,4,1.6348110551444646,0,0.5635836544283587,0
536.065296337683,21,0.5922848136475325,587,0,2.949591979292637,0,0.9755301621675084,0
287.00209619480995,22,0.3677108420665634,513,1,3.133512434049494,0,0.8982239206383099,0
336.5455028064044,9,0.1636307451344052,525,2,43.18495731581696,0,0.6483792336574253,0
136.3874522124546,14,0.1477771516957005,180,3,19.750747736496464,0,0.8759277890042844,0
1100.3849281347818,8,0.0531254233681492,641,2,26.33365157736759,0,0.7705769347602989,0
1084.1348418672117,10,0.252281501477707,270,0,15.477305895899796,0,0.7258215169747434,0
242.7833033883307,15,0.1845810766923971,271,2,21.306083058000898,0,0.9196084063455268,0
505.30894780654626,14,0.1143921635769967,161,1,7.999547254349663,0,0.684338682608282,0
975.420855382156,8,0.3145543192719171,990,3,9.113197984504302,1,0.7162078334892147,0
320.7337917960761,16,0.1621206878352154,365,3,30.2346335182252,0,0.8130882796535298,0
1265.479731233467,14,0.1038997200820254,138,1,9.764575899072543,0,0.8693544519044933,0
443.03221040918686,20,0.1228644811537192,676,5,14.528775663193144,0,0.8548485981868751,0
420.5341144301266,18,0.369061063873975,842,3,13.625683010271114,0,0.9047257514707072,0
624.3795879130545,9,0.3370177304912097,837,2,5.47711873149367,0,0.9162679104372776,0
511.0387464359623,11,0.0461426212563319,211,2,2.9679442694380804,0,0.7064701476779545,0
1182.1046407653923,12,0.1297074709912703,832,3,7.895020877915458,0,0.8080230651109315,0
1747.322818463177,13,0.3218324590844039,940,0,33.44776356171301,0,0.9139520523677156,0
1430.8918970027078,17,0.0610205612674176,500,0,11.10574086670968,0,0.4839149558048053,0
752.3819012834106,9,0.0956344841784067,113,2,8.37298389076223,0,0.6040514184923287,0
897.6123802322367,12,0.298328154264982,622,4,17.634402452199893,0,0.8670372208006991,0
168.130774561558,16,0.2636757235909472,517,3,25.76855428576301,1,0.6523874146002925,0
510.46532741771415,19,0.0208836953988489,824,4,7.132081052024501,1,0.8026021644239092,0
622.1824384299138,7,0.1637931170108,532,2,0.6269378988906998,0,0.9009063418005588,0
969.5999159827892,14,0.0669202110437089,623,2,3.2367149035876883,0,0.4253030862263137,0
914.9033891983602,14,0.3375309997093328,222,1,20.659535934078384,0,0.8969043959670038,0
436.7636864672957,15,0.1224116961643369,552,0,3.1291701753383,0,0.7122700875097518,0
1621.0822023325316,19,0.0802948039134791,957,3,10.75800274763576,0,0.9322762891772604,0
799.9418164435153,15,0.0606329609803092,829,0,48.002510024963776,0,0.917794149114512,0
388.28419265561735,21,0.4537840151392328,620,5,20.92132323226471,0,0.9514058223441662,0
1198.0967013860577,14,0.4045483475937821,578,2,8.267535663178474,0,0.9806345658420914,0
886.9171926039094,21,0.296903720006242,62,2,0.6024736809722229,0,0.7532779095180527,0
935.6776700466446,22,0.136751360969911,157,1,9.203982538656044,0,0.7508430524717865,0
1526.7724671297794,10,0.1404449211093233,487,1,5.810398731353611,0,0.9824363358387996,0
624.6368991797405,11,0.1980096862595567,631,2,12.745099415075106,0,0.8973441904365569,0
318.2879339842151,2,0.7478339797788651,186,3,19.155572490231457,0,0.3357052900676454,1
609.7931364831467,9,0.1141078535966278,44,0,13.288380757616393,0,0.9464012443753856,0
858.4794239479781,19,0.0316560423204418,287,3,13.235246513810678,0,0.7334815850454945,0
702.2419541134885,18,0.1834964981478,505,1,22.8726138821694,0,0.9318983944630193,0
748.8738238174734,19,0.44939800867974,933,3,0.4925376848032912,0,0.5872085476032116,0
752.7909901639745,14,0.0582964616178543,77,2,3.0552028544473933,0,0.9263717102664788,0
1260.8247959479784,8,0.2100546723576391,551,2,1.5470763878810785,0,0.8638990393089575,0
1579.0861213351468,22,0.136776050770643,746,3,12.773199697018454,0,0.6809619306933122,0
578.107745350861,22,0.0965785302467163,257,4,7.879468683821314,0,0.9274534863802772,0
494.6212771122792,18,0.2377234663091569,98,6,1.1622509613187066,0,0.8811884860146547,0
443.28973853775744,16,0.1897579459438706,737,2,8.99648152772147,0,0.9422025730864106,0
803.5012485752566,20,0.1141674931367319,326,1,7.946146630038042,0,0.9857369536251512,0
1419.8388176434046,9,0.3443990205357199,810,0,6.7270542419358526,0,0.7813861597843338,0
410.80244514201195,8,0.0857067438471499,798,2,0.7298933790989616,0,0.6877957145647059,0
583.229851474148,10,0.1979854198256929,375,2,26.71402933261988,1,0.5885550439819344,0
1190.2823237944906,19,0.2535801516756531,800,0,26.54344516319559,0,0.6509708837903647,0
353.07506638345006,7,0.0514042471628748,77,1,1.960396583473888,0,0.8335952768561001,0
233.52675119170257,22,0.3868745450594584,108,11,74.35930426434419,0,0.2096050256086421,1
389.20503676686815,21,0.1606997350525929,911,4,30.14030594289994,0,0.8236368259279633,0
356.026866634601,7,0.2298199707481892,253,1,15.128139595888042,0,0.8233473315540785,0
956.0330457790338,14,0.072820550689119,379,0,76.50438072916427,0,0.8427020795305125,0
414.48807041198296,21,0.4418025120174809,116,2,3.4928868225041443,1,0.4885615300941303,0
763.5761981301945,17,0.049827342240117,801,1,30.22367576972694,0,0.8844592183562635,0
1114.3443945878892,19,0.3339405322392082,989,0,5.569943020125284,1,0.903740013903707,0
1011.3314200748972,8,0.1318207237219256,441,4,9.053812323403644,0,0.8292399360386135,0
579.1129744744316,14,0.1003480732937956,434,1,15.753689654193064,0,0.8641926667770723,0
402.5198136158722,12,0.2231407906126141,402,3,4.205207932430004,0,0.81359714189436,0
510.2829719753871,9,0.1359118537531106,650,2,4.737909118666902,0,0.7928010620251938,0
411.3902017341304,15,0.0895108465918991,762,2,20.875292400841182,0,0.8666741011061245,0
506.03169502432183,10,0.2037771837521782,306,1,14.723357404417447,0,0.8257203887536536,0
751.4230244790994,18,0.4739101772748585,772,2,1.3819730072420744,0,0.8322910530652382,0
1468.143034994364,13,0.116109989388421,247,1,3.410013590276249,1,0.7647643451404574,0
570.4116841729525,18,0.1366568744703913,494,0,40.8391570531454,0,0.6508774350271945,0
2327.3321984061963,7,0.1045013318633896,319,5,1.3631635335709542,0,0.7234326681620085,0
794.1296674932167,18,0.3837836890096956,580,2,13.282856818932268,0,0.6558907155417693,0
1037.5328064603525,11,0.0573142407406496,139,1,2.660578563824666,0,0.5209949874085181,0
4340.81537396235,16,0.1234343138462447,992,1,15.399193922709296,0,0.8172503322730176,0
1942.285373555518,18,0.2786550798970592,485,3,19.882506033470097,0,0.7359002269814464,0
710.0529238207248,15,0.2578767142375132,861,3,23.207010526399547,0,0.5718421753401115,0
2609.232768566086,12,0.1306710722458106,603,1,9.195171213649031,0,0.9808865890467208,0
1352.4435987102283,8,0.2837495817626715,560,2,9.061939484106375,0,0.9413453596563762,0
736.1006616184064,22,0.0795159003495631,514,2,9.735283223812484,1,0.7731790898115296,0
807.1864679058168,19,0.136927822310694,758,1,103.96576881989508,0,0.8474275854183415,0
312.8932506495077,22,0.2217230693645057,771,1,1.372980613614925,0,0.4310354020312339,0
586.7224492085816,12,0.0398740725342805,487,2,9.339567985428763,0,0.7190667854311606,0
1542.6589655751918,17,0.1072986737450904,588,4,7.230372391656221,0,0.542454074480255,0
481.7220877249718,18,0.0827734903016385,615,2,46.774314198898985,1,0.8674241220257375,0
964.6573887383212,12,0.332627657399309,989,3,71.25787773468394,0,0.8012302340255718,0
827.4651270544335,22,0.1995869637165766,320,3,10.379536675226143,0,0.964327926606917,0
418.79057251233513,12,0.2534902928927005,130,1,3.3882276599691195,1,0.6019332589761164,0
670.9342397449727,8,0.1054997360992783,78,5,23.21434664331118,0,0.7926188694739911,0
493.6539909159592,18,0.1266166745851249,633,0,5.063361558870739,0,0.7789117718844515,0
885.5624368406907,14,0.3565708992257317,275,2,10.235715771816457,0,0.9637171689741364,0
233.9981119845821,4,0.907370919860538,39,7,38.476425851539695,0,0.1528190357963925,1
627.4568263667421,17,0.2467230903214078,804,3,3.012030246232613,0,0.789889998814267,0
312.3052266773591,13,0.3147840354400343,725,3,4.047735288417059,0,0.8998778815169448,0
579.8136416568879,8,0.1002463458928744,252,2,10.788425891391814,1,0.900294604596792,0
715.4675848797851,18,0.0617916682240822,900,3,5.344348973243094,1,0.9318737408049548,0
582.1518085844511,17,0.0755576398084755,431,0,34.36816779665813,0,0.7951861871955542,0
109.5348422593003,2,0.8184435183196476,187,10,0.0033684741259462,0,0.101829113730181,1
1067.685620743991,20,0.0870410182996903,632,2,25.47879370960251,0,0.9686539057759962,0
395.04766545224135,15,0.2403213060999036,78,3,4.7740164017214965,0,0.6964282284319967,0
857.2877136597297,17,0.2075823464372799,792,1,11.358546023688524,0,0.8195162675923263,0
836.5328290073855,11,0.2835760282221631,96,2,0.8910004851558964,0,0.964700878211542,0
262.3536623297145,7,0.4216558492530356,551,0,0.9076852693715144,0,0.9241566652348292,0
948.6481957623056,11,0.2046064636811748,215,2,16.029086664813327,0,0.8415401839082391,0
169.94205645877116,17,0.0455538183911128,888,2,10.767729894650191,0,0.837293977126121,0
1248.8260820780197,21,0.2667274975082797,914,1,16.366901588312164,0,0.8124384214209516,0
83.85843664921484,5,0.6275324862615055,59,11,222.8458186108196,1,0.440253558810403,1
404.3308705256053,19,0.0562247322558756,412,4,5.6579807428085465,0,0.9072032482744924,0
536.2366775191826,14,0.1438025702451525,57,1,1.4622706289276937,0,0.631424751789259,0
821.8956486674323,15,0.1100302393968131,996,3,33.25363142543105,0,0.7458688452930718,0
495.1536097357927,12,0.0288529301157557,728,0,21.36134760010528,0,0.7561308020978961,0
468.2269601095288,11,0.1560232561947541,499,2,19.83399842000992,0,0.5999341811119561,0
775.206650007624,8,0.0968893675897948,290,1,13.711565589107687,0,0.7050345539443605,0
609.6158678293556,20,0.0354998038576532,365,1,5.745672626653964,0,0.6250793389406488,0
1355.0974015640415,22,0.2888595900002235,173,4,12.376577988940271,0,0.8722360599591688,0
1263.5040970287523,19,0.2446847595082151,595,0,21.268918399974815,0,0.8782181701345814,0
542.7823242934796,7,0.2655112430757679,299,4,54.80078900558894,0,0.8452126224748111,0
365.7997006687954,11,0.0315336165961477,905,1,53.68088511457056,0,0.8335140650783733,0
608.97423956122,11,0.4005596117416228,661,1,10.359065541352894,0,0.9497640677331366,0
1183.8448486536015,10,0.2142983678880856,696,1,5.9293774419829886,0,0.6199227514399686,0
307.32151225294416,14,0.2860261964754904,216,3,3.4469011529366744,1,0.6405444412243034,0
1047.433803336935,8,0.0476000062989543,856,3,15.235059477505882,0,0.9632437768912852,0
857.8505320962429,22,0.2643628661844329,842,2,1.0945939846776316,0,0.6276178193681861,0
818.6034336696985,14,0.1381580050687923,86,3,30.50416338785078,0,0.8125323409046697,0
755.6923863178984,19,0.2112003682758641,371,1,31.669244794394412,0,0.6897930835754397,0
474.4966394704579,7,0.0873519341137983,241,0,8.70707507022124,0,0.8417576585866918,0
480.50451075408864,17,0.2183417516743999,484,4,32.7188488577765,0,0.5574026745561181,0
521.8817312827407,19,0.1584628781125782,518,4,14.775933367353588,0,0.8094000479376291,0
843.8519161472387,10,0.0745048385206773,63,2,23.925340537778833,0,0.938101887266102,0
366.3074093474749,12,0.2581485559890517,983,6,34.71928581505885,0,0.8289746895807392,0
954.8492636904808,19,0.3361561203981907,63,1,2.4878762757559034,0,0.8811143209237161,0
869.0904693796448,13,0.2863665430960291,151,2,5.729270500271024,0,0.8189149554834246,0
1174.4249753378529,4,0.794670672836161,153,16,5.938674139561427,1,0.1744171425830571,1
505.6677422823864,17,0.1297852818077886,428,2,27.03582521353174,0,0.9689244523139596,0
346.08844722246164,13,0.198624392651644,153,3,16.350926225781972,0,0.9388767374693332,0
382.3412278167339,8,0.2789636130117928,906,4,1.8618390414401107,0,0.8849787834190598,0
914.1573114452092,16,0.0476141792801882,610,2,17.606288861468563,0,0.8711498566319041,0
896.8347908032237,7,0.1444632047954505,835,1,16.998410549527343,0,0.6836803895661474,0
1294.4495770599449,18,0.0656199408285879,310,2,54.930508927745024,0,0.8893704151643482,0
447.79170892104435,18,0.3706929842848672,809,2,14.19064199248302,0,0.9723437408502892,0
977.8102552879036,14,0.1291389161975759,442,3,7.345810772527179,0,0.943132304160167,0
1462.1910376452515,19,0.234440157482373,779,2,16.97507609923743,0,0.8480249430629287,0
782.3753380525142,17,0.1756615687357173,574,2,15.801583144144413,0,0.7590283429027852,0
548.8039687828181,22,0.2407660811066338,746,3,2.6304905926840805,0,0.8903254305091106,0
675.0234562879036,13,0.1626210205473131,915,4,27.3328355103796,0,0.5493327924165993,0
1121.1227259368518,22,0.3363575316290257,630,0,16.27551661891635,0,0.8270041318907531,0
1183.8563943472632,9,0.1545356098131735,261,3,63.97761623004505,0,0.859334208922194,0
865.600821924786,19,0.1400341405187944,860,5,15.091718870785902,0,0.7640569626483897,0
871.9004640479525,13,0.0777007824490974,118,0,7.478493194770745,0,0.920518520245628,0
927.7629434575114,12,0.301907987589135,259,3,10.151127594430376,0,0.752443016113689,0
552.9655395136488,19,0.2415947898255696,569,2,23.07872063408864,0,0.8819618325473304,0
671.6095904752383,9,0.2089604763875229,388,2,9.685817892961936,0,0.626650452840686,0
693.7833753102803,18,0.0713352052885549,969,0,33.31302350713921,0,0.8742539079092848,0
511.4731951608518,14,0.1993326484671115,180,2,15.298171449274218,0,0.8814039849784162,0
994.3791456232644,17,0.0508872903028219,422,2,4.1011643740182055,0,0.8891757000847962,0
603.1335383214257,10,0.1902507386715811,686,2,6.219257246771553,0,0.9516015096861858,0
984.8449292113296,14,0.2694035188381521,923,2,3.80600995959153,0,0.6924893059872073,0
720.5265209287467,9,0.1352015147502973,785,6,2.9873212170512367,0,0.8160160668655937,0
432.2339729391438,16,0.0731200298226718,742,1,7.00122237514366,0,0.855119411203863,0
372.38230605371217,14,0.0543122635053451,567,4,35.86192373059566,0,0.8496563040815499,0
982.0894137127772,14,0.057423288264956,954,1,11.905559309706527,0,0.96966504220024,0
508.8351238925873,22,0.3720981018710565,883,3,2.9546678669616013,0,0.8082896086579421,0
1151.7346143082175,13,0.113313648163325,575,0,2.1443722626992336,0,0.8743636319059975,0
777.7889703606138,14,0.4137027931663876,101,2,11.26960393968666,0,0.889858323936456,0
2008.7638141413945,15,0.1685195399298573,795,0,1.0780042566271093,0,0.8219521575247298,0
524.5750355542939,22,0.3125188313422489,302,3,2.413539403539013,0,0.7901120502267915,0
1686.6755805890623,17,0.2820307629205998,252,5,3.1655060207150862,0,0.7536331648139716,0
594.786958828544,7,0.1085749159142706,113,2,2.7492941845068817,0,0.8263389869320477,0
497.6225583568153,18,0.3759517758118746,138,4,7.141414757748292,0,0.72521706020818,0
709.0665574306742,9,0.170867568006183,273,3,0.7500057360997356,0,0.82108679660795,0
1156.6472437480943,8,0.0396809851085004,400,1,24.884792776248755,0,0.7981493000491207,0
1575.7261319258798,8,0.4144627471337846,419,2,2.315120710609536,0,0.3667713751943656,0
335.1362374771664,10,0.174917717806974,812,3,60.531340276161224,0,0.5474138982457601,0
415.6397638061671,17,0.0600205825504186,523,2,7.61056519031627,0,0.712978189879834,0
554.7638939079205,10,0.0384711920451756,275,3,1.276206228171596,0,0.7809182348772762,0
933.5925350047856,10,0.1700524719920349,84,2,2.5554333544536116,0,0.6402499743586154,0
1122.408300528389,19,0.2533469902091139,516,2,8.944268912463995,0,0.7535727433376149,0
344.73507851859983,8,0.0352617300668173,124,3,4.06294525955412,0,0.8091393953362774,0
790.0716857484318,13,0.3162375980490494,203,4,15.41437191298899,0,0.9330160100647424,0
1438.0796056229294,16,0.0325181805730423,192,3,56.77269234013253,0,0.7627431703658012,0
771.499806277573,7,0.2080111379935989,896,2,14.96779772271795,0,0.8136361512527174,0
913.366905471102,19,0.0966980103877884,303,2,0.7400581404872949,0,0.8833572223849094,0
1552.8013175598076,9,0.2544149177323413,459,2,5.412836226952091,0,0.8144455788162858,0
923.492950720562,10,0.2393783535293498,191,4,5.731668266624263,0,0.7138226473042817,0
500.3202589111517,19,0.2423599051711147,263,4,46.36820947062302,0,0.944077112930051,0
1617.2255323345564,18,0.1616362223079406,789,3,1.7266037515227777,0,0.8203487947774396,0
362.4540965031525,14,0.5114896105568929,618,1,0.170234700495258,1,0.9288222536521612,0
1191.9547282557678,12,0.470234071485774,344,2,18.424910452678823,0,0.8843085909663524,0
295.3309514264559,13,0.1900022089274125,897,3,29.346296886670917,0,0.9476198844909832,0
856.2826281979221,22,0.1991779958393649,423,0,17.438600654487693,1,0.964050317452163,0
430.8024481755717,15,0.0777633664969313,614,1,35.008279626201606,0,0.8890666817567251,0
437.7380597891456,20,0.1296927695771167,267,6,5.931211628081771,0,0.8011638224862695,0
422.15300317586315,19,0.0792884975646085,381,1,7.714847284368877,0,0.8303008537953,0
714.8728192778638,9,0.1733419975045275,260,0,6.998398604816969,0,0.7684410429846424,0
384.71004223767017,18,0.0866658446204541,929,2,9.680061846590968,0,0.5549056194546549,0
1545.246103097534,17,0.1418692220487885,553,1,5.965111715132895,1,0.7394203425456538,0
432.4689516743571,8,0.2376054507026172,937,3,7.631611635994448,0,0.8513543633441363,0
464.89641272847354,14,0.0860297659631936,920,4,39.64909220749919,0,0.6613660161995623,0
1527.3311265076918,21,0.2944145002109349,363,1,50.56399785268107,0,0.6759213771045994,0
1393.0756883113588,9,0.1145745664370252,395,2,8.886299575155455,0,0.8448354407136074,0
367.5477184664758,19,0.0424552973419482,60,1,6.945638093733705,0,0.644899321824497,0
536.096844822096,15,0.18147826040335,808,1,9.902888189390874,1,0.957061919881321,0
924.3056329723338,14,0.108669656813584,658,2,19.514470180752443,0,0.6908229375524729,0
567.0130709231796,7,0.3881657981923582,135,2,5.217369049270733,0,0.9742003518796006,0
156.5189259179968,1,0.6423750185269341,84,11,21.372482725191123,0,0.1130178432745553,1
893.4963487696125,12,0.3236705800552772,33,1,10.121054222090985,0,0.8906098760503864,0
291.6651264184481,13,0.4268634362827362,716,1,9.40954936560419,0,0.9517158306503846,0
1069.771962081387,11,0.0985208655452999,81,2,0.5021446842605172,0,0.9935531920998136,0
220.24474559106372,0,0.5756501378384089,134,4,126.84662058502931,1,0.1375458750601004,1
640.0686897534817,12,0.0202872937970415,698,4,0.2922385270226282,0,0.727710605391398,0
481.5513005587411,13,0.5976585653716469,784,1,5.605751059795966,0,0.8795096527114761,0
1906.9651334558755,13,0.371099675679891,144,5,16.725554459389112,0,0.5089062651178464,0
806.9403476367662,19,0.2782626279860898,61,1,16.293883773756736,0,0.6614453083221136,0
693.7839131174537,18,0.2162524991110903,602,2,2.234465429106957,0,0.5379010076571172,0
794.3710751055148,10,0.1210098754709164,181,3,7.089894406125922,0,0.8927111369053958,0
698.5730444616129,15,0.2657841897836402,755,1,10.30381673679937,0,0.8069652624370272,0
859.7803669278723,22,0.4749514361946171,926,2,19.836280871265693,0,0.8299337174339544,0
657.5969231307732,16,0.2123422196370287,573,2,5.447169414851127,0,0.7228203524508723,0
294.06539343591965,16,0.1701603346531562,244,2,16.427086201526556,0,0.7297188489768603,0
757.0480898297792,4,0.5113490868257977,142,8,110.91610341156203,0,0.3835028498696123,1
1243.182826926958,14,0.1951639221264207,473,1,11.117612365570483,0,0.7876386816251318,0
664.0024845287084,15,0.3123277056007389,158,0,5.79498100644524,0,0.7386206024703931,0
78.47611720559955,5,0.4542484461848991,120,8,222.45060271974353,0,0.0859340585705765,1
781.6295864304261,10,0.5130269209799923,443,4,35.51001689539679,0,0.752089008447206,0
802.526283807843,14,0.3931720210754553,717,2,4.148104375211874,0,0.8264141658169444,0
964.8884314927686,22,0.2505599874173981,534,5,28.47376183853616,0,0.8607263133997909,0
366.5889148829318,15,0.0457559174280037,841,1,3.595209300081914,0,0.7432228577588573,0
547.7536856151821,15,0.1788067545899179,704,3,6.656511557597814,0,0.682784896260346,0
803.4080823207779,16,0.1495540729480906,160,1,11.403144943600337,0,0.916442895301244,0
1116.4399549981088,21,0.1573439818136787,666,2,5.787230453154415,0,0.951015850380492,0
1048.8559254825504,21,0.1817089778227163,297,3,8.136014793087591,0,0.5639776369238785,0
352.03008641972144,22,0.5013315200127432,821,1,20.68377241436566,0,0.8765195392674482,0
725.6613011939229,15,0.0654927330496768,940,0,3.3871080633757207,0,0.7789145017769443,0
417.5737288195357,14,0.2155230966567286,999,1,37.34181982240092,0,0.8681390374237126,0
1350.7058154112167,13,0.2415549515426419,747,1,7.235338537599216,0,0.6904263090171787,0
1267.447061031232,7,0.2419365473025425,925,4,0.8341476946630848,0,0.964808745930684,0
690.4869302146717,7,0.2956223224434023,368,2,11.083025569781242,0,0.7998075950263548,0
1530.096786707695,16,0.0767435560204699,659,2,29.233865787441392,0,0.5355604759244081,0
476.9680835683309,21,0.095332585896354,422,1,17.063252325458645,0,0.660607820894972,0
651.739515703179,17,0.1779270394535027,993,2,9.313104853475355,0,0.8681772897091158,0
259.5539427921107,10,0.1348042465191828,90,4,49.897594263033895,0,0.8559086788630196,0
734.9913174991964,15,0.2905444301826175,912,1,17.69646661286134,0,0.7804711920061462,0
428.67979005919824,21,0.4362534538920314,825,3,41.06488235416395,0,0.8727427749389519,0
427.3808181539028,13,0.2305488362031013,915,4,27.00356066484436,0,0.6697186234655316,0
687.4208992126771,12,0.1977537730344667,970,2,4.243410493583482,0,0.8834554370655961,0
781.8288333565688,13,0.132728016174981,507,1,56.916759431260814,0,0.7642465582169986,0
401.47755188499633,18,0.1991781379170728,343,0,0.6644852849964418,0,0.8373366144514355,0
384.40947214858227,10,0.2036511668897115,768,1,7.070843457792189,1,0.9747711853845328,0
1000.2383122150824,17,0.1635538467973464,143,1,5.725422481460825,0,0.8630960837410212,0
691.1742687342103,19,0.1294187573307221,362,2,16.805776852407366,0,0.8100050903278866,0
297.1508984681183,22,0.1981198209529898,393,2,1.9326364021641784,0,0.727676703029901,0
2128.4275232412506,20,0.1298461220680062,360,1,3.399942976347179,0,0.9469807705450972,0
645.4608098430726,15,0.0350800857730394,423,3,1.8826559479020324,0,0.8827769289200941,0
405.53032882032613,13,0.2403233164981845,216,1,1.9583010892688275,0,0.7936465161222425,0
431.2431016254743,21,0.1372298464995748,617,3,29.8382341526975,0,0.7844384252591338,0
1260.9207415766482,8,0.0901481831606657,972,5,4.811358645159138,0,0.5820325238152846,0
1338.2213902707983,7,0.0461078176407071,603,5,68.1361970764257,0,0.9690504259310329,0
469.3817452224009,7,0.2773684159379066,341,3,19.47700437092684,0,0.9983659763032628,0
283.91741134208723,14,0.2413473387140774,960,1,0.0548461712990702,0,0.8259420551644269,0
426.64725427622705,14,0.2283951363722488,800,0,24.510292509564255,1,0.7539844435001556,0
597.172920034159,19,0.1468502769797489,214,3,11.005311553161146,0,0.813435034273425,0
599.4705938505971,10,0.2162552659596236,762,1,23.472938122600617,0,0.8004957081883746,0
1320.1533838532248,10,0.2641309375044346,320,3,18.173242213282556,1,0.91139867371761,0
133.205724785968,5,0.8021811235842937,110,14,156.86846031526514,0,0.1032729470212688,1
1139.8428694502725,8,0.4093539712634354,574,1,5.456601454777322,0,0.7420543927980326,0
2245.4605846410427,10,0.1881060047971494,108,3,7.990799959690589,0,0.631747821097551,0
963.9313468585426,22,0.2049213263005228,393,2,1.6782545906633082,0,0.8142338280238849,0
531.7622145511389,7,0.3171839456004586,967,1,53.08493483542685,0,0.6737366635530752,0
1852.175889064248,17,0.3061925397761481,635,2,15.387945315070375,0,0.9905745539878436,0
352.3211034756064,22,0.0546573305444209,524,1,0.575137505678849,0,0.9176367998003064,0
699.5950582272874,14,0.1670242471094017,726,1,7.87981862614437,0,0.8242369570795147,0
671.7626026716014,18,0.321403612003902,608,3,27.16845699961678,0,0.8772532654679964,0
689.9790380287524,21,0.097930806959177,556,2,5.7045894585891554,0,0.7534219279802538,0
334.7150352483079,12,0.1462529404000465,998,1,41.57569705106773,0,0.8330851323877642,0
276.4312137813714,17,0.2250315971856829,822,2,3.5522847033057787,0,0.7630908664035285,0
1373.3654092563777,21,0.282935290837767,514,3,4.742708994694012,0,0.9153417838731636,0
767.7941349797834,9,0.0834172773800736,170,0,4.300765103657754,0,0.6392192625781906,0
1629.5620475477788,12,0.0388358765368443,581,1,29.162415607453713,0,0.5773630175861982,0
445.438432331072,14,0.419984400876781,856,1,32.699359538739785,0,0.5819345423885293,0
1378.1274103667358,11,0.1423176777474684,564,3,26.755102634277726,1,0.8261234005799908,0
575.0984442158467,20,0.0700970899785812,181,1,1.963307980098933,0,0.9112507658261756,0
933.9004032712812,11,0.5250376503968281,185,2,6.032072487063961,1,0.8147028063385324,0
661.6870859027314,7,0.239091947102721,865,3,43.0282963283225,0,0.7821501325666215,0
814.6556184043753,11,0.1123140591561113,921,5,2.5346236531300463,0,0.7562552092957495,0
613.5243629205753,19,0.2157561643669513,76,2,5.865230423512783,0,0.6866291573058454,0
313.64796514496123,17,0.1456589205915967,598,2,0.4299831453367261,0,0.855419749999084,0
458.0108908999208,16,0.2439709032721772,608,2,12.933698210321376,0,0.8552379024956085,0
397.22636116653024,19,0.1338999678896568,488,3,28.153442252955145,0,0.8950944390959776,0
683.2355842444155,9,0.1041136043204709,787,2,1.8380883695657428,0,0.9415819716069436,0
385.5271770483205,16,0.1757871948629826,786,0,9.679245663373136,0,0.4303988383456217,0
488.25438658488974,11,0.1128239593621809,269,3,19.51062778945748,1,0.8855384651393783,0
399.4334920631602,11,0.1916110699410234,640,1,1.3493836772962973,0,0.8785465969099039,0
560.9815894889356,22,0.1162336148419195,927,4,27.415535093232943,0,0.7646916651289563,0
505.1318244429953,22,0.2884377392040297,401,3,17.833377967338127,0,0.9044645239674972,0
499.000810681792,11,0.249746928015187,145,3,7.338153678040457,0,0.933298650671294,0
760.8324113211175,22,0.2502439425184923,474,1,40.45142863066656,0,0.8067195825426345,0
1377.4722422329212,8,0.0618831730548665,565,3,16.61405799905227,0,0.9641164062930896,0
799.0601482963762,15,0.0537761281473474,923,1,2.675861642737329,0,0.8633000715011963,0
1040.082044262983,18,0.1157453343748333,738,1,13.306436572296937,0,0.7924974934597508,0
451.1847861880898,13,0.2465876671371564,254,1,4.388865921931981,0,0.8254295533247344,0
876.4448367203171,8,0.0875715959105654,852,2,3.90383803246341,0,0.8944807874811589,0
1070.5940766022786,21,0.2161990317570766,606,1,27.289625783003647,0,0.9240830849739504,0
507.2803068129133,10,0.165467184763472,249,4,53.8224203629315,0,0.8473752198918485,0
1253.2979956928173,7,0.250876852541496,521,2,103.3520175628238,0,0.6262765801506154,0
439.89970512396246,21,0.1452707613329183,821,1,7.153156310176662,0,0.756053994452501,0
364.5650819642589,14,0.2253700272445344,679,1,3.2913977532665974,0,0.5889350551683047,0
931.853722686124,8,0.0654536006756205,107,2,14.062762912998696,0,0.9663296353326536,0
358.97062159446904,20,0.0813340805184102,537,2,3.8395401385469103,0,0.841774354551239,0
999.81750658779,17,0.2302082385464548,744,2,14.829528994535677,0,0.70119155358721,0
431.4862904259095,11,0.0768887510224017,566,1,3.341211002671464,0,0.6853765454065651,0
678.4881475063477,17,0.1558750083569203,340,0,12.761804236236298,0,0.7118829515405736,0
574.5097026188674,19,0.2536127812313251,109,2,19.21343873795977,0,0.8409399358393796,0
317.0599469634164,12,0.4971243547905555,588,1,8.544190323433225,0,0.8717219396633156,0
444.00514449117617,18,0.2048222929621443,573,2,17.053483833970347,0,0.7588230132451025,0
693.6412250492085,21,0.1196175512401506,724,1,13.458828142181876,0,0.9820346822361258,0
715.0372131495565,17,0.3043481787018145,882,3,9.489866353196035,0,0.940048910760348,0
833.6874726472013,13,0.0424185406354975,405,4,2.719432489338645,0,0.6760128263793298,0
497.5635129305641,10,0.0229297165861245,200,1,10.21977465512663,0,0.6679997710959403,0
574.7982423086255,7,0.1309422197103458,114,3,1.999923691263899,0,0.8688182929695074,0
607.2893937630307,14,0.2469726459486334,540,3,9.663086440874697,0,0.9262213082121292,0
657.8441507909454,12,0.1562854500801953,237,1,57.45031219150459,0,0.652392458475061,0
314.1948836920791,14,0.1883432724753036,49,1,30.501514970483296,0,0.5507518996729152,0
450.6335232971604,10,0.0896181924442508,800,3,4.346860880893199,0,0.8237570265028848,0
589.0581015328129,19,0.2218283897826959,228,1,2.7815727162869104,0,0.8906079826872871,0
1238.9808436915446,8,0.4046243533660791,223,2,2.799318525905126,0,0.8999881366312482,0
392.3016485896872,9,0.1985768097661451,799,1,0.9195237103573944,0,0.8409307645059,0
457.4350595596543,10,0.0562219714875684,313,1,23.80756619926787,0,0.9499700280507016,0
862.7044316093096,19,0.2134451820343038,772,1,3.4219567159346003,0,0.5631137388960556,0
1277.2626425786796,14,0.1117024130675807,940,5,30.403604033137483,0,0.856103769921686,0
467.9922891395645,17,0.1567716882063905,996,1,1.1321537492119909,0,0.8151665014253701,0
245.93563133792037,12,0.3139447006659047,567,2,6.1982156673633915,1,0.6226326075879303,0
651.9472939459054,18,0.2788970008259335,781,3,9.83518982906421,0,0.971340167107282,0
488.0802470119467,16,0.0114111236874477,52,1,1.4287721531597508,0,0.8792791623761286,0
754.0864276571224,13,0.1870612710563675,521,2,1.1723896250111046,0,0.7959328424022232,0
558.3492890506031,9,0.3570495219113585,216,0,6.707135752990108,0,0.5804120145089419,0
117.65312692932426,23,0.7638099064509145,145,7,412.7865398126163,0,0.0792764276983693,1
295.72573670619386,10,0.271738873382587,829,1,29.177081816911933,0,0.7594766689248649,0
353.5563874378912,13,0.2400358442862905,54,5,3.432582723317844,1,0.9160549331368626,0
1232.3617893315763,9,0.4574476275780965,862,1,5.6452475927923595,0,0.8268087241730003,0
1243.9750989922902,15,0.143134893810619,930,2,40.007308688596744,0,0.7748830751479964,0
646.6209376788512,18,0.0677039287818653,319,7,0.8065830078107217,0,0.909205197234006,0
350.4813523627394,9,0.2196417694644026,897,0,7.444250697821943,0,0.9157173489488498,0
496.8197080876354,18,0.238348882696734,238,0,32.03675169682403,0,0.8621738991029223,0
894.3510269495943,18,0.1167240941913805,972,5,73.81683139984733,0,0.6776521949239843,0
1101.833803095614,17,0.1228007767548627,988,1,34.97814130833944,0,0.8815716410121296,0
484.80855640108535,7,0.1343823798465387,368,3,25.45637520919543,0,0.8717354527237585,0
309.29795263205034,7,0.3175847825340138,333,1,4.141979876619173,0,0.8231437454810935,0
180.4666080480904,14,0.1244627847848398,101,0,13.278593074205338,0,0.8795647705943425,0
991.831645699384,17,0.143420451219756,458,2,4.662398852954406,0,0.826705996802694,0
1053.4093954420027,7,0.0922912132101998,753,3,24.556289534840793,0,0.8735557961079042,0
1096.312409073617,16,0.286907152571068,599,2,12.767948421562682,0,0.7246343334042368,0
1067.3205686599845,16,0.2676093003301501,896,1,13.313524583828295,0,0.6796776426078435,0
401.82487530077685,9,0.1264432232754094,226,2,5.685208755711507,0,0.8678896983076742,0
735.4312482073233,14,0.1932369787706954,409,2,28.99892570328847,0,0.7051774776864276,0
807.440864843945,22,0.0883242180448692,156,2,0.1813182274979201,0,0.8738701179521432,0
839.5339135122113,13,0.530547484986515,176,1,36.41881525658293,0,0.57351014502452,0
1490.9229223062068,14,0.0897737940598521,87,3,8.46871321347253,0,0.7257404243418931,0
561.0053117893558,21,0.089962148634905,78,5,6.59464542130316,0,0.8692239668185948,0
408.3581932673483,11,0.1713724962710342,922,1,8.55898307747836,0,0.8315923105674764,0
1647.99638908832,10,0.2838227221149985,275,2,53.937026375174234,0,0.7645637178435939,0
671.4674526760781,11,0.1707443983559457,682,1,2.6670037031925484,0,0.9614245394150082,0
478.7682233074294,14,0.4709754358457142,608,1,0.9166314170719092,0,0.8669930354425573,0
801.4379573915909,22,0.3320094464526319,673,3,53.05780616129569,0,0.8272292130837245,0
801.5343126655645,14,0.2266559641145996,913,2,21.49926174662068,0,0.937142854515098,0
1216.2337258130517,12,0.2250770339424238,235,0,9.476680092296489,0,0.8102410358972726,0
567.5290433010081,15,0.1585774362240705,605,0,16.449350199149446,0,0.7885461437319337,0
326.16631594768296,19,0.132299128224457,44,1,36.90921789123925,0,0.795408314683755,0
1352.8730352411508,12,0.0720310440975664,168,3,3.475819400523523,0,0.8219176424200999,0
407.0830310399922,16,0.0472019220107012,399,3,3.349850886638724,0,0.8148172550213143,0
497.0231214352214,12,0.163869619622492,510,3,32.68346540477062,0,0.568142584300689,0
776.8893158572258,15,0.141042564410757,840,5,36.21466673179721,0,0.783765123204568,0
1178.509673389215,12,0.1201601928338352,676,2,14.419830688331034,0,0.8305733366847348,0
606.263096979341,11,0.2122632706670164,277,2,7.118553128052466,0,0.8358487821096121,0
1098.47662438365,22,0.2278803719279884,602,1,0.5410084391784115,0,0.9289418997718472,0
520.9625968590765,7,0.1159927992728539,769,2,19.053995192157963,0,0.7496471564872998,0
632.715902789768,19,0.1605094968132345,832,4,10.652095828834266,0,0.7560773771965086,0
414.3035095790179,13,0.2545295641257787,272,2,5.569808212181317,0,0.6768591233631862,0
1060.773771930087,10,0.2388911485280143,803,3,9.805670415179303,0,0.9499815325098036,0
273.22228390712706,19,0.0368938800692385,319,1,14.937548861120538,0,0.86480894305528,0
547.1523746131106,18,0.2661485915885728,973,0,25.62298007714564,1,0.5447192377128635,0
870.1006509549572,9,0.3497765395587764,879,0,9.302299637964436,0,0.9564426545781868,0
219.9541340672241,7,0.1967168321458087,228,1,77.79533403044609,0,0.8736166323137246,0
1353.787338147454,17,0.172232514495534,969,3,9.87299085030349,0,0.8432902892679822,0
1328.889123352797,16,0.2874817890173199,901,3,0.3545942234015449,0,0.9316475848101892,0
744.3838519653926,20,0.116900923315743,236,3,46.68847690983147,0,0.7779212737130129,0
312.96964039958067,22,0.3309061163210525,260,1,29.295084784309655,0,0.9219764615828748,0
1182.6588054304862,21,0.2083245928598701,949,1,20.89286596923311,0,0.8020142678009947,0
1419.2539127479458,10,0.2771773332557793,81,2,2.1626684345631406,0,0.8243210734188736,0
1067.3674220017592,14,0.0856553733794764,851,0,15.237215826010909,0,0.9528181356780556,0
1066.9414637428142,10,0.1495876237233636,49,2,8.827931828652869,0,0.667711945206949,0
825.7104064612669,7,0.0724032721739627,473,2,5.166032522028411,0,0.9162219487976232,0
354.37993629352667,22,0.4082310019924112,687,1,30.76016172046888,0,0.6291564411417808,0
686.1124723465948,20,0.0808843893296916,204,0,1.817022339517192,0,0.9516651886733304,0
345.83025059035293,18,0.5764903228526539,345,2,36.90762932371143,1,0.9044497014742352,0
1062.2490329682437,18,0.0349903933546782,910,1,20.177190685996223,0,0.7700214532622629,0
518.1908302821415,18,0.3543061932117383,387,3,6.353868649876508,0,0.7684933037280588,0
395.72364553841015,18,0.1806230439239725,785,1,11.77036982580217,0,0.8350126665979531,0
775.3150377584701,15,0.344678349540341,145,1,2.269469057906287,0,0.8335497462682256,0
751.7927444056373,16,0.2833142379865722,171,1,13.854642322857403,0,0.8055724703699995,0
924.8569950445346,22,0.2546860922403569,207,0,0.3866671374449121,0,0.8763388818410139,0
1097.5725215921498,11,0.1192935736991114,824,2,1.498121236854836,0,0.7052469141084536,0
735.5325451982919,13,0.1500550687560808,787,4,23.03528476353365,0,0.7876775280671826,0
155.61941306058668,12,0.1326689265243651,851,3,27.17194451545823,0,0.8203018226495397,0
171.97365136954747,16,0.2458809326328194,561,1,17.904187140160538,0,0.8422911568043497,0
448.0931509025192,8,0.1971811281446746,508,4,3.771726745363482,0,0.7317116993396824,0
574.7473083775034,8,0.0241114239534662,911,0,8.434558993163176,0,0.8827547503608217,0
841.2571903552824,12,0.0128394525863044,836,0,25.035833414820953,0,0.4438013518979672,0
1798.9997915273905,11,0.2302695220286755,612,3,19.28999244646677,0,0.583866637849126,0
670.5482353181219,13,0.0911251026045966,946,2,13.144356672568788,0,0.851064669417484,0
401.618865214504,21,0.1285666480639493,897,2,14.26193530570562,0,0.9732113087901492,0
1186.9573824155198,11,0.131289936957593,710,2,50.32158013049704,0,0.9106802108702932,0
872.7990791258203,19,0.2736576064984885,98,0,6.023148755864906,0,0.352064517397604,0
816.3047331663262,14,0.2046357661549484,344,1,12.128854505426284,0,0.7224867376137787,0
712.7837081866705,12,0.0346693468815124,731,0,31.53684975838739,0,0.7214943399340902,0
572.3417818398076,17,0.6610260589244741,161,2,54.07894387460585,0,0.927815232240636,0
1176.9896974079136,9,0.1459282184192852,951,2,2.819992962295431,0,0.8338031893111035,0
412.15959214067215,22,0.2265615296034521,448,3,20.877469840208516,1,0.9194868275441818,0
174.53290892098107,5,0.6283933989112533,114,9,265.3730823845541,1,0.3837486331829441,1
375.69409328943937,18,0.1355139286770036,989,1,1.383094560765241,0,0.9693087033963502,0
480.38651920082896,14,0.1069146808630705,313,5,14.491762682268828,0,0.8605443769740879,0
313.82797387956236,16,0.1579889355517723,143,0,22.795512803470032,0,0.6941500649714235,0
508.4112694069159,12,0.071158761523925,870,1,4.704921014532536,0,0.744983210211647,0
702.2816536221952,11,0.1379325726056751,792,3,0.8924928891270528,0,0.8239445975524771,0
593.1174726280809,20,0.2019971224317336,33,1,21.73739646952321,0,0.7276683352504234,0
822.7530245496679,7,0.1477834451353615,270,2,19.388125076078865,0,0.953004669176228,0
679.1563003306964,10,0.0264862876062377,736,1,5.464932891780641,0,0.7492662414361365,0
802.2590194076446,13,0.2320224173143413,411,4,30.863592599594647,0,0.7606837881274034,0
510.0587377475518,16,0.169623969378047,488,2,3.437287936744403,0,0.9285856617000096,0
371.9684339980727,22,0.4942324910636109,775,3,8.904555061686912,0,0.86106269866869,0
679.3909645045392,11,0.2093503099802327,208,3,10.80896696597316,0,0.8143875672911537,0
451.1668012186859,10,0.0188109932741746,164,1,12.281462606486349,0,0.9467528411859838,0
785.567829968493,18,0.0420755519045372,528,1,7.776778639951139,0,0.8547484317729882,0
747.4683123438921,9,0.6257500192838409,748,3,3.3242437216988416,0,0.9707883009307778,0
821.5413360986163,16,0.3440779546514303,662,0,15.781035339614563,0,0.6846105171359382,0
384.12428149115055,8,0.136536864953203,514,2,6.815798063945768,0,0.9561242886995835,0
1032.3368616883868,14,0.3288027849763549,876,0,31.228404228591792,0,0.8679584654860851,0
339.6975156292223,11,0.1575931093303144,363,3,1.9115546530343728,0,0.8567014671252676,0
1068.2580291728102,14,0.0490633431619016,804,2,7.896424518432133,0,0.6221950804171148,0
777.6922451241151,13,0.5381439445276408,943,0,13.543838464794614,0,0.4048721678177798,0
163.73770952477292,3,0.8457245968850002,109,7,480.7330752361379,1,0.241796336506815,1
817.3978039858639,12,0.1089968135817788,310,2,6.548099969832321,0,0.6646357265758526,0
1311.1751006167308,19,0.3127247685021496,894,0,9.089191325820163,0,0.85638247566578,0
1048.0806324474545,19,0.0914677762640261,211,5,12.55982031087145,0,0.890971745378273,0
772.4640678019472,13,0.1081658856404128,556,1,10.517921346019133,0,0.9576809599159248,0
518.4918475795241,11,0.0933491064507043,323,2,12.98413956092006,0,0.69940575494185,0
1048.680778296918,10,0.4854648320058299,123,1,0.9244893969200982,0,0.7390985571578073,0
426.3573425792197,15,0.3892322639920109,108,0,26.806286889677395,0,0.8490135176566606,0
1018.258552772154,13,0.027361040571569,39,1,17.56544146742878,0,0.9658678077745002,0
642.6245120213229,16,0.2295554187629519,342,2,36.28660562387887,0,0.8447213165144537,0
557.3506011367385,11,0.1413065880007097,117,3,14.9207224878841,0,0.9030427287268028,0
373.8036976554535,8,0.3061684668751688,307,4,5.623216566643336,0,0.9714175553652522,0
843.5429473906946,17,0.1581440407776027,561,1,21.91792889749568,0,0.5860618375025259,0
748.5868769493622,7,0.0698712377838827,570,2,23.59478982086553,0,0.9603974979201628,0
515.1863336677638,17,0.2218214183165987,809,1,7.99285897219059,0,0.8574538706660664,0
907.4555406799124,8,0.1540250680638507,78,2,6.836685537959317,0,0.8338669795520098,0
456.79412078218394,16,0.1962055933615191,874,0,3.5760901627011545,0,0.7730199329413661,0
445.59562502800543,11,0.0536839309447309,596,2,8.188268106226955,0,0.767898864275577,0
508.0770944911483,14,0.1604438832694791,63,0,13.68730677012224,0,0.6154861985263451,0
716.8416747914727,20,0.1093453575943166,350,4,2.595657639555755,0,0.8707579411091821,0
1096.0516894758707,19,0.2175549778475367,268,0,32.552366204570276,0,0.6837929652081254,0
84.96911892307243,1,0.584756767763441,192,9,189.26521941535648,0,0.1861531724316374,1
299.9038543121059,8,0.1128838988909233,593,3,70.34713774232719,0,0.96693938032674,0
932.7000644946602,14,0.0913928448467001,603,1,61.06052621119212,0,0.9267419571669024,0
547.1899134639992,21,0.0986767534239926,394,0,20.327062832186098,0,0.8436497659679125,0
507.25831124748254,10,0.0963042589753417,594,4,6.02290248489727,0,0.799995968877827,0
870.6194872910529,7,0.4783475903497339,827,1,9.28512005934286,0,0.6383651102477492,0
904.3514676077124,22,0.260738361437864,892,1,2.2104388907744186,0,0.8002636917832784,0
356.7236411831367,18,0.366865396029334,945,0,17.023793705414423,0,0.908127219771904,0
925.0906841785908,8,0.2395275231563681,930,1,8.118465047957798,0,0.5387464720747088,0
645.7558819633023,10,0.0875041778105974,39,1,12.615569848218389,0,0.922454578174428,0
2032.2112330533791,15,0.2032763248748536,489,1,7.77814116012236,0,0.6014663098765339,0
528.8683619753756,21,0.0542486253172918,712,1,3.342881761811978,0,0.84701107298607,0
381.51531925477406,9,0.130561740741121,659,2,22.532799476693572,0,0.9403911806689398,0
1143.2962551458363,22,0.0265317792011933,918,4,4.880032617774226,0,0.7390771678628196,0
611.4753475959302,7,0.3614589483935312,502,3,2.4483582304131035,0,0.9201967524503442,0
310.1058825981767,7,0.3014308564155963,800,1,0.1227594705559323,0,0.952585929941488,0
911.7193836339786,11,0.1333533544229188,854,0,5.361299252577194,0,0.804389486512709,0
525.7757855864221,12,0.2548638373307066,764,1,15.997880871983511,1,0.8235296325875076,0
504.33155103360326,14,0.0827056911028137,820,5,5.990605720774534,0,0.8004605881770258,0
653.16952959267,15,0.1361844293511656,152,2,48.181742595185554,0,0.6174598388671378,0
530.7146371804151,10,0.145466281781046,159,2,7.617152167371905,0,0.8553881968732227,0
1124.8714019938789,15,0.2889467062451895,256,1,7.7779445949022366,0,0.6895889506594997,0
596.5228614121258,13,0.1718042216941464,567,1,23.84293241466163,0,0.8489109686767332,0
996.5851709566698,21,0.1577407443812818,325,1,36.93184770392186,0,0.9351509142403978,0
1069.1314568402286,13,0.1508329986241884,221,1,0.0017180883118544,0,0.8199081742607436,0
557.6462704151302,18,0.2569677499677292,306,0,8.809539862047593,0,0.7852454305669853,0
539.9734049312319,11,0.1409272178946657,738,2,37.57090670187596,0,0.8749443784586067,0
845.2321810344226,19,0.4353843776626727,255,2,2.7682606555788305,0,0.6353197644399792,0
848.240723314144,15,0.2448222486445739,737,2,6.615030988175631,0,0.7803373971725153,0
555.0500143026001,20,0.3694656070711709,279,1,3.495712169845763,0,0.6944396817736114,0
280.3232619885558,13,0.2245444387644212,620,1,7.484708418518041,0,0.6800923788800739,0
434.4757206825128,13,0.4300274457659957,220,1,11.412305986382682,0,0.964778209590978,0
620.2189359296351,18,0.0575568037983119,236,1,7.153387347602138,0,0.6604713130452747,0
414.2189299555841,11,0.1065649399622523,992,3,3.830678682322909,0,0.7848375192675573,0
437.52672156643854,21,0.2609783754468963,107,2,13.049055586336316,0,0.8974714115765429,0
235.62489242839175,11,0.2553884328547875,214,2,9.14565541242117,0,0.8006155543439163,0
1206.9820663815144,12,0.2218100042597081,947,0,1.714392658390379,0,0.8172323699210382,0
1096.446982019364,21,0.1181418694356822,118,2,3.4937075006712104,0,0.6604901406258977,0
431.8733422576571,22,0.0729101435324296,889,2,4.306467028431649,0,0.7960632488473366,0
978.8966860266056,22,0.07958399844447,532,1,24.944761119310783,0,0.6302751941333413,0
342.4003223253895,14,0.0267269421415382,281,2,7.386436770622063,1,0.890090386893939,0
1425.0536735586911,10,0.1176687997266741,913,3,2.2281767691043455,0,0.6162925517316946,0
696.5607431374497,18,0.2745751380615385,583,3,4.721459056090833,0,0.5703445748998203,0
484.3787446204871,8,0.2869500348926355,405,1,5.8588595618310855,0,0.7803686489104343,0
969.402764101944,8,0.2418750053726763,949,2,6.059626292535638,0,0.913625511388911,0
927.9192555378428,19,0.2877885713311612,953,0,24.227532650384266,0,0.8788089533025037,0
801.5697671719146,18,0.4269719071371265,601,2,14.87975606850341,0,0.7536937289452421,0
687.5597831414624,18,0.1567471869775031,578,1,4.413918376294335,0,0.7981154842647585,0
872.1744587695803,22,0.2384753969597181,947,4,7.807934672921356,0,0.8205914640490691,0
565.9187930414713,11,0.0671073093082539,902,1,4.711331178841976,1,0.5616517433033058,0
1777.1786784649385,14,0.224496251236131,971,2,46.663528129503334,0,0.8036755540466337,0
569.7263866966099,7,0.3479829016983118,266,1,35.71265429931692,0,0.7964534434290093,0
222.53793302311945,23,0.5820874633317522,112,8,217.7143539177046,0,0.3312708610607254,1
386.7838002780009,13,0.2498138643014915,516,1,1.7260239885011726,0,0.725917820625999,0
692.4851417871632,7,0.1560787865977064,41,3,7.023034624349254,0,0.6705687909130954,0
380.9697448726662,18,0.0548580282813557,448,2,10.690579790620577,0,0.8455988396899062,0
2276.052077594076,13,0.1439291465820599,850,2,43.24054493446011,0,0.8442669833574571,0
579.6930219273216,14,0.0583019686585649,61,3,12.78665802755205,0,0.7055848186164978,0
708.8314302923577,16,0.5171728259398589,376,5,23.825277758366845,0,0.960433582026969,0
264.6322133173798,22,0.1750159359624324,136,3,50.15444581695549,0,0.8588402991404215,0
513.6152092520855,8,0.2014496645006799,686,3,22.35718309218444,0,0.921592575688382,0
1204.1293458243774,22,0.1548729411762098,251,1,2.1134702504469702,0,0.6202570380674065,0
459.0088445875491,13,0.1149698817607077,897,4,1.689348248583252,0,0.7799311255121854,0
433.21711101652267,11,0.3441672618680146,546,1,13.927191864447842,0,0.7773748746987265,0
467.36764586618654,7,0.0874927756718788,985,0,20.107793485544637,0,0.8849835371884974,0
582.8042554068533,15,0.1443820627028035,919,3,9.755982773258127,0,0.7213549770700401,0
338.77401026945915,8,0.1195281300921956,473,2,14.364056922328835,0,0.6082322902220302,0
410.41295776823705,7,0.3206740709419282,986,4,15.582976516176863,0,0.3452036634856466,0
1570.9063328943878,7,0.2173927300809821,68,1,10.81578695700551,0,0.8795960279587106,0
834.9785335408338,19,0.3058914060460672,982,1,11.029088357463884,0,0.7664945269766972,0
746.2224271425242,17,0.2438521860259306,527,3,22.56514130015549,0,0.7483835656607728,0
761.6641316770363,18,0.4860480933504992,145,2,3.725975756837208,0,0.54655750884595,0
519.2625743587797,19,0.1063227919290314,461,3,13.650273060162576,0,0.7720052580349201,0
583.7378297450373,18,0.5280441032280194,691,1,0.789856619746103,0,0.7639376635199567,0
1091.298614993842,16,0.2311401115807667,571,1,38.38486101605712,0,0.6514493418589207,0
1356.2115497854234,8,0.1575017708302672,317,3,7.64454915837606,0,0.7103798939016318,0
532.4762748593436,21,0.1530218112395747,536,1,16.42427627734745,0,0.8201072462604408,0
924.6295809526778,16,0.363208204311112,308,3,0.6079776947298248,0,0.763950765315226,0
585.6726233210563,9,0.2658382913550988,199,1,5.282927672272319,0,0.8937707650438658,0
601.0417701685788,7,0.2674000391123484,775,3,11.267508409405034,0,0.7877118278161593,0
1457.6931632270223,17,0.11784163238383,889,1,4.7183304917834175,0,0.8412374661365736,0
642.3730468883767,17,0.3075830619456726,335,3,34.32020006337849,0,0.7545780462589234,0
1732.8862431800271,12,0.0552561664452459,643,1,0.3039662499866146,0,0.7304514851191934,0
408.13280692159026,11,0.2569193017354811,271,2,3.1741890713916776,0,0.958951702216785,0
1181.8586935670376,10,0.1996969900239088,869,2,8.46374933194531,1,0.8304678767970506,0
99.27772921601697,23,0.7837019610713294,159,13,208.4276066304413,0,0.1413705890676044,1
1225.5840686898596,20,0.1711577747564366,702,6,7.381342190288766,0,0.784347114410587,0
875.8149940487965,8,0.088316612760329,217,1,4.5514403198626345,1,0.9451271990072015,0
435.2842207771392,14,0.2612936672756832,38,2,3.335735882094096,0,0.9680145113330784,0
1448.6278516492862,18,0.0267151085189267,859,5,0.1202414447881241,0,0.8540337335023188,0
483.8778659672541,11,0.1447661020356877,171,0,5.556260485096264,0,0.8600520945678588,0
995.776019353066,10,0.1826576539372946,475,4,38.72094884709611,0,0.9459463154966276,0
935.1837069828566,13,0.0429637112819045,807,1,10.076268888866956,0,0.9332534523841964,0
1800.6615336405982,11,0.1639970308568833,135,2,23.927272147205727,0,0.7628952433481451,0
698.662096659788,20,0.0739583822567292,363,1,8.615200419405587,0,0.9571185070404662,0
609.7302485825226,19,0.3932237846174576,310,1,22.54769983038162,0,0.8293558971106676,0
675.7248412923778,20,0.0540683515871963,636,1,4.403556234779703,0,0.8780108160289398,0
763.0088508035833,12,0.2878688368160229,309,2,2.0641308173182136,0,0.8769911260473586,0
873.9900359321304,21,0.2553075361525687,985,1,21.672293674790225,0,0.8570205344872012,0
598.3080218653239,16,0.0534056370596567,86,3,16.12755482959117,0,0.4545402262393246,0
483.9822674064262,19,0.2010361234338146,800,2,14.943409062156356,0,0.7884398311272282,0
1179.1431459174676,7,0.2962380686349189,201,1,24.873721459068044,0,0.8364942192546019,0
746.4752948180715,13,0.0852516056537056,304,1,62.37880779611478,0,0.9259088078133396,0
182.49298437531883,19,0.2825524990670306,880,1,3.856477146483141,0,0.7035803978403646,0
792.3409914357408,22,0.1796147702086273,858,3,13.81877522804788,0,0.6369334298381264,0
664.0437512744239,22,0.403766308405042,993,3,13.2166321545535,0,0.5941640705026527,0
1222.0129517110354,9,0.0200219497246971,468,2,13.792383870865349,0,0.8894528819538664,0
482.77230056576377,12,0.311394135869492,268,5,10.095681224022838,0,0.4810268586390523,0
571.5525056731013,11,0.2547510031024497,141,1,2.465113372824254,0,0.8357428787075735,0
818.4865780759859,22,0.1577974250893588,355,0,0.8337205564197607,0,0.8731037272372693,0
419.0406622715526,21,0.2527201385891066,720,2,23.486363088525938,0,0.8384497365883108,0
718.3547491290178,13,0.0344664476244107,973,1,13.231833201279308,0,0.9436807386645766,0
62.972631004894225,0,0.3795716619500297,166,11,556.5714618484476,0,0.2334905172479484,1
827.8390765312789,9,0.2783484631277721,739,3,0.9286894615424132,0,0.9835418865222908,0
762.7110522738382,13,0.0360586885537818,794,0,0.3570533132685301,0,0.8385166904009755,0
685.0479098715301,21,0.2473626375863771,331,6,6.910168206617587,0,0.7414279123024103,0
660.4460870205295,10,0.080202112632805,819,0,4.87359172396959,0,0.7192593000447495,0
880.0713632822243,9,0.301622957790511,499,2,16.958719707603404,0,0.7905707926368362,0
504.7913696383055,22,0.0706468582260708,753,2,0.5006331370236378,0,0.8864336824337736,0
373.05536228169126,15,0.034392105411669,646,3,4.040995857364557,0,0.9006127075736085,0
950.955912413802,22,0.2013209100801871,53,2,11.366648316860008,0,0.881535941304699,0
1250.196165073288,12,0.2374611610394787,141,2,54.72567615620869,0,0.8077345122973542,0
255.5770340619298,7,0.0767418765517766,755,1,19.02317233486789,0,0.63840324769492,0
633.5306583315465,15,0.3586653735080806,883,0,6.081513350977971,0,0.9161915075989348,0
710.3925776563411,14,0.0591933627759225,300,0,8.269533648074447,0,0.7974415543652338,0
1023.4171414411618,10,0.1495114030457952,746,1,18.041196366049917,0,0.7677394231655179,0
772.817499863047,11,0.2015602605654835,580,2,12.88784002688163,0,0.875268137789518,0
396.5603374958115,12,0.2442012649673462,553,3,36.24047202178912,0,0.8928302694787629,0
350.52939965988975,20,0.0711670541429493,118,3,39.943284052317146,0,0.764540924634288,0
1373.5312048451806,10,0.2451726987825199,446,0,3.0225948054527865,0,0.6563201928189769,0
1210.59193687586,12,0.2861709038150997,544,0,65.36375539482741,0,0.822503699248015,0
509.75097568907375,8,0.1949303520451658,660,2,12.63274344220448,0,0.854045747451418,0
636.3492079102997,20,0.2280671258244321,99,2,8.541373605744912,0,0.7265811216623831,0
503.3458827638366,21,0.181049681598149,326,6,3.6467196768675993,0,0.7095387566178605,0
706.9449712714475,15,0.0755644898673545,953,2,14.795452129496386,0,0.7210624719481284,0
883.37651969713,16,0.2370110357588643,616,2,3.8490325234505978,0,0.8896481992848269,0
1567.1958965021824,8,0.2323992645662814,762,0,22.63862146963576,0,0.99862764003646,0
794.8279977421328,20,0.1494490554817008,783,2,11.864862688761583,0,0.7442457897851524,0
598.7247300006197,21,0.1895864691908848,94,6,46.67566351324438,0,0.9119756984003484,0
416.9325399568552,21,0.2104360858117497,180,4,14.769922542378977,1,0.9356123611937592,0
757.3573520494624,9,0.0911077132420119,41,3,14.560741097601774,0,0.6023459652262879,0
1496.2907090108968,12,0.0719222318149696,310,2,10.84367505811952,0,0.4996360985937336,0
1182.8373368113407,9,0.4211460570672537,694,2,9.667724912800594,0,0.8022652539314351,0
646.3072278114773,14,0.2166505064462933,428,2,13.371794498769653,0,0.937430644163147,0
331.4686887711891,14,0.3040856529379939,705,1,6.754247720497051,0,0.7748115748129711,0
531.0855577585988,7,0.3820097418334647,358,1,0.5652225721156188,0,0.7505167021116088,0
116.30324407002212,4,0.7649496260677517,153,4,4.624521157148407,0,0.2750481227836405,1
1299.7189569425773,13,0.0888422636022151,948,3,0.6777752431330524,0,0.8351801435520556,0
1581.6128094175035,11,0.0956615668847254,190,0,9.035346901360803,0,0.8905406212668012,0
392.2739802423627,11,0.3121983961078936,525,2,3.6201474269571223,0,0.8550098225408046,0
192.5203481248204,5,0.5394825774152975,71,8,316.60655237610854,0,0.3330216308972567,1
1832.3433740983671,22,0.0645300208807325,93,2,48.527782614487286,0,0.6971549795765272,0
909.001801768874,19,0.3256709349506715,384,1,23.253429255250023,0,0.6074523414998948,0
635.4412973046273,15,0.1124797067266006,481,2,2.6681449309207337,0,0.5185155568318491,0
797.9076453983326,20,0.029143206021935,214,3,8.515726218844248,1,0.8107828218124831,0
474.1205563372239,10,0.0419391988230252,403,2,15.943242006815478,0,0.9386011556020384,0
290.2897575816421,18,0.2549430877872629,630,0,27.05452166011042,0,0.7139275691586247,0
650.3475349588714,14,0.1612852504555068,63,3,34.96801154342183,0,0.6856937439160605,0
996.7450658577228,15,0.0662152096662959,876,1,20.48144874393623,0,0.8366457143556238,0
562.2545868341779,10,0.1122732654820544,713,2,3.418175708477858,0,0.5919213685796463,0
1174.3881642252425,14,0.0843248583049844,157,5,1.678308354726953,0,0.9475606056660062,0
397.63092181055873,7,0.1325185906294508,452,1,32.0042411968763,0,0.7748734071391,0
610.5026340018476,22,0.1615916476482561,221,0,4.31199961081198,0,0.7392842600839759,0
518.7837068248895,10,0.0973792985025743,510,3,0.0278563677807564,0,0.972303164767191,0
375.5112023675974,21,0.0738902761506787,868,3,10.148210183949889,0,0.898220534173016,0
674.9511589350277,13,0.0806201870704094,501,1,0.1587477730692665,0,0.9033334021422595,0
554.8190495815022,16,0.4346547148447232,651,0,6.202946445904038,0,0.8819848862318556,0
917.6009725916804,20,0.152375637518481,863,3,6.57681002398391,1,0.8004098912276206,0
681.7478318650611,18,0.3273024295620741,52,3,10.077965800540184,0,0.39047036175725,0
1863.4010789349863,8,0.1460090144021834,367,3,28.608259974659116,0,0.6098917551394761,0
822.6756972627203,20,0.2012973986922455,426,0,7.02117796626684,0,0.9164262402043332,0
44.40634302397877,23,0.7368930716695038,10,5,65.16981406206746,0,0.3473458143598878,1
403.6262133971679,18,0.112100825084061,899,1,0.6205705241542636,0,0.5514734534751142,0
559.960789068812,7,0.0981796716470386,531,0,4.968136054097077,0,0.7484719542176897,0
732.292494782393,12,0.0138865595326876,290,7,5.407247047152919,0,0.933685891536126,0
351.8289417798772,14,0.450049479491223,283,2,34.052112755274294,0,0.9601738026434344,0
600.4055757291372,7,0.3095219061369762,417,2,26.387854385556203,0,0.9343583144479888,0
1075.2177940129727,16,0.4396320527623482,536,1,24.968818489607447,0,0.6636899627887789,0
914.9556368843464,9,0.2097942322289581,176,1,12.591428692891188,0,0.7975114134258653,0
711.588125231953,9,0.2890805853197443,905,2,6.462690995661134,0,0.9614328894704064,0
498.328767018679,7,0.2489927259301959,868,1,5.3233281783244415,0,0.6962451746828053,0
774.9621383675037,14,0.4190144937075634,970,1,4.069412044071255,0,0.5100796677944334,0
1200.3054419773573,11,0.1983593689071863,765,0,8.644962659028662,0,0.8379995076305674,0
489.21144799357745,10,0.2772958830139651,106,1,4.716412132736056,0,0.8719613431437636,0
765.5762254804021,19,0.4228158507861254,381,2,0.7564649976439672,0,0.9227823524793068,0
290.414835962266,7,0.0870531940174579,663,3,14.824503778424202,0,0.6361475415571816,0
337.48248720940785,11,0.0643703112199657,694,2,10.781715379848675,1,0.7396872062556827,0
328.56048635398145,13,0.1983319544749162,783,0,17.589536690442213,0,0.826480623962631,0
556.1951048133058,22,0.1747358928163028,538,1,0.7895274153527115,0,0.8037248934655445,0
489.5357225565597,15,0.3857195441187644,528,3,39.98902367687026,0,0.882253374616596,0
694.9094930039578,12,0.3050232976704581,300,5,4.734352065705626,0,0.8023635456742672,0
271.8077691348973,10,0.1972981689926597,752,2,29.969740438862928,0,0.8391008755281016,0
558.5207739771962,20,0.0745055588918285,420,3,16.778533844008287,0,0.5509577438875424,0
602.2119040789968,13,0.156878408781201,185,5,16.470927447988974,0,0.916939512982256,0
2603.4259234059105,14,0.128978269025255,894,1,2.9254223002775026,0,0.8544666102193016,0
707.9044294771774,17,0.1816415578728592,249,0,0.3335002494150471,0,0.7557035548350224,0
273.5717965346432,12,0.2527379294112298,922,1,0.1944532363576294,0,0.767238939708371,0
881.2268881793727,14,0.0146300143877945,989,0,19.504133554573343,0,0.7839415611679936,0
1341.4949502615557,15,0.0904485821180602,602,4,2.2012481258525245,0,0.9231118921518716,0
694.4806388854474,20,0.0931667330438803,617,1,5.301780317276361,0,0.9599152663076423,0
270.0834645966085,20,0.2096156752693568,955,1,77.35937749735997,0,0.9404102757430282,0
1868.1908389880964,11,0.2922931434360382,255,2,28.755037528565072,0,0.8097739126681245,0
667.7810675011887,16,0.3009362410834413,529,4,0.9223905542456076,0,0.7089798568235733,0
627.1545640754463,19,0.4347103273231574,282,1,14.446318396807074,0,0.9552906104660994,0
684.348315218548,18,0.2115543613393454,585,1,3.4190197216679574,0,0.947611216044225,0
658.3848155518091,12,0.1696255905932368,42,2,22.4107975089021,0,0.9428169404973932,0
564.7055453131226,21,0.2667514944419707,54,3,2.8461295630953143,0,0.8145180331012838,0
922.8960524781558,11,0.1518154872358762,283,2,8.260112141992519,0,0.8111833665897027,0
499.5667059717345,10,0.0279729065078512,356,2,3.1471823500079545,0,0.6064563582847435,0
480.312073538743,11,0.475526345816398,871,1,1.6331368111964095,0,0.6880549140252284,0
375.3861916421928,7,0.1649877838181896,271,1,73.98792687402768,0,0.8783457140170523,0
1582.5957939445398,7,0.3113342544688439,902,2,53.93893457237113,0,0.8443574197350002,0
111.64567006292762,0,0.4168143627515754,61,7,0.208974218362553,1,0.2596066321125181,1
600.6099531895272,8,0.1555309253768626,573,3,0.3878310518352194,0,0.7033457670300819,0
586.3293466734904,8,0.2574917922294386,749,1,6.235984826433316,0,0.521150136473576,0
242.33950781463813,14,0.1282319236885052,845,2,9.522840197090794,0,0.727840013706857,0
280.0913793886689,19,0.4096709819993517,604,2,3.189460384339184,0,0.8650702295287349,0
1459.5597875056756,18,0.1374033518200978,119,4,18.657503258306352,0,0.8097573611167163,0
472.16822347466945,7,0.1650578873138375,232,3,5.966200439267226,0,0.8791368224138593,0
716.5204086563223,18,0.4079856666927652,264,2,13.27113156172944,0,0.827412771800393,0
241.4477339529624,12,0.0258836066207317,326,3,32.217492892935795,0,0.6675971468015214,0
915.6745276716248,17,0.2740263424546605,484,1,6.1136003233474785,0,0.7904347885737606,0
637.5391086668328,10,0.3404413976002053,323,1,6.736946936170668,0,0.8639108248254433,0
533.1314668647823,11,0.0522193266945984,553,2,56.186625433708215,0,0.6775971330796684,0
511.1906333063875,18,0.3135535084250686,529,3,3.617414652763618,0,0.7528782505860981,0
276.5861194930999,15,0.1053317288963262,796,1,22.678606482846146,1,0.9346521280334484,0
416.143032986858,10,0.220174039890791,185,3,20.76175188179492,0,0.7631356569494135,0
437.0455013007374,9,0.4007679964971262,699,2,29.969091424008965,0,0.684657859165533,0
240.06684179648116,7,0.1033446318377501,596,0,35.342957328358594,1,0.8577201675622735,0
363.1684255176102,19,0.1370447885203013,87,3,3.4842731947356422,0,0.8255814878856333,0
535.7926165270986,14,0.2986331774857306,619,0,8.61372410633978,0,0.8749398518903794,0
955.5539751950986,17,0.1292886971086297,116,3,12.017572873086827,0,0.8722593411581376,0
1133.2436760859557,17,0.3044901344776274,835,1,56.543742683204385,0,0.6406408339474771,0
983.3645531398691,13,0.2451476760382751,85,2,19.565470027922352,0,0.8469573333940436,0
1276.9977624256878,21,0.200119645000425,743,1,26.967081033482227,0,0.7582093554551439,0
763.8760594007039,16,0.0685591388751609,110,1,4.244902314024255,0,0.8544729104693162,0
385.4581235359251,16,0.0727197488118623,403,3,12.685986160923369,0,0.8391743346436068,0
410.4689561608378,18,0.2231880314085333,682,1,53.15242316105575,0,0.6365809241374369,0
896.9916954281482,12,0.0996622570495526,858,2,44.158899579391424,0,0.736239796212758,0
879.479378002682,14,0.2849917238358821,95,3,22.405731223575582,0,0.921404348257466,0
913.6030067793246,13,0.4357894632704571,789,2,1.8420072976923103,1,0.774424933461998,0
312.1587016458087,11,0.3577845290751109,150,3,21.471787720322197,0,0.8244384336564138,0
289.2843505561148,22,0.4416103004337167,968,1,9.626432532418502,0,0.6624388447886328,0
744.509042601003,22,0.1902360850283374,995,1,5.971283329059563,0,0.954377593622589,0
250.88825217717456,13,0.2642741154510781,813,1,64.13819062411812,0,0.4579915903176325,0
694.2017661443841,21,0.3105242576360977,124,5,15.76302381446278,0,0.9287234638583378,0
1252.8789817841473,13,0.5441551131662529,764,2,7.782061912901005,0,0.9314117297705184,0
456.7441714938753,13,0.6985015199060488,795,2,2.1263552406294544,0,0.7557139247457488,0
759.4466017273782,11,0.3000474326267163,288,3,29.840860203834655,0,0.6849111230044155,0
633.745702057505,18,0.2844889515392212,920,0,4.984912388290516,0,0.7584350530631623,0
1260.672022026643,22,0.0185088502281328,229,1,6.7750835617307725,0,0.4927065403394776,0
630.3038171288614,15,0.322826639242657,447,5,28.44869165430112,0,0.6915553686204428,0
967.7154377750328,15,0.0441398568772075,979,2,14.754549768737446,0,0.8367961545062136,0
2210.389919553275,19,0.0640462241454221,348,2,1.8910468533537697,0,0.867584625219304,0
825.5602769205022,14,0.1257714834610845,92,1,8.716844486393517,0,0.6748826976691654,0
334.7511955295265,20,0.1135639515034806,974,1,19.240753757042967,0,0.9026685400524952,0
1253.1488704071608,20,0.2254803686197409,883,2,7.210690128630978,0,0.5142272508343497,0
582.7469140663165,11,0.2820772507272125,915,2,1.663447149195212,0,0.8133483286421217,0
846.8460127535664,22,0.2266575836692536,422,0,2.267019790041662,0,0.759827464155829,0
315.32386203602255,22,0.0654433323774614,931,0,31.421031177889375,0,0.5702866410817851,0
444.1608289374045,11,0.1446222190432767,971,0,35.80920410351154,0,0.8357793230453342,0
1180.8350781775673,17,0.0619633915431161,447,4,13.55725341307046,0,0.7280860581738828,0
780.8820798115026,19,0.305938750119294,966,4,30.519566924683275,0,0.8567865801249929,0
431.5180324399523,10,0.210266677258648,459,2,0.0354049613984371,0,0.6890717223320967,0
1214.012420111421,9,0.1497352199940685,719,1,16.79735338656816,0,0.7830736853705418,0
320.32484552862053,10,0.1054295491024711,821,3,1.46116051245574,0,0.9450490847137756,0
510.6660383540303,14,0.0648656355193327,662,3,6.345652661947312,0,0.4019461215757732,0
453.9021075417585,13,0.1954470058095132,444,1,50.21858019627874,0,0.8317025384744235,0
502.64218853914093,17,0.0487954373869768,341,1,3.2051556845736533,0,0.6613264307010905,0
467.7105187122415,17,0.2749674385957319,763,2,28.441673665904514,0,0.9502172410792796,0
621.5203952701115,16,0.4275405989694145,840,1,24.49809279221183,0,0.6292550306718402,0
1111.1140152152584,10,0.1771612735539751,727,0,11.666162022104777,0,0.7377218429099947,0
746.4380841315423,7,0.0115551604533632,480,2,6.645153607918707,0,0.9466402396167044,0
1186.6091168269934,11,0.4185158381173054,136,2,21.733936106229077,0,0.6804445127312795,0
968.2664604931928,17,0.1021149149206283,513,4,30.245796299303716,0,0.7326083542464896,0
2167.5166605742415,7,0.1881012032649157,553,2,7.700606515650275,0,0.5874076204809786,0
230.9703335118596,12,0.1189058527262339,736,0,6.527143827405438,0,0.7701028296271775,0
643.8296018065116,10,0.4174819446718024,613,3,10.241074770249778,1,0.442961262500625,0
892.1017868105506,13,0.2613591060498309,896,3,2.938698444490285,0,0.8761201802999751,0
776.8364307204924,21,0.2129155612376011,290,2,37.742084638909525,0,0.8140471625669653,0
490.0704732317434,7,0.1788931442951733,315,1,7.985781608150933,0,0.93346908688277,0
527.6107744767506,17,0.2739057983009673,158,2,6.731862372622347,0,0.8082390721475095,0
305.70923384011905,13,0.1736456730619207,602,1,12.46969969708575,0,0.7916458643493164,0
697.7531280661013,13,0.1989766427945414,769,0,6.261472268341552,0,0.6954316642177577,0
1190.0007155517646,10,0.2621339054094511,666,2,8.666887724599796,0,0.7849313689218096,0
848.5999250608024,13,0.2401855092395217,709,2,3.15247496607258,0,0.8597896790071577,0
611.8777465118746,20,0.0774667042044,915,0,1.7901709792550893,0,0.6579134815319978,0
855.8214276332981,21,0.4335625235316037,66,3,18.24879970441983,0,0.861663609962544,0
1191.8479790715,14,0.2143346694294825,340,2,2.1692786706151126,0,0.985441073390662,0
416.27070422665497,18,0.2104220464414802,754,2,11.295935428908871,0,0.7131496378821562,0
359.75121825952516,18,0.0419824698618834,73,1,3.1260484836632103,0,0.6920538316431457,0
1097.9113262137894,12,0.0767991593526493,922,3,10.0678202926647,0,0.9489126673291816,0
647.8106791226855,16,0.1151295800190166,50,1,6.405427243565886,0,0.7093632142599251,0
433.4359583767041,21,0.0474880432015819,852,3,41.94964266181043,1,0.8774324743189424,0
1318.9139682471402,16,0.3047125319435648,975,1,2.586000272939385,0,0.8276211677179509,0
643.2073104499826,11,0.0945535727753801,777,0,8.410576505894522,0,0.8241212491686898,0
548.0093403294384,11,0.5057181150268034,916,1,2.955832149803448,0,0.7197424272512319,0
662.2173344862791,17,0.1628950638819778,615,2,0.8374344578361639,0,0.9207031154512724,0
378.54739891071694,21,0.2246657134608337,318,1,1.109597717827585,0,0.6227493308446502,0
895.0450354011879,10,0.0271352707579591,772,4,26.349851674681258,0,0.8981277779652393,0
622.2207737759989,22,0.1454626339662425,402,4,14.82488708224556,0,0.4988416191062074,0
941.9021251374784,8,0.1401407443525121,158,1,19.436337272374416,0,0.912358050515918,0
262.29877804449444,22,0.1025158591633985,621,4,16.459119019621735,0,0.7892656861258607,0
451.1044878015602,9,0.311414031249185,360,2,36.41117543508065,0,0.8200765113968796,0
196.78914918001936,12,0.3267102089040626,136,2,14.922505027311356,0,0.9020364204505136,0
950.5256656286548,11,0.1131519768876158,382,2,17.604458052181666,0,0.7140217304831648,0
1528.4163060186734,16,0.1443476523522618,160,1,9.664131011708497,0,0.7869450674925695,0
682.8196992950062,7,0.0941875844052372,746,0,6.369946504527262,0,0.6825406905845671,0
679.8301014567465,16,0.1494891411830499,614,4,10.319258357599374,0,0.7231160160533144,0
653.2302615944877,8,0.0913484044715598,297,3,6.445679435437577,0,0.7485094306273647,0
734.8688615272033,7,0.2496083848583903,953,0,13.364581797673544,0,0.581602273166879,0
764.285507321253,10,0.1849263427230954,213,2,4.732251711195748,0,0.8282866092086298,0
388.04359575302743,11,0.2541500120346184,368,5,4.08103149822207,0,0.7288345160020215,0
510.5181976610603,22,0.1831091571185613,661,3,0.1293336993327078,0,0.9221389036858731,0
660.7353066521048,8,0.2192829663065174,561,4,30.979771153053832,0,0.8160364297909224,0
1065.6747417767283,12,0.1684238263471232,502,3,17.885043807565932,0,0.8362761853524255,0
716.7202952566482,9,0.2736432787228947,693,2,4.256804971466282,0,0.953031357593011,0
313.00586374862985,18,0.1124655132981143,53,6,8.08153450961705,0,0.9482674680711356,0
364.9354937866929,12,0.3879171916590745,496,3,13.984551696018944,0,0.9002560089244442,0
556.325572697477,8,0.124224785291311,164,2,2.8611745975875764,0,0.583634462574839,0
754.3221982010691,14,0.2295860734149434,239,0,13.272808332443104,0,0.8039506233954709,0
382.2259148783947,20,0.0657301752696456,145,2,10.715547019536208,0,0.4926900203515535,0
38.48574083461999,1,0.468695886495176,97,6,43.15328132279648,1,0.2601416127249845,1
368.524075253472,12,0.1922878923136927,423,0,0.055471276434427,0,0.9366016351087746,0
827.4781034594185,16,0.2011338226171974,185,2,20.35969695227306,0,0.7249604528086173,0
696.7183811577058,16,0.2639476139953952,529,3,10.53025442853584,0,0.7320335038446738,0
416.69123739988095,17,0.1416565556332542,781,2,36.055130644055936,0,0.8355275973538295,0
1746.3450036055292,10,0.2494241399847405,71,3,4.564528807282124,0,0.7121228223109124,0
399.63460867449606,20,0.0268291439503821,729,1,13.021758916113903,0,0.6523994929479635,0
576.4250967831927,11,0.1042477196389607,295,1,8.334747423348546,0,0.9629895460576712,0
1955.881295687778,13,0.1714928084013204,449,3,4.198869298705911,0,0.7880977199925641,0
1388.6515590520205,21,0.2472079085497306,566,1,10.27868017817613,0,0.8626711251013699,0
1078.649516236682,20,0.4294189150074458,890,4,3.8928704446728615,0,0.695062472534436,0
387.4200784104676,8,0.2066235516282266,51,2,15.097708363894318,0,0.9482109210629583,0
683.118683807167,9,0.2720877372648336,767,0,11.942855220066052,1,0.6582398754665985,0
578.6375985492627,16,0.1412822380633348,819,0,42.9605297413833,0,0.7396832603338072,0
449.93624874236303,17,0.2926731302990393,482,1,40.14126775203917,0,0.8132234275107926,0
781.3477361420731,19,0.2135005847518817,522,2,19.16492484715651,0,0.7323343328593949,0
1266.711410219295,20,0.2381726892106185,747,1,14.625945459110818,0,0.9339796978589072,0
720.3571602373441,18,0.0772838281384431,111,4,6.227342568331913,0,0.9193304973320464,0
1191.3628884514028,14,0.081636896864427,286,4,7.738780283300992,0,0.6828902800042634,0
368.6532187928068,21,0.0636988398336386,641,4,10.901044038154472,0,0.888709992253621,0
518.0270503349152,7,0.1323061058282973,352,3,6.1021367532251976,0,0.8821711482388811,0
591.0334588536913,23,0.6071006024017341,168,8,656.1181141306377,1,0.0950121953124325,1
1156.4320118032097,19,0.2267427282217727,992,2,14.120217710533671,0,0.7592236544685382,0
488.99763513817567,13,0.1743872118886876,445,4,4.548226447779675,0,0.7462782156571806,0
588.8522716733555,7,0.3244840347701697,197,1,2.1948577970295013,0,0.9304698273186616,0
264.73777746143935,13,0.2199843919068007,49,0,24.986030278127433,0,0.7960297496358413,0
535.483233108816,21,0.1874069371959404,499,5,6.480104403798263,0,0.7743600704160262,0
455.2316460662637,15,0.0477239928032483,550,2,17.456999422324344,0,0.9684299405953724,0
328.98580761010044,9,0.419845435934037,879,0,9.164254977421637,0,0.8899309317946642,0
858.9994442605954,11,0.3300236345499845,728,0,19.45867702274259,0,0.9495056009923452,0
1066.2778184468182,21,0.1171047639450371,341,1,5.5520288005460525,0,0.8444860501779792,0
730.8546852589941,21,0.0864676286406594,990,3,7.271339377119431,0,0.7554784232204388,0
1474.5125507685368,19,0.2510673472037375,362,0,1.5530062686938717,0,0.6463520614291278,0
804.147824198834,14,0.1769526911434341,70,0,8.402512465386192,0,0.7609221855449086,0
1516.2225483933564,13,0.1669433997021901,415,1,9.203307239026852,0,0.7532668413424205,0
656.0357221312323,18,0.2212594106346183,272,2,19.407866193315854,1,0.7038891782756773,0
1567.0102093417318,9,0.3352256813567028,102,0,4.4873768055253045,0,0.773465300846285,0
760.378277221721,18,0.0726744056885465,451,1,9.558496167307364,0,0.8740541106585399,0
433.55487186400495,12,0.659342799171341,348,2,10.748167681507113,0,0.8993852312504279,0
259.90873461982807,17,0.1401836504176221,437,4,17.69538503075383,0,0.8013173866361256,0
307.809739912506,14,0.1749017755233424,961,0,27.98526066377408,0,0.7775066868699384,0
2463.406616332716,11,0.133646292618114,928,3,24.267785375062,0,0.6149177310960866,0
636.608129598083,10,0.1277103430777854,417,2,2.2469197534789345,0,0.7019158200925582,0
482.0062495804277,13,0.0874315836945439,998,4,11.955818925279486,0,0.7425752264850466,0
293.84903168820534,17,0.2015014765825473,491,1,1.9039824776152017,0,0.6509471807822327,0
946.468811435392,22,0.152103631928637,398,1,1.7964920603068255,0,0.6408010253188168,0
371.65930318730193,16,0.0292765181855389,503,3,1.771606290453501,0,0.7909177000427784,0
942.7291800697292,8,0.1266752019093164,630,2,11.934787058030016,0,0.8864844080011091,0
1368.3547331972586,22,0.1592148100816975,561,2,16.00229090561844,0,0.8609352595073504,0
748.0659453328568,7,0.1606158721093241,934,1,4.960534759001168,0,0.5839131349086539,0
375.0751437988582,8,0.348514365222563,689,3,6.56555138754308,0,0.9355954396945686,0
365.3428684184455,13,0.2702988187649741,346,2,22.741345997793665,0,0.8043488946052231,0
62.20103863179547,1,0.6774459530200663,114,6,83.01225800975548,1,0.2969421001414515,1
390.1785959660388,13,0.2309615517742699,900,1,12.910733725414644,1,0.5713877929908217,0
329.67514547547114,2,0.5724618790333937,132,7,314.0463329061219,0,0.3261206504922138,1
447.71873414713184,17,0.3857839019204151,677,2,20.941033009844293,0,0.6717898867448029,0
444.42880697713014,10,0.3648314742108238,510,1,32.58820262172122,1,0.8181486619622229,0
670.3446392193323,12,0.0786211011163728,673,2,11.01934964124606,0,0.9054454798108368,0
1268.1232339593898,20,0.1794640065250545,561,2,29.082770508490405,0,0.7512163982016556,0
517.3274387705214,17,0.2044155050468244,397,2,48.995074852624946,0,0.9796934661830398,0
742.5673665471137,10,0.0682153678120663,269,0,0.7130657972850963,0,0.5875993419429997,0
590.5863953205362,13,0.1027697426350586,637,2,4.371876882899081,1,0.7198497983309221,0
917.2622065938016,11,0.3046475157868583,993,2,3.25814591633138,0,0.9747478454376816,0
561.4976481860602,17,0.0650341088047067,90,2,37.744914179887914,0,0.3978452710129951,0
450.42025271594184,12,0.2030071685888243,280,1,1.0170347328691276,0,0.9351097622007584,0
532.9990817862733,13,0.1734871290351735,307,2,16.894727225755542,0,0.8741506340190318,0
1178.2425245453155,15,0.3591724705211981,581,2,19.310674080737833,0,0.8382481272690608,0
1116.2927375508157,18,0.2020187319095136,356,1,42.59272930692681,0,0.7684430766725189,0
1393.2626834653856,16,0.2454851150030422,35,3,2.114155219153452,1,0.678433246512445,0
1060.3054229876818,9,0.0444157355718092,726,2,40.56023354608131,0,0.9625502015330684,0
481.5266267678183,19,0.3035977717582661,314,3,12.659451485910528,0,0.8264997695906122,0
498.87328417725934,17,0.2273845391417975,576,1,46.59148718850032,0,0.6956556269392383,0
351.9101478121347,7,0.37707425959787,551,1,3.235658491253268,0,0.9179231876615548,0
336.79360708450014,7,0.1801681105039675,856,3,17.763309092072074,0,0.7117677279226541,0
441.81219178007615,21,0.0622573679691262,720,0,14.183566394626032,0,0.9048159865729056,0
221.1868298161915,13,0.0827296500148261,334,5,33.464103289718445,0,0.9143561311821397,0
1508.4193609461026,20,0.3431610072545429,638,1,9.941409235123722,0,0.917157792750312,0
1171.67006851547,8,0.2108760936650235,350,4,11.567138914835844,0,0.6785542334878324,0
725.4080087288966,10,0.1479785785065307,346,2,25.926609963891217,0,0.858181232880975,0
1200.6490094862347,15,0.0784616505286883,807,1,13.924978847244985,0,0.7827105503674789,0
633.2498272444249,10,0.2067173391522573,508,0,10.347428843889562,0,0.874830349736618,0
414.9167605848137,11,0.1042290737373258,369,2,14.052589991873637,1,0.8993117858646644,0
764.9206054465619,11,0.1130312146204794,495,1,4.432108603344859,0,0.8195130071991912,0
740.1267821471835,15,0.2422380317505487,560,1,14.02122729434685,0,0.7342780335349716,0
1005.2121192657856,19,0.2634810112575758,534,2,6.404651377398614,0,0.7318674280193357,0
624.873767203838,16,0.1112766726681126,744,3,15.169178355327976,0,0.8979368358634321,0
286.83694278238045,18,0.0708535223352073,238,1,6.5227274822652195,0,0.6708603728072241,0
1143.4363593190822,18,0.1276938496293229,355,4,5.236052938351413,0,0.7062645644625059,0
1740.5422322572445,15,0.1454863768273894,168,3,9.708954786578529,0,0.7147480274674869,0
360.06958115830867,16,0.2266679957948014,677,2,10.167203952101374,0,0.9168492214780484,0
269.5654409962362,21,0.4222831105455518,138,3,7.964441478216566,0,0.7858896009294492,0
2387.452053560107,15,0.3945242929072721,267,2,7.484162391639478,0,0.9112259186312548,0
524.574996782279,17,0.2208621087567132,607,4,21.520931644914388,0,0.7316673336916828,0
280.9272858165826,15,0.0295214245222173,945,1,7.681574779690152,0,0.9125168221008366,0
566.845551755485,10,0.1502992654345458,276,6,11.673652269289748,0,0.9388187747279516,0
422.6680188418461,17,0.1675124893362539,754,1,5.719564380060997,0,0.8839555400729944,0
593.6582763404718,16,0.2112361393340644,253,1,26.395644113398205,0,0.8675253877533766,0
604.0334347454404,13,0.1566605102242001,438,0,30.87748440925798,0,0.8389145413821086,0
468.0371828274888,9,0.1550116201095028,307,0,12.11279574761966,0,0.7230567129307084,0
280.4343444150561,22,0.2205296894630133,562,0,10.838914021626492,0,0.5429634080199929,0
597.5102195943088,12,0.1224395734218225,64,0,29.62899166739419,0,0.9903234414001868,0
443.5677132435647,10,0.2692755247146055,593,3,0.3951156148692226,0,0.7233936001856326,0
1384.5625532591628,12,0.1446190459482384,614,4,17.244872964882852,0,0.881551524934338,0
1270.1756574299145,12,0.1671618670698497,504,1,16.968063398343688,0,0.625630133498528,0
494.5324328856837,18,0.0794260516911589,227,2,1.8530660784627373,0,0.859344550852143,0
561.3718774848244,21,0.3288134089545251,417,1,0.6090450141505221,0,0.8950765968386245,0
578.4502307597486,8,0.1897440328253681,727,1,10.81745225121505,0,0.868527564769775,0
815.7784219350247,11,0.0552535361667896,96,0,12.1680620491379,0,0.7659742300002139,0
878.9618342612079,11,0.2130710830796434,246,1,5.715508204167887,0,0.8753772124610769,0
754.3346453758516,18,0.1339065787032645,80,1,22.474702004524545,0,0.7855115126645135,0
1034.546523968235,9,0.4118584310101003,856,2,2.235245263647405,0,0.825781208303631,0
724.8546274371378,11,0.1043584221781012,969,1,0.4016464184365438,0,0.9058709692047452,0
1000.5272614310604,8,0.2023215321655041,862,5,7.399912486438693,0,0.8366571121410296,0
457.0445945270862,9,0.4237227167438924,956,0,9.336014871694797,0,0.6131576397922897,0
112.79787660928784,16,0.2271764116703042,735,2,9.127960514719764,0,0.7968086145477188,0
834.3527341470491,12,0.1697436088593197,621,8,15.385195925569116,0,0.8325953505797936,0
78.03551401966114,0,0.7450092284407828,186,9,197.7510047373387,0,0.452306575566392,1
981.9353255300556,16,0.209248302271254,43,0,2.431132512510235,0,0.7163381070054701,0
420.9150040071076,20,0.0644229484911817,260,3,19.816719793107552,0,0.7370778993217464,0
602.4156228232829,21,0.128215519670898,659,1,2.344746682020025,1,0.7349152045785848,0
443.47458686588544,10,0.210322394345532,148,4,8.959052921756511,0,0.9654799208430632,0
271.0947587672549,18,0.2062979547336429,496,2,9.146481931728696,0,0.7578880914935535,0
303.54440598155634,20,0.1074078076194995,642,2,10.68228017296357,0,0.8371754123883386,0
496.1835868047333,18,0.0656694459843302,184,2,11.705648518204288,0,0.6976004619264708,0
628.593188013988,19,0.0713042794178145,891,2,1.5967200115153406,0,0.680436824015889,0
1189.0331084042195,20,0.2951536391212349,494,5,14.130486654943578,0,0.7007256158816347,0
694.6286024551141,19,0.2416357284614964,971,5,14.062767626871052,0,0.993146998569118,0
391.3844742456338,21,0.3526411441068118,567,0,7.509815705706898,0,0.4485213288379546,0
674.0368565336014,22,0.0855303666012517,155,2,1.089259535753886,0,0.9036440602898632,0
1226.092162754993,16,0.0693582582561173,157,1,4.77157620377223,0,0.7499353370759549,0
529.7258871054873,20,0.0966532114079002,556,1,7.951624157374192,0,0.7224914345723943,0
647.1262185460837,18,0.1448460865560852,62,0,1.6454758905791838,0,0.6997838156027183,0
1082.9369358769684,22,0.0326406200039715,45,3,11.760719543598192,0,0.8033879105906649,0
500.93011824845297,17,0.1766920102459825,712,2,10.276834091655116,1,0.8269925935757688,0
1117.6490765005767,16,0.4004661096407025,422,0,88.86529409264479,0,0.7916872060741147,0
502.5567530028515,10,0.2696710218694932,225,3,24.04210318641554,0,0.8348806397647379,0
1043.1416515885933,17,0.1015856293346708,445,0,0.0690226169925993,0,0.5139276213494213,0
509.62937987053795,18,0.2007801179328442,54,3,14.686383160567146,0,0.9282948595573426,0
911.802630876913,9,0.3117908137842474,206,1,3.953844777866705,0,0.8103596937242423,0
328.92714616761214,11,0.1134631558773766,404,0,0.1369084019716607,0,0.8909825281223832,0
458.8517400328669,11,0.0800437672737919,62,0,0.7479897132805206,0,0.92275303912566,0
80.71266132200257,4,0.5293052390709944,105,15,225.0527065568621,0,0.3645575443538871,1
748.9654277485171,7,0.1350986413858904,460,2,6.026170461729493,0,0.8317963009267281,0
1016.395541238564,9,0.2182515905515843,95,2,10.285086106869532,0,0.8852625721580266,0
912.5862433772918,9,0.1388178109943078,68,2,39.409601261725456,0,0.5819066335515494,0
1077.2365552364245,14,0.2395773828277049,531,3,25.923770487877583,0,0.97468663876705,0
1902.3342956161916,12,0.0301323274309291,176,0,4.134488957150685,0,0.8582306017657567,0
503.2672554214344,16,0.3071247761929164,353,1,26.05029142443116,0,0.8218401566865825,0
678.873556422757,13,0.1782397782806505,785,2,14.637276609978716,0,0.6747030122612456,0
295.7442647711362,7,0.2231751131915704,975,0,33.9157542348654,0,0.9182162999482768,0
597.4902706528152,19,0.1503153752705247,58,2,29.20642583246681,1,0.8381678213661812,0
818.1874371153199,20,0.2159098084690726,333,3,4.316361055429844,0,0.9094868701570394,0
629.0288605280434,19,0.0765020865694783,455,2,2.364810122644182,0,0.785105539026775,0
779.9066238034619,11,0.1898353359547308,50,3,7.160432494750071,0,0.7468964579189662,0
769.9409284724967,8,0.1580087821132043,821,2,1.30376660220237,0,0.7828902990510609,0
970.395374356249,22,0.3678780144322227,252,1,3.634190375173041,0,0.5409640574936682,0
895.0627858561111,8,0.5092698121735333,755,1,7.502466191603879,0,0.8580537416503946,0
275.77206900725383,9,0.3894320798797188,923,1,39.69574765188072,0,0.9559135011139708,0
1833.8584234297437,11,0.1697091261387383,192,3,72.58639637891599,0,0.6909638155926583,0
956.752248352929,20,0.3200066306169105,202,3,19.12736925620932,0,0.8998509628990305,0
704.0757604774226,9,0.0754247359211703,937,1,7.013055590432561,0,0.6722529615300132,0
599.7818375818458,18,0.0747620099406813,942,1,5.629805916114605,0,0.9623728918676424,0
2795.548665717754,22,0.1811283371089983,372,3,14.71651335122361,1,0.7081056479242324,0
715.8183638250576,8,0.2780404865061263,298,0,5.440797166902696,0,0.6573376632468934,0
1029.6545405385648,8,0.2062499826235754,102,3,25.205254888701816,0,0.7056331872611572,0
1133.5352815422875,7,0.3024638877159152,832,3,4.014307036248111,0,0.7537271828728368,0
638.010862688203,11,0.220180225867303,618,1,4.103540731381548,0,0.7836749876056642,0
498.0928476445364,18,0.5081365417701252,313,3,19.04061921892612,0,0.8760475433256285,0
624.5669198077777,14,0.0695431918345048,231,0,7.881778564034892,0,0.9519694896540504,0
1282.683715615049,10,0.3169296977769707,198,0,38.9288969679261,0,0.6841095461064512,0
123.95319744052776,0,0.5426020303454695,70,10,17.260336255742832,0,0.274161071759618,1
89.79258040663315,3,0.5754324701555583,30,5,419.4051317082471,1,0.3201453318688963,1
481.1695297886548,22,0.3149072616962733,344,3,3.4775656766522487,0,0.927767438588218,0
1326.8669578179245,13,0.508323600839459,841,4,0.291722466114346,0,0.9294871672948022,0
571.6183467565406,11,0.1198767151119369,906,5,26.978514207815085,0,0.7608880280298701,0
1105.9536919557377,19,0.113674700668386,425,2,58.2801805333099,0,0.8660035963232336,0
444.1071703288696,9,0.079213899170239,576,3,18.31497293850991,0,0.7463820669359025,0
850.2748690424842,10,0.2092722531293452,636,3,28.823365720786303,0,0.7965039384478233,0
731.9019407196188,16,0.152774502268541,342,1,6.156662683935686,0,0.9693468143929036,0
384.8801643703408,19,0.087078234840807,877,1,24.39482131036663,0,0.8349099823010788,0
1295.1934560479772,9,0.1665712326766429,516,3,29.896401415683748,0,0.6513254079725936,0
503.246398106876,11,0.1473818166485864,197,4,27.663005983465176,0,0.8374810984499914,0
1503.5016276839317,12,0.1367962113286248,337,2,5.361859702638587,0,0.7557191179568611,0
1721.351969199469,8,0.2889316805618883,975,0,0.7547735601462071,0,0.9493799778272338,0
771.7289069929967,11,0.0281540393786132,309,3,31.039316857286813,0,0.7027165378269096,0
432.4699739665267,20,0.2302333804069087,357,2,26.044872470389905,0,0.5195051281311822,0
1391.70284411089,14,0.0702857204448725,114,1,25.564388631331266,0,0.7474730469369681,0
1090.9009923191006,16,0.0884521408449059,474,2,14.027232794196872,0,0.8418874784297234,0
422.34855838874694,21,0.2870623973942237,116,1,30.92391100991595,0,0.5300262844235598,0
473.8005908153393,10,0.0384747051970536,783,5,15.234588287145568,0,0.66712034939124,0
399.42934986068633,0,0.7784400157874714,112,5,1.4820156843179986,1,0.1972105106117213,1
664.8390695121732,15,0.4626756916507499,372,2,6.053443611499806,0,0.8980153139325571,0
778.0008829905262,22,0.246905837916689,135,3,58.27110076268667,0,0.7012660714495998,0
661.8881592085319,8,0.1919770308400981,992,0,3.650047164027529,0,0.6917676423261625,0
416.045728859863,7,0.0081767614229129,667,3,1.5163419518150445,0,0.7883136232123801,0
1073.5293689477642,15,0.4337704950569395,630,1,13.054723936169152,0,0.6627741537614197,0
954.9381107496145,13,0.2618831527953104,283,0,11.281447591717674,0,0.887774656553579,0
325.2333414201312,15,0.1203778265305954,205,5,2.2482283070531026,0,0.90755988615308,0
1084.75742707326,9,0.2737351141689081,93,2,5.764082205097682,0,0.7354686833896483,0
572.2937377571437,8,0.1285430865872951,56,3,2.4327000410209543,0,0.7537223090696439,0
1435.681669936369,16,0.0967722736188773,43,2,30.89966164663662,0,0.8833160181658541,0
236.343455912295,22,0.0792111353043673,326,1,2.2557021016683736,0,0.6813505578855288,0
1415.495723482397,16,0.1226440704658557,728,1,12.708524960746164,0,0.753276641316532,0
58.24401729028274,1,0.5539442904076316,141,12,432.7176143683457,1,0.597525572522648,1
804.8042045621273,7,0.0855716996262112,217,2,12.483723635201956,0,0.8353434790929948,0
449.9091928891248,21,0.0759240273443093,204,1,8.978490034975202,0,0.573121886854999,0
1178.0050201270028,14,0.2933717248350052,758,0,7.1713044694395585,0,0.8301231619085432,0
476.6863426369856,8,0.0158085410853144,764,1,1.523336264648944,0,0.7179329124343502,0
1033.8865422457086,22,0.2510787800227987,111,0,11.039398661197607,0,0.5136596821080078,0
742.8315276111528,8,0.2069597980032098,292,3,39.3752985499264,0,0.9258516501225018,0
1035.954430256726,12,0.0410979909488153,605,2,23.9345966569394,1,0.8179868975399607,0
389.8421975846056,12,0.1585464688245341,197,5,10.345763501264315,0,0.8520169817635408,0
771.2072113553636,19,0.2468291704280016,445,5,22.53093611954579,0,0.8079150021702393,0
532.2354270458998,17,0.0328648575922935,540,0,1.6059867031036044,1,0.7937836784534149,0
271.9049229371398,23,0.6165383905881185,78,11,8.398505712815858,0,0.1863092404964381,1
496.12588689169775,8,0.0403820184631375,445,3,11.461924076711757,0,0.8361546265007926,0
636.4260053520804,18,0.1482019718001081,777,1,1.4434076021006403,0,0.6171598189050819,0
468.4597098446434,10,0.225727753231911,364,2,16.923517186711862,0,0.8624515291689041,0
699.0250344691938,16,0.2058244682184949,492,3,45.41786880168679,0,0.6352196854500589,0
1426.2434068128282,15,0.0084397626703518,372,2,15.068021282320988,0,0.4152021567539933,0
793.8140818750596,21,0.1558645877211417,461,2,3.4937584819290444,0,0.7305772686384905,0
503.8591440884682,18,0.1248299768649341,874,3,2.953683790065051,0,0.7899392955354755,0
873.0896893649574,21,0.0686299790023977,101,1,3.1437145651344,0,0.6812946877546077,0
672.9016183922187,9,0.1246699948807168,867,5,12.059710726211678,0,0.4685647401591763,0
128.82543736685577,0,0.7532334806657724,161,7,220.6104545432743,0,0.0763255020595225,1
423.8936124880194,13,0.4373815225370877,674,1,1.428941277974861,0,0.8140509544507128,0
1035.822117647863,7,0.1184089345600751,630,1,12.046342820316031,0,0.9306965349713284,0
169.56048118867386,22,0.7744215210848869,96,7,246.84297497779235,0,0.66584673747019,1
652.9256139409371,15,0.2120246937963984,691,2,8.532166952040797,0,0.6844318221525718,0
394.0376727375343,17,0.295695731719668,463,1,18.56582178863457,0,0.9085856071276828,0
716.3024028707656,22,0.1641031605164342,497,1,2.7118946863629008,0,0.8387775115033933,0
628.1449888956555,8,0.2527991180923604,162,4,1.824600743262266,0,0.8431530678956112,0
439.622235253707,8,0.1330540180090105,625,1,4.95704128567043,0,0.5474200601576276,0
652.7310983876503,12,0.2173254554852149,399,2,1.6037751269350689,0,0.8203515434116694,0
2144.490706632465,14,0.1361450797865581,909,4,15.666932818439246,0,0.7834083088064808,0
1454.8985322503652,18,0.1554937547236678,527,2,5.812509568577526,0,0.944468966903246,0
1323.4943844389238,20,0.3536778566813463,732,1,8.643800663992135,0,0.9332502280572984,0
701.8571772274973,13,0.2392344012533857,988,2,60.89224645508835,0,0.7371496120781927,0
752.3512585761171,9,0.1125312798304359,99,2,6.226712598112011,0,0.929646145980482,0
1033.2708177042948,14,0.3314394994726704,971,3,5.081005301097232,0,0.8263827694082965,0
1484.8133175364885,14,0.1470274062852121,739,0,19.79889258920608,0,0.7783256801972391,0
813.9662681774233,13,0.1354875732523466,639,4,1.7048562076716514,0,0.8567977546269636,0
423.0011918084018,13,0.1319256953107673,241,0,0.503388342529098,0,0.8679930521773668,0
436.0030048224429,22,0.1474321940779131,624,2,20.71470670774349,0,0.940840852376816,0
665.3369740076499,8,0.26707235597619,256,2,11.457987068284998,1,0.646224044060752,0
580.0482625805181,13,0.0521717801947289,762,1,15.758176129875856,0,0.7807012867858093,0
543.1300637321106,9,0.5364608480945032,293,1,2.84485098674433,0,0.8585777364008153,0
947.10315625407,14,0.0061522405653965,544,5,22.843496826753253,0,0.8767475258470719,0
276.30762810645314,16,0.1197478596839047,43,0,13.516950477614436,0,0.9464292878197887,0
1255.871165010203,15,0.1391150218196005,492,4,7.136394480731991,0,0.752835635487551,0
650.6424358388208,19,0.2140661674659406,903,1,2.7152465718589656,0,0.7088608666646069,0
603.9754677418193,19,0.3849967072232777,97,4,3.3724287170717533,0,0.7685102860526624,0
308.57840187026227,15,0.1260533631477514,90,3,3.4132660885303676,0,0.7496055326040657,0
80.89982887822833,23,0.6541184525817726,66,9,148.64068846920608,1,0.1614598527707297,1
775.7918616264382,11,0.0194672381079465,716,2,0.4736634833364812,0,0.7539003316541856,0
675.1731078643135,8,0.1769363799767403,470,5,55.74015933172185,0,0.8384708518468214,0
489.6738430606253,16,0.2770009568019653,990,5,22.631328202444855,0,0.7181984935132509,0
761.8536011459561,22,0.2368458338601928,127,0,41.03154129313543,0,0.9245258304766736,0
1345.1370408918383,14,0.1707206944998734,956,3,42.17289967821766,0,0.6700046184207912,0
405.740014556104,14,0.0603383377707929,844,2,13.500196778787815,1,0.923135705298191,0
792.6902612314844,20,0.0862838229086261,848,4,4.131187290496751,0,0.7828593833058015,0
712.9689201661342,22,0.1051172035297276,569,0,18.09019024022173,0,0.6515509267650064,0
738.4517240528593,15,0.139916985427782,174,0,1.3089191207047417,1,0.8899009597542288,0
839.2886282824983,20,0.2503642684978749,938,4,3.360772971567127,0,0.8490693370503355,0
1004.4176120888824,8,0.0456884860724362,873,1,28.839935076940016,0,0.9242689242532548,0
429.68241473446915,22,0.0849748554184642,695,1,2.078387633085736,0,0.845893760378869,0
252.6515617528539,3,0.4564632595078683,98,11,207.9602996762882,1,0.2457040630760971,1
1687.1747654458245,19,0.1277061424807248,189,2,20.61924437450927,0,0.6786130499612616,0
899.0245071497089,7,0.1586169995216806,335,0,1.5180715875458186,0,0.8246208033887897,0
784.4132264974479,22,0.0989251644608397,695,1,6.6032460176852465,0,0.7230120797925619,0
750.5568402325584,16,0.065298273562389,759,4,31.418734019344075,0,0.8476336778165092,0
678.6945881224331,9,0.2023500305603433,491,1,3.763431301390494,0,0.5971445070962504,0
253.0345454102156,4,0.4312491265597631,78,10,43.46965613753553,1,0.0467729717677547,1
1532.9076618732354,18,0.0069800313886347,107,2,20.834349336841772,0,0.7528119675699749,0
364.87996855469487,15,0.185892927014917,898,3,8.3583490270924,0,0.8160628784426743,0
508.5295786939282,16,0.1509394825961865,310,1,14.36641417490724,0,0.7664210943337048,0
1129.1083551496276,14,0.3574060755899802,810,1,18.667986780061767,0,0.9301786255843414,0
2566.7833200157006,17,0.0477614749695329,580,1,2.3629431558520433,0,0.787554932407102,0
571.3285847038923,19,0.1527314835674406,939,1,7.755085440253399,0,0.9319789496362992,0
408.73935858375097,7,0.0591572461453009,132,2,10.084784821377816,0,0.9635424509987598,0
1491.5343053693236,17,0.3109566926247692,119,3,23.73534919227534,0,0.7243519644167987,0
876.5146051179287,12,0.3530698445875953,595,1,15.328715754788202,0,0.823792971878162,0
1031.111849965367,17,0.4307052426628854,237,2,38.88499344607755,0,0.845471981936342,0
956.7944441699656,9,0.2742160368241927,711,1,0.1861421190008076,0,0.8852016557133283,0
1114.952942725024,15,0.2470162371483851,537,2,7.280846079043693,0,0.7268392847619224,0
870.7365388553576,14,0.1857046202501708,690,0,10.68114640986483,0,0.825120266473138,0
815.6723409265277,18,0.0812185849080178,918,3,4.054079064534158,0,0.9403460900345773,0
412.48526928850526,16,0.2666036234943273,153,2,0.4481036119407184,0,0.8872337370244975,0
919.633590965623,13,0.4257129779770844,223,5,1.4451440540959748,0,0.8935886084930904,0
424.59097775121654,18,0.1786723366570487,256,3,0.2334572951205868,0,0.8582812042989745,0
755.7447049544313,17,0.3081513064477321,159,3,5.998656378940061,0,0.7980083334327651,0
468.1241775632815,13,0.1835099469956545,213,1,14.710152410302966,0,0.9484348128590302,0
728.1785005350159,21,0.2602492569025218,375,1,13.822974343738302,0,0.871073694114006,0
1315.047274179406,22,0.1081797595349658,579,1,7.60942238317033,0,0.6751433951122945,0
687.1187615602404,7,0.0928178248280778,594,2,1.8748949199759428,0,0.5450871279859659,0
1241.55958431345,13,0.0357412377270844,330,2,7.652681983961813,0,0.697419641081068,0
750.2187111867672,16,0.2403024513944047,192,0,7.091081061099538,0,0.935109623857886,0
1483.8622383707668,12,0.1775796695607896,129,5,23.45049916140512,0,0.9070304586224022,0
270.14010044440937,14,0.1475750910787242,425,3,56.980512767706834,0,0.8648711622013943,0
517.6342200491359,17,0.112784401371167,538,0,55.45905441965135,0,0.8123941920252885,0
733.4851456894803,8,0.3485796656209781,333,5,34.85828631363895,0,0.9091214322626032,0
171.47178952620106,11,0.2229084952423849,983,0,33.48156821823638,0,0.8763685821306381,0
878.0148596682454,9,0.1413679165840296,817,1,1.5509167920772906,0,0.5859023642806643,0
1298.2603635871944,21,0.2374094130489373,461,0,3.240689731431067,0,0.6977627251346039,0
270.0621503606029,7,0.4527008693979228,552,1,4.6078702322503755,0,0.4661792128666373,0
854.8163450336649,18,0.2913258544037943,329,1,1.4380177515033494,0,0.6894473213269471,0
846.621907752448,19,0.2636171605843848,377,6,8.920512236163837,0,0.6968285870676691,0
634.3404708209267,8,0.3636238332961348,600,0,6.224731019643101,0,0.851887621377963,0
1204.9235120812868,13,0.2031514714268077,544,3,4.268103963288966,0,0.7331556343718202,0
562.768646517579,12,0.2032143030336093,550,2,1.7898314532893718,0,0.9310750516875552,0
616.3690471736836,7,0.1076178338404278,504,3,29.81931030427963,0,0.7952767445451002,0
389.2937056988593,13,0.1377942818730359,339,2,1.667663503932325,0,0.6472816448916185,0
353.45409013758615,13,0.5099642566163834,491,3,5.52322788404811,0,0.7589522978037565,0
148.14846209238624,22,0.4770203818282175,149,10,123.76476547496031,0,0.1539388440243767,1
373.5897485831425,11,0.2558865699771914,522,3,5.33044831492039,0,0.7646362538443549,0
2054.9694679911754,16,0.077571645838141,669,5,11.823727108870877,0,0.8573752028269529,0
2249.2421072591433,15,0.0594469335393201,642,1,3.6250763248778,0,0.8064064494514716,0
949.087346539614,7,0.4875439935529198,813,2,9.93338481084718,0,0.7698814756340945,0
461.54421887110885,10,0.287034808473413,202,4,13.282055798905418,0,0.9034774712548764,0
1455.234018256178,13,0.1630098111738757,124,1,29.72914815036526,1,0.6780160438236184,0
328.2611209967896,11,0.1477240870941407,142,3,1.87827549956634,0,0.7514337699952921,0
1019.6305819621596,10,0.1695420030717434,727,1,6.1162458300650036,0,0.3521401975008806,0
492.12429589581154,15,0.0390833827454605,205,5,2.219800996759414,0,0.836276704986499,0
632.9288867329507,15,0.170233055430979,156,5,40.208279914074545,0,0.8612621056295179,0
485.1097029918765,8,0.7280403872286172,981,1,15.891916362014092,0,0.9659182420837564,0
440.1840044445401,13,0.1235519974013766,106,1,28.90577904017404,0,0.8980098004184235,0
345.6567029822776,19,0.1618445887278315,83,0,26.42829280459006,0,0.6268255001316264,0
2056.582956109248,8,0.2400600716502478,707,2,12.09371735114006,0,0.8493059207946301,0
339.67184618553114,16,0.2025030578541903,246,2,21.636599957015015,0,0.7673713338053509,0
703.5382497478198,10,0.1635140640219926,203,0,13.279509801117555,0,0.8206284091597505,0
224.4823851855464,17,0.1873317841028988,785,0,18.11286886927636,0,0.9172612451540344,0
438.8565173121672,20,0.2829679307462451,913,3,14.867596279694665,0,0.6545653795356514,0
257.50561923267526,10,0.5418715700510598,763,4,17.252195712004372,1,0.844750563367202,0
663.3151337768513,15,0.5799482870979547,925,1,20.938920315303537,0,0.569445509159676,0
325.7309467968845,17,0.0785340940369852,927,1,19.36735418636611,0,0.8573341854984694,0
1225.8066920277754,21,0.1672663118518092,839,4,0.3792000596999394,0,0.6809566499945594,0
747.9147228675523,18,0.1393680683461611,81,1,3.494031513203407,0,0.9327986663370448,0
487.697406062161,20,0.2640366830564068,171,0,15.757770286099772,0,0.8638623093124831,0
586.121064996643,15,0.0572018733247417,610,2,9.815624730260073,0,0.8947485111348236,0
899.3656786973821,10,0.27539919343794,209,2,1.3801607768357476,0,0.9055298104953504,0
1072.6432047452363,13,0.1965719658389552,557,1,8.974975989313073,0,0.7255156314500473,0
1910.3302744576552,11,0.1269501567799338,198,1,4.609085894606767,0,0.4876874424120225,0
384.87349730263736,20,0.300991580400773,108,1,3.4590711614873464,0,0.7406935661571404,0
466.8567668812698,8,0.147470095344391,428,5,5.831080039510602,0,0.9196567543644448,0
555.0916699897631,19,0.3201046398838582,964,1,44.77146660397179,0,0.8049168345361826,0
22.80621998039539,5,0.4525919230762005,182,5,20.710608151824644,0,0.4308771123011038,1
778.6001950005788,17,0.218344896071149,734,1,10.093932112782388,0,0.9137052462137164,0
56.08867635089613,5,0.4155740721536665,118,5,184.3095406148011,0,0.2983434099203502,1
224.2352063260456,10,0.0794506467160164,584,2,0.6996248606813198,0,0.8550512480217971,0
1304.5506147596225,16,0.1938191203282722,373,6,7.762063780384295,0,0.9471201405103724,0
1295.49054553766,12,0.2568422332946019,395,5,12.567436609546329,0,0.9582578780814665,0
578.0517558031056,10,0.3423655383568114,898,1,4.111702099625427,0,0.9406225413840732,0
510.9720309972112,16,0.1773241266915634,888,1,15.661153045421004,0,0.7545084010917288,0
331.06651278285494,21,0.1269731102696999,853,1,40.5435369615006,0,0.8570999337079469,0
590.0477483561735,18,0.1090415459591398,141,2,6.642249241522113,0,0.9365070526216528,0
864.1228371520214,11,0.168033945636411,123,1,7.037392452010474,0,0.8805188246449313,0
575.6785218605133,7,0.2077464420777031,185,1,38.40396570296878,0,0.9437903237934956,0
591.7538239864392,15,0.3090310465992577,149,6,1.696358109188459,0,0.7955811983097419,0
619.4372595382039,11,0.1486601959880801,396,6,23.50846247724369,0,0.932928105277936,0
926.3606384004468,14,0.3488319961533582,532,0,25.90884242489568,0,0.3416812532440519,0
321.7251470949973,7,0.2326046933961281,568,2,7.986011871731599,0,0.8387712656634906,0
553.2589573757224,11,0.1092373255447742,916,3,23.714888688819517,0,0.8574521214852435,0
543.4801546061569,10,0.2908098851059917,656,4,43.81093511245682,0,0.9578127506891896,0
1069.962067077057,10,0.240740067048787,495,3,4.875933850183644,0,0.5564418743715098,0
941.946816932678,11,0.1054642937334599,760,1,41.57220175491798,0,0.932483928654538,0
556.7134872070914,15,0.2819653059271098,886,0,1.132374145876092,0,0.8751456700211783,0
353.79162384492764,12,0.1429546496405539,276,1,17.19394615976672,0,0.6944399897875448,0
905.775801325414,20,0.2388003360485201,753,3,8.117134631160509,0,0.8612032039734316,0
583.8901114730625,15,0.0467277317726333,884,2,5.887342919019462,0,0.8713697021048947,0
857.7063259572332,9,0.3768655529201666,735,3,7.492580523250733,0,0.9630444837250848,0
1117.1978128741553,13,0.4346371765598626,776,3,12.612599841737552,0,0.7902827899952715,0
696.7899360555092,21,0.1271054327482077,242,3,12.374493184026656,0,0.882690957130119,0
1031.8910062863113,7,0.1954154974753095,669,0,2.285991345639041,0,0.7002305754706348,0
836.5999182085224,16,0.4453754241470229,132,3,0.9736527538430948,0,0.9196773979661732,0
528.7227657317318,11,0.155422666126116,381,6,2.3170856357525893,0,0.6249416637295586,0
1727.7960914574626,15,0.1219055977042312,960,5,29.74133215207988,0,0.9008621409642336,0
582.5725922413484,19,0.2252301698145608,325,3,6.152232776019669,0,0.9204592210792244,0
763.7756303770299,16,0.295492180854626,707,4,4.5102530855369976,0,0.9498114513877424,0
784.6349188635371,22,0.1403040263497654,204,1,36.73670352187648,0,0.662811896308207,0
1034.7355268537938,11,0.0625760384937463,491,2,5.3490285595786515,0,0.7774277465201698,0
555.8332971609765,11,0.1459531938491692,665,1,70.02757260310338,0,0.724354369195881,0
1607.800190009591,8,0.0644712439850325,772,3,0.0962756811555523,0,0.6392028384033444,0
512.8843823694966,13,0.3571294048505375,61,3,7.443307401341406,0,0.7394048006675826,0
638.3698813982338,8,0.1560204580313149,735,4,37.11363364657226,0,0.8938905543928094,0
949.3687479921338,16,0.1730480102793923,711,1,10.445084252486982,0,0.5855910359840152,0
571.9401516838146,10,0.1823083144634013,232,2,23.194797913763026,0,0.6511038450986868,0
754.3204146694687,22,0.1302637250995107,896,3,9.920376921201584,0,0.8542836517124529,0
1256.5886071516427,12,0.1861759703535281,795,5,17.22640096421834,0,0.7321949418222221,0
669.1849095375944,14,0.0924751372996374,489,2,53.68082484583937,0,0.9126475976823304,0
439.1776457951252,7,0.1073413441927659,105,2,7.823866794748062,0,0.641814811487133,0
668.6265327467319,16,0.169818616949093,936,6,30.439233020262865,0,0.8948484760030355,0
451.9887915291365,18,0.3824452611903493,517,2,2.0405277878872266,0,0.8626006846632815,0
904.6088423831476,17,0.1757003617616021,77,2,6.716483773110019,0,0.8411512085699748,0
584.7591909973502,19,0.0549103446739902,328,0,3.222354664492017,0,0.850580537648233,0
662.854956580309,16,0.2280721297297693,429,4,2.0740550796304613,0,0.8988719458236495,0
1213.7044004112422,9,0.3247840571956674,178,3,4.722798317155305,0,0.9171706186356658,0
981.0897874475484,17,0.0878652314887002,190,1,6.353222950722762,0,0.9840347173240932,0
540.8460459148306,8,0.1403911233441697,514,5,6.455068420808201,0,0.6858620502924659,0
1273.5449087015925,7,0.1290315397679905,716,1,13.244857708635609,1,0.9669781145214414,0
533.6159922090341,15,0.1974995185053137,534,1,3.631395123156565,0,0.8037334127769339,0
770.1360396845387,7,0.3664416633035737,55,2,0.4446061737374438,0,0.7223932122381823,0
724.8400241752698,13,0.1238532478286494,459,3,22.446371825008065,0,0.7307711459402012,0
591.3369585100686,16,0.2636977428776078,654,3,10.013210477854496,0,0.8772240773468731,0
731.8221422213342,21,0.2246397678796207,923,1,3.0420823223759177,0,0.8255169643776942,0
637.9120192674808,20,0.1893700933097951,689,0,0.1528417809891632,0,0.8376458783290891,0
775.2444784543142,7,0.1180699284938239,122,1,37.71356021099451,0,0.940790164213142,0
1014.1803555523098,18,0.218865947575828,45,2,11.38409546933981,0,0.5915962854764999,0
156.95631690341318,1,0.7776754743079478,89,5,39.013946049110714,0,0.3488918668085456,1
368.0529530241837,13,0.072087435830582,351,2,2.4976557736250915,0,0.8926170074333108,0
1816.347570991457,17,0.0432262886178411,359,5,2.985297892448189,0,0.8559556552892337,0
815.3142999075937,16,0.0340256739076916,356,1,18.976925565291836,0,0.9531706603357062,0
991.5723270402456,14,0.2421715185714948,372,3,13.684081557287216,0,0.8598279720243696,0
927.8160833411524,20,0.175780918048512,429,0,11.879318953720812,0,0.7023932277584006,0
438.78438150487904,8,0.0418262377927698,723,3,12.03305760108913,0,0.6707693375151842,0
1397.242080556898,20,0.3124775742914011,875,1,7.895189775777264,0,0.8909084004312211,0
262.32432276701144,1,0.4708686964628734,198,8,440.6736201278744,0,0.1110788024307766,1
556.3917177281625,12,0.1528618887268073,54,1,9.62459399400436,0,0.8717120822788141,0
775.7984386480236,11,0.2131304374177166,523,2,30.06377464916868,1,0.5057075674868298,0
312.2475949388596,8,0.17069978308483,170,3,0.6181309783463034,0,0.815417656226369,0
282.07386618877393,9,0.1443727029757933,419,6,5.021764592405543,0,0.6526555119863087,0
1852.8197412579093,7,0.2359725751469815,251,3,35.27304988542293,0,0.8022856046694488,0
631.5285360817498,15,0.0484274296721237,974,5,42.292578370474,0,0.9652714995461008,0
516.1193595891173,22,0.2365570830700761,236,3,0.8307105025968055,0,0.7245918415873865,0
246.97823571713687,10,0.4153140398282348,926,0,16.622228605363684,0,0.573646218640124,0
836.1467453151582,16,0.3247692305877668,211,1,9.297561062948262,0,0.9223069407251858,0
627.1147205967035,14,0.1497586225500576,225,1,2.0367786665030265,0,0.9341861720646784,0
1296.0462792038916,9,0.2472434749874014,465,3,15.170928869450693,0,0.5642428852715373,0
646.0785742273251,7,0.1594909640786914,324,3,23.381992364575577,0,0.8286741671699676,0
416.79339625943425,13,0.3461862184450134,851,1,20.827347020045696,0,0.6949454981645296,0
1627.2230437618307,12,0.1765367021722355,537,1,41.27919183120953,0,0.9720996138873608,0
483.8821252679221,21,0.0310970326556389,729,1,17.15719861561037,0,0.99488837526328,0
414.5919547046868,18,0.3330765776817516,662,0,25.235950629528496,0,0.8891918908294137,0
63.02319856913889,22,0.6215191058314955,93,6,191.481007639531,1,0.0883685828228391,1
817.9303302942783,15,0.072817772730965,569,1,24.242711506311625,0,0.8266337017060015,0
734.7651424908751,16,0.0766734313898735,668,1,2.7332088990070145,0,0.7650293347514653,0
1087.6946085264435,9,0.1929241190325814,402,3,5.526280625393367,0,0.7329340091562493,0
1424.720333804105,15,0.2165930553157745,562,4,15.336537046502668,0,0.8486763811103033,0
1517.1578962989977,7,0.0446408823531179,869,3,12.783967991087872,0,0.938647950199014,0
1113.2327474598185,14,0.2855678908119097,912,1,43.91942504735372,0,0.8161195807498626,0
393.8357979874776,14,0.1872014418828194,959,1,9.292944303583596,0,0.7820349756473174,0
390.9754315162153,21,0.1139709759073332,749,1,15.251476229353091,0,0.9122216988168284,0
214.53781339201512,11,0.2975728266842244,384,1,17.165902202354147,0,0.867018755018092,0
616.1885550259103,10,0.060951453170972,978,4,0.3033579688742961,0,0.8467935362348719,0
120.03559063275524,0,0.4516744221918995,183,10,677.7279881164008,1,0.0664875221130453,1
813.1994195916898,11,0.1701048717753423,80,1,14.736995490468754,0,0.7789469393299842,0
469.10281786357626,11,0.2158890354608006,476,5,4.251109149634924,0,0.9124985242420904,0
881.0633357467442,13,0.1255673700658122,180,2,2.8095825888153243,0,0.71435997293234,0
569.9397620743281,16,0.1299721326604531,588,1,4.650320188935672,0,0.8786553018055965,0
546.1695004641762,13,0.4783360603736316,983,2,68.724835267855,0,0.9078362602159924,0
419.55470512504735,8,0.055896590967478,331,2,37.35271466400147,0,0.7901556851664501,0
275.06192833114164,16,0.1151213839163757,818,2,2.088366231695777,0,0.8854582619907727,0
951.6305590145204,21,0.3367184642937187,716,1,2.278308045287712,0,0.906604367995147,0
334.1487713628854,11,0.1741129952373337,107,3,4.141972292307332,0,0.8028174036561412,0
544.3216345740643,9,0.091112747442564,269,2,51.00104151867151,0,0.910773101203928,0
939.7334805143328,12,0.0394780910232668,54,1,1.7734359442302674,0,0.9274017281974868,0
806.2939560600292,13,0.134696429871522,691,4,36.054084363365305,0,0.9252622014072822,0
414.678672299272,20,0.0846874846213868,402,0,13.59391455656519,0,0.7964252637060012,0
427.49068443822335,11,0.1804992239524069,251,1,9.833055875361165,0,0.8025063879014291,0
566.0798085332877,14,0.143697489134174,879,3,27.361305037788178,0,0.8793651225517538,0
753.0361179820361,13,0.2504284846079057,185,1,6.6769936854602,0,0.8802766838566393,0
607.9625295065936,10,0.2001127269352239,636,3,2.92640438537016,0,0.8095594646183839,0
627.4366749280923,20,0.1725817551618163,834,2,2.927548506878843,0,0.9353181676944352,0
844.0698841704673,13,0.2137365424754223,983,2,24.84315601965461,0,0.5020018380158039,0
525.8633148255533,20,0.1121903912660595,441,1,5.090734690187585,0,0.9127743860980994,0
771.9049895640973,17,0.2825849007900629,537,0,3.1264206549079216,0,0.8698033664624811,0
540.1497254459215,19,0.1268420588999771,697,1,28.8272999804855,0,0.9659905353476066,0
336.662614360977,15,0.2303073574612819,860,3,2.8552452231822643,0,0.7172702703906351,0
1686.4419475950774,17,0.4349321415579271,508,2,25.289730441181025,0,0.624687740295817,0
1030.3102903433344,10,0.3088237287755473,666,1,9.395559268041024,0,0.9144905837911644,0
578.9061036653949,11,0.2578211393406839,868,0,3.72430821351095,0,0.8611569277789739,0
386.3097874390268,7,0.0126037235266144,440,0,9.342592360825511,0,0.8028164145644898,0
533.1233446563178,15,0.1360640781021895,531,2,19.634710467826288,0,0.845828823782037,0
387.1085625463364,8,0.0209571971949202,226,0,8.850143351698051,0,0.7525267302625431,0
485.67295501114216,9,0.2130938099529443,823,2,6.034710800587176,0,0.7735411157104493,0
565.7425368796135,18,0.0850370817533969,843,5,1.5232159432207657,0,0.6803808409194808,0
388.9488963717308,19,0.0380923494135795,315,2,6.775017086835162,0,0.7442013057231955,0
1171.422116503795,21,0.1511309627131049,769,3,4.635204005189467,0,0.524120690386764,0
858.7355545478804,16,0.1064618644477777,125,2,18.39284626136292,0,0.8601027794891594,0
1342.7051411797158,9,0.1116920016807582,122,2,2.6282028928021552,0,0.9766796140825672,0
409.47283590233025,7,0.1566368267324798,197,5,0.4617697481422718,0,0.7548306513258299,0
1340.242025168468,19,0.38921149217892,524,3,23.731174449648066,0,0.8851484728910245,0
1977.0406240673371,15,0.074326090584621,365,1,1.427185734097289,0,0.8893197947639834,0
1133.3522538696484,11,0.3491934784990683,819,1,18.960938289863577,0,0.8260275491028102,0
1025.0699723151413,17,0.2764544452899179,772,2,23.576060421084204,0,0.8516342529043816,0
674.0420508278936,15,0.120972890799598,726,3,17.720621116476014,0,0.8625444180244509,0
1041.0976592249367,10,0.1656111812365283,812,1,15.352184111534603,0,0.822610915367803,0
291.53294201692637,21,0.0387563304427282,615,5,24.851644203457507,0,0.8488445404736484,0
600.7369949005874,21,0.4113067903755689,700,3,4.249668225072018,0,0.7659875911276032,0
942.7894334217516,14,0.1790737149579247,329,1,17.87453826212784,0,0.6762666862314377,0
653.1204584944926,8,0.2988515979269328,930,2,1.5257922049941373,0,0.9064921961182192,0
636.7707531611403,17,0.1282964543691763,752,3,17.341568584596672,0,0.8384731749089412,0
2383.7489374745874,9,0.2214342318583098,591,1,27.131798677272982,0,0.9038830232331192,0
119.7624305676084,5,0.5824615679115234,143,9,20.193365109520837,1,0.3046675015301957,1
770.8674599004237,22,0.1196887877998317,133,1,9.655606931783067,0,0.9459536974118832,0
426.69184614519173,15,0.3988368786260727,862,3,18.586137142822043,0,0.8187863006685829,0
488.40553283992085,10,0.0913458557468683,986,0,21.97537270100335,1,0.8674444545115582,0
836.4742382035186,18,0.0850959636686131,579,4,21.77334706172941,0,0.8700404064103752,0
475.6756310543889,10,0.1548956209530606,658,3,9.75647471734653,0,0.8426495093189423,0
858.752953020366,20,0.0722247034207205,739,5,2.132594873206882,0,0.5705630573862437,0
1289.4285260166762,21,0.3632442855851377,774,3,10.909953341520332,0,0.8376764599562636,0
1719.1877838125192,7,0.2643877444148059,437,3,2.7844446593693983,0,0.9868796406468976,0
542.7892345194223,9,0.1427868174091787,363,1,12.677381768489314,0,0.5961970149976111,0
561.3167134529476,19,0.1988739087110088,632,7,11.479079054899664,0,0.8110004261045176,0
600.8140308427403,15,0.099529433179522,453,1,15.634439118699763,0,0.929154966776026,0
567.5990718300573,8,0.1207692449561802,195,3,6.12575821684288,0,0.5743196819789735,0
921.1265617264368,21,0.158475112670297,350,3,4.306805916788758,0,0.7160834460800103,0
1262.3500878135826,0,0.9733654077876742,60,6,297.7762034722749,0,0.255332473311767,1
1183.6062131992526,19,0.039243992429677,575,1,1.3289417248335822,0,0.704149798050619,0
393.54963492696646,8,0.1524458422926559,186,2,22.227652738296076,0,0.8600735080876295,0
883.4004818591653,20,0.393284338362398,347,2,2.9863855276959206,0,0.8672200888979176,0
449.66395691387345,18,0.1924700542913854,464,1,30.71034005014429,0,0.6873539042986689,0
895.7907111022348,13,0.3226418798892614,398,2,13.095844030497169,0,0.9420952207314488,0
482.9840048106009,21,0.329932509073932,348,0,4.927767645247424,0,0.697705945269083,0
404.6439302587463,11,0.1157163086659266,104,2,2.312616355941432,0,0.8588971355346826,0
474.8961279238778,13,0.2472200515751212,248,3,5.002112730852949,0,0.889718442535983,0
364.41900916648655,10,0.2824197699949688,992,6,11.154623803982265,0,0.5716004784718631,0
1069.9338899874604,8,0.2201673496716265,169,1,20.91842415881458,0,0.6247719121890088,0
319.70175678876404,22,0.0901149304032136,937,1,1.4257483487865668,0,0.8051514078838062,0
567.48690586521,19,0.0772085025038175,82,3,50.017168337546494,0,0.8210585311503024,0
523.3506401976975,22,0.324458232415215,757,2,7.124777242547791,0,0.8163551240027176,0
529.4537169595869,9,0.2748765158565404,509,5,0.4584652688849394,0,0.7207544926056553,0
541.5076268327977,11,0.2013301198806541,917,1,8.881424893044306,0,0.7586624410113498,0
547.1261395599437,10,0.1507509816026448,126,3,35.61131678100195,0,0.8337909543883488,0
285.6531215975631,4,0.5923812828221966,56,9,393.02185542214625,0,0.4230442898873316,1
574.6560135728647,12,0.1748665873987117,725,2,13.372788549462014,0,0.806120810409191,0
461.67667933784475,13,0.1285930517262303,492,2,0.4501213043530633,0,0.9536185026215516,0
944.1821377269148,14,0.0899525121956728,234,4,2.3927679650088858,0,0.8349594453024014,0
224.6093899466692,19,0.3282618242015154,910,3,0.7183258262431627,0,0.8734572141931374,0
569.7054976151685,10,0.057132385687197,807,3,19.231644136234717,0,0.7560696594102525,0
468.20999609295217,7,0.1062988085891358,231,1,7.552096246284622,0,0.7003939052023219,0
565.4343520626132,8,0.1681715242158747,730,3,6.632532659617843,0,0.7554799140558198,0
664.974942948861,12,0.3702793879365029,375,1,0.7626507093131146,0,0.8885071954674892,0
494.9289985107524,19,0.0086848739112092,242,6,67.51029005571728,0,0.8902683849502027,0
474.4396752277458,12,0.2101593769404399,352,4,1.346005282300336,0,0.7814335895337846,0
540.5726073948213,8,0.0611844167811558,776,3,16.718460117168313,0,0.956191444891882,0
652.3670884745669,21,0.3496683553891225,378,3,23.557151159937355,0,0.9588078089769984,0
1923.5023577729676,19,0.1404630449322922,513,5,11.661437580278877,0,0.5456855860322195,0
727.4276756969792,8,0.1397586244625648,825,0,12.999845870073491,0,0.6274942178230606,0
681.3186213187945,8,0.1046088206770759,282,2,0.4120902928656727,0,0.9029394771891408,0
1169.7590175524094,16,0.1550091650458153,851,6,17.106175591285687,0,0.8674909361186107,0
1014.0257908201488,8,0.1714952001848863,93,0,16.282583512709813,0,0.8674661035793587,0
420.30707310481097,19,0.1780866555081637,254,1,30.050732864753492,0,0.8379714138076831,0
888.8923294832271,14,0.1421608337365615,652,1,32.83295242938318,0,0.8498643448904913,0
1158.965526967022,19,0.3667068749984993,40,1,39.221735998237406,0,0.8535250299545891,0
540.4956476746811,11,0.1184298704395765,838,1,16.09447240836016,0,0.8299186451797939,0
577.3413898529159,14,0.2232927311068054,162,1,10.499444129599006,0,0.7959839378568702,0
728.575348790365,13,0.1191004553587393,706,3,4.61793895901373,0,0.8875426994267851,0
678.4841059612808,13,0.1999230344825262,637,4,13.979305812419785,0,0.7328602227288009,0
1006.7077111307906,17,0.3091276254968018,212,1,13.800540528608686,0,0.7692798462685608,0
538.4709253321788,11,0.1473558118352262,151,2,14.65159660784174,0,0.7464428753125215,0
728.1002319819423,21,0.2062299096062972,694,3,10.656520048544037,0,0.8540249523779824,0
561.5699034856693,19,0.1107925401828984,64,2,15.710823789212796,0,0.7903988833667109,0
989.4613952272958,8,0.0449381959424741,34,4,4.0869276247578785,0,0.8605516177357933,0
1491.3678509855242,14,0.12927945233554,997,3,0.3583032366464036,0,0.818505452922185,0
337.1462881074944,21,0.1108205889333427,381,1,0.0715176779412362,0,0.6732646131560569,0
1083.5788146828363,22,0.3335772974453965,536,2,33.0788767244958,0,0.8846271947775225,0
311.44517088898823,20,0.1719464174186751,138,4,6.085524078888133,0,0.871786838262769,0
602.1764964154463,13,0.0277025580619412,667,1,6.146813720267375,0,0.8152457458410106,0
847.4777882836437,7,0.3769622310863227,704,1,1.2149127248462714,0,0.7660801312815106,0
834.4365386182028,22,0.1059911961683434,392,3,22.752484657226344,0,0.5051949517714263,0
306.64086070240126,11,0.2921335161401553,546,3,4.392808945398505,0,0.8478223868782593,0
881.8303502068684,19,0.2470889880895935,503,1,18.879361911372825,0,0.5796542852343495,0
449.5467247238821,20,0.2577516115003697,813,1,13.150545016905008,0,0.8257916083520415,0
423.674062292494,21,0.1423681508589548,579,1,8.663318142789945,0,0.9352929048869476,0
57.30127430565573,2,0.5624316036249639,129,3,236.6177522134086,1,0.3311325749885087,1
434.5727462486775,20,0.08209793256277,858,3,16.91016542358024,0,0.733269608979598,0
515.9840742375512,15,0.0192461359300822,220,4,25.94636415655248,0,0.8663503407708599,0
869.0392029664212,11,0.2678239065647542,333,0,46.04517593826825,1,0.8625878459202665,0
717.6089345917466,16,0.051295604176701,321,1,62.64471054934051,0,0.92984138443469,0
375.53332846173726,12,0.1428149806175951,349,2,1.6910182193140104,0,0.76553315414918,0
919.7668395201996,18,0.0523459148719814,313,1,7.147339569962974,0,0.8936952825474913,0
467.8318703159635,11,0.0312479485154296,412,2,19.01350676678285,0,0.833360200566995,0
916.031689711057,22,0.3389788193468966,203,1,0.7961134774271638,0,0.7184276903872144,0
748.6940451096032,13,0.0256316709418849,618,4,79.15265127235446,0,0.8429893613659961,0
1451.597301054344,11,0.1116325650154261,999,2,6.446696965259916,0,0.9267024384251824,0
382.0714901267377,12,0.4771741099883885,169,4,11.471475957935937,0,0.6630489483224931,0
524.7683901409314,10,0.1126360143936679,216,0,22.606405561385884,0,0.957595714581967,0
624.1202686815456,18,0.0899295109705235,155,4,30.35297854279531,0,0.8120891435349996,0
507.71584572174527,22,0.1559473783509561,598,3,10.450626037064364,0,0.8639825908865393,0
293.34131882820515,17,0.089016739707765,868,2,5.252600054314599,0,0.774548207783137,0
77.72534159268257,0,0.8038623572574772,158,7,239.60379475066233,0,0.0824509776398398,1
690.0167629180386,19,0.0904745983371454,511,1,22.22120933901046,0,0.891505359766682,0
1085.8208152219513,19,0.1837728530692372,642,5,0.6013861344165763,0,0.8301611421418108,0
293.5576605405797,8,0.3138448879763256,88,5,41.995143454207934,0,0.6567020955240044,0
423.4523827493773,9,0.1985193993029992,558,3,3.857367748689686,0,0.7633258653626065,0
431.5062282805758,12,0.1298065353913884,98,2,12.82043723338537,0,0.5474357889711122,0
1492.037264751231,14,0.0656110604366269,414,2,8.907605734953622,0,0.8550441023141031,0
292.9305592621108,4,0.4333495673900074,111,6,400.24767890982343,0,0.3164605066771433,1
294.6022844458129,14,0.3501016198357697,481,5,19.701610176470343,0,0.8973378097956737,0
782.0791801558147,10,0.1467846641821541,878,4,2.1873285307318744,0,0.8651664310070648,0
1878.9284386685788,11,0.1583614051324725,880,2,14.402004814764984,0,0.6507009435936981,0
676.6580341715298,8,0.0743165784165858,155,2,4.392035809944162,0,0.5935679959963581,0
792.7783924839912,12,0.0585486149889245,296,4,21.242038574641676,0,0.6004833531129724,0
324.01098882771976,21,0.0075001729109887,817,2,45.15832000613037,0,0.8873093202356218,0
910.0067348314744,7,0.2354212722256214,918,2,8.546604395786233,0,0.9652202167359925,0
829.0513004136014,18,0.1425165517874401,883,2,2.769752913315852,1,0.7556115497410019,0
1597.399050808185,10,0.2320812917166968,878,3,23.259439092231833,0,0.8651622446566883,0
732.6010167208073,17,0.2821462153309073,712,0,8.29307203843724,0,0.7795891075278986,0
751.0629602864326,18,0.1582657941740536,530,2,19.824842408867653,0,0.7182697039454436,0
1082.3822476280825,7,0.2218835695465557,959,0,6.68723095178631,0,0.6100195237080724,0
772.9061260886095,7,0.1569312060421613,136,3,4.890796639182165,0,0.6913200301359731,0
636.5149361594704,9,0.389012911472807,763,1,0.4160499763269484,0,0.8701670305485955,0
579.4402838863294,13,0.099204461477885,716,0,7.250374973600561,0,0.7431528985432834,0
391.2972651288653,11,0.2689217623580777,464,3,31.976600490560145,0,0.8374846514066002,0
777.0526716842552,20,0.2161009099046099,344,4,19.313464018242183,0,0.8406497751506214,0
502.92799006778534,7,0.1487259218341079,644,2,13.62371403386168,1,0.8664208690033075,0
484.1862788799779,18,0.3304493145357561,627,4,29.41709511281012,0,0.857145101238185,0
331.8662308684109,14,0.0633568297005383,399,1,29.226288212783523,0,0.9963668901369968,0
1627.141226719748,12,0.2813948116857173,396,3,15.982391727874074,0,0.8487553129552688,0
410.3184600449302,21,0.2463367778396795,723,5,6.850816287267163,1,0.8304679694808762,0
460.1799679406034,11,0.0555115891066519,508,1,2.0698217561407453,0,0.615517524307874,0
1158.764388491477,19,0.1541125579490389,263,1,8.849389348413768,1,0.8238999968776586,0
295.26028854075145,7,0.2410431148740227,33,2,9.195128732344038,0,0.7961234125500967,0
495.4686930392503,7,0.2485659651919242,585,1,2.7124161012747936,0,0.8181419070418187,0
680.3634296355583,20,0.2953523415092975,953,2,10.844009066326178,0,0.8333438371775195,0
419.2060385519843,14,0.284920747422469,921,1,9.123542914786968,0,0.7118117534779076,0
665.2028198574587,18,0.0851808999606613,429,1,45.35034460868648,0,0.9029030432807628,0
499.012110771157,16,0.2455868498461108,302,0,48.57646815706539,0,0.910679024413937,0
435.8842058613535,9,0.4767138307808469,422,2,4.590921684936859,0,0.5949071670263316,0
734.9679660202395,13,0.3532830952538807,207,1,2.5438528645962917,0,0.9804127912381716,0
651.4286624302063,15,0.1335327165069214,790,0,1.3142621338511604,0,0.9138240848723757,0
511.9601351790441,20,0.1915666469386078,231,1,9.263360057134491,0,0.9079741664091496,0
895.7966554452961,14,0.1720827998913618,179,3,0.2856390677435059,1,0.7056628438781263,0
485.11205483475214,10,0.1369676510836086,192,1,3.589506086149327,0,0.8731483675376019,0
142.96367567110678,1,0.5350830907512573,152,9,412.0537158988339,0,0.3066529467634911,1
721.6637201446147,12,0.1133682727151362,298,4,2.8232828839297412,0,0.7718251152015043,0
315.65310803576205,22,0.6693751875742634,188,11,20.717923493669637,0,0.3114913042287162,1
487.5065843975532,19,0.2684000433052583,975,2,1.520554236659042,0,0.8498359219807115,0
742.62515673485,16,0.0123282195918905,345,2,7.123446077624791,0,0.7725659774886577,0
869.2862950293991,19,0.1434118794407421,781,1,2.501963253681986,0,0.8874568621035854,0
1318.2835774285124,8,0.1970146650324613,314,0,29.14020142112297,0,0.779400111552105,0
2149.3193370320305,19,0.1629770378665057,746,0,25.09858139045334,0,0.9936383928674994,0
1040.5059339792908,12,0.4236269536850645,218,3,33.15711639886141,0,0.9357591106435824,0
954.7316883581768,16,0.183575609214689,838,0,12.09948625475441,1,0.8396621991311634,0
633.1475918676658,7,0.2105066059448674,914,2,19.835282099491007,0,0.7083051950108209,0
480.4463576289009,16,0.252097224850186,175,1,31.930782633361765,0,0.9128147079337878,0
739.9228376831348,12,0.2752948211153622,983,5,1.0907197682452312,0,0.7140110444225989,0
778.4872357016216,21,0.2532153701805145,748,1,8.39375105520161,0,0.9491268797743104,0
241.86189503677332,5,0.7329302241980121,30,7,119.16153159245825,0,0.2093833981564269,1
198.4923014403348,16,0.0684101856112733,877,2,3.681441857074192,0,0.7099194561032883,0
1370.7814696648345,17,0.0391399129267562,949,1,1.906885664375231,1,0.5555837047487211,0
573.7493644015049,12,0.193077673128837,254,0,2.5413949893623844,0,0.8700998202263936,0
801.4496505386886,20,0.0582179160062642,71,0,16.524085812576907,0,0.8416679753019441,0
330.0819311807852,18,0.3432249044687671,595,3,19.906919282145207,0,0.7423868398351708,0
337.0060170918792,11,0.2391071208635053,686,1,30.74531325039793,0,0.8873785897622385,0
821.6796935933584,11,0.0605814102502019,34,3,10.863450523742124,0,0.8058756291059241,0
281.1165424499357,3,0.681670685752731,43,10,107.92972543783122,0,0.1451032939152502,1
1046.870441788119,11,0.4059326101084355,768,3,48.15866726061041,1,0.6377679304632009,0
882.1000681430718,7,0.2974764211147291,594,4,2.096664252746823,0,0.8375447782266217,0
600.4417831757427,13,0.0368136237116784,734,0,21.578632950147124,0,0.8976744871270252,0
622.205001337317,10,0.4306470288651965,483,1,2.277830046347566,0,0.6534158781280529,0
940.3966624147744,17,0.4004335928715635,655,1,12.465707164500532,0,0.9318471084895608,0
1511.8359670825616,7,0.1339445924102334,835,1,2.3894488817404915,0,0.928071990849088,0
905.2958378884738,7,0.1652191476656138,94,4,15.08738967452456,1,0.8212555628760206,0
506.45898539038353,7,0.2314494773763691,725,0,11.99014540436961,0,0.8276067722657422,0
1131.586730720765,15,0.2246719673436034,936,1,14.204265703956802,1,0.73164612337101,0
340.2251252410435,12,0.1687965690434472,769,0,17.734326791260944,0,0.76479420856399,0
476.52849550120095,17,0.2371408419910523,853,2,3.9890682900631895,0,0.7908142360717156,0
681.8650013864219,18,0.3283312191234789,618,3,6.9049448003668425,0,0.9866975502723282,0
129.25343848756955,3,0.4227360457490262,77,14,150.43935777866048,1,0.2971485555658465,1
485.3367992827144,20,0.5373385926300426,918,4,15.615041730424029,0,0.4116921132610302,0
850.7167306221705,7,0.420549874184463,31,4,14.182027840864624,0,0.582998132141467,0
615.2268146372252,7,0.2978799509036944,871,1,6.553678221093666,1,0.9468775636269277,0
444.10980751353213,11,0.0450019888938905,214,4,10.661186704229774,0,0.8854641752651988,0
755.8434545577286,10,0.137746805637508,788,0,5.6002439915713795,0,0.8126055902593707,0
671.1056629555693,11,0.03514546703993,891,4,0.5416617179537716,0,0.8880821920696392,0
499.6392177575256,14,0.4435151621243064,570,3,7.13885263205844,0,0.859133675847853,0
167.0905082691161,15,0.2223171439811446,115,1,0.367705156949747,0,0.9231982390324328,0
349.96150410398985,19,0.2172332166186806,707,6,2.4670453056861974,0,0.6691952608632629,0
648.5498417843971,19,0.2803713142482474,761,2,22.95999629536569,0,0.8902306099378934,0
598.9324479939887,21,0.1724497654433396,710,4,2.7487153717926187,0,0.531984268178221,0
630.7451824864027,8,0.0769119280607929,127,3,1.435546980320041,0,0.9027777958485756,0
1509.9907745881546,9,0.142446254412987,252,2,5.241796974216494,0,0.6675042501375216,0
252.5026327579228,12,0.2204101617993512,807,1,52.282142433716814,0,0.9106504114949776,0
1101.7729520577864,22,0.1906070428043271,646,2,4.684565028822239,0,0.8428668981098807,0
1011.168433242513,17,0.2179164555606752,53,2,12.366251053942133,0,0.6404681151134248,0
196.104799150598,7,0.0945801258612666,587,2,35.899288244227066,0,0.957310688073525,0
454.84250109508,14,0.1627592566664898,579,2,18.74878188553707,0,0.8891282675527467,0
599.1791056402442,20,0.2686230631637484,779,6,23.419724928480697,0,0.491417141429762,0
1190.7713122664472,10,0.285410398230242,501,5,7.088153777752,0,0.5424763066424749,0
617.9079921986868,15,0.1249417209939026,309,0,0.2735338244761888,0,0.4444989491399647,0
291.45660832444486,10,0.2283315563222007,126,2,5.090382905512715,0,0.8158467238112567,0
206.28542048685495,10,0.4203188172372952,788,2,21.510623777656036,0,0.908231023396942,0
688.6763829571876,12,0.2083286976652121,464,2,7.735449039484145,0,0.7826585807719841,0
851.8864771792028,14,0.2939683905292375,164,3,3.935139424949352,0,0.6577053947300463,0
80.95171114661257,2,0.5478191987500645,100,12,66.69753832298439,1,0.4778473903327859,1
1760.0507647542256,10,0.116126779105966,426,0,32.49441042004217,0,0.743759950095087,0
375.7120418885928,7,0.2248915242924613,944,0,22.260939654778927,0,0.9206432437522036,0
729.0078240473641,12,0.1017531555984682,971,2,29.2282298718435,0,0.4801258899945674,0
296.46490908092767,14,0.0840865072879443,85,1,1.8984333296446556,0,0.7827749325633858,0
775.1713992980942,9,0.2521630214271989,900,1,3.67719084240844,0,0.8263619332713703,0
628.063517592243,8,0.1665700439717916,418,5,16.030894722116837,0,0.8422637799592293,0
848.7316853943233,18,0.2067748276726173,930,4,22.676681358997342,0,0.7982454097998863,0
1036.5087765443584,7,0.1970858830486954,737,3,11.44035898250879,0,0.8105379935194692,0
591.6124668518823,10,0.4617286206571553,848,1,9.805322847599856,0,0.8754552670656979,0
387.5516622743059,11,0.009186899418653,34,1,3.60769876829735,0,0.7557966158924068,0
388.9395233853263,11,0.2830666041966801,972,2,29.391393673357133,0,0.94009266924058,0
822.7196140756853,18,0.1392229980287924,824,2,7.443677528043011,0,0.8168884734184152,0
632.2469090208137,17,0.387609534760501,299,0,14.403039147068638,0,0.95678335186219,0
388.0909624986558,15,0.3421120529110611,199,1,24.144359993301183,0,0.9472072908733948,0
2095.1668673853173,10,0.3220691374411078,30,0,21.198674673106023,0,0.6051317570035898,0
640.7237617716688,9,0.1198280545717352,920,4,11.664428186665909,0,0.525186483763413,0
317.34495738822653,22,0.2592803109556856,700,1,0.7104338554354958,1,0.8406728606911508,0
736.931327048972,8,0.3135395206487675,473,1,24.929623974255605,0,0.625883623157011,0
606.605704272744,10,0.278518442869444,188,2,86.35562187146222,0,0.9090871197764904,0
2422.180030599411,15,0.084545664127145,872,6,5.848594966247189,0,0.8391094647441907,0
966.6188636752302,8,0.1304786438139266,873,2,14.486451740079364,0,0.5194284468027591,0
391.6279121875933,20,0.258002591412422,680,2,67.2505560807204,0,0.8466173289390667,0
538.5631684705651,8,0.1990281027180612,974,1,1.9339327191078497,0,0.8820088580480455,0
982.6436935080764,7,0.3795493358566324,877,2,22.07796408129721,0,0.7584039080307021,0
564.5627204793324,20,0.21875868050139,162,2,10.604130615493018,0,0.6817856512378909,0
672.2135293199582,22,0.3912008185014918,962,3,4.0871646268754365,0,0.6587555989575047,0
321.3200086013775,7,0.1985985799029468,911,0,19.799456897491076,0,0.6139473581172548,0
812.6649401478793,16,0.1989571179655681,681,1,32.137859583311965,0,0.7071084095714647,0
228.39756599364972,8,0.2757506238302638,268,3,2.524813458908554,0,0.9077514697872862,0
767.7839003487856,22,0.1022100360987559,260,2,11.905034973395152,0,0.962742876687144,0
268.6259893418974,8,0.0851581988403968,336,2,73.8681332802521,0,0.9079839143797428,0
672.0926321445022,13,0.5860476163977957,941,1,26.78362734910616,0,0.7924895250885804,0
412.3571212754123,9,0.2591590894962834,106,2,28.6507410972646,0,0.6100870557796423,0
1245.0276022154542,13,0.1694150315317047,449,3,11.982326415630055,0,0.9744622189909072,0
372.6586001317822,20,0.2388448676734021,910,3,7.388669403861407,0,0.7147676455694648,0
605.3572118405629,15,0.1804277558786441,670,0,4.337286552370311,0,0.7391939673885762,0
573.286522834258,13,0.3296821776763567,631,1,13.593767100579107,0,0.660210651969705,0
840.0697067376616,8,0.1912771632123877,895,3,1.0023403834534437,0,0.88573323488401,0
231.48170318430633,9,0.0700833232971038,340,2,2.0320304193655816,0,0.7798334650113455,0
1005.016982546,7,0.280741811888271,412,1,5.425641667411318,0,0.8531323922992142,0
520.5103877903134,13,0.1627308875342464,99,2,8.395459522533269,0,0.7254453981285316,0
154.79109158944357,15,0.1798679902665476,435,3,25.708945233585272,0,0.9287366126459344,0
618.4285258818842,11,0.1861106715425066,517,3,19.35322459475352,0,0.8610708093837864,0
408.9561622686588,21,0.1024306516289794,675,0,93.27540166320904,0,0.9745241750851664,0
427.095955066053,9,0.1732219680930118,477,1,0.6083380425751835,0,0.6242643473254165,0
587.4151600269636,14,0.2277843093456503,937,0,4.277684119961446,0,0.8753825573743994,0
435.864362071153,13,0.1881068266287943,559,5,8.702760451143938,0,0.433873114283812,0
921.0354108833995,22,0.2002023362731731,313,2,4.381663070827589,0,0.7922686361607947,0
400.0192261903716,11,0.280953782482022,166,2,23.898346588672656,0,0.7948034729954708,0
1003.668910305122,8,0.3632675379907045,82,1,15.577314649923837,0,0.9589371785362896,0
442.98765636641025,20,0.4518798696046922,782,4,16.99619329744886,0,0.98707143375439,0
522.1893509879496,13,0.2032010453930066,818,4,4.697934939192943,0,0.9192190963630108,0
1528.462528592242,19,0.3568290713906735,193,1,12.877543208114831,0,0.7078158259655529,0
1040.901745821159,19,0.2679914780464742,760,0,12.855599510718898,0,0.8707121622183994,0
550.7549086356976,16,0.2205187570172863,698,3,16.528534550241574,0,0.9426970771325124,0
615.4962134483817,21,0.1441059727576312,561,2,3.4638475668870683,0,0.660620487343282,0
1085.8649737142127,11,0.1170720325613721,931,1,8.204413251502602,0,0.9247887152247102,0
919.9640296873558,13,0.2909048030520723,315,1,14.8606581648378,0,0.9273331859726244,0
839.8427415142706,7,0.0540310802110181,993,1,35.69214036582149,0,0.860781780209122,0
741.0717295753906,18,0.2148222959646955,682,1,6.976955165495604,0,0.8940857790460228,0
703.0484118106923,19,0.2287910234017647,163,2,11.288349939381453,0,0.8439943644306882,0
709.3673286578077,21,0.1667629232954884,382,1,16.214614542557467,0,0.7078780276119168,0
842.9709197385708,16,0.2948198559452153,414,3,2.2272158611474846,0,0.7402614684906229,0
1285.191487443451,12,0.309431400957811,872,2,1.7196424318172268,0,0.6745621079491826,0
831.63827652334,21,0.1055357344803604,269,3,0.1065456427108483,0,0.7699638370144442,0
974.6813511519284,8,0.2277815511873584,77,1,21.266791186029753,0,0.7624142542014887,0
212.24481729719753,18,0.0795297101241791,445,1,0.6040667504495428,0,0.7728045528776746,0
559.0545668568176,11,0.2714839910686432,986,0,20.98747331567074,0,0.9105784060977709,0
586.5336685436695,12,0.2372724515268643,170,1,6.643504503990398,0,0.7913390835309095,0
1697.7186714480436,7,0.0861488228432598,866,2,8.590501396441145,0,0.6319210293021049,0
1317.3661960077732,15,0.0614387693699607,853,0,28.476798181796717,0,0.5882905647537608,0
821.0820587872737,18,0.3547116360032766,79,4,24.11719636787528,0,0.7213484008349877,0
975.6820309770252,9,0.2975355470950611,705,2,12.196353522303204,0,0.9433676296383076,0
659.3345216019288,7,0.0821230093971844,136,2,43.15908052014366,0,0.6948615569722156,0
872.0375793549588,12,0.138905707246522,305,2,38.18139823603611,0,0.8556513614614402,0
1103.5539844318312,22,0.0042824599832417,471,0,73.46360541928048,0,0.8516417372131783,0
397.816342777856,10,0.1952307466693063,788,2,9.10715394582398,1,0.9644748365595132,0
875.104461012687,13,0.0506195563071411,663,4,0.592556762359466,0,0.8893544570049667,0
473.7134903547036,14,0.2327748874758178,508,3,10.627373372359258,0,0.8714878779167629,0
864.9951495847962,8,0.0970464842092207,780,3,15.457090287118524,0,0.7208336435819871,0
1939.9297972659583,21,0.0983819863333196,512,2,11.813952836708951,0,0.9417153287237724,0
1012.6792074441656,13,0.2816231402003517,191,2,9.750178532511589,0,0.7868739375470135,0
491.7254989770197,8,0.0811097006185969,238,1,6.573012127303573,0,0.8541528214361708,0
698.912877244465,18,0.252697867842838,238,1,14.228098633853795,0,0.847822375773482,0
825.7955996124293,16,0.2070846938135244,806,1,18.71285680827257,0,0.8975336834468503,0
1197.980516424402,18,0.3187608440580084,946,1,2.6389050815174597,0,0.8241118861199627,0
1973.963959191983,17,0.1440926701406664,946,1,0.1261357439356208,1,0.5290758206745577,0
469.98619466759703,22,0.2081143564290912,701,1,2.02194198433954,0,0.8023098714178755,0
315.3927776485423,21,0.3433801919388739,315,3,4.457661285506145,0,0.619399180488845,0
323.2421134549744,2,0.6344659383258202,67,11,19.683485185976103,1,0.1300447538958295,1
756.1523020371739,22,0.0523028052920394,298,0,27.803923302927455,0,0.6414340625007584,0
615.5161389214238,13,0.577781063937033,384,1,0.4848109942003157,0,0.7354859884472288,0
909.7785702398562,7,0.2449583846719919,70,0,44.80475059672248,0,0.6883138941007089,0
609.7347699145066,14,0.4015204479265046,50,2,15.416916691144555,0,0.8423566379899203,0
625.6105885619351,13,0.1315908492013488,597,0,6.283513822929093,0,0.7079018709892901,0
777.6560107646784,8,0.097089548529364,384,0,10.665539061917126,0,0.8169007671038628,0
1330.0085606344396,7,0.2770441909948364,754,3,20.5315392258876,0,0.9298956320297684,0
360.0791876219206,18,0.2157582707084199,990,3,40.19625276001039,0,0.7058088956149934,0
221.1492537292173,12,0.3605020206741562,202,2,9.260232517207168,0,0.8968321622631972,0
348.2221108737449,19,0.2213888039037286,663,1,10.46696704283501,0,0.9272471609901825,0
515.842860087348,22,0.1291021822832815,101,2,2.9003760659376416,0,0.8343794483939634,0
242.32961294940193,11,0.314914235959725,228,3,18.03022269844427,0,0.930337528406528,0
635.7809267718595,17,0.1030229683458689,663,5,2.767930629999899,0,0.7829156495085011,0
980.8184379191432,18,0.2523731220351507,241,2,24.134053465146273,0,0.7678943890651395,0
1121.863209540004,10,0.2002963825725613,563,4,13.935813428146025,0,0.8763059688847209,0
563.9693352639529,9,0.0536518966617217,180,3,3.217735067875591,0,0.8862014232064037,0
433.4133488887726,16,0.1824606045380264,362,2,17.21116622179615,0,0.7823099979260083,0
1014.4061986418398,12,0.268527398027521,805,1,10.187587977843878,1,0.9223901950459558,0
2053.544113787058,17,0.0219136364070855,688,5,0.5346886352827099,0,0.799928098114128,0
3464.62183126683,15,0.2448789614813268,736,5,3.2018767016710292,0,0.9292885210282584,0
200.67792508073245,23,0.6625251959348165,174,4,317.30412140657353,1,0.3875457737370471,1
484.4883802363907,11,0.0474955755610666,573,4,9.687353282330095,0,0.6804986746641858,0
578.0050193111932,10,0.0103049180584976,676,1,33.529075376238204,0,0.7909813859553306,0
493.7713207291051,15,0.2650048929198063,475,0,15.94454297604578,0,0.6536180268389311,0
1330.1509601847335,12,0.0843482431071368,205,2,9.314213004982824,0,0.9062000439932808,0
658.1570811025907,12,0.2362379106746847,936,4,6.30981265823122,0,0.7379396891570467,0
1623.515497372793,7,0.1345308183832659,241,2,36.76546565537546,0,0.5303741158325324,0
850.0578512018762,13,0.0912453244068672,687,4,9.619881027141732,0,0.7972261390301564,0
986.147947725296,21,0.1606852484844321,975,1,4.547480912374269,0,0.6631993803262451,0
1037.7278174809169,20,0.0747648781206496,829,1,2.2933483600433036,0,0.5099779245795825,0
238.1468337792894,18,0.314000330330312,912,2,2.3202246877444104,0,0.7294816183763482,0
701.8983372568488,7,0.1965335483596983,101,1,11.346018232796183,0,0.5752559098241353,0
539.0208491868493,12,0.2126742695374849,30,3,4.962463644216165,0,0.9810986101093472,0
216.09309295973756,16,0.0960152078426874,577,1,2.505686918325537,0,0.8983258985658052,0
376.8900627492602,2,0.6030640209913726,125,5,65.80133623930887,1,0.1874622421614543,1
614.66760923192,14,0.4801262500487407,504,5,22.354253187463293,0,0.9092833241076091,0
1006.0999118880908,11,0.1535263756050843,531,3,49.50719704527165,0,0.826696390353117,0
796.9161441619701,9,0.0912727893521856,786,0,3.4094699382739355,0,0.9498786065261404,0
74.2386966106286,22,0.8726166885690485,177,9,14.209862315278173,0,0.3121798411747564,1
1859.3436945690603,22,0.1173830472146314,517,2,23.661244737228756,0,0.7898822839979212,0
1064.9500224956114,22,0.2415578875844251,97,2,4.9835179488673855,0,0.6360449857210139,0
856.2486860135996,15,0.2409611613963141,443,1,19.265262340598262,0,0.8461173245894821,0
432.5337647343179,16,0.2065427611447917,930,1,15.537675288768751,0,0.8878601020118257,0
860.2026375336792,22,0.0648798163487283,442,1,4.706565296322016,0,0.8926682936749852,0
1046.4608306968112,22,0.3245032487188249,770,4,30.13801110932198,0,0.723641953229439,0
336.23339509454337,7,0.097055162415272,609,0,11.152784352936148,0,0.6213505805628944,0
1141.7034208788168,18,0.3228309489380599,550,2,8.127327622915534,0,0.814976842182607,0
1128.181781094405,19,0.31560719960441,103,2,20.84790774063492,0,0.8798964369653373,0
449.9398941947152,12,0.4167066079660165,814,1,7.266584223553973,0,0.7793815494384169,0
614.8086133485347,15,0.1784365328254359,93,2,0.9584907605028716,0,0.8787554502638556,0
1340.7458994352075,20,0.3081275840618274,974,0,0.2122364940981057,0,0.7518192432086117,0
1051.4364000445305,17,0.1594198180606735,869,2,12.744761649983204,0,0.8914423864181361,0
399.34818171336616,11,0.0807011490786608,311,2,5.42204808211655,0,0.7881188378775192,0
569.8935111507992,16,0.1865881739011506,302,4,15.979063884502786,0,0.8595397074723066,0
989.015703464445,8,0.2696523907411968,812,3,42.06895781132912,0,0.9298813086239748,0
841.1769031706839,9,0.4110364648854971,914,2,20.26616094808855,1,0.8279766928754794,0
448.5282666473218,12,0.2454950619593953,991,3,13.200312180695375,0,0.8943736972498825,0
170.6759974841966,2,0.4620979161769942,192,13,212.77899501091753,0,0.4012553048005089,1
531.9871545469555,18,0.2456912037506595,179,3,7.619670552849615,0,0.9405129583352054,0
1180.2859577634815,13,0.35928953144538,969,3,5.786424291116264,0,0.6987958064877245,0
580.0577541000397,7,0.1372254311189856,76,2,10.913670143276036,0,0.894367780977472,0
865.229103149918,8,0.1364539037134399,143,2,6.53692799073687,0,0.6128296458063831,0
1335.720306917177,18,0.0924893433442722,930,2,8.544716018364307,0,0.9173035407417764,0
559.752835445156,12,0.2430580136998464,550,1,5.0107073035634535,0,0.916623440457724,0
705.6636870485961,20,0.4000047745830636,387,2,14.68840484761497,0,0.7429113844048223,0
609.9525327969452,16,0.0548418383872352,416,4,3.2881249416475,0,0.7635293794516806,0
607.6105682234822,9,0.1893498783472083,88,3,67.69455277719143,0,0.5551063488171507,0
697.205200507808,10,0.1278523074969033,482,2,11.113453501568404,1,0.833694060238327,0
298.67683332360383,19,0.0376253846941666,40,1,16.801071561194057,0,0.8787281165129112,0
1351.818804404502,20,0.0974852329101865,589,4,10.551288178706091,0,0.815764022313813,0
554.3967132451124,10,0.1384776248361397,987,3,6.695273897389154,0,0.938268943393933,0
816.9765436114742,18,0.2556506036365543,485,4,11.123231217451911,0,0.7262035417263139,0
368.0110389152256,8,0.2717027122681338,652,3,8.44146571000216,0,0.8346382004001334,0
900.719543558581,11,0.1784666522505618,836,2,3.452607682476803,0,0.8578845161654114,0
499.5746162442973,11,0.1480377836308582,515,2,47.328627875729225,0,0.6168801517660304,0
401.3968830272563,19,0.0454301738252233,999,0,4.363610364467806,0,0.8938298278897732,0
759.079595184725,9,0.2015038858159889,611,0,18.58946185049578,0,0.9310501221991412,0
1329.6747117886212,12,0.2447451337174603,743,1,15.71614013397802,0,0.9577853215207218,0
561.4929253210437,19,0.0692110412992017,151,1,3.65478103788692,0,0.6354731070582885,0
280.8805234163768,1,0.4163503690313123,74,4,216.99335951393897,0,0.1410985222225352,1
258.1406946615118,10,0.114570847939258,619,2,5.05845829218429,0,0.795918837666896,0
667.4997987280262,20,0.2056708546322484,728,4,6.111466915135372,0,0.901439816226441,0
648.1294131422839,22,0.1982441008526627,280,4,22.00246596040786,0,0.8405823247848444,0
1281.1311165425825,14,0.1861612639347076,870,2,40.582322853657665,0,0.6023684360645096,0
927.6186284363482,12,0.2339397430533431,186,2,42.73350390826289,0,0.9417591955993746,0
667.3922083079752,17,0.0845111564469765,374,1,28.75572212237156,0,0.7078756791858529,0
827.9733027316607,17,0.4290956335597448,513,4,6.520712820192281,0,0.4676216297615846,0
493.92091456985753,15,0.0700594679480935,868,2,2.5315291773706514,0,0.6946395534890907,0
562.7692666189105,13,0.0818698502847613,683,2,5.546222973568292,0,0.9581302742640496,0
987.46926197449,8,0.1293139010867181,532,1,0.824629859140964,0,0.9324736115118448,0
781.2463065318262,8,0.1634421372544585,776,3,40.67740563927405,0,0.9364501238086432,0
73.30165404189296,0,0.8533704046645958,14,9,9.587306037337402,1,0.3197754819796416,1
1117.1895000296845,21,0.1454667547055034,182,2,2.4167702430904727,0,0.5871939139880427,0
992.2965752275462,14,0.1913056905900071,482,1,13.203909399263342,0,0.6389503749932908,0
726.2815021947457,14,0.1973139045155977,790,2,4.441619043206793,0,0.7686451390752415,0
672.7212395805437,16,0.299672251235021,674,1,3.570052279123682,0,0.7247286283238386,0
368.226609831961,22,0.0544883402032099,289,4,25.391779862036124,0,0.856190708429077,0
429.00417656673903,11,0.2775871014774919,81,3,6.389755924852897,0,0.8435557027009992,0
468.6742351913496,21,0.0783918351693106,305,4,19.525766026791786,0,0.7976611280832766,0
662.5325252125914,21,0.1730605475555981,116,3,20.483223529824148,0,0.7427155719019415,0
2211.9028117578446,11,0.3193122345162175,519,2,1.807341281854396,0,0.59299632232025,0
505.8991272749075,17,0.4372771707408778,575,2,6.055448146932392,0,0.866599301068523,0
237.6390975594881,16,0.0325121274323226,357,3,14.072293667116496,0,0.7877758258746029,0
1366.3672271667242,18,0.3172148970455082,132,0,34.18066637001901,0,0.6803953816364448,0
826.4096296289498,11,0.2660087490381745,229,2,5.387663039234037,0,0.8286571473874706,0
629.6258264277038,11,0.0520830179039996,301,3,17.6692463035813,0,0.7732110633593676,0
473.15121284698904,9,0.182969630815092,444,2,19.499860697691652,0,0.825203550400373,0
548.7389490055368,17,0.3518759787075013,52,3,4.075606969171804,1,0.8611428575027963,0
948.7515748259387,10,0.3723098202932166,959,2,0.1618500663752722,1,0.920171378157007,0
304.23572839086484,17,0.338159302320338,113,3,13.905287931322793,0,0.9636071660138452,0
838.5347503925259,8,0.2243353824574818,323,1,3.772901054055458,0,0.6686496560247596,0
572.6249407870675,19,0.1845690070801013,157,2,28.295809414754643,0,0.8525124084534488,0
621.2978908661173,12,0.2011454460849822,295,2,12.908668984796622,0,0.7396937395243469,0
716.053341813713,18,0.3570648162581264,213,1,46.746021380123295,0,0.8312289016396149,0
926.6090003000044,19,0.3080268833776607,117,0,7.41417651786892,0,0.8551624533078095,0
588.8620331742272,14,0.0961567150504939,460,2,14.485792782382092,0,0.8897647845582588,0
1242.4061218836612,16,0.2718744783888357,998,3,4.561046990734245,0,0.6308460810182214,0
642.6191071618537,13,0.3298295269945794,574,5,16.704718430541668,0,0.6348469727047262,0
448.2935073487765,11,0.1480689844953885,569,2,2.6920147052947794,0,0.4587831988887088,0
773.8012824004179,12,0.2793951465206808,337,1,46.77776076842364,0,0.7883250145864826,0
1120.5271098761002,21,0.1510477989137157,834,3,13.783872272912603,0,0.7751152815129115,0
647.0009399342104,20,0.2105846861984797,273,1,7.648669196652669,0,0.6343490181463897,0
378.76120552229554,7,0.1249283911957793,602,2,7.224953074970196,0,0.8540167990321905,0
1184.6172724235903,10,0.0653210372893731,919,3,5.499831686146724,0,0.9478842525417916,0
1538.4552902470268,7,0.3285778067207324,826,1,1.298557964812497,0,0.9011742678350076,0
793.9478193661166,15,0.2006024035333586,638,2,4.796174717268498,1,0.919100093612971,0
620.5910543885698,15,0.1825627574832939,571,2,22.51545934532268,0,0.8982378194062618,0
838.6922321080308,10,0.2376726815475599,668,2,60.923256802149155,0,0.899683668708471,0
502.6513170777355,14,0.1116653102431759,942,3,2.962264296422493,0,0.9581539071400754,0
952.408329590284,9,0.2641976676585579,918,2,63.32075152432009,0,0.9343521337797775,0
353.2519389320748,11,0.0635192482111147,172,4,9.669276380044543,0,0.8301205475199962,0
980.8397107573028,7,0.5259030378607319,906,1,3.008426379447134,0,0.9566951138551778,0
678.5085226941487,8,0.0954127984864777,611,1,1.540229672825557,0,0.8401618526445535,0
994.179490839653,15,0.1146603865907049,603,2,6.791418793782386,0,0.8763221815800208,0
1162.6611767200118,14,0.28978967610543,769,1,22.15948303572933,0,0.9169153958924928,0
518.5582447871634,12,0.0554293972861205,651,3,52.39922164097216,0,0.6591928450317455,0
774.289212092905,12,0.1412259478780551,609,0,35.33225755308902,0,0.7711216715983592,0
900.190641344771,13,0.0206504514849917,629,2,24.105168628590693,0,0.4250281087013064,0
524.2395904560055,11,0.1308863380797409,996,1,0.2881604551137127,0,0.7484720754153603,0
184.2526718816849,8,0.2469237844998559,181,5,62.484223792752985,0,0.9616499331859232,0
716.8043664285767,9,0.1543732253538448,116,3,3.4565805890917805,0,0.8887487917435736,0
275.8440318346975,22,0.2262052309152499,946,2,13.292316962606904,1,0.8341019146100855,0
671.5087440879233,12,0.2884680953041078,537,1,18.560936379299186,0,0.668230171176623,0
1106.2633202908592,17,0.1949132613593039,956,1,33.881717736868595,0,0.6123805326174786,0
1022.1836029445902,11,0.175947626541446,505,5,11.219885416624406,0,0.996497616632823,0
482.83536257717,10,0.1419851375546586,854,3,19.14887100969324,0,0.8177588604116931,0
958.8427985539356,21,0.2255733991041753,869,1,3.7098827768686857,0,0.958062906032604,0
343.6165488666071,19,0.2000476788982827,273,0,55.809519556732766,0,0.6648697194208848,0
866.929988609169,11,0.2202368534995883,36,5,6.919563275550914,0,0.8624268749888158,0
643.2059034275585,10,0.2098586182526226,474,2,44.69491827809595,0,0.5913496491837267,0
580.4833692466276,22,0.0672844500636141,854,0,1.579054282652538,0,0.9108304195185783,0
930.553739888698,19,0.0286893074566874,784,0,5.739997904028816,0,0.9725914288469188,0
441.7106170678348,4,0.6595887137609471,140,5,90.9713242426412,1,0.0324543139248731,1
568.3612488507445,22,0.2398318491746582,251,2,0.1802188312601158,0,0.7555847761283551,0
1866.112498038123,18,0.0402853387553148,986,1,12.659610088185833,1,0.8240349662517797,0
474.8210728445573,12,0.1650232181256538,110,1,9.044072749421744,0,0.5974748518307704,0
731.8631096794398,9,0.1184433805695116,93,5,18.374624099078055,0,0.9624653430377664,0
586.9865312347474,13,0.2004902960931796,611,3,7.366698913023579,0,0.7780447793083314,0
417.33524652813736,10,0.2426453084932661,73,3,6.694384992207045,0,0.8931991001890947,0
768.364228876165,17,0.1975934587201933,315,4,49.47118511217006,0,0.9381967917553384,0
1055.562029605673,12,0.2695921566028796,810,1,7.530904345931161,0,0.880512124366744,0
1040.012143116828,8,0.3457959120874202,467,4,2.879587549853914,0,0.8009413665303962,0
607.8667340476752,22,0.0749982395952038,125,2,12.316655841360651,0,0.8527481037680918,0
441.25251001872897,16,0.0943326424618398,862,2,10.367502027227337,0,0.8910684246159025,0
1861.997067573124,15,0.1880971962147122,611,3,3.9172520861404094,0,0.8188074638077206,0
398.99221703773986,9,0.16001032047493,467,2,24.28311707925807,0,0.8773099138081919,0
366.02484282241966,17,0.39775875252159,634,4,23.7436822933649,0,0.7852339100013563,0
473.96862321957536,17,0.1280920865681787,68,7,22.43899770034942,1,0.8376513235281792,0
170.5345772252058,16,0.6789076863946061,772,3,35.468733650415984,0,0.7898604465918577,0
986.358109596384,7,0.0304017887365374,577,2,3.302535021365957,1,0.7115759623897712,0
707.5192909593449,17,0.0650948643657032,340,3,10.402793356890516,0,0.7794187059908706,0
800.5922394546885,9,0.1742396151063618,823,2,51.27241173918962,0,0.8613314929933762,0
501.460549902423,11,0.1034725463437351,525,4,9.649794064950475,0,0.8390450066751095,0
988.756910428149,21,0.1406940986077832,917,2,0.0195524601092738,0,0.9435504147449254,0
755.3292523449107,8,0.0297197110503583,573,2,8.239884683766089,1,0.89299567132713,0
367.3089798945496,22,0.1736162256861352,765,2,54.153037833075025,1,0.6818875181401284,0
479.4698690677662,22,0.2127925885574618,408,2,22.05925789927665,0,0.8972019541897426,0
563.2998190151111,19,0.2085308917256216,415,1,45.406766893154554,0,0.5432666822599398,0
1315.2930964022628,7,0.0854594195413578,709,1,3.5334088503226804,0,0.8704439629546499,0
987.8314892403206,12,0.1759734053643264,342,2,39.55503753806134,0,0.8459325092102697,0
1060.1606576736726,22,0.1630321135606821,617,2,42.63602879353262,0,0.9318884382392753,0
532.5430180853105,8,0.1374756125041912,881,4,46.45630804986362,0,0.8535265845304753,0
678.8543362407547,8,0.1805574134162786,865,0,44.36926803554686,0,0.8713543114699913,0
388.7565100028805,11,0.1721176324066747,871,3,31.53369433118323,0,0.6247900062100189,0
779.6284910219694,16,0.0418966705807008,702,3,40.12842707072377,0,0.540854614935944,0
376.5720258543277,14,0.5831990265151715,360,2,7.794957585065136,0,0.930114881173576,0
964.5837568903696,18,0.1273981844069046,808,3,1.6490018437850849,0,0.8749726376288323,0
361.8517021832884,8,0.0930398052030645,859,2,29.029291595119723,0,0.8165997845090689,0
698.3974886776475,8,0.2741300354885624,968,1,23.99155802766366,0,0.9374729432017196,0
861.3003664163812,14,0.429293899207352,853,1,17.01914355685363,0,0.9890855277216992,0
1379.880164321295,12,0.2064179449162245,302,0,2.3273726594386774,0,0.8381613229539813,0
996.2775188829764,12,0.1224304371207705,319,1,63.11543410625791,0,0.8114745357822083,0
458.64773690216737,16,0.0436669936624523,960,0,4.471481483391612,0,0.826518620555086,0
1007.2193062190048,13,0.1865955468709442,121,4,21.465932564993057,0,0.8268745259886616,0
664.5613878049802,14,0.0435843962268186,558,2,25.86662886904981,0,0.6695292527763088,0
1157.9963938098483,22,0.1160777654342164,729,0,31.39935533142882,0,0.8672089944009316,0
709.6091857247741,20,0.1289086936527156,763,3,48.36645966815006,0,0.6999345101150983,0
722.1752811792325,18,0.0505181886868495,372,3,27.779589076744028,0,0.8107424637529953,0
892.9088168658834,13,0.5129797581818673,575,1,1.0576442524985277,0,0.7196875381599517,0
489.6001523633798,15,0.1281307379888176,929,3,10.199347226833352,1,0.5909166405781716,0
834.3689567784853,19,0.4772616200577176,441,2,21.350955908951185,0,0.7397973415156449,0
1272.6636393432789,7,0.1927187723722976,752,2,14.270791558263168,0,0.7864402445916016,0
536.1214286966001,14,0.4111160346592576,768,5,34.07591014351018,0,0.7858568921735365,0
1483.8195003078242,18,0.4805129390548228,172,3,12.6308248935269,0,0.7914725841283234,0
738.6113746088638,22,0.2392627438458586,833,0,0.3283132658707824,0,0.8665543123497965,0
685.6342239572449,15,0.1513444546470729,815,3,2.173631281096194,0,0.8270136166453177,0
695.4447959089034,8,0.0427796991294112,555,2,17.080956662011967,0,0.9451465069095116,0
1329.3881508542493,7,0.0385920385790639,105,2,7.634762810258619,0,0.7871109015554278,0
1472.877233682142,10,0.0702147173364668,779,1,2.442240267659115,0,0.5797166788420388,0
178.19316316783298,4,0.7924789060658883,37,9,22.13075202613511,0,0.2512105298930757,1
439.3289806930029,11,0.4000061005532638,528,0,1.1143184489332472,0,0.8901484100954843,0
427.367238544814,9,0.1732727982872231,800,4,17.93321777843942,0,0.8828726601066527,0
814.9797152123958,14,0.1402955678796403,923,4,9.707305569623855,0,0.5831101348810036,0
463.4210848870113,11,0.0918379253228203,235,4,5.888434869334449,0,0.95441823860511,0
240.07093313472663,13,0.0530295925328325,845,3,1.8530529646157163,0,0.5484692738918341,0
564.2126842961671,18,0.0350766940700221,111,0,18.501674821488752,0,0.8469910649738136,0
851.671405878761,22,0.0963320851392312,981,2,26.012913174461644,0,0.759248054906308,0
653.1853014177301,11,0.0250382772391401,788,3,1.8135618418583697,0,0.6918340663964121,0
1152.8085277582004,15,0.274686386863712,108,2,20.048099833635224,0,0.9100554180118564,0
536.4785379627912,14,0.1848673141175102,252,4,2.086715757744584,0,0.5961826628851561,0
628.3290881506747,7,0.0756891109161428,853,1,7.222781509139329,0,0.7368754730195165,0
1993.878180872397,19,0.2311770993825294,337,1,12.065291396688238,0,0.5625195394125936,0
831.8785133633,9,0.2479338437230276,444,3,2.623143366481183,0,0.8576753053265948,0
316.9513422768757,19,0.1709807597921895,773,0,6.302157879064954,0,0.8407659003608724,0
429.2928964565973,13,0.0981148945874436,309,2,82.84705672823078,0,0.6857785747240404,0
1007.888181722822,16,0.1048509788959122,753,2,71.3178354652011,0,0.9802810184538262,0
620.2963235305388,10,0.106282155554544,619,2,4.9854202078745296,0,0.8305189217375011,0
612.2309560628187,13,0.2267245349783507,404,2,0.9458572269676352,0,0.8055976512625976,0
677.5777041127114,18,0.1365588177616054,91,0,12.184217937211953,0,0.7686342345781793,0
844.0803668376104,7,0.0957198753753806,457,2,20.583449772004364,0,0.8498874017808867,0
944.6272558204178,8,0.0808338735761694,962,3,2.1489835095032315,0,0.9727776483743082,0
522.8841129734483,7,0.1944109930938299,50,1,32.71665331335982,0,0.8009242770879403,0
505.8075601567526,13,0.1021661157647254,137,0,5.906291957503797,0,0.4684411827906838,0
218.2865662199951,15,0.2551133494953548,747,2,13.222758939489845,0,0.8154184063391118,0
1139.207831300204,21,0.2518251591048057,527,3,16.600774032420475,0,0.8924021708356135,0
765.0608396375121,11,0.2647632245739393,873,1,12.769236239989654,0,0.8144102089775093,0
644.0937765185541,14,0.097076393120773,200,1,1.2166826596135432,0,0.7177978343623299,0
623.588166976301,7,0.0466903830840059,362,1,19.03612600610496,0,0.8953757787253063,0
557.9572363051864,15,0.1938518667177404,963,2,6.6695755414198805,0,0.7470430760845171,0
798.1436403121833,15,0.1007860749100739,255,1,5.166401499482771,0,0.6695951335921423,0
26.054826728605452,22,0.5709988095361306,8,9,354.4347333352522,1,0.1793655231005038,1
1009.022490487169,12,0.1631379620740934,542,1,19.103910315015018,1,0.6714990421714282,0
887.2244598774492,16,0.304015312499552,756,2,20.5649957350185,0,0.5442204736140176,0
461.4285943177048,7,0.2394825682354628,102,1,3.025535094111155,0,0.8049658508831817,0
760.425555475665,10,0.0767065945385316,118,1,3.7387396081345807,0,0.8175733113363551,0
831.2487593944611,16,0.1427984020370075,922,0,18.190021476046837,0,0.7744225117804198,0
1115.290725025136,7,0.0226811390230161,65,2,12.042052815965672,0,0.8350518773072009,0
399.0011490760822,11,0.1622495585910816,842,1,3.48432688675105,0,0.6764342673897684,0
1227.9916391303166,8,0.1544764242679638,977,2,3.1495958508601687,0,0.953500891173921,0
310.5950817949119,13,0.0292747545043565,920,4,24.744542140046267,0,0.8715289048654812,0
928.9210146426384,17,0.1437668847785647,635,5,0.5292026228943236,0,0.9760521773976332,0
670.4912158894808,15,0.049331813182585,406,4,16.068870361100647,0,0.6682444471561862,0
273.4304532901116,9,0.3049571109328806,827,3,11.380150717659903,0,0.9173167721355346,0
526.2446267018921,13,0.142567391589081,321,2,57.85112266450196,0,0.8166368013156808,0
1032.340527989243,19,0.1654438041771088,464,1,16.20679741828319,0,0.6842075948282188,0
1305.5850316960957,8,0.4650014843112984,742,1,5.325857425097806,0,0.4709520211206937,0
1075.0824724603883,12,0.2292487542971298,861,3,3.715606640153892,0,0.8982446830316833,0
1425.059372140875,22,0.3316280800594686,161,2,13.656290649993966,0,0.9531708402104266,0
1199.4355269921152,17,0.0765243661875487,610,2,14.98454281716578,0,0.7467757164759034,0
545.6650529610354,11,0.3436893993239897,262,1,39.92154292024971,0,0.8315818414927246,0
845.3395127586077,9,0.2302654172951805,913,2,7.028308078580063,0,0.9124068756098728,0
440.64363787411367,12,0.5262584133647358,704,3,26.943679134077676,0,0.838166237456922,0
577.1199504243451,19,0.0440397567038532,257,1,10.223357911443854,0,0.7747662574295329,0
39.29044592596804,22,0.7125854269073688,30,7,28.93996063605638,0,0.3236564173270518,1
575.7670646231186,12,0.1928636672411377,141,2,16.826369803240215,0,0.927786174996012,0
799.9850076923951,10,0.3055329689966274,538,1,1.9108736397815065,0,0.5718443321247729,0
1726.9667987079397,16,0.2931463303084061,548,1,2.934421318794062,0,0.6923380273661788,0
212.63373292447903,21,0.1867402707248404,932,2,32.485093018040025,0,0.8517455614278203,0
637.9842946892588,18,0.1734128800662175,114,3,9.5831643810055,1,0.6306429820953673,0
530.2444154346854,18,0.1613571000728143,221,2,8.559991189550086,0,0.6171228924233718,0
1066.767468056816,9,0.3771500033262419,639,1,49.92778980251079,0,0.7154855238406707,0
677.7504769562114,15,0.114640331999004,890,1,19.797153466846066,0,0.802015435793952,0
291.7321977270177,14,0.024930521176049,371,1,4.46425444822624,0,0.7550442161530039,0
298.11830597641824,11,0.1359225349244317,526,0,9.368266520677905,0,0.8104607533955098,0
1794.542978259818,21,0.1414895643061894,224,3,2.8378653415954744,1,0.8746302884888119,0
955.2356547214164,10,0.2937667038624338,681,2,23.359225384441693,0,0.9358482846649896,0
603.7126726933133,13,0.325592347357482,519,1,21.23350677551943,0,0.8219849985856111,0
943.295589907165,21,0.1158893081829108,860,1,16.509695484697723,1,0.8581002808439939,0
731.5269553010658,9,0.1118563762913231,536,2,1.395734836279508,0,0.7772265434920929,0
1265.4319453113935,15,0.167041679472594,195,0,19.30704855079984,0,0.7324302764491326,0
568.8188212808212,18,0.0633762142099512,372,2,7.687935892305986,0,0.8452307226170266,0
1051.3783498415326,22,0.1619603158814912,368,1,4.855511231000571,0,0.8976175006684752,0
957.5946306694678,15,0.1180069312390844,31,0,55.7681103615532,0,0.7761663161610477,0
663.4580430385645,14,0.5644459291674928,616,1,3.6314488167876897,0,0.9437037786687018,0
227.44551707044243,22,0.580770218791098,56,11,176.14779379668357,0,0.0887844069072876,1
560.1303421912532,14,0.072203111327196,42,2,12.296485751893844,0,0.7168123156282217,0
643.7466042609113,18,0.1344830699260253,37,1,2.892947868324715,1,0.2306858907098242,0
1088.9460041064904,9,0.5673766317472494,72,5,17.960772357184602,1,0.7709147011481778,0
1572.6242242206497,11,0.0860739267298215,519,2,54.68041751379218,0,0.8691691830304342,0
715.6549999483329,22,0.3641932082496384,939,2,12.458633844202987,0,0.6921581712867628,0
569.7464016760349,21,0.3289530932756709,184,0,9.013961998446645,0,0.8281760379000791,0
1190.8931853198108,20,0.1410728265666203,506,2,9.319468564026252,0,0.3789219839532907,0
1183.587538569838,18,0.1031230366221952,315,3,16.991830805944225,0,0.8191607641459079,0
369.8374465386684,16,0.1788522541307236,498,2,14.1811023453142,0,0.8603502820386182,0
1200.8432385507435,18,0.0565498411926452,277,1,44.45205530270393,0,0.9283272695495168,0
430.922863228456,18,0.3141499869170617,931,0,0.4446106550105119,0,0.8735035072147931,0
611.8977204365445,14,0.1991709302351127,194,2,3.317206028817038,0,0.8441276656028106,0
1859.5359543135137,7,0.0380714791093117,425,3,57.99268110268278,0,0.6344232181961642,0
212.69744264621576,17,0.1986888201419005,521,0,15.893151117224878,0,0.8803145391102376,0
664.620720894102,10,0.2935475064695986,144,3,9.657347959343818,0,0.6783777520711094,0
585.7966108334376,19,0.3193598685376897,39,1,16.885101854251335,0,0.8096711791895359,0
180.76926219603715,2,0.5081658824994635,180,10,170.7773572699849,0,0.2806355807651945,1
432.135893238688,18,0.3196509307314398,843,1,8.725420559205684,0,0.9062518302470972,0
558.8708012096372,21,0.3256724836213504,948,1,5.2343206911806215,0,0.9073746119588608,0
71.86190386148506,3,0.6376231052908018,49,9,108.7392963824983,1,0.450597688035107,1
232.26633194335972,13,0.5658317916472533,734,1,14.57034794093904,0,0.8435593324872628,0
1230.6950010805313,8,0.050817638949301,627,0,1.4767153016978245,0,0.8142739885068002,0
597.218018136297,7,0.4123746264479047,531,1,20.54509292856215,0,0.9223831130193204,0
76.264201080918,4,0.7648949663505921,122,8,43.7235269414608,0,0.3350338191683749,1
2291.3266397433135,10,0.1243483920746655,704,0,10.99863894998106,0,0.7665191498343907,0
474.4947998206742,20,0.097792591901976,316,1,0.8236506826459614,1,0.8126000098372346,0
654.2633068803796,18,0.1333831068734429,841,0,15.03761389671356,0,0.7902780447925984,0
447.1995379312811,19,0.1354284094772698,348,2,0.9806996128694164,0,0.9146552790895188,0
240.77065347119168,22,0.3425609229376509,319,1,30.617862268761264,0,0.9263047409882564,0
275.0015206504079,17,0.2675859710444196,943,3,56.77737248627713,0,0.933817385762722,0
546.7634731423011,7,0.0576715239834764,317,1,5.368380268882969,0,0.7206029565458172,0
378.781834201282,21,0.2214230868260092,855,1,32.993406924590175,0,0.8598169533679731,0
1798.072088853741,21,0.3519439418214674,347,5,56.743198342169215,0,0.8578364485210007,0
1844.5797046404953,17,0.2478895670811517,640,0,12.351963641627815,0,0.5985148472290441,0
1087.3164373234608,22,0.2170858726024465,126,1,9.897584792299094,0,0.8388408780176853,0
473.93185848757736,10,0.5220351465959667,190,2,34.945572499864475,1,0.9323450420318192,0
676.2969994273587,9,0.1500163241752767,856,4,44.00758558367671,0,0.4716507899560017,0
1084.147827499247,14,0.0367150194938797,843,6,11.78814172162181,0,0.8572566217555162,0
428.3385150659032,22,0.1845831149363875,417,1,39.53744639714843,0,0.9095403688015308,0
477.6868272385529,15,0.1720899881856522,266,3,10.22907786088283,0,0.9504955868013996,0
950.188716894781,8,0.187009831401476,834,1,1.490704826382934,1,0.8844280640764804,0
899.5104551789341,14,0.0850678593577926,770,4,4.47687521344409,0,0.5921465049233218,0
123.2505597313653,3,0.5394124148301553,69,6,79.75411358461278,0,0.3131214241725223,1
613.8527549650227,21,0.3360492451875053,842,1,30.36404112371827,0,0.9059995732685724,0
693.2082691036649,22,0.2941730569668713,923,5,29.316949602655985,0,0.8197565126380109,0
452.54430005227886,15,0.2839308584700933,224,2,18.054972607301707,0,0.8214767570996113,0
952.1823173586948,16,0.1626720296248531,339,1,3.717788340718004,0,0.5635310289146779,0
700.1926500326995,9,0.3523542721880526,496,4,1.9206326684864303,0,0.9756800452737284,0
766.019725812295,13,0.0774595434586787,503,0,1.740409870857528,0,0.9763298510712382,0
772.0291729179362,20,0.5058715769657008,260,1,0.3313542653915278,0,0.7927759083530762,0
989.8876401769022,16,0.2224707875305249,120,2,12.142028431356712,0,0.7957419688199064,0
658.532944033343,19,0.3450147938429351,679,1,2.1560637114479646,0,0.8664909271233697,0
838.1263060830171,21,0.2385845986302463,122,3,13.275605386185251,0,0.8262583558073335,0
720.571862344704,16,0.1685671497090133,291,1,14.726366178389112,0,0.7659067501890306,0
741.9360789242374,18,0.3724651752571594,680,2,2.225984074301669,0,0.7258310543774016,0
412.6605486700247,20,0.0566781104454453,657,1,25.75414657116331,0,0.8956226073908508,0
671.1190576242591,9,0.1650422536953905,368,0,0.9165215693997844,0,0.9509369429977866,0
981.2442328472416,18,0.1653711057004032,777,0,3.741274977813818,0,0.7715319788245517,0
475.321274294296,22,0.0852291499162316,834,0,8.91007370468504,0,0.8956874100679695,0
373.7237638790732,19,0.0768397162536807,929,1,19.249659156543736,0,0.899096009104772,0
934.2666991316936,16,0.0295533679361425,713,0,19.172611496691836,0,0.8421895927654699,0
634.8776419263169,17,0.1282546297990749,500,2,0.0930750731814193,0,0.8481383585157382,0
837.6277614332331,10,0.2222914972158168,95,2,1.5450995224283877,0,0.8612177245873395,0
1568.89056132057,15,0.3174175134746078,811,3,7.858125002399677,0,0.82788725375447,0
348.5244537524805,16,0.0224910676095976,915,1,11.80596961398759,0,0.8845822791657465,0
436.3397754198045,22,0.2441490536413667,707,0,8.463902834334252,0,0.8846052088940564,0
730.5804456254209,10,0.1997740378851089,906,0,19.59593804268475,0,0.8428402246980097,0
629.6660414097621,14,0.0417410546321292,90,1,23.39830926857517,0,0.960451641157597,0
1577.752807130889,20,0.1606201036709594,166,2,4.468185798697191,0,0.6529940992427931,0
1223.5921551094607,12,0.2211550478477255,229,7,28.137108599495026,0,0.580261272498505,0
375.85649947535467,17,0.1213562737230932,944,0,8.773483705263391,0,0.826314217958858,0
1198.8736041630746,20,0.2772946884099474,618,1,19.443424859469136,1,0.9267124713563564,0
3259.2296218073034,7,0.2598662041619818,417,2,2.252489966664829,0,0.8925863013838703,0
479.87226501964,9,0.2410184569761141,50,0,23.398323675513996,0,0.8073081542400797,0
1225.6453537762418,14,0.0562843574692578,267,1,26.078932467383694,0,0.767465647527801,0
1141.4213179377898,17,0.1012690299165672,370,3,35.790262021805646,0,0.6946161134450995,0
1032.2622239280608,8,0.0987277014079711,458,2,0.1722244552996396,0,0.8097977340169733,0
1003.7664069771708,20,0.2244330697689605,405,1,0.3975713831930111,0,0.9547273680148416,0
1169.6068502736962,12,0.1379035807494281,838,2,43.36212486995458,0,0.7433170829899217,0
274.6209257584113,13,0.094615794174331,35,4,14.242675128842194,0,0.8616441099826181,0
532.1845684434658,13,0.2422451353219262,371,2,15.829028818587382,0,0.9148719464529236,0
669.2261933869413,10,0.4285659913661443,836,1,10.671914335460556,0,0.8802292209814954,0
598.7659522947587,9,0.2498931059764868,53,5,9.146595165112624,0,0.8875476542640302,0
102.55907280448798,4,0.5722317220889982,49,6,47.20153320578277,1,0.2379621972740365,1
541.9425958032325,16,0.1428233950960651,260,3,43.35130172113075,0,0.7866147499415487,0
336.06199782041125,11,0.1034931813625723,937,4,7.979758568747429,0,0.812350990427949,0
258.57432311367205,17,0.1847430130967519,665,4,8.432436742347196,0,0.9604210174473276,0
562.8931915563006,8,0.2651723653614609,109,0,11.265829049160072,0,0.6159054980601504,0
742.5034948028627,9,0.1485039386310486,706,2,31.426821254527,0,0.963844445050479,0
575.6698118819319,22,0.4185818872245926,118,3,6.604111012902656,0,0.6902038038685934,0
756.0485583084635,14,0.1420097853021134,968,2,1.5429018203804306,0,0.6696299423507661,0
690.8464301947845,17,0.134470269252577,128,2,3.1024796800680763,0,0.8160133518017738,0
1089.7048198108212,15,0.2123619732049245,822,0,43.396379410051615,0,0.7749707773509835,0
1515.2638006920854,7,0.222848566960558,560,1,12.34911263259899,0,0.9448281950659514,0
642.2214677848775,16,0.0497493969555138,314,6,12.658855158777282,0,0.7177627711565714,0
458.85649342825707,10,0.0817269215601378,807,2,42.98917561051412,0,0.8598347762105077,0
599.072952646589,17,0.221896482320676,824,3,3.751884295879848,0,0.8793533818219978,0
706.0677266485565,22,0.2200865877453802,735,2,30.25866375049543,0,0.8240105928307567,0
1011.6199377770948,20,0.1997502226539643,755,2,47.360112490696416,0,0.8904547576491725,0
562.9197050128653,7,0.3027001023823664,858,0,7.336227748033577,0,0.4793440858585024,0
1495.664012673953,14,0.3726638397616033,571,4,10.019671812640848,0,0.8614292089314952,0
368.6154933663548,14,0.1373741695329231,994,3,7.258335864950105,1,0.939208653896423,0
785.3534157577305,16,0.1995306047897517,149,5,0.3452739112520077,0,0.8686333723451795,0
607.3703541427362,8,0.3828541008267837,963,1,25.42856063569412,0,0.6396474506852364,0
1392.598913082881,14,0.2151772125711084,777,3,28.08479060383947,0,0.9461698702639724,0
308.91053649298124,18,0.1222099527504292,598,3,7.932659203250608,0,0.7973608745208502,0
405.72616726841386,7,0.0671300782705343,268,4,13.07561783306783,0,0.7962583780880012,0
562.1036518651832,7,0.3745620638340746,383,1,2.237737751653417,0,0.8862151305206629,0
445.75382731561206,9,0.1094178380814721,706,1,32.51015466546447,0,0.8931265434741393,0
1267.6477061361195,8,0.1903630415293055,302,0,4.945320880685211,0,0.8439997901756502,0
459.03085408155454,9,0.2209971268793551,253,3,17.18549222988222,0,0.9771623542370322,0
502.7941237587506,20,0.2176537069131482,339,1,1.5970707812552265,0,0.7482987112330456,0
596.6195457485226,8,0.0703716897827405,737,2,7.395492768038238,0,0.5240099039515349,0
401.8156456197333,0,0.2877934395345177,90,4,8.63755017107088,1,0.2481088858618105,1
695.6059217961939,9,0.0560102539836662,714,1,30.805389056424907,0,0.759713008128408,0
927.5077980508136,22,0.2004027150689964,473,1,14.52361982622384,0,0.9688267465126216,0
886.2435915145126,7,0.2508907618102654,654,2,16.114942517164206,0,0.804736695129073,0
1486.0835430845095,9,0.0512118301076852,34,0,9.47689993264181,0,0.869697712512915,0
730.8116781146977,19,0.4643745684828191,206,1,24.201633607562087,0,0.6404143932642546,0
325.9591332941591,9,0.1753272208044798,405,2,3.837974124175822,0,0.7082099893431507,0
424.97910235241307,7,0.1763241655970476,961,4,20.61847701248862,0,0.8055627132856282,0
662.0268863949264,18,0.1822437502232577,333,4,9.710316536956546,0,0.6607723798003248,0
597.7350212987693,14,0.1051622315719353,42,1,21.911912418803713,0,0.6420269303278116,0
306.57058220238343,18,0.3219447555087885,252,2,0.590664726718567,0,0.8972048913977196,0
311.08981296178854,21,0.1633591736504573,761,3,16.993638437708945,0,0.822951847772169,0
53.49438626824287,4,0.8172032222138068,9,9,146.71792831195503,0,0.2947838177701284,1
868.1894630626848,15,0.2865042208961767,42,1,2.292539912610936,0,0.785322975249674,0
804.7248764529861,18,0.2937632456858551,223,1,7.077610691099832,0,0.6090885421772972,0
677.3476822531076,16,0.0674037954052955,61,2,9.120970380139784,1,0.8447229585879523,0
612.7111515707595,7,0.0971095993360133,978,2,18.675675813538778,0,0.6218930043545018,0
828.4419922414756,15,0.1313853612903053,454,1,9.931916486631843,0,0.8743196868222229,0
622.2724865579987,20,0.3153304520075415,543,2,0.1913312338292332,0,0.6633127554061888,0
1339.9865880253387,18,0.5229548967555714,272,1,7.324113067358761,0,0.6081609396242937,0
383.1636044839595,11,0.1093327551879798,989,1,1.4258022917294857,0,0.9232607215053732,0
870.9476742838979,15,0.0824234979608334,214,2,35.91146909742838,0,0.9458004241269126,0
1023.070578693302,14,0.4440360207282234,474,1,98.17441590130016,0,0.6830402668050483,0
380.76544377974966,13,0.0853479361277408,287,2,28.86235539010805,0,0.9477105026463464,0
171.60974320048558,3,0.6258082518369606,57,12,111.48455919623652,0,0.334128189894375,1
569.6549675123413,9,0.0441202785907446,883,1,14.206157815963266,0,0.4838539245094705,0
580.6120894261268,15,0.0821083358281098,731,3,3.0094012304045794,0,0.5541709218178784,0
877.5587678593521,21,0.1021477996464502,317,3,51.995345839280304,0,0.8297906234122263,0
1118.485580564807,21,0.1989891035381531,598,2,4.021636055957449,0,0.7956824488435281,0
304.2261619238106,22,0.2149452622502482,166,3,16.97067128674683,0,0.9345717001601168,0
418.03280154823466,7,0.3213927215861491,693,2,2.8619385294808137,0,0.801763299385164,0
811.2548130452903,12,0.1245524264115337,478,0,6.282002814267629,0,0.6724830064649998,0
461.7771768918312,9,0.1479390055907889,135,1,12.970888899903189,0,0.931611273311118,0
1279.2745142544788,18,0.1128102765906214,96,0,3.978617568259862,0,0.9028634469134292,0
920.2337787816562,12,0.284795034874018,205,1,48.594676585372255,0,0.8207862221105283,0
680.5912111042823,17,0.2134390971608893,441,3,11.754609581896428,0,0.792653556937902,0
558.5065949598735,18,0.0672851171156478,595,2,11.584719751425013,0,0.6320713684033471,0
422.2552018796338,21,0.0519048723757966,182,3,7.665773494786911,0,0.8276997843287334,0
660.4140715435864,8,0.3123265680690452,350,2,6.328591880345417,0,0.8961583142145136,0
312.5852617646879,12,0.0973104400337611,959,1,0.3162052678955174,1,0.8693880949845479,0
71.67300326341443,0,0.6132554440186172,129,1,188.6426543270232,1,0.2880879424338358,1
761.9143893402266,8,0.2096963851721341,94,0,8.538673967220795,0,0.935746042055988,0
1169.062042990901,13,0.2972325031236602,777,3,4.329973836083304,0,0.9172673755929386,0
1145.5266579282104,14,0.41219586963687,702,0,26.7977369295422,0,0.945675260242523,0
589.9213952395996,17,0.147794221763302,223,2,39.87741912599241,0,0.6980467031177978,0
472.2677459083141,10,0.5370298255018597,134,2,29.34818857605851,0,0.9715647526791396,0
383.54016968625183,13,0.5106644719740097,271,3,25.907357351387947,0,0.870527580762975,0
765.9100176761192,22,0.0553057241494239,276,2,24.721938206854514,0,0.5726598722321151,0
512.76646839524,21,0.1260195100506415,825,1,12.979277092615428,0,0.6356472178044584,0
723.7234569146023,7,0.1125058142598922,62,2,4.134812098432431,0,0.7553146338765893,0
281.4961842228038,5,0.3569204960196971,171,9,74.8329670782204,0,0.0576823227222954,1
580.3033851294681,17,0.335965951528944,867,1,5.533238355739803,0,0.9647551120684732,0
461.4951649567656,9,0.0444045301400412,740,0,0.9883941057204376,0,0.8691389051980836,0
728.0941944613842,10,0.1699714238859212,946,1,25.468965170278064,0,0.9640254483029028,0
552.9028822770638,13,0.2862618469496512,760,2,20.816769100706775,0,0.7712239553465531,0
885.0092716091712,12,0.160693919439708,196,2,1.3249377357768837,0,0.9322854570440816,0
927.869422748853,21,0.0798131898741723,610,1,3.545505778883909,0,0.7407622209396868,0
781.0646254103615,17,0.3236103225847568,527,3,10.790435289897555,0,0.9951808145456784,0
762.3045438913638,13,0.0954144658577872,203,2,26.123760129000765,1,0.7909540767202026,0
737.8102723072559,22,0.2359047640985417,952,2,16.19606358037841,0,0.8418884895674648,0
403.797476317484,8,0.3242955913241081,853,0,0.6647639784345348,0,0.9070556480966694,0
744.0135166590073,10,0.0489640750692491,335,3,23.00181337827547,0,0.8505685994893876,0
305.51616845473495,22,0.3296805319756578,172,4,43.95530051633061,0,0.8034645435253743,0
535.3829934984765,14,0.2472831229290496,323,1,3.438399862956468,0,0.6783972858656311,0
936.5899849698218,9,0.3192145688780703,245,2,71.61737456257927,0,0.8842926874106595,0
884.4800033022361,22,0.6322756079336844,438,4,176.16949355330104,0,0.6181298435506468,0
906.4734798944306,8,0.1301204961632294,431,0,34.65556984463965,0,0.9315883501084616,0
655.5720635679248,16,0.6016963626875673,474,2,0.9226411439233776,0,0.8825558979288467,0
421.1218501652376,12,0.1640526154179046,841,3,74.33433594021633,0,0.791620420362664,0
709.5402744505791,14,0.074696677264006,339,5,50.02210774139624,0,0.6510773755876812,0
507.7958566825139,18,0.261326544161075,616,4,0.1416272313569629,0,0.7703626537230621,0
1069.6064421391156,8,0.2362781801039596,849,1,1.8142199416948932,0,0.8451836479468717,0
960.9926207781295,22,0.1048576073686202,373,2,5.890586238864857,0,0.7437602873388428,0
745.3300789529765,7,0.1050727493311917,325,1,5.6046739675112365,0,0.6761767399867195,0
912.3532127728778,9,0.0532938566391586,293,3,24.107098474525905,0,0.8901302363305247,0
632.1094535137273,19,0.1479162715262851,701,2,1.144264102071193,0,0.7710398169240974,0
356.2529567664714,1,0.8547979775984265,10,4,86.2164043234108,1,0.2855544095761799,1
1156.9144919197995,19,0.1711148743383422,451,2,29.211856323481324,0,0.781685227666366,0
317.1515975540628,19,0.0594077290972169,527,3,42.59291865176366,0,0.9372415230095008,0
604.7287598730114,16,0.3161634741227041,438,2,20.11172152272684,0,0.8742367001161311,0
376.7224107878101,22,0.2663501221776137,221,2,19.215927335579384,0,0.8727401603630806,0
431.0813556490366,22,0.164103446556524,627,2,30.880642417961734,0,0.7939435025083204,0
195.56679980667383,1,0.558635742128861,147,11,173.39812777897,0,0.286365519679246,1
602.0868833027566,12,0.2179114980426331,54,1,4.553868232063125,0,0.8708446099544327,0
455.35830629055783,11,0.2163759522763599,601,3,24.665534158023103,0,0.6768375235418306,0
1375.4721258936531,15,0.2062867053832954,901,2,1.1212677963816629,0,0.8444516538885708,0
1017.4183355065488,18,0.0725693340113378,357,3,14.324510083015324,0,0.8015153456197319,0
542.2194177748688,15,0.0795987318331378,733,1,7.148112925200387,0,0.8976768422570254,0
529.4697953838636,17,0.1551251302011276,494,2,46.8619353234553,1,0.97465316312542,0
59.68992058251649,1,0.7472241359602521,12,5,1.3365492609032172,1,0.2448961495540031,1
278.4536636863987,21,0.0458234630893344,992,1,10.815631479079563,0,0.7016389153998432,0
658.4999239651889,22,0.120641565175209,723,1,11.289267228414383,0,0.781034792462644,0
2029.4539619637708,16,0.1251230486212964,760,3,6.598998929142684,0,0.8336627890937174,0
363.6726173142539,10,0.0980026118317344,820,2,22.656188749948843,0,0.7296704657533096,0
456.6193054661464,10,0.0831917938830095,402,3,2.20101713779738,0,0.8794604480327242,0
559.2410339234884,14,0.2013842953862463,415,1,33.15221934358207,0,0.5950788830299704,0
662.1598709716219,16,0.2266473765310639,287,2,14.655456047486531,0,0.6424053751483221,0
372.4082094988851,19,0.1169829988152519,577,2,4.332736738514718,0,0.8288431762285248,0
561.0968053400796,14,0.2011442855791704,855,4,0.705007479700597,0,0.7690972441889519,0
643.7868445494274,16,0.1179071303998988,137,5,8.637779751294007,0,0.7354487928013093,0
986.4333975118104,16,0.6826956296086234,177,1,6.902923605952146,1,0.753961645594001,0
1193.4896777913548,13,0.0415409611502762,388,2,34.34140488029781,0,0.8627826650751492,0
604.783434024281,3,0.8237187962325545,27,10,120.26632443632214,0,0.3904068415577131,1
111.38102547554227,22,0.4167431637076348,128,12,38.76054125044494,0,0.3046914148549494,1
606.4125774369511,8,0.1112102208140195,703,1,2.410391986627661,0,0.8851813195910052,0
982.3928956111656,8,0.3995391402341489,562,4,11.61975594507842,0,0.8892851767297161,0
1490.2348453819277,12,0.0544805780924106,927,1,9.487886040187208,0,0.8031240600255025,0
595.6940100961513,12,0.2308767506401948,699,1,1.5394914335132828,0,0.8258798021531358,0
276.24943082096877,17,0.2515787327626975,607,4,12.4222196689009,0,0.7873965345190141,0
795.6958991557403,7,0.7630029032966168,679,4,18.81446304031488,0,0.9369992235419948,0
421.33223189305016,19,0.203287265631914,538,1,7.540018208376341,0,0.9189667090976412,0
508.05120932068814,19,0.1633198698132373,694,4,14.0804113432774,0,0.5514106563908956,0
1132.8645907371508,22,0.0962468227523215,940,3,13.135509374805409,0,0.7528447752064541,0
566.9565540101444,14,0.2067077314079802,800,3,17.79240243866014,0,0.754592242889204,0
1018.229748424608,21,0.1862376319107903,562,2,3.279868985044416,0,0.9690602874629488,0
860.3730105888858,10,0.2025763453394735,270,1,7.64099287185234,0,0.5701067724881342,0
1833.2613593961885,15,0.3750943002672808,881,4,37.93821493282729,0,0.8271184278950474,0
298.8542540813691,13,0.2951522893038351,187,2,1.9444525808678792,1,0.9885695321698794,0
881.4401294447146,10,0.0675441730002783,537,3,8.063369864640645,0,0.897358484981837,0
677.9257680102046,10,0.2663661232672887,796,1,15.010260993473825,0,0.8958807106325026,0
619.2238319139365,7,0.2303269923359771,883,4,36.426818646214954,0,0.8275180554860398,0
672.3306767957919,17,0.1226966594328533,118,1,3.7310674665763863,0,0.8808012946191607,0
578.7693357165176,15,0.1166982867812088,265,1,18.577989778194105,0,0.8671907121101862,0
440.421345407888,19,0.2796911251095164,632,1,17.190869588592875,0,0.8317573792011237,0
273.228379728463,10,0.058702630271328,734,0,6.975386128012951,0,0.7479877337904131,0
1856.0038434426292,20,0.3505733082080897,991,5,25.792771705966494,0,0.7453292989210979,0
1105.883230638775,10,0.1328544103536626,890,2,15.991221779560885,0,0.934322392053598,0
631.3033221449361,21,0.092925124741593,639,3,6.714767454006453,0,0.7186724292046712,0
254.29328549294547,7,0.211980125349914,599,0,5.513827216775442,0,0.8604987849367361,0
497.64576858748865,15,0.1356573881769147,926,2,27.842108413634836,0,0.6513016251209848,0
1373.9307489946525,19,0.0976385764739214,767,2,12.405920569532372,0,0.853358231363102,0
19.671119366004913,3,0.3296245567796003,67,6,181.15574152118555,0,0.1287351609004125,1
580.4690027384252,7,0.405875853955754,833,4,1.5558647099204184,0,0.8884861494377577,0
235.12031743530835,12,0.2435955006513584,766,2,0.4757771129060097,0,0.7167376884159599,0
709.0585530537376,19,0.2147951475997285,645,2,19.91866679035792,0,0.8877292478682017,0
394.6566908446569,17,0.0195873859921558,610,3,14.813566650259483,0,0.6832023620366576,0
357.1077145178902,19,0.1720975520721046,954,2,13.491762145636452,0,0.7454044904741572,0
647.1437447445485,13,0.3413162873050108,148,1,9.334320563298402,0,0.9560847881574954,0
221.1922753049118,22,0.2162451647439705,314,3,30.095208787886584,0,0.817477102000793,0
840.0892820382898,22,0.1304183472595893,357,2,4.783812249539633,0,0.8211529622862072,0
749.268856041395,11,0.3769354435419377,33,2,2.424334123303461,0,0.7235792974004799,0
822.1643270765367,9,0.0909154032457606,922,1,2.1843499867707252,0,0.9433332231658956,0
476.4010678177969,9,0.3505229799864544,161,1,21.98469274807719,0,0.6482603800060109,0
928.5216044564336,19,0.4573000811607371,937,2,5.349756677268286,0,0.7801839457183342,0
423.03811547765633,18,0.5895176253088653,720,4,5.830282928499739,0,0.7460423974856252,0
394.6872137691402,10,0.0375982098297425,325,1,0.8290199827137653,0,0.5624717609893165,0
792.5812255479616,18,0.516116323996983,67,2,8.065081962672917,0,0.8923528937402126,0
410.2402420766331,22,0.0743703749292096,822,3,15.045804521632698,1,0.8026706571959417,0
326.2804547051742,22,0.2147443390650644,834,2,25.899250711954945,0,0.9721644233669804,0
1073.798548272335,11,0.0980398189703805,91,5,23.30120036344571,0,0.530928395024842,0
527.3537324409488,9,0.1620022748863329,345,1,2.252080096909628,0,0.856274919668497,0
494.0939121781946,16,0.2012491141297943,712,1,0.3744608148080387,0,0.7746884884036904,0
779.2342978549799,18,0.0247376253786925,826,1,18.4692093736186,0,0.9366319452136124,0
397.28502405917334,15,0.3441865750937479,597,0,3.75915533752626,0,0.7144590297379056,0
882.7873421418506,17,0.3380708414450302,730,3,4.5504247703414595,0,0.93417965279203,0
467.02784753721426,19,0.0587587040000805,379,3,6.432409326685352,0,0.7749808711132548,0
1913.2641008773571,20,0.1178712446998803,567,1,2.872995905718302,0,0.9828148567144036,0
352.4119282153021,11,0.4234871774845713,838,2,0.3487136901259511,0,0.9185074818257296,0
488.84937768551526,12,0.0736167859199926,514,1,2.169913931792556,0,0.6487042897475086,0
383.6196448942434,21,0.2511615345613632,203,2,2.1305392775136176,0,0.7733659056765845,0
1109.75196852805,8,0.2578646884569837,913,3,5.905101505988386,0,0.9505425628734514,0
567.2250611106082,10,0.151084304633756,437,2,39.97129745989709,0,0.942330852636428,0
180.7826061630775,3,0.5506625531126125,94,7,119.81991972884428,0,0.1228364978014746,1
897.869694526258,18,0.217937720631822,804,2,10.27643280984462,0,0.8356266863436722,0
440.5977713878634,16,0.2280019058197288,851,1,10.875400598918414,0,0.8293790097669338,0
1905.7402018634168,21,0.3589402235623408,262,2,48.45574160438809,0,0.8821918344271416,0
488.7684004896733,10,0.5023518467165845,994,1,11.759754976536804,0,0.8977303312128958,0
461.1971898353264,10,0.0648643725201575,847,3,1.7059843529961158,0,0.9182417771033308,0
248.51528140997576,22,0.7229568712482266,163,9,14.73617244014746,0,0.128572294135627,1
950.723154292612,8,0.0463596422109294,304,3,5.003372058813197,0,0.8494656324997051,0
1129.581489347176,20,0.2064629904410202,92,2,47.756508106731594,0,0.9012756435094036,0
504.88612504692645,8,0.3817279741069274,521,3,15.478325100952082,0,0.8336576011862098,0
674.6615249967097,22,0.0430251019252541,496,2,4.024256997139588,0,0.9452529449036416,0
1543.5694177510557,13,0.2065709515320366,454,0,9.831630838954997,0,0.8799148884268938,0
441.24794626451546,14,0.1207766299573218,408,2,10.237718459126562,0,0.8782059307426663,0
248.6897261702265,5,0.7140790389394897,111,4,138.87359577050086,1,0.3538335509392697,1
687.6361092674351,7,0.2190640598543806,232,1,1.9583951161783129,0,0.656572730143846,0
448.0494751599585,19,0.2226658970286387,406,1,22.494508497281753,0,0.7638178897946443,0
445.01539386177944,21,0.1351950079565511,332,5,0.8821189223064025,0,0.7778257748705668,0
351.0528519442154,11,0.3097622565659636,358,2,0.6846245677934846,0,0.7523145784252934,0
333.8112637608053,21,0.1151571564932773,808,2,16.81650743296516,0,0.5974531450312004,0
1244.0889439377054,22,0.3025898926037441,46,1,6.464793270016775,0,0.8592300088396747,0
719.4211391521861,12,0.2104192815134693,755,1,55.16291617946232,0,0.8522248315986881,0
310.38801232732374,21,0.252484691556831,770,2,5.242206205306025,0,0.6095283387369752,0
529.1395753617813,13,0.1387267656583817,565,3,5.320881658045808,0,0.6176116172954859,0
545.0880260361936,17,0.2106478737933305,142,0,89.49590271915305,0,0.8738894899320954,0
1249.2685123693452,7,0.0941554026343186,723,0,20.388544349652072,0,0.9130346147557789,0
745.6768122548131,16,0.1786172434245571,654,5,7.299729326433295,0,0.9440948912047742,0
748.0621124591097,16,0.1119781979092877,264,0,6.568018703623199,0,0.8863283288358805,0
321.42527784412465,9,0.2126929679086965,130,0,2.866523883821072,0,0.8395709983212887,0
659.9750354507303,18,0.2296161348600013,879,0,8.78827648573763,0,0.9451684347720566,0
569.8582391239527,7,0.4069133276138203,970,1,47.31546582983439,0,0.8389717268724627,0
483.9287036976594,10,0.0785715613184348,862,4,15.34062139499006,0,0.9727981290935406,0
680.7583594488199,20,0.2785287322607068,101,4,8.192911624130122,0,0.9002986922313418,0
1199.4098328084228,14,0.0745191584513989,630,3,8.089348646487117,0,0.9078993464453332,0
657.3721563972082,14,0.2784462856852354,271,1,2.4530401965115325,0,0.8962546253403597,0
960.7152250769336,13,0.0899490238890531,41,4,15.035182980361938,0,0.9497971256439558,0
1048.9334513487609,7,0.30183772294992,42,2,8.080769941728674,0,0.7887297850603562,0
946.5364324919412,11,0.2091204120555916,399,2,0.7387930445770858,0,0.8312074622243258,0
348.84329165229497,20,0.137212919480459,183,0,20.987644624248336,0,0.9013818001583996,0
985.7312489709904,11,0.0429733022971558,671,2,41.20859469628372,0,0.8380725558829635,0
972.4859210984235,14,0.5344259569137824,119,2,1.4306849247648996,0,0.8755451967291313,0
1277.937655962367,17,0.1270263832213905,246,1,28.85195182004287,0,0.9437445688832662,0
661.7226424304341,14,0.0463440869911782,118,1,14.096052577297485,0,0.8903352393728193,0
591.8223994935945,12,0.1181382026244673,452,0,0.1205299713475816,0,0.8117900004091106,0
1271.9153945910025,7,0.4022775301460247,453,3,1.6320166904000053,0,0.8755821162148792,0
230.69651085639276,12,0.188175478138898,926,1,10.14270317794451,0,0.7461451335441021,0
514.8592125103629,16,0.1853063046070902,681,2,7.984834083520613,0,0.5132979613787374,0
154.90888497098808,20,0.2986083587546814,773,2,11.794234302878197,0,0.7661240326596833,0
505.4057040850699,22,0.2715970760347851,504,3,1.2496542001457662,0,0.8356674715285547,0
616.5435772355908,21,0.4771424780440394,663,0,9.156315129162662,0,0.6926300949236963,0
741.4894736912547,13,0.3729750011329198,724,2,4.620795422631859,0,0.9064676638851036,0
330.27112834202893,12,0.4302096629621423,460,4,4.025411066312642,0,0.663855162206937,0
1275.4539146942518,19,0.3727419883740019,190,1,19.305452739461742,0,0.7505637801503743,0
618.1429293581969,11,0.1068388097775961,932,3,6.448298384789825,0,0.8004558960887576,0
1119.762903129406,21,0.220331555897009,138,2,12.186139848867851,0,0.8476257960522966,0
1177.9242689049645,21,0.0674467456668732,719,1,0.1210758347570463,0,0.8785582970573782,0
511.981256551064,12,0.160678993826542,393,1,19.932231423359266,0,0.7361243981116372,0
1587.7298570188473,13,0.166318088545954,256,4,5.582694447076817,0,0.8160595229671376,0
526.8853008859371,16,0.2400204476115327,252,1,11.048407392594855,0,0.8961040256151851,0
438.1018168994026,16,0.2519071835729733,832,2,16.554361158379116,0,0.6608049037494301,0
529.4535751887514,8,0.1293319875590987,439,3,9.446590296136764,0,0.8409984799700145,0
1080.890793504662,7,0.2934597066166731,584,0,3.7132061733731168,0,0.7579312455709087,0
448.7514028342419,15,0.2338266932801571,522,3,19.262902663675373,0,0.8757587395515765,0
790.5999566512513,17,0.1161995254335783,255,2,0.8818429265688257,0,0.4876709059873693,0
487.9488009970736,21,0.3356362954657276,554,5,23.04984473394687,0,0.8627435500976639,0
679.6414361335411,20,0.1562268318532168,243,0,2.2344939078343957,0,0.8727817220673856,0
842.8590858041998,10,0.2249738922235052,712,1,1.5694474680974606,0,0.8426025105496762,0
1540.532955893684,9,0.1222947816871262,886,0,20.20962573569117,0,0.8727399435470402,0
279.870553447855,13,0.2130018597337105,602,0,7.789298642020391,0,0.9208851057721684,0
482.7502547539259,12,0.3758059692099455,174,0,29.671652095006397,0,0.919913812079336,0
2743.7905267072397,8,0.1562029354987178,515,0,1.3448392130295987,0,0.4979227427367411,0
538.4891417739249,15,0.4668219386173671,797,1,24.231842358969004,0,0.8636594069745426,0
457.1522978964933,9,0.1503115645888298,128,0,12.156811820267542,0,0.9274028258792772,0
590.4393162987125,18,0.4883686640602809,43,3,36.28612774403067,1,0.9180750037635704,0
963.1408595678616,13,0.022464741132991,416,4,2.0153351841477805,0,0.522177297519641,0
1189.7915797569449,7,0.1101745422805754,908,2,51.35185961570694,0,0.9010319664250994,0
512.8660990481093,13,0.2528360318303604,820,3,8.03181246583314,0,0.7494360246819026,0
437.76529614062787,22,0.1377177623883037,40,1,7.051526284667665,0,0.699801660625043,0
183.4042714070636,0,0.8109728793244547,22,9,32.02317703585162,1,0.4354049011385295,1
573.7565234853504,20,0.2895541997758341,518,2,4.924982335788575,0,0.9063303412397888,0
322.04523726143145,11,0.4558123944819728,61,4,35.63814339276225,0,0.6500668240474695,0
1315.2156741242866,15,0.1171866412301266,75,5,30.87230307537877,0,0.8731967978542319,0
624.2706332519053,21,0.2970157411150606,752,6,15.91690749090552,0,0.9140770369992348,0
1071.874711229716,11,0.1650783939406326,226,0,4.191602024543749,0,0.9031168136132058,0
1334.1760646631435,13,0.2540166994764735,401,1,4.0611975169091865,0,0.7714462417594817,0
574.4124058835087,20,0.2420945211724995,745,4,2.566983516405561,0,0.7225555951290356,0
1211.183142443063,12,0.1093627905489238,325,2,37.4887265838566,0,0.903987207409684,0
905.8624981599852,13,0.0832714673818102,487,1,23.374560689972643,0,0.654488557362949,0
737.1103855822917,14,0.194070062370804,218,2,2.938911123047002,0,0.9826668523189032,0
439.55787400848686,20,0.5083059284081352,995,3,27.125837725841425,0,0.909925019181568,0
1134.705843911498,7,0.1194976044449218,860,3,8.559376649040699,0,0.6367621197474226,0
534.6995200244113,19,0.3577108286363692,695,0,9.323255908993511,0,0.8588917708536302,0
871.8761803375462,22,0.289619383110776,252,1,18.010447398630923,0,0.6871382415286817,0
210.482370044983,20,0.2940608877620439,906,2,33.03426543113699,0,0.6912116297740083,0
324.9683651618758,16,0.1079149524067852,501,4,7.179700790081133,0,0.5059652024375851,0
222.79051466569567,14,0.328653648052468,782,0,0.3609426022766339,0,0.9579150017387684,0
310.4145627548693,13,0.1015529920896516,942,1,6.859661652917194,0,0.9770635474286572,0
390.56605405174736,9,0.3770517270310928,226,1,18.39894952337212,0,0.9012792792984218,0
773.0424586171176,19,0.1269886964958111,675,2,6.079884144722321,0,0.7562335353763424,0
407.51840820073846,16,0.2018690616534113,91,1,7.60868642989211,0,0.9233514769031084,0
453.64923438379213,18,0.0464916953935421,358,2,1.5526134982594606,0,0.9541135731787076,0
519.6195847528763,20,0.3168060162854713,571,1,34.19761309658844,0,0.7534118400662709,0
899.2660443325827,7,0.1336567021389005,822,1,24.366595403580305,0,0.9422290014826492,0
341.8003192846947,8,0.0820805431436088,197,4,14.484593825882031,0,0.8851980490222415,0
609.4847657690311,8,0.1166027189473668,268,2,6.462377562573163,0,0.4968814371846179,0
797.2993084383824,18,0.195642747179222,691,3,21.83801297099393,0,0.6685892742357442,0
544.6069357711168,10,0.1356343930392094,210,2,39.7166621225371,0,0.8765106025334499,0
115.23723323300256,18,0.1984073063228532,940,5,3.4227843270660285,0,0.7457184719797209,0
980.5958140411124,13,0.151128068577924,475,0,3.941505242701119,0,0.7438724584842302,0
353.4981420311422,9,0.176466763920245,229,2,5.17230546431819,0,0.8872016144930099,0
587.0689472626398,7,0.1779928214486885,151,2,16.759795477261747,0,0.7990925548677119,0
921.3864311421588,9,0.1476119678907896,691,3,21.350272613635347,1,0.4532255087965785,0
1118.5238045607136,16,0.1298452153385858,958,1,3.673900607046896,0,0.8045335864876775,0
552.8817238585198,19,0.1145897300690426,191,2,3.807066460782432,0,0.5891706665301638,0
1109.93498007039,7,0.125202864241405,746,2,40.88886396459522,0,0.6136717961478861,0
439.7147077961978,8,0.0721899798402556,401,1,16.83466799578616,0,0.5739132084239614,0
308.7280563864847,19,0.1149888764925548,398,1,6.83405275495025,0,0.911101321459412,0
1088.5404978930717,13,0.058388198139318,281,1,12.536612387932577,0,0.8601130036968263,0
1128.2338772382393,11,0.2935283205130872,78,1,10.747074255761984,0,0.7117067620321633,0
355.1831696084639,9,0.1683979027647432,352,2,11.718484441181808,0,0.6851397477932818,0
244.6048204172052,7,0.4788524575872211,535,2,6.628044209772476,0,0.8974665301944851,0
782.0116221407185,9,0.2424331218470802,849,2,84.49846397141191,0,0.7095326920067629,0
761.7648597957667,18,0.0826819973840646,863,4,1.8429457515083312,0,0.9767134050402636,0
1642.0496040225587,14,0.3419554724751549,980,1,22.83895484032861,0,0.9176149939372666,0
573.4761342468865,16,0.184344841378205,135,3,42.61881684379144,0,0.8959305977494998,0
1472.9351817496054,22,0.2222140679817274,344,1,11.803491926235091,0,0.6611643797450937,0
385.1675029198774,22,0.0634021687030583,715,2,7.422509148401308,0,0.8856163112430221,0
664.8693395095323,18,0.1792223437442843,913,1,5.477794015597994,0,0.8278799595874372,0
436.9280791739265,8,0.089866801135731,155,1,3.854888692324858,0,0.8421988480238654,0
680.5879195278218,14,0.3106470014230783,237,4,31.89469052422334,0,0.8435529998094029,0
915.9486622633258,18,0.1089392337784513,289,2,25.883304382589532,0,0.8929565551935646,0
984.554552334084,14,0.0481038042236566,490,3,25.314459195310594,0,0.9444020361908492,0
721.1003490532121,18,0.095143480983164,248,0,8.754914059148566,0,0.7269334288677284,0
1269.9647281951452,19,0.1077059765677997,864,1,4.50818717808876,0,0.5608783983347241,0
981.0130824119416,8,0.1140949383143689,55,1,0.2718239021485731,0,0.885516296061903,0
1272.2730005631777,10,0.2692897036343992,925,0,7.20792826797873,0,0.7498252390061649,0
563.4228058177256,16,0.0841042576786483,680,7,0.3196564993090824,0,0.9460214110553082,0
1174.89632321405,8,0.2789054907147856,630,1,41.05301024728061,0,0.8808400506741637,0
352.613921754861,18,0.1221032587179943,206,3,40.48216293004954,0,0.8800627519280644,0
985.6399603166874,10,0.3329277763947764,272,2,41.10112521177616,0,0.5765285501631647,0
641.3640619935461,11,0.2245314974703796,620,2,5.091164338387671,0,0.9160795456148154,0
1339.6566303947634,10,0.2508286812681558,273,2,9.2113061684185,1,0.7697197489089592,0
759.070057946068,21,0.3743473969821863,306,3,5.525801780862763,0,0.9108742949137596,0
294.03141192104175,7,0.203920611782588,717,1,9.8715999719247,0,0.948345779063401,0
1068.0400604651668,13,0.0384359061060508,258,1,8.78387654453895,0,0.895975413862073,0
1150.7960163694731,9,0.357231339291513,851,2,18.094410360204954,0,0.6035917306389336,0
172.98369465964643,13,0.3006567331611446,270,3,24.163350270158187,0,0.5560081931817674,0
499.0150551103144,18,0.4577881593782733,805,2,34.77365727102573,0,0.9434376619704016,0
277.12813986404785,16,0.3506175844771902,800,4,2.4514641172556155,0,0.7911657491431998,0
1352.8243308265444,20,0.4141895105458344,712,3,13.537460987170643,0,0.8161529809181717,0
453.6005315175047,21,0.0186379921253411,100,4,1.050406917300736,0,0.8489816805005325,0
1237.3961016138246,10,0.2591300393644682,928,2,28.10715922979977,0,0.8399888195894535,0
602.7556571323075,10,0.354292217850704,912,1,4.297825182879078,0,0.7631759122051651,0
828.754208365003,20,0.2872668819334459,295,2,2.3840103510846515,0,0.9203592529856682,0
487.3197977879181,20,0.2905618955502058,270,3,4.363619976443366,0,0.7775129414368699,0
321.7750785014442,22,0.0995739124944912,897,2,29.00574807487696,0,0.762304779517345,0
690.7110984671333,17,0.1570151489682811,963,0,1.8716905633494931,0,0.9076423335835052,0
657.6571665689294,16,0.105844833297081,885,6,7.101289228585395,0,0.9171089220094908,0
356.1514965838841,20,0.0664021891149815,827,0,0.074365520012832,0,0.8403877014768699,0
837.7827450716082,7,0.3754299390160724,61,5,31.799995900777567,0,0.6441238710032459,0
809.2721805634342,10,0.046865534350324,412,4,49.75246516792966,0,0.6385971081150463,0
316.69700325161836,20,0.3390068382464823,809,0,9.960545403356711,0,0.6216279165360582,0
1206.1368228242611,17,0.226823817830013,433,1,28.899498043418575,0,0.7521862854588983,0
214.7071278136793,11,0.1812364574943712,153,4,4.954514729207739,0,0.912332074918491,0
435.7023569547104,14,0.151137643996689,777,2,0.5874652659556339,0,0.7829773685599987,0
672.1494523656102,14,0.2469886960660656,451,1,9.571453395725936,0,0.852105398886852,0
1014.1756095682038,8,0.0866811990514265,996,2,16.702202769908713,0,0.9187537524036722,0
429.1453794709086,13,0.0958168066399319,342,5,1.166603331833195,0,0.886676994869027,0
1984.8191184109864,13,0.2132202827045073,870,0,23.052044190861707,0,0.5887552313546877,0
298.95610171458657,16,0.1413370799052399,383,3,49.650897030662655,0,0.8057633429282511,0
751.0666631777684,16,0.0190390364497347,424,2,10.656543147601354,0,0.7967040064299299,0
317.4504213875775,19,0.3313680047679325,422,4,6.8117235568571015,0,0.9820917138179251,0
524.0983975251162,15,0.1105611029625097,944,2,93.6515729361826,0,0.822491719157682,0
842.3733486939527,13,0.3910439945419677,61,4,0.7663288479455735,0,0.8277710161113288,0
916.0669627388488,16,0.0794780811643822,427,2,0.1452685249118723,0,0.9189863447668544,0
1190.0479609089432,7,0.452322800793996,741,2,3.7127237104931408,0,0.7358049478537146,0
652.0745426242768,20,0.2745020203112181,713,0,0.5870195536716317,0,0.8906616087709042,0
821.5475558919331,15,0.2541469888629861,689,3,3.827632291578738,0,0.9300825028651788,0
536.9755628894083,11,0.1164393126204735,738,1,6.278554562214978,0,0.9450296384221016,0
622.7331596489154,19,0.0853164063614174,619,5,1.0108403452636396,0,0.8887682250263262,0
1768.390497640775,11,0.0951198711579792,115,4,35.972117676269754,1,0.6783463164131904,0
800.1643950965641,9,0.2307059798216098,761,2,8.1411462185041,0,0.9463898997480812,0
557.8569805650419,10,0.1695727988584114,111,1,22.935421872723527,0,0.964960885707374,0
684.1180817494123,17,0.3156518177853487,924,3,6.445423764322623,0,0.6945390146267404,0
671.3390365083497,14,0.3953403169515849,622,5,9.868011039264,0,0.7127998384331266,0
407.9787277796046,11,0.4149641465848454,483,1,5.959006544882137,0,0.9223681046883744,0
383.60407517890496,7,0.1513152962643036,947,3,2.256392521318359,0,0.719531228150846,0
538.9022131641406,20,0.5184233037012069,834,2,4.00822795684646,0,0.8389046837899656,0
910.4804828739012,15,0.369762954174378,570,0,15.406218275312936,0,0.7525805477855598,0
882.6549406583463,7,0.2411699163012506,307,0,15.406594897028716,0,0.7754283780180365,0
518.583570599503,17,0.2726527871757589,150,0,18.460745266827857,0,0.5556807780908194,0
988.607518043588,11,0.1473669884694013,837,2,1.1980521031265652,0,0.7160955021381941,0
364.1572302102635,9,0.1340462943960346,814,2,12.975956279628734,0,0.816239803253518,0
714.8898994334174,12,0.1689809579508495,80,3,16.96842763626461,0,0.7232793934956138,0
1353.8231361682267,17,0.0448172991713267,454,3,58.93594089047363,0,0.8281781210628414,0
591.9802144643922,8,0.0505598303847728,216,4,15.805130051975468,0,0.7078600848346415,0
1028.6213286709994,14,0.0394787758697418,520,2,16.619662513144856,0,0.8651290954084989,0
919.7840413199702,17,0.0540821008259407,739,3,1.344289606659737,0,0.948074450572512,0
764.9206017189457,10,0.2065129941514412,525,3,2.107512291527772,0,0.5842677290574994,0
431.6989435168176,21,0.248272637352354,735,3,1.3889782170380136,0,0.649151243344697,0
775.7310828425585,19,0.0602545483124246,234,3,2.7109587869053007,0,0.9820150844573956,0
409.9589358674318,17,0.27799941190096,713,5,2.2233393136550825,0,0.8106974162827036,0
859.1261858849656,13,0.1047992501209695,474,0,4.270586622772984,0,0.7487399846384957,0
793.1526814967938,19,0.0325516116529451,754,4,4.234534494809368,0,0.8331245584793137,0
613.4861546526415,8,0.1569250439600773,113,2,44.50860536069992,0,0.7964027908835393,0
720.3480051323958,7,0.1601904910810918,652,4,18.161959254155356,0,0.8560177451730536,0
796.7255724510352,22,0.1738789573081426,450,1,41.65877989466848,0,0.9155960984287704,0
688.5026406294544,7,0.2467667254596781,839,3,0.8231771250481231,0,0.8392171820870384,0
728.8979749430343,8,0.1728920944992746,711,0,29.863845981246804,0,0.8106363881431763,0
621.4117226655909,13,0.3953805456512249,970,2,23.367862400607784,0,0.7583071342060148,0
568.8973078224831,20,0.1811818150598505,561,0,7.99822001799471,1,0.751891318178023,0
1150.7050432988628,16,0.2174232335596979,32,2,19.463853697751137,1,0.784562885140792,0
314.87540779624493,10,0.2426507945723813,783,3,1.6178864775911683,0,0.9173062905839128,0
931.5699794040042,8,0.1217843072534325,189,0,15.05823147697287,0,0.843018270598367,0
741.086695486675,12,0.0965632181406767,691,3,27.007143314448253,0,0.8928079912835843,0
1062.047985097042,10,0.2162486484178017,673,2,9.209001068941332,0,0.7216398702414448,0
321.6124034306745,8,0.1915875143128369,461,0,4.214660345303645,0,0.826559569091496,0
170.1325078771557,4,0.8045793715993501,9,14,8.90704065165572,1,0.1162372395341957,1
511.2855127847231,22,0.1258659987977528,867,2,63.94549286353522,0,0.805033509780953,0
1044.0657001146242,8,0.2819819497624439,962,1,3.4001679448905056,0,0.7408840510180563,0
729.7405126238201,17,0.1379264069780193,116,2,0.1492147122120433,0,0.8942188137769558,0
521.2239448194999,20,0.1162744462900227,321,1,16.445374549681596,0,0.7606215518319814,0
395.4423191614078,15,0.2308989234890257,494,4,48.5032422186892,0,0.7760308166901987,0
935.3660076541936,17,0.1664616459859272,592,3,1.1974077976621909,0,0.9005899733172718,0
1355.4686947808077,16,0.1188589128922328,118,4,26.693547300682056,0,0.7866362876915959,0
380.8294413373529,15,0.1821002054977365,205,5,7.136591470683705,0,0.5645415204002915,0
747.0907216027719,13,0.1187385728931435,596,1,10.240553283164704,0,0.8209335681224177,0
762.7038758564618,17,0.1404475446091121,650,1,61.36518960490907,0,0.9012281836221612,0
364.7156532811436,7,0.1588269698956436,617,2,1.6280244867937643,0,0.796408253494897,0
427.82925132641,18,0.172453799035492,334,3,3.1124592716657817,0,0.91195137724759,0
1114.9763536057235,17,0.0152848140219762,104,6,17.89393394543827,0,0.9252944732703284,0
369.90039931272537,20,0.2977152624115862,863,5,39.021127537408645,0,0.8202791796250238,0
1000.10474879382,14,0.1103018177806448,552,1,7.989799627076704,0,0.9166763215495,0
631.4819113064416,11,0.0838677856512663,214,1,11.986897778331151,1,0.6637465373291769,0
300.36222359371834,3,0.859260983045497,198,4,26.460402814918027,0,0.2601961492600321,1
1014.487279365924,7,0.056983776058207,755,0,28.118416110045295,1,0.809972178721139,0
241.25750937127165,15,0.1039740662066643,916,0,60.831546603469015,0,0.857289904249072,0
784.5045210697876,8,0.1167969587420052,348,4,10.493120437180846,0,0.8120382191361221,0
315.1947425828021,21,0.0349090522389011,168,2,20.336510412923204,0,0.8919688018967373,0
528.4214379648437,17,0.1355483344296883,459,1,13.433321848556613,0,0.81750296227447,0
518.5798520487693,11,0.1075696702797944,897,2,10.575486882947049,0,0.7556652082359119,0
1367.6229226872774,21,0.1202440784484153,81,2,26.685570184875985,0,0.8433352853296444,0
451.37060567629334,13,0.1849589246341556,755,4,18.45351196470257,0,0.7675883100547576,0
193.8113734610773,10,0.2469002873605264,937,1,3.691111449575045,1,0.833665638809025,0
344.93061514589164,18,0.148758041516283,848,4,17.772066171183443,0,0.7963757637095716,0
194.72891187006087,4,0.873477207235402,165,10,159.03335640702505,0,0.6300076309999896,1
565.8913151759189,18,0.1963443452829025,474,1,25.1992378457734,0,0.6462171286368794,0
341.17850424800463,16,0.2328543088775872,291,3,89.5765753323143,0,0.8417273462213741,0
373.7095954270838,15,0.1748047920621558,835,3,10.165780403400154,0,0.954172450333194,0
548.0605627547318,15,0.1748500086308867,834,1,17.85713503092224,0,0.6139966436029598,0
666.4273575115539,15,0.2449282099325546,227,1,6.617545347496377,0,0.711142937002118,0
1113.5117166515265,16,0.2584225605687648,189,0,14.9679338527923,0,0.5754136098287992,0
602.6838305699599,19,0.3354251267123651,32,0,0.0385801303128556,0,0.7219413172994202,0
542.9489060496091,8,0.1088138135987495,885,1,23.111432416745153,0,0.6594311553555977,0
259.76160981396686,13,0.1230529576355662,941,1,6.286424351539514,0,0.8765310270375506,0
232.25000364099267,1,0.6242291280278339,28,8,102.85193461215069,0,0.2159713256740897,1
734.1117756701324,19,0.0536109822673992,998,2,7.246898181142443,0,0.8016615240610729,0
462.0405663955447,18,0.1280683692982892,108,2,4.277279850007985,0,0.8568956193713584,0
1326.5428832629716,19,0.2290947907551334,596,2,4.231664365436649,0,0.926856664124768,0
505.9561043270275,21,0.072422374035833,733,1,13.91258221710442,0,0.6387778826730487,0
302.46614338969505,9,0.2058468741685709,519,1,7.474381810245049,0,0.7787441005885212,0
1101.6330328825202,18,0.0768051102672603,215,3,3.32382635643432,0,0.6447469565892449,0
426.8840414326255,13,0.1035105631789935,123,1,4.08398595893219,0,0.7938402778660555,0
194.7523273100011,17,0.2886003306783302,786,4,13.290354870148166,0,0.8495623577291955,0
395.83518446956185,20,0.34959999339076,157,1,1.0750827213164995,0,0.8323207717517241,0
1721.3213913255186,16,0.5984512885059118,268,1,3.6765016797654018,0,0.9075943715564004,0
462.74899929012435,9,0.2117047392166526,728,2,2.175604675975892,0,0.8412883046414417,0
756.990883254049,22,0.2945616618230465,191,2,20.264906839497883,0,0.8484573125083134,0
457.2473563813911,18,0.0893735350138262,638,3,2.5397984283859096,0,0.783921223686038,0
617.9573625161428,22,0.1015080932716096,969,2,43.13843778922124,0,0.929590929329008,0
720.5946791200804,13,0.4205296108059316,977,4,0.6325562568148685,0,0.9144409510836344,0
348.8110902100644,10,0.1290901927076712,594,0,33.361334484021896,1,0.6857914673402918,0
1214.571169100951,20,0.0381312650781612,374,1,18.235085551333725,0,0.8219742506643563,0
664.2568088524222,19,0.2881916955753097,530,1,4.442506944752424,0,0.8303643116998405,0
1034.6473055641432,20,0.2869002282133305,328,1,2.3021925311653657,0,0.7638761562704278,0
3031.801411228842,21,0.1371688050333902,342,1,8.096681805160303,0,0.6931888193438119,0
1696.0766202337131,10,0.0414298180055478,697,4,0.2460483868250879,0,0.818289172327058,0
955.3674359803184,18,0.1044784614600049,637,1,21.813028980792023,0,0.8003294457052752,0
409.4003533890354,21,0.1497102818298925,222,3,3.5038379849455117,0,0.53956642768012,0
733.6896307300522,19,0.1894737010219808,319,1,22.94899550122084,1,0.9384538123602362,0
943.8144184066452,8,0.2628160161469806,77,2,7.969903036407508,0,0.8782080510138272,0
398.9909802931557,13,0.2024320279957338,145,2,26.05896945516648,0,0.6305132873640155,0
2323.8143581793424,13,0.0607698861754357,225,3,27.438181589819976,0,0.8226572033043134,0
740.8886124711833,9,0.4013877654057701,213,1,17.25125662934734,0,0.7743143588157815,0
1437.2411798575276,7,0.222059703330758,995,2,2.2753753266621297,0,0.8803624558047942,0
367.5465065752105,18,0.0227058419180323,541,2,14.966223165844038,0,0.9085690326575836,0
712.2074773444606,17,0.2145905696606598,486,3,13.186002894985572,0,0.907379630778584,0
852.8405825822324,17,0.2938791931445541,258,2,10.727300670813309,0,0.7959197021897737,0
662.0636971601989,22,0.1232776449535287,525,0,10.82774215602404,0,0.6915203518723633,0
561.8131320211447,7,0.1735728608064238,381,4,18.18768486372527,0,0.7991333524930754,0
1463.5351176029176,11,0.3232993287653895,280,2,4.879663370221473,0,0.7710455274987625,0
443.86560560404297,10,0.3546596082155606,463,2,10.05905072172252,1,0.941521125949423,0
511.1485580539969,21,0.2553013141386813,654,4,42.10814400342593,0,0.8307166780196992,0
347.76398858498163,10,0.1394649357452711,265,3,8.751762084927384,0,0.6355367292269805,0
1317.2228934706416,15,0.1126747568280024,923,3,17.083201617090047,0,0.7981193032168494,0
1193.5790599568688,19,0.2314321757742895,832,1,6.588945456926927,0,0.8680816950308556,0
727.1502115648412,20,0.1298319929844132,831,4,4.116315848255097,0,0.7316803958081914,0
557.2655711377928,11,0.1779737072180165,62,0,28.770960783145373,0,0.8384707060992139,0
784.1246713054329,21,0.0468692860114382,53,3,0.3662336479794671,0,0.9004622710309419,0
691.2062157795548,22,0.0801344191987799,928,3,25.447338066233577,0,0.7372101581378024,0
173.35967474896688,13,0.1930514402740656,860,1,57.09376290563336,0,0.7769102400518849,0
269.0429743993318,8,0.1614905499784718,928,4,11.919709340496563,0,0.8022221831680731,0
1056.5099428280366,10,0.2604400521053568,712,3,11.016682818370414,0,0.8058778618383597,0
467.8236977662043,20,0.4305244601244976,99,5,12.274998961047595,0,0.683376990516976,0
746.0664240051631,11,0.264291865814039,592,2,6.500533041091552,0,0.5437942548975538,0
1269.0866152128551,16,0.6921682194231035,556,2,30.467285744839444,0,0.742811637615004,0
792.300537259147,22,0.2442975712712065,270,0,18.658018335181225,0,0.7602896778072222,0
1812.7555238025832,21,0.4542106912667025,962,2,15.371240914332718,0,0.8977988890198333,0
1414.33521081743,19,0.1515858717861785,842,3,14.277944257779655,0,0.9431791732300954,0
1013.2330932671804,11,0.0313768725300213,858,3,12.15067904880728,0,0.8132170759755472,0
458.2223884525424,21,0.3353867752367254,851,1,1.1129213846141768,0,0.9214428371350448,0
601.7257101210361,19,0.075999997483642,548,2,1.6468215897615672,0,0.8890864458887046,0
827.3305223555318,16,0.4755511401384412,740,2,5.917802613319616,0,0.8072210722649881,0
297.06511338584824,7,0.0899072453064835,313,2,0.6605255727174351,0,0.8500897663043037,0
520.2894241178907,10,0.322526860721844,303,4,5.977048864364037,0,0.701759195505726,0
1000.2501043162014,19,0.0178083088605977,961,0,7.636910197370562,0,0.8761446629476596,0
830.3625313961078,19,0.1715060237691081,790,4,19.857017075883665,0,0.9358609664662306,0
476.25911513553666,14,0.1459603703309139,701,0,27.311615425801396,0,0.8533313189000868,0
980.9025286699408,19,0.2697484559294167,968,1,9.81108120124266,0,0.9775078864370744,0
1243.3716190576952,15,0.2031943783772418,202,1,34.966976636564006,0,0.8506003567331731,0
547.9156255210844,22,0.2179205490291946,685,1,0.7648036440787616,0,0.9001499755682195,0
796.6208751988487,22,0.169660704428264,264,2,5.214604403338262,0,0.9197893383227496,0
1016.11923983748,20,0.1752814823049061,45,1,21.604463400200824,0,0.7843292845492044,0
1175.2431194969702,19,0.0954036386488793,594,0,9.921677068460143,0,0.8174261082449703,0
667.5128371913125,13,0.0891601342471659,976,1,18.933292438251893,0,0.7260016189439329,0
819.9748562267995,11,0.0761557712307301,534,2,9.66201138661508,0,0.7178845652511379,0
681.922210650929,13,0.1745769881402118,330,2,22.86378442986739,0,0.8485140318787263,0
667.5619451700568,22,0.1046563538811617,811,2,3.61461060622033,0,0.8052121170511862,0
355.74888455115615,7,0.5684611937556158,118,0,3.8693611239560943,0,0.9686417080454868,0
337.6637139584307,20,0.2542571040126531,164,0,3.5638116122850065,0,0.903699577886335,0
1157.116416361749,20,0.066930389171271,680,5,16.334704142102773,0,0.8788316787630563,0
310.74483270539474,7,0.2213018725438957,757,1,16.159819788704024,1,0.6735042853287625,0
372.17415177503193,16,0.1094408751838285,332,2,8.592981484311771,0,0.8762661758608964,0
959.2420405071408,22,0.3444948696744275,480,2,37.78840638663536,0,0.8685688592003221,0
1052.9904492806245,8,0.1741361189338606,59,0,33.33749429335242,0,0.8796657956112641,0
674.5617054946268,16,0.321792423841948,771,1,3.7987650686578145,0,0.5910421511362566,0
711.4541454039394,19,0.1895484950279117,827,4,1.133224941108739,0,0.8053048726157652,0
344.75581795363416,17,0.21739979043983,558,0,38.4238428621842,0,0.8133312627795644,0
721.4580653784343,13,0.0876387783381509,54,1,2.825972632186673,0,0.9480159636520884,0
638.9776360333493,15,0.0604299290073114,375,1,10.96708771575678,0,0.5988611834203277,0
1069.983507519325,15,0.0463906351582742,803,1,1.3922477312092665,0,0.9438809619744516,0
569.2953838507299,18,0.1211624160138886,899,1,5.220450973645087,0,0.793813672640563,0
705.1973090968096,18,0.2073542182397239,134,2,7.076410351181459,0,0.6915598507645654,0
356.184992628614,12,0.1784081015013767,946,1,19.63978546207369,0,0.7275580415261215,0
911.0219648002604,22,0.4338726017193067,937,0,4.045512617345847,0,0.7831747708630771,0
344.353016013948,8,0.2597143604242836,299,4,15.83084436994647,0,0.8536146657942457,0
1824.4500649523256,9,0.3451079534248026,412,3,5.603665337213233,0,0.8154450070813664,0
1153.7285152261409,7,0.2247813559774627,350,3,7.994786524057503,0,0.6101992551290881,0
497.9206488008682,15,0.0150769007325671,182,1,8.302584231466362,0,0.7058239369595282,0
342.48778073610765,10,0.1903233028708886,743,2,1.5551921420808668,0,0.9683823513591228,0
661.0347200003338,20,0.2322820871503326,827,4,7.74385819038166,0,0.7540025969083463,0
768.7163595373048,11,0.2595324334038828,932,5,13.565005542236008,0,0.7830448820343505,0
1168.6408620714087,7,0.1234069034969292,250,1,44.07432909962271,0,0.8877572430293423,0
510.58543209172177,19,0.1250420358110091,564,0,3.6499765985224606,0,0.800443337414799,0
641.4625010167666,17,0.0449332303956074,949,1,5.297069631697154,0,0.8730612948172098,0
813.4518066883554,7,0.1049747026074165,374,6,23.306014201490065,0,0.6713885892972306,0
436.0096814112582,7,0.0516837442424719,734,3,43.129179058871074,0,0.7335292899891303,0
650.2820108396965,11,0.310415612196112,82,2,6.237164797350233,0,0.9285917183957656,0
460.9991550388202,19,0.1533012150355014,441,4,12.027021847030165,0,0.8989980505827154,0
967.815439833463,10,0.1932433558464006,218,3,2.8472777638498967,0,0.6612877564409112,0
1803.8561472178496,9,0.006328026962643,345,0,14.51558603710566,0,0.8223464880129432,0
946.3105229588224,22,0.229127899045114,167,0,24.111104660472662,0,0.5718046767296432,0
251.6020351663608,20,0.1776168394889226,777,1,4.104621924067751,0,0.7430925444129295,0
1729.0693995396227,16,0.1833497738221222,797,0,30.953373847796055,0,0.7843404354702456,0
453.21422420779953,18,0.0121417987460768,365,1,1.6566318555347697,0,0.9235860387210786,0
950.1916756552088,14,0.0595274658841754,825,2,27.254058235057272,0,0.3667516799302553,0
631.7898747517204,20,0.1671191819436617,414,2,40.90835388755395,0,0.9027867826367734,0
536.6598780697916,9,0.2732520779887213,399,1,13.099717820323129,0,0.9010526513852882,0
677.7790119146889,14,0.0189853240940698,337,1,2.070928874092132,0,0.7782152221044696,0
362.0456396034146,5,0.7280007231280773,26,8,202.57460597583685,1,0.218118994758058,1
1439.4055604594607,14,0.2882378231464502,636,2,3.824992919967782,0,0.5229636439541938,0
361.78476015282945,8,0.0791234264257561,685,2,23.26025133705346,0,0.9150764468882678,0
334.7943732219994,13,0.0573601641117509,634,2,28.913172024262053,0,0.8477539769864899,0
525.3382845480475,22,0.0559284088722913,420,1,38.54907668239107,0,0.8933404840920013,0
586.3254052931447,8,0.1329473831851922,820,4,12.164667010736869,0,0.7755658389126395,0
737.0988818509529,16,0.1544386230847856,895,2,2.6459588798478975,0,0.9167280980885616,0
416.4897862728035,14,0.3525757214605793,795,4,87.02261053527624,0,0.5756424342320245,0
1646.0192202882522,21,0.2289288132755657,410,2,22.36089779109929,0,0.9476727783401518,0
1266.2742524463615,22,0.1532594268067685,598,2,21.580928540166628,0,0.8568324457242132,0
458.3851748529786,15,0.4832467957216811,418,4,1.6343459041320074,0,0.821185812489001,0
383.92240751845327,17,0.5866320933952905,91,0,11.312951746135123,0,0.8169074668335847,0
539.8181656208603,14,0.0913659405531439,824,4,17.92306223147638,0,0.7687334454407663,0
653.2628877760145,17,0.09383188992008,141,5,5.458782653829878,0,0.667640349818457,0
457.7508147912625,9,0.3275162849064237,884,2,36.94801810310851,0,0.7975707784191032,0
402.0785290673187,12,0.0503810721350241,766,1,29.151104740654457,0,0.7608200906387145,0
531.7804508053456,20,0.0057250824139337,133,2,21.236052699255225,0,0.8959905913304692,0
1456.159354574617,11,0.3907705364617429,609,1,24.076888443463183,0,0.9250776070374064,0
1512.9904004402106,20,0.457673249481061,639,2,4.692260148790929,0,0.8365987212333533,0
1012.1503431693272,9,0.2989371937251555,156,3,0.918310894740759,0,0.5673091774413831,0
509.7285877722701,18,0.1658789371598527,714,1,0.2734006215466105,0,0.7600413916628588,0
558.0596982396675,21,0.2818874865458619,198,3,14.664920592186572,0,0.8394067242700168,0
793.7200449373388,9,0.4461262351478589,786,1,2.056624072202192,0,0.8855034678793804,0
633.1481010030941,10,0.0483788880929159,676,3,16.145592730000715,0,0.5142839589339743,0
455.5265291075361,10,0.1398082412361306,822,1,3.158261285829785,0,0.8514651003250293,0
2481.048810573568,7,0.0427135443043428,917,4,19.39169781430747,1,0.8578659333845643,0
991.611751210399,18,0.0773994600670595,892,4,3.7347496690100654,0,0.8445337957893184,0
770.8781236976978,10,0.148883888754889,153,2,10.024073871695208,0,0.7253812500980706,0
471.49687444814583,17,0.2777379587317162,984,0,121.72000900582142,0,0.5996724578266437,0
170.30714693011078,1,0.6155808354786034,43,11,98.22267687427264,0,0.4665453344565733,1
266.2632039042535,20,0.1717394012891223,812,0,71.71221285121516,0,0.8485603234676007,0
948.2788101181932,17,0.1692532185182229,834,2,8.67635386090753,0,0.893287343134834,0
439.162269335812,20,0.1308094317505173,793,1,20.605351764338916,0,0.694416531630439,0
1263.522417957893,17,0.2234685005929285,766,3,13.893858298733557,0,0.9226890168565388,0
615.952040662721,13,0.2567088421491997,368,2,11.91968763903955,1,0.6976416058188826,0
929.7848850515096,15,0.2149635612319567,821,0,1.1462127025927966,0,0.9351553033765874,0
1397.2951627239747,22,0.2685579775338292,129,1,0.4211627585870472,0,0.8881052044743969,0
406.2957346811694,11,0.4791029516289266,950,1,14.0845021355285,0,0.6378478580569711,0
813.8783912354995,21,0.0272127102740234,591,4,27.768905707887743,0,0.8993056895727529,0
627.4143457970159,13,0.1012227080374426,741,1,14.791230090010544,0,0.7795474864857704,0
497.11249423633194,17,0.1014143565905933,429,2,3.3702296268497367,0,0.7320701196225051,0
476.30626953599864,17,0.2455169245342363,434,3,3.2949088209377284,0,0.9116786622044866,0
854.7847960035718,16,0.1098486078660798,205,2,11.9378848632675,0,0.9542447449903844,0
448.8079079189092,17,0.1454206747637889,422,4,11.728396270661056,0,0.958890736212782,0
1195.4853061992292,11,0.0603318777462653,820,2,14.209404856280214,0,0.8921148865338834,0
549.1306760392205,8,0.3946833595696406,201,2,0.5555042453671997,0,0.6351478872696401,0
562.5476958844387,9,0.4376495988499145,815,3,33.46949929229449,0,0.8789874226518845,0
436.59379563778646,19,0.1468288224884223,583,1,3.121886002204694,0,0.9856964067682026,0
343.13152826841184,13,0.1571673683334061,911,2,0.9818652464930056,0,0.917866856934148,0
364.2812887349274,11,0.1096142379322979,724,4,1.1881974407129636,0,0.8779227933838958,0
528.6024486053836,10,0.2893270403298436,552,3,43.05180365427403,0,0.8817788264147949,0
805.8194048138181,12,0.2412834175095533,667,3,32.26398145075653,0,0.6631300371072737,0
463.8250473431496,7,0.4178233157249202,181,2,3.9703047478953697,1,0.8604339251259688,0
336.65341182528675,9,0.2787032781372822,136,4,18.24526618200503,0,0.9218909961904604,0
1394.8102861091184,18,0.0901035569632415,805,1,57.16464018756396,0,0.7607326658765712,0
1125.9349114238664,10,0.3519636600376427,616,1,1.785370976096802,0,0.6629933823212978,0
1168.8769614758894,21,0.1118707627926217,722,1,28.551317528194353,0,0.6369718024816066,0
416.0997644296155,11,0.0763779640149636,255,2,1.131349803926089,0,0.8557699643251401,0
909.501990179908,14,0.4189369071213897,461,4,4.721957099317994,0,0.9767595046888988,0
760.3490659367063,17,0.1524861080737106,789,1,25.869673823571457,0,0.6235692983919494,0
906.7743170882902,20,0.1610378537512769,275,2,22.60080551535955,1,0.8976111848538164,0
279.6865535631786,20,0.2054561897265922,998,2,11.218805031746555,0,0.8575155149008087,0
1089.3287552875297,18,0.1263698638168466,511,0,10.386522964047344,0,0.7912882049802585,0
568.7606277306448,14,0.0878906139005075,450,1,19.39082484095209,0,0.8270301204247378,0
1402.404620404214,15,0.0508341910442436,432,1,7.435667815699085,0,0.7908991429483361,0
299.68074432884816,19,0.082861665796908,323,4,27.30020556954192,0,0.696903541141193,0
196.1126608996043,17,0.2691720481707341,114,0,13.220050588915065,0,0.8577141959221608,0
390.08040459941503,17,0.0281436890712275,482,1,11.049541546476917,0,0.5661333892509421,0
1569.738123892378,10,0.185372662037988,383,2,7.053709131264705,0,0.7356924660981281,0
1520.308053180318,16,0.1174623636850937,979,3,14.135081243680132,0,0.9340071232628728,0
442.1686381751017,8,0.1236456029381548,674,1,19.06953453016772,0,0.6490867281757025,0
545.3147819856047,13,0.2559704728304484,118,3,23.39386279147736,0,0.820801160542059,0
1663.6674773528932,7,0.0510599560918954,533,4,2.8258979564344813,0,0.7110825287184076,0
1149.4651231804014,10,0.1474802403166192,991,0,11.7816622174757,0,0.9335261597188488,0
413.0846499972321,19,0.1066475560860108,390,3,9.79463871511337,0,0.7982508639309011,0
564.16493699032,12,0.255685543236906,812,2,6.246875563126635,0,0.7958275924206211,0
544.7562584862109,12,0.0864104752924221,719,2,21.75771712139459,0,0.6752501182808599,0
686.4122285607665,18,0.1805060551946296,387,1,25.430475796348876,0,0.8672405258614905,0
1303.487925790709,12,0.3748139034535843,553,1,5.597842046226699,0,0.7284234365183344,0
434.72653071114905,17,0.0183590983859355,663,1,18.326402433891385,0,0.7279940303794057,0
489.1320764900053,15,0.636179689843032,935,2,17.795512979040097,0,0.7208363636566916,0
767.7520439165938,12,0.1210883541188305,717,3,2.828723572230363,0,0.8278254365025158,0
632.1696359672544,9,0.3568051171659109,215,2,4.175458754801515,0,0.7868184461443252,0
197.58695848142216,7,0.0504744485162199,337,3,1.031088866256101,0,0.9760399971271428,0
2256.8757198148355,18,0.1921594641421059,569,1,88.75748198465568,0,0.8169823887658589,0
642.9447027954285,22,0.1072093298016141,765,2,4.023400154602688,0,0.8439561960924474,0
489.6160111946868,19,0.0642928753490383,119,4,3.924955064480581,0,0.7827969324191244,0
1048.8978287991392,16,0.1272761181221788,955,4,26.97597489966921,0,0.6031338181569377,0
912.4760707227424,22,0.1932418125930112,681,3,8.551349561170252,1,0.9777287115237816,0
662.0886599422502,8,0.2583151996915261,590,2,27.47957342044785,0,0.7440831995262492,0
1097.8435920946845,10,0.4146186772903135,212,4,1.1090887825914957,0,0.9032031369007272,0
430.99393692484995,11,0.2479002963903104,846,4,1.3644119667693246,0,0.5308953104593445,0
1305.679373151042,10,0.2214651583088044,235,1,12.72231706963488,0,0.8105463413456816,0
868.7070789666284,10,0.0498005697692035,428,1,4.619183730175426,0,0.8237481633756369,0
212.42014296734453,19,0.1617942824049502,770,1,14.907327304694478,0,0.9200490960817088,0
371.4393167888269,20,0.3605822073446247,918,1,6.5965264590866965,0,0.6328749107378195,0
755.3596989595142,17,0.1234629086668306,982,1,7.589300689202782,0,0.8545552717305909,0
571.8035750817343,15,0.1717452542564559,895,1,12.215044092468684,0,0.7179871677942349,0
685.8693293744802,11,0.2006253474573612,601,3,4.160041820530907,0,0.6387867230234646,0
1498.6121668740425,7,0.1938336189801309,186,2,19.036416349495298,0,0.8599353112528015,0
483.7509141322688,17,0.2242673795370678,816,1,10.994852982883446,0,0.9579745121039968,0
622.3004568927644,13,0.1861979661878562,635,2,7.234439059581696,0,0.9446299842192832,0
493.6602304760928,20,0.1138454528960771,709,1,6.822123176757954,0,0.8248041443731339,0
903.0452261605362,7,0.5365653102910845,108,0,9.14067666341299,0,0.878871106562586,0
591.2490391373419,19,0.1728940959731205,288,3,31.53451611804928,0,0.8005180732115961,0
192.68670746809536,15,0.0628720198313041,337,0,24.99570963775035,0,0.829464471798937,0
340.449274458497,17,0.234356990915629,540,3,7.195618073872739,0,0.7535105245786777,0
775.7555318134329,11,0.2078931107022798,102,3,8.44049688686548,0,0.7387372020016352,0
694.1818737018946,18,0.2439917007412012,784,2,15.33833655958905,0,0.7013689264078241,0
393.14720676959234,22,0.170554990266961,310,2,9.03581085653239,1,0.9565059859442944,0
251.90562811792665,1,0.5378342369290743,93,8,511.7796977005311,0,0.1718621266544931,1
879.7234670303634,13,0.6348566666027257,838,3,1.8371086301725157,0,0.651947632626631,0
512.3732274733359,12,0.5052913358422048,541,0,30.729928725291497,0,0.9051104732239924,0
1001.911802923636,18,0.1581722529174082,285,1,7.600056880038775,0,0.9496928680268912,0
1273.5715755684816,12,0.2289211083101891,142,3,14.299509770200604,0,0.8449312609475685,0
91.59401296278948,3,0.6805054085295673,59,12,256.0735069306959,1,0.1620073162491781,1
329.8184817568948,19,0.1601375449234723,207,1,11.814884147120006,0,0.9682852652072084,0
847.6836878586379,14,0.2260969204455141,155,2,12.240240295028032,0,0.6870519069221144,0
1483.4136026049107,9,0.1895977330220243,350,3,23.05583067589196,0,0.7379633481689609,0
532.5365080368036,13,0.3943464209062674,137,3,2.853411284466589,0,0.9138495806010518,0
640.4198548529159,22,0.1763151643595338,222,2,29.65150200540709,0,0.6472833882983203,0
1144.3117886875143,12,0.0474156480236606,185,1,9.84291191347678,0,0.8810374156990456,0
631.5492174557584,10,0.0914010991561589,281,4,48.07260214338022,0,0.8096422429018687,0
394.73078430555415,15,0.1855548256923041,281,5,10.488615452323147,0,0.7800315159032347,0
195.9318011299835,10,0.0368060542727813,663,3,81.59240669777707,0,0.4962240861477573,0
248.1704428748941,8,0.4216697841633088,86,3,28.396034903287415,0,0.8924852070159867,0
817.5697000008383,19,0.3120492111139831,900,1,3.469853219253057,0,0.778426056723415,0
772.2915995777264,12,0.1003841922369776,841,2,1.7739217247811143,0,0.8728473283050752,0
480.7972103862502,21,0.0332107426579312,996,2,0.2061518341897466,0,0.8757532616243003,0
584.4731124805409,8,0.3950055318719676,600,0,4.401878717660967,0,0.7257550269972032,0
280.5748522611019,15,0.2794812068561384,123,0,1.1796914066278297,0,0.7706174598452337,0
1271.2519700663652,20,0.0146608383841662,211,1,4.832480214323598,0,0.8663581584548975,0
490.8772032114984,16,0.2432432915652119,354,1,22.70124975476945,0,0.7195861809674095,0
171.1584116803197,9,0.0986920575740987,743,4,31.195585519479096,0,0.7987233344959016,0
620.3856644011695,12,0.4124907479471288,893,0,9.496573224138844,0,0.8820796140367091,0
525.2002203197505,19,0.1167077753754255,296,0,57.36621830773712,0,0.8195912434642814,0
1038.5527922690644,9,0.0458030300439448,432,3,6.44471806755375,0,0.9895314536958616,0
1070.8918079934317,8,0.0905202429939835,213,2,0.4063861783319296,0,0.4508123583538649,0
749.4336916401071,18,0.0757911746842909,947,2,8.949904220228088,0,0.8617114619041593,0
468.4904399630672,12,0.1614104931838409,83,2,48.00088689865369,0,0.5959553247996049,0
363.782124094497,17,0.0693971306113673,799,3,10.74676764405218,0,0.7120614794571408,0
454.3684064659539,13,0.2403067970112816,338,1,3.2919591189784536,0,0.8557658149755736,0
517.8275409041399,11,0.1124238116813249,729,2,38.45506335458238,0,0.8872303183480142,0
290.57112170701464,10,0.1021107975296737,749,0,1.993125645702398,1,0.6345139435770191,0
896.1014812272009,19,0.1916075200759566,606,4,1.113090735261328,0,0.7098216656762125,0
79.99399160408355,2,0.558866837643331,167,8,56.55387108121584,0,0.2203363252870041,1
912.9993074062196,18,0.2451477451531187,335,1,8.450240550526088,0,0.8262887584019323,0
505.6338401801686,7,0.027816005886212,236,0,13.707322701577782,0,0.9233024433237412,0
958.3122220445092,19,0.2878137570451886,329,5,27.823580485064923,0,0.8261261917370573,0
515.4062129039628,15,0.0706721002574158,789,3,7.526375387450638,0,0.8975534004381646,0
587.941256385077,10,0.0928719499421324,673,0,32.46525399550882,0,0.596864981291755,0
1125.2748232101233,7,0.2269934340793871,243,2,2.882446621841871,0,0.8417951370541301,0
664.7929253524643,11,0.2138039206749875,106,2,10.398913359300382,0,0.613724629642019,0
1384.1296215437008,18,0.3574704925103286,345,0,1.961522328259252,0,0.7643674385121791,0
524.6509626115063,7,0.2486378824703903,705,4,14.22083296940717,0,0.6004735610021152,0
477.0442872670581,16,0.3165820581421101,975,2,5.690250977318498,0,0.9216475368224148,0
1126.6884775762232,15,0.1598182143341653,999,1,0.1814508210822718,0,0.8064921438833428,0
765.7260525500166,10,0.063582606718894,810,5,18.49398714622819,0,0.9551493897768148,0
647.3328707284411,21,0.0939916742950785,925,4,9.40186302806493,0,0.8933654530987443,0
520.4796343800477,10,0.092946090559504,499,2,33.58991255928037,0,0.838130579648361,0
1033.5238091197468,19,0.3050342989025156,748,2,5.397955909230333,0,0.9030741056685704,0
480.51431879433005,19,0.4023635336972325,372,1,3.1902511850671234,0,0.8890827027898931,0
393.65255220650016,10,0.1790142403388395,430,1,14.035645184148343,0,0.6944465258356501,0
1515.24139113587,21,0.3327689358962219,793,0,18.615540866285592,0,0.9063827800840204,0
173.59830445786153,17,0.0553596424813079,813,1,0.6938337928241779,0,0.529421451029985,0
1530.9526344712494,7,0.0962411906980419,111,4,9.2394593117129,0,0.7924890381225785,0
421.4935928299568,13,0.1126000339288165,66,3,6.730361253975723,0,0.8581541656322266,0
879.9928652035177,8,0.1178020408954432,661,3,0.9380613416935828,0,0.5689860542703017,0
620.0646296976436,19,0.2448049595608658,188,3,5.08217318598652,1,0.8621876049188226,0
964.419493910065,17,0.0888391183005436,245,6,6.263054695845744,0,0.7838269013410601,0
484.5563536504327,17,0.275060419932735,866,2,21.71013468491823,0,0.8192581374193634,0
576.2530320511169,19,0.2760166979699015,870,2,6.564397267300068,0,0.7412243462444362,0
892.8396572822334,10,0.1892604850942625,788,4,0.5574361188183597,0,0.9498856832814312,0
180.60834583141497,9,0.1896579911616192,850,1,2.0725081258067357,0,0.92001662781718,0
945.3751509121844,20,0.5214177024746943,686,3,53.56258925531533,0,0.7653785152242479,0
1006.8439754701424,7,0.0865906458812422,204,5,10.811512301284912,0,0.7501936954079548,0
870.2331206281331,14,0.232493930007915,590,4,46.97762380479939,0,0.8871245628325746,0
734.8374036543134,21,0.2404003547350155,577,2,24.321112669111457,0,0.9389096073726888,0
697.8877474573404,9,0.2084416604326439,230,3,0.7421955606157354,0,0.9599699792410964,0
475.4774220399547,10,0.2289212495101424,969,3,14.1239376982217,0,0.891767340148101,0
1025.8634340984856,19,0.1389813305636298,321,1,28.959697560636908,0,0.8366539301117695,0
399.5902469578272,14,0.3159288218692598,992,1,1.2294763825859796,0,0.5490984586253295,0
413.0646762097103,15,0.0071382917683696,757,3,1.9614808320074637,0,0.736637776353656,0
421.63897683177214,14,0.2401199509573219,775,1,49.81211181508255,0,0.915089735128446,0
868.2678936144061,11,0.2230873839460646,654,3,8.547935645856557,0,0.810869990815068,0
1144.246498370046,20,0.1004741986709018,539,4,4.026633224949293,0,0.9065102168782492,0
736.3351336831257,21,0.3005936645482084,73,2,8.5176730252314,0,0.8474951748768045,0
833.8598154029029,20,0.1607086674481522,274,2,55.54945927928155,0,0.8362576400421562,0
858.1416334987749,10,0.2278441267837496,693,1,4.276052337544232,0,0.8441022354393556,0
917.553884543456,10,0.3214012876838031,960,2,41.254147906311715,0,0.7943534614113702,0
771.6700306859109,7,0.169943718879226,89,1,0.6530630592648987,0,0.8766084953154712,0
923.2894543235298,14,0.2365446657738484,130,1,5.432007668589645,0,0.905921411753292,0
1072.095234141966,8,0.5502762003748092,650,2,13.74646572548023,0,0.9347894663225186,0
948.6313200488348,10,0.2529020862315465,527,3,23.93336791676874,0,0.6818195214985437,0
657.6443462570394,9,0.210477727973487,573,2,16.792919326718174,0,0.7444244579100577,0
1015.9616073649934,20,0.5238278926933051,663,1,3.2813131485841187,0,0.8082669686520145,0
589.7481986054951,22,0.084588955188042,524,2,53.3314664706794,0,0.7317184322665402,0
1068.1117549170992,13,0.4729210241381053,509,3,22.751949964657054,0,0.7994506135063661,0
830.0849555707489,19,0.0565982279714514,480,4,23.328606264413754,0,0.8557258813897454,0
788.9857581859612,21,0.1277380437641609,171,1,20.302667189327828,0,0.5632269219501467,0
1081.1750017265065,9,0.432437923728834,39,2,10.130748683625177,0,0.7006849272799949,0
925.5150728869712,9,0.0655909271009573,221,3,6.865486391700973,0,0.7334225613527418,0
477.5173221545467,13,0.1581874244334304,168,2,8.154525909775304,0,0.8030004821471366,0
362.5303642120562,5,0.6297901677008976,89,9,138.62209669064427,0,0.1607900319481089,1
392.65345693807313,14,0.3418035505895676,761,1,4.744611869696463,1,0.8255784361396469,0
430.667608531296,8,0.3666336960697001,30,3,16.290999995420265,0,0.6972301851747074,0
142.58112279136435,20,0.2891220248706929,474,0,10.113844176644209,1,0.8387206597972977,0
487.70146539520937,19,0.0488843814363438,165,2,9.08020276691544,0,0.7633348002649393,0
887.9401622705956,14,0.1519591838242677,649,3,9.463087253731292,0,0.7982488454757537,0
516.3801796386682,18,0.2171601645760024,412,3,8.955263291084993,0,0.8770453018990433,0
942.1361596418284,12,0.2185641792482908,819,0,62.41344809720382,0,0.9328857513760196,0
768.4199350471566,15,0.2256946185773443,179,5,25.22331355212007,0,0.7628040854882041,0
33.79450690368265,4,0.5360197264695092,24,9,145.63891750363976,0,0.0789981775807517,1
417.79548319740263,14,0.5111912165580775,333,4,10.822880604445622,0,0.9959385642079096,0
368.7557498568476,10,0.0820588805767562,512,1,7.222055234550787,0,0.8485910331890941,0
1542.5118085651256,19,0.25922855722198,207,1,0.9871663328056136,0,0.7245916637567897,0
546.8821605811252,13,0.3056881151300192,179,1,7.468342531890954,0,0.7755000433704573,0
2406.3044958620717,8,0.3185614992337127,144,1,7.307844397610667,0,0.907964163736214,0
286.6015150247399,15,0.0215888217160751,164,1,14.262239933206091,0,0.8356278143904953,0
598.9204970955784,10,0.1611403559648341,212,0,19.551797255313012,0,0.8293189767728246,0
1201.4576545180169,10,0.306425572762508,875,1,40.68555189978877,0,0.7572880781326045,0
368.8942069270475,12,0.3644811200767567,721,3,6.0244913672034235,0,0.806800331074354,0
739.6927600437629,13,0.179342244179143,249,1,60.34667703060053,0,0.6601871435472121,0
437.9118691962857,20,0.2144863806915834,800,2,1.350056173015156,0,0.9043008265932148,0
184.62336444713335,11,0.1426038428406041,561,3,1.2312081355318834,0,0.7527513146828881,0
916.2380142059092,21,0.1402353932188706,507,3,3.347733877341721,0,0.713774805931594,0
722.3595302418606,18,0.0127235353661288,950,2,10.20634260246063,0,0.8375012867129294,0
537.2069661330298,7,0.1795951791907387,418,3,3.3288024311300592,0,0.8437569505010473,0
1248.3544251400956,17,0.0992024890217076,581,2,10.840091815574327,0,0.8471386386230433,0
1123.802269121492,11,0.149941120598012,557,2,3.2346710027668872,0,0.7203340926170396,0
252.7745431204368,2,0.2163558149072954,129,12,450.1621460935416,1,0.5321098459083927,1
579.3077825161632,20,0.0933541557271825,783,1,14.296803400801585,0,0.7774273051764226,0
565.4825461142016,17,0.1188620420800119,615,0,10.612550636127263,0,0.8565540888644098,0
869.7405926146885,12,0.2588995185401037,563,3,8.698248787742504,0,0.9491355670570948,0
564.0878478313884,14,0.2407029622281472,245,3,11.339571127357004,0,0.8168560321713004,0
1547.0822160064397,15,0.1627521032986215,186,4,3.43027274433684,0,0.933144432206157,0
430.89953595085115,19,0.0976775566465173,392,6,27.6787484730798,0,0.6245673180669734,0
645.142062200211,20,0.4029875291791261,708,3,1.984212519644892,0,0.7661255669849267,0
275.2372416821825,22,0.2829386170147126,111,0,6.483050961949176,0,0.9862352819071416,0
903.7587789233302,8,0.2583931044884079,745,1,20.54114288172769,0,0.8487824383955297,0
452.9452317046489,18,0.1884917007935533,287,1,9.272071479310378,0,0.912564694574614,0
835.9271046431899,15,0.2248014911521631,47,1,1.0093308963535288,0,0.8051928915262626,0
766.2319193347563,17,0.1796688322643394,166,2,28.39461307176102,0,0.600863028667505,0
445.3249146191269,14,0.3340076838553127,250,2,23.44563794099434,0,0.90264271014424,0
470.1847990009245,21,0.1125391126910942,403,1,14.193635526994475,0,0.8025023011610072,0
433.7017349626539,13,0.0825030787273283,902,3,2.268738225851217,0,0.751480474035283,0
420.14625621271426,13,0.4496546665797275,491,2,31.51863790737443,0,0.8336375047568074,0
116.4114412645039,0,0.4762530907106573,125,9,124.10859941987324,0,0.4912950050271615,1
1470.8913576225293,18,0.2511400230893609,427,2,2.124229380150866,0,0.7702324445917085,0
1742.077588472798,14,0.2385586764118631,632,1,2.471644974643542,0,0.7975176417793416,0
325.93819892220205,15,0.1762497365703499,217,2,26.09746335582803,0,0.9323680072535868,0
742.8784084939695,8,0.0643731220840875,497,1,2.707090638827915,0,0.7544392290505403,0
861.9656905749155,11,0.2978259315799601,783,1,0.5894796892653128,0,0.8196019824524712,0
1685.1225181039413,21,0.2387708319443856,449,2,18.116494609582137,0,0.8760407565194088,0
361.0855113424031,18,0.136800998222817,789,0,7.843910684218601,0,0.702721814586579,0
588.7232316192384,13,0.3553553570126441,52,0,15.505259876654735,1,0.6269327441963956,0
384.94360885070216,10,0.1971780749070054,635,3,0.373419178776089,0,0.6718437873959585,0
613.1988199014951,22,0.313924368213641,224,1,36.33753027119592,0,0.6219428293878235,0
527.7745798072508,12,0.3355041962191384,969,1,48.76526610954987,0,0.80436614200363,0
728.853727585053,8,0.0894902597969819,410,2,94.66416341248969,0,0.6100385616435144,0
292.0973838756859,20,0.4530620165489372,147,4,9.172094773195113,0,0.6988791723762912,0
763.1679779442087,12,0.198404264271267,887,5,11.223285457476562,0,0.9468363480694074,0
723.2336751697605,22,0.1428767595614416,195,4,0.7650926823391341,0,0.8860089141932851,0
487.3993032708418,7,0.0270333472730106,682,2,0.2558658754647377,0,0.9242097969442042,0
608.8680661814618,12,0.3374424950261961,532,1,1.8175781921378489,0,0.8957354290421211,0
736.1910040433863,22,0.254894709796014,705,2,6.903624255404583,0,0.6722761297163953,0
398.78100722105785,15,0.074530551282831,592,3,16.995756158905337,0,0.9388105008377822,0
467.66640986728976,20,0.0738716658999867,426,0,4.401316128135848,0,0.8482748913860596,0
388.6064954443673,22,0.1413175867669752,508,4,23.649849692010275,0,0.7780210742919766,0
902.913800214632,12,0.3612856659844228,206,0,9.631410059065514,0,0.9573335405626728,0
577.0459242747695,17,0.2296368342629692,405,0,2.0594498562254495,0,0.9389015431576856,0
501.423124512698,20,0.068233848872548,216,3,15.470206597175183,0,0.8310996530361504,0
650.3345143676057,11,0.2126370003238341,738,4,11.14028912945819,0,0.8683332717393932,0
754.9687485765485,9,0.4284064138062861,982,1,7.3721576710153665,0,0.9002765032742047,0
378.43957313295374,8,0.4769080212918957,428,3,7.69876727014762,0,0.7196673647265596,0
549.3085367581846,11,0.0928014219432333,550,1,6.765697150265952,0,0.8703836803361222,0
537.7736875090872,10,0.0499060447716389,71,3,45.0090032597876,0,0.9698621248405872,0
572.6731411884203,11,0.0998563502506788,676,3,5.602980654513108,0,0.434970689966332,0
1329.4921482634882,9,0.0635296535902228,737,1,27.206608590567413,0,0.7359672423187109,0
687.137598047569,15,0.1094305206098865,961,2,52.192070491991096,0,0.8034891800514846,0
758.1615110275834,22,0.0828040526635177,31,4,5.6722279395871915,0,0.7403629776621986,0
810.5053125449032,13,0.3515937178394032,747,4,6.35642928219092,0,0.6960312762410431,0
412.9902085088549,10,0.1127101998631065,670,3,4.244047939060665,0,0.9630320012502632,0
1515.9669031953536,12,0.1455819651182151,913,1,4.132051069794008,0,0.8885965319401432,0
51.85126372697092,2,0.805871608436403,100,9,148.54781670360575,1,0.0666051441567816,1
759.7063159574808,17,0.1950774152949233,494,0,3.5198997472542115,0,0.7108879601037942,0
1143.5232783370343,9,0.1246283127417656,993,0,7.707997030320488,0,0.9341995785056868,0
916.825537818996,13,0.0796519151646804,732,3,0.3484140017869656,1,0.923253932247782,0
939.371089724344,16,0.2516924720548185,141,2,12.413379286350148,1,0.78730894869047,0
934.2818987006834,17,0.052844471433942,550,1,14.08908402876414,0,0.944306046314146,0
515.4936580875851,16,0.1644397764683057,638,1,49.4968509567945,0,0.8708185328520739,0
1145.2095621597043,8,0.327946125415429,929,1,63.09927583674681,0,0.7574787811276573,0
1891.437024686725,21,0.2173831760216112,686,1,10.349308145205011,0,0.625964718188348,0
498.2538324516253,15,0.2198663741761483,748,0,0.597701172337647,0,0.9384620676182592,0
971.6321942363578,11,0.0618814411499156,538,1,13.29179213764452,0,0.9351676148476252,0
415.96201434157086,10,0.0879009840598698,664,7,3.262490489980016,0,0.8798919781676293,0
742.869568292895,21,0.1781171425822786,838,2,8.950313087696951,0,0.3514058044398283,0
934.3507477234796,18,0.1307062075400284,908,2,19.882025720326805,0,0.9629074295639722,0
573.8506817246889,20,0.2643016133871236,592,2,2.5505838912080763,0,0.788041861037549,0
131.90446700441646,23,0.7083322805523607,8,7,262.1225282248566,0,0.0289107727155212,1
376.28719368623655,13,0.2044118525430817,99,4,38.57975111163815,0,0.8460551275621255,0
709.3015028441997,22,0.4166811752890265,394,0,14.199926919904923,0,0.9024643697082776,0
1575.7660583143463,13,0.2431433803895921,974,1,28.777204158449024,0,0.7335354704247712,0
594.4518531845756,20,0.2680526272899051,327,2,28.703540453688156,0,0.9211330362950612,0
1276.4772907284928,21,0.1508754363071475,913,3,13.104984421441769,0,0.6927786751045546,0
472.5852724858725,11,0.1411575483095747,781,2,15.445759058621649,0,0.7626656372764529,0
767.7228401003578,19,0.4972220353213343,490,3,3.78256202449336,0,0.9243375371358412,0
538.895083309119,12,0.249136361399432,302,1,21.309906439229497,0,0.9124470758023258,0
678.2237940718155,8,0.148674583991973,849,1,15.302708971797411,0,0.8856275563629111,0
590.6615207383732,20,0.4589098419879714,304,3,13.324857136248712,1,0.925284335732352,0
555.6128565548777,10,0.2384379483085031,479,2,1.8412271933792808,0,0.8767950513887282,0
397.5377277848783,19,0.4352301426213672,775,1,20.93287120924771,0,0.9354697047813826,0
466.1904492108794,21,0.1430594399320522,815,1,28.641388527026063,0,0.7081647345889522,0
643.2072177521941,10,0.2121881381941296,888,3,30.594433654746577,0,0.8644437279111298,0
673.6897914015724,8,0.0183022501364624,868,4,25.69688891937477,0,0.8784729703071179,0
20.77869936909654,23,0.5251705481997098,84,11,5.74418521289913,0,0.3636235152472968,1
1211.267091995426,11,0.5750665229382246,501,1,9.438321504040774,0,0.7580283386936342,0
480.45366113045696,16,0.2044285283624644,457,1,1.040972904245611,0,0.8959955466945021,0
539.8887464110961,13,0.3609863790075584,546,3,5.6583379586329325,0,0.9252515026052082,0
382.12309459117216,14,0.1230703152536373,482,2,4.932485736458351,0,0.791534935219676,0
609.0780849880316,7,0.2908483599813611,33,0,16.95317935863083,0,0.7596097478333679,0
472.09477510053193,21,0.0908436998551121,360,3,4.244071800604833,0,0.5841499661931423,0
1414.277984671783,12,0.0594939656199169,105,1,11.98665782060339,0,0.6719838232799136,0
707.1406013249655,22,0.4771140227774283,752,1,15.326602893023502,0,0.7431764012181002,0
1409.13288353529,17,0.1868664037774197,551,0,3.2678843596997313,0,0.8496103674924078,0
537.4489642331555,9,0.0192111485635677,478,1,30.724217386422943,0,0.8949787480983068,0
655.8797280816086,17,0.0810597526515645,810,1,4.462588874269744,0,0.740020960806311,0
638.4934129289638,16,0.1527560258713091,941,3,1.7060072088476277,0,0.776428499807192,0
613.1104051523693,18,0.1102015658158,133,1,2.3445801714360184,0,0.6069223886803944,0
582.8458861391371,8,0.0873783426558086,546,2,72.61980152991337,0,0.9042818993335594,0
697.8292098223637,19,0.3620211834971833,163,3,2.6606407186118672,0,0.9530145230570196,0
622.7158100929112,12,0.4944214024065284,749,1,2.9995381245271178,0,0.8236659469995914,0
390.572838715835,8,0.2805155473892335,136,4,2.8243507694451435,0,0.889478147699355,0
679.8274058645532,17,0.1067284790234714,983,2,4.712826405335864,0,0.7578457578901645,0
421.996520869775,18,0.1761730280773878,559,3,62.82643791978085,0,0.9477570714394468,0
645.3643170617106,21,0.0232478027246312,390,3,1.93138769524175,0,0.76706572747169,0
138.1755514169983,2,0.6192250159474161,119,9,290.28758754076205,0,0.3100115774058071,1
250.44211316489745,8,0.06711788412551,91,4,3.052239169071212,0,0.9237092184016532,0
970.82909166357,16,0.1490518256588631,46,1,73.17488149949486,0,0.8893748219891594,0
999.9938656551286,15,0.3365632086768071,944,0,39.62163305188868,0,0.7035977888848142,0
658.2711067542403,16,0.1651012824207206,443,3,1.6205385885338626,0,0.8232983996880601,0
431.5274392404791,7,0.5839864081792556,710,3,23.750781946303725,0,0.9230073353537932,0
633.8054179861689,12,0.3036725017992978,238,1,11.629291711761958,0,0.7560706377971614,0
327.9952366183397,18,0.4026358739497641,932,3,9.628552535451265,0,0.8990939765725884,0
1328.371631531563,9,0.2202634520729938,202,1,23.063695889974987,0,0.8335673729392227,0
447.8289721856336,7,0.1672968606862635,928,4,1.7048021243422609,0,0.906462305114764,0
539.3532153189453,9,0.3269117121473404,284,5,13.713879692799846,0,0.8983773334062369,0
409.2789823400638,12,0.1895374799622909,60,1,3.8987457524475655,0,0.9020232691977652,0
1039.9956243526824,17,0.0264445174637857,703,2,18.065656745021712,0,0.9182364518572012,0
280.78985341934634,19,0.1143441984962371,657,4,8.043000885111658,0,0.8315771950341715,0
767.3384767748855,13,0.3992786239674424,529,2,8.644671236139787,0,0.8593289744081942,0
1016.4715460204188,21,0.2676713035638134,90,3,17.802601271629044,0,0.848950580303054,0
1016.7391473954058,9,0.1920508910269904,483,2,1.505214740477732,0,0.8710696111424415,0
1530.0315045089942,11,0.2643988424036845,153,3,47.804799940009474,0,0.8990616402584826,0
680.5689817048708,8,0.2283566455270334,560,3,19.187367832471217,0,0.8469993827437597,0
205.63611532004484,14,0.1527840569371768,333,4,27.175578776628463,0,0.911850921512806,0
1325.1905747553726,17,0.1659867457448471,983,3,5.065650369721266,0,0.8234834183172929,0
267.18893730098307,20,0.0753200609531675,190,0,34.51930377562216,0,0.7325591727189011,0
549.4628537447396,15,0.0614798930616654,117,2,10.488631867298825,0,0.8944007387517814,0
569.2265814033167,19,0.1237686551198063,32,5,33.784434215147265,0,0.4836436204055453,0
469.9755067061031,10,0.1443401846316512,688,1,1.0831946280674734,0,0.7180592808964812,0
854.3045872973959,15,0.1494450620527144,83,3,7.692233902874604,0,0.9277760154045424,0
1678.321796394304,13,0.0865649159143226,715,2,8.301818421986413,0,0.8930962591423433,0
501.0019774752956,10,0.1102889585795786,865,1,79.41522997262018,0,0.9507973288105152,0
1636.557459236153,7,0.1179395073725174,127,1,12.611947821844192,0,0.8240549607460478,0
912.2733080031946,19,0.1361522950029407,782,2,3.974058413893707,0,0.7361344631827016,0
588.2993431130939,22,0.153635544218161,85,3,31.21818951864318,0,0.9739818296296828,0
1281.8116522145503,22,0.1000932329170234,305,1,6.5475351296792255,0,0.9464446019190133,0
1110.433460205623,21,0.4781796728717407,806,2,27.352422748047104,0,0.7451431609581228,0
435.1500460530776,18,0.0978606996158733,658,0,2.9189508706277816,0,0.8363087746150505,0
692.1006645975814,8,0.2789472569112652,479,1,13.769075099229656,0,0.8996496000329066,0
558.8836246836524,15,0.1457009770391124,121,3,0.6669213536738401,0,0.7062243667892786,0
1412.210094333797,10,0.0859564905057155,765,1,3.4769158632870214,0,0.9395232001957388,0
1020.133639689638,17,0.1828046175561092,97,4,0.9449490579883671,0,0.8457875944808686,0
413.4412403668237,10,0.142095269032335,381,3,2.3275488580308674,1,0.7017487495145813,0
673.5539888822116,10,0.09794566638865,65,2,34.89299220664528,0,0.7828916275371828,0
251.8474457290081,21,0.1846194338135239,56,3,16.334467311705126,0,0.7532305773409634,0
892.3956354703771,10,0.0757635404997483,834,4,26.524158457395643,0,0.868380030596286,0
385.69859588251154,18,0.1378640772845558,276,1,21.86089502116823,0,0.6089664530369071,0
859.2559757295002,20,0.1852826846878257,555,3,5.059811642117115,0,0.802062154817031,0
823.7069452858143,19,0.3704439286063918,260,3,2.9485055762023795,0,0.7274549970059796,0
722.8373736527817,22,0.4540364138253632,917,3,15.7881024394123,0,0.8827764619919198,0
673.7458948393418,18,0.2352589986052217,666,4,13.252425385871016,0,0.7122769674655138,0
843.1757811112859,15,0.1400918390331656,301,1,48.44243444117777,0,0.7759874988055011,0
306.4060343151744,13,0.3101302322344376,351,1,23.5883580857246,0,0.879837419912323,0
1066.6089435447689,11,0.2778462496554551,449,1,33.086858629473035,0,0.5676188043025714,0
663.6761175984392,16,0.1062692099897673,547,2,3.461585510984379,0,0.8842170754995681,0
619.691511121137,21,0.1112420059197215,819,2,18.88422603076268,0,0.7240016637381762,0
568.4900345345516,19,0.3033881237604391,622,1,42.63076297692284,0,0.737069005553164,0
1262.9256581661418,20,0.2001073952491808,804,0,8.696024322575944,0,0.6712176013550728,0
459.4120063148269,11,0.2152712193843251,306,5,6.279465205514708,0,0.7401865719709857,0
876.1672984758711,22,0.1089587122715947,262,1,37.237103631555776,0,0.8439047571693546,0
663.8980731615263,21,0.2041307923693835,398,1,3.1447753525059943,0,0.8448515817368952,0
259.2921035476787,15,0.071989645066015,968,0,16.563268167232813,0,0.6973335422405316,0
282.14398653270405,10,0.2704677991717398,898,1,45.29426916455391,0,0.594692324199027,0
452.31669102802584,18,0.161300343159971,962,2,19.741314172081875,0,0.724868458694848,0
750.9743971790247,15,0.1095683089848632,233,4,3.233854573946702,0,0.8018519633536937,0
596.3659601770074,17,0.2272608669690068,108,1,6.4143403363672205,0,0.9529974029171208,0
826.8436032646165,15,0.0101494518534976,201,1,27.29287369242692,1,0.7496527416289028,0
482.4399142159879,7,0.1683619935868941,243,4,32.236139011910005,0,0.6237607987130647,0
984.012380007432,13,0.3020292294603945,111,1,17.268521308572712,0,0.7216642805773372,0
517.6399848916438,19,0.3027008917183971,133,0,46.886397250040474,0,0.617813881224167,0
172.87784137372773,5,0.8729758785813343,100,14,68.09294104723661,0,0.3633215192466604,1
368.1280402209948,16,0.4153948693280423,63,1,3.0752220928719285,1,0.8368032648473142,0
882.6900379025808,14,0.13666582369214,459,1,6.819250764977019,0,0.8049688438750875,0
963.9847082675612,21,0.1853244132764386,974,2,21.00724969688463,0,0.9067563214129212,0
448.46784138203714,18,0.1146837673397787,213,0,7.148243624820264,0,0.9839208138488156,0
744.5587163623428,22,0.0852339388185657,176,1,0.8358977922600357,0,0.6981597315265159,0
79.26013698665167,2,0.7414202508426966,197,10,20.480795552116646,1,0.4182715530041734,1
933.4865695677228,21,0.1119257177156047,920,3,23.258136606031776,1,0.956744711250673,0
459.3025800498289,15,0.0183024398169904,52,1,22.298350331243096,0,0.8350305715875811,0
702.4028107223462,18,0.1923530968991771,269,1,3.800129353165978,1,0.7843636515316725,0
810.552697009946,17,0.3594396607664892,96,2,12.200372676448104,0,0.6775786002677625,0
432.0085952131413,22,0.2207665436959505,505,3,24.704949891637455,0,0.9741133251016736,0
793.4211790512029,11,0.0951971914339738,764,1,18.04060334069506,0,0.9321196253276182,0
469.9055915699593,4,0.7189178954532016,54,11,3.679322329708371,0,0.2775482094746272,1
1515.0398498359696,14,0.2839834018959404,33,2,14.469125834831534,0,0.8468653276274648,0
907.0243190422108,8,0.202457792227958,519,2,24.02563199542083,0,0.887915316136347,0
632.30112381596,12,0.1926025098925803,812,1,2.2501526969475036,0,0.8868642649030375,0
932.0377689068767,14,0.048656388187966,373,1,6.243905240961527,0,0.9200603353453676,0
557.1501534930693,16,0.0348846552497379,512,1,24.00251965516972,0,0.5363011486403607,0
622.8603695852136,10,0.0810561279335895,986,5,31.954262766899436,0,0.8452890631577962,0
283.7134037829134,9,0.2498045863402302,861,2,14.383041368236771,0,0.780683555633096,0
1104.3113888092053,11,0.2709556097752997,730,0,14.072371494035629,1,0.7581968410930578,0
453.16974825829294,21,0.1032960041006353,58,2,30.2032937500005,0,0.9129866731553752,0
791.6514413512435,18,0.0447084969955604,526,2,6.208805261800191,0,0.7886121533189305,0
326.1396029351547,14,0.1331614164890998,396,0,16.613149156170383,0,0.8634144982938814,0
528.7520695090565,20,0.0467349844858099,843,4,2.362792715830125,0,0.909969857024361,0
550.6474024349186,18,0.0654916778126445,650,0,2.5443810039715156,0,0.6042492855748337,0
712.7258340445361,22,0.0477513727326662,676,1,7.279380688980312,1,0.7830375758379383,0
933.1966381551462,14,0.1200195256117973,97,0,4.852255707563604,0,0.4019843334748417,0
480.5581802785832,19,0.5028010657364393,457,2,5.418948181648579,0,0.909728387974788,0
511.09334253761193,14,0.3600754285965801,767,5,4.651287167869634,0,0.7677249369794005,0
668.3148369712263,16,0.1442633590454755,205,4,15.402251309894169,0,0.5289643971812358,0
175.53622009591462,8,0.1404984083224986,751,2,10.549859050918387,0,0.7907949071434393,0
2178.077273257446,19,0.1834890078977958,410,2,12.452741594303122,0,0.851437202965111,0
669.730097592481,18,0.1211992888370182,216,4,4.9825569588479715,0,0.6856435462722611,0
653.4974666214039,22,0.0643480593777042,720,3,26.30181547279135,0,0.9110393237415846,0
1068.6959435355488,12,0.1569198600441989,170,1,10.115443202121732,0,0.952391641274616,0
195.89157109091911,0,0.7573756283303384,164,10,152.3904479699526,0,0.4309624520606834,1
771.101835306517,20,0.0223687019474972,141,4,3.775572388670532,0,0.8532847052662124,0
846.6798509300397,9,0.1252638079739441,172,1,11.774993130769015,0,0.7693574029179469,0
996.5890011878388,19,0.100562921694057,758,1,31.545080173189124,0,0.8889440417551898,0
784.0703237422397,18,0.1585287862965899,763,3,19.697385130201084,0,0.7876672288374781,0
666.5809988311254,15,0.2839313768556384,72,4,29.015740473551993,0,0.7931195882111193,0
734.7684638973985,7,0.4543053290684379,306,4,25.86314946019844,0,0.8141726639911415,0
581.7007588369394,20,0.0971839620819535,500,1,65.48878321046332,0,0.7943376778649729,0
288.95087899200547,15,0.0600665975424548,802,2,3.703411744211095,0,0.9659163293945332,0
1018.484617139782,8,0.2466505408864961,850,1,20.123334000991896,0,0.7968783563906296,0
1077.581558136855,10,0.0128981107084323,177,5,9.481745114339995,0,0.8499623466465347,0
1462.817446138425,13,0.2302889183034434,908,1,8.081686419966148,0,0.748713958713415,0
383.06142964448736,16,0.0792532481323337,229,2,18.47152777117736,0,0.9592504780074294,0
1530.185062423769,16,0.0569684814985545,688,0,21.6426708292604,1,0.8994591066059644,0
1113.693401411508,7,0.1069446154556052,742,1,15.082832583991658,0,0.7514412788507441,0
887.5294474415161,17,0.1314139580910651,128,4,16.776266328756396,0,0.6178392553267343,0
350.8080918879653,10,0.162606859693334,35,1,1.817431327716912,0,0.8356746584513417,0
788.5085766587154,10,0.1253368168744982,955,1,24.137596065639677,0,0.9197763323520434,0
392.7434284253419,18,0.0015892732692156,45,2,15.74543717570236,0,0.6794513841206165,0
982.885733553986,7,0.1119537771619202,30,1,33.63920473349937,0,0.9828047783474456,0
963.5739421859043,9,0.2183980332159754,804,4,4.994940946567993,0,0.8534713342435063,0
246.83930746937355,16,0.2432208575555219,903,1,0.1303802266524392,0,0.7438597002416503,0
929.2039078385912,21,0.0121923785564162,249,2,4.423242239128777,0,0.8986747582576884,0
576.1248516071997,18,0.1420379379767912,875,1,18.676051845998987,0,0.730458459915417,0
1092.870163649058,20,0.2304787625855071,762,0,7.906111355765647,0,0.8680260081883857,0
356.5791167050062,20,0.3065817091416474,855,5,1.3836035177327135,0,0.9627014009279892,0
956.1940938058945,11,0.4866642946220835,476,3,40.48294920654923,0,0.81820126059537,0
774.3131831783267,11,0.1259994565227583,863,0,46.1481870135754,0,0.9259052411172324,0
825.5777206462697,22,0.3881575219482961,557,2,5.715811008512123,0,0.7151016889141749,0
543.574519360684,16,0.396738418932435,121,3,19.757219355731607,0,0.86545685164195,0
1287.571222173676,7,0.2360910793340299,415,2,8.767342686120715,0,0.9353764521717152,0
505.2891390107968,16,0.1324572669831316,426,3,20.392598281784064,0,0.7971562271448909,0
1262.3093116643029,11,0.3031106461525775,528,0,21.39578801426181,0,0.9524615790629408,0
383.6098527836117,21,0.5667130985198404,83,3,59.56348314163718,0,0.8812831243855952,0
516.0565092609214,13,0.2569787418612343,131,3,10.377971185195268,0,0.7285811982773136,0
508.5704362825635,22,0.1228257410368363,760,0,25.143816012361565,0,0.8474968196604801,0
286.12143394847106,10,0.0274281727840229,350,1,11.286502628804604,0,0.6071107532862744,0
324.5800070640323,14,0.1803092079031718,888,5,5.033526406108361,0,0.7443080060772004,0
594.9398248853979,18,0.3439779175943737,235,3,4.179761496541961,0,0.9185550402622362,0
1437.0748645236167,7,0.3361660839021582,170,3,12.0262819024439,0,0.6632642563786829,0
514.6108502037141,7,0.1872509735875004,247,2,22.719824589528987,0,0.7537995689383639,0
858.9993883703595,11,0.2630623837503555,519,1,53.992000525953415,0,0.9660963739647934,0
430.5900287045795,7,0.4191580328893228,809,4,4.469751927296913,0,0.6702840888936722,0
438.55490644858867,11,0.1054129288806869,903,2,4.896611554495708,0,0.7934518187590841,0
482.5160172496779,21,0.0356413453856897,104,5,5.6487701768284975,0,0.8677729652338941,0
546.7887192953389,16,0.0881717781765107,84,1,0.2556853868249644,0,0.8507137826057388,0
507.6931994282356,9,0.0562090342102841,62,2,18.05046577127924,0,0.7275933277735689,0
873.5773081548851,21,0.0798967439080139,366,4,5.570292565961282,0,0.9144933423168284,0
264.28164354978423,4,0.3457475889153429,92,9,26.40073828798287,0,0.170251205882981,1
813.2679513167244,22,0.0716003915683605,826,1,18.44513727046803,0,0.9200951832497484,0
516.1823470315702,12,0.2469629560004746,113,4,12.116481266182335,0,0.7617429516505894,0
646.719254589599,21,0.2023563405946048,619,2,5.910027791556105,0,0.8655537018634316,0
934.9973517116916,7,0.1644260158320957,284,1,9.382579448969269,0,0.8151364639840867,0
745.039387350991,10,0.2815071672817639,385,5,12.573630758426196,0,0.8188758134938176,0
626.2618370465407,18,0.1950653205056639,656,2,17.177178457447262,1,0.6157797303208621,0
1542.1245039321743,18,0.2450804797772851,495,2,30.70629122265059,0,0.9022581996746531,0
566.5871325897513,14,0.1826511104951187,377,1,50.48815229483918,0,0.8542473548569249,0
338.18006726323733,17,0.127953662890555,311,3,13.35327890155852,0,0.8603605979071317,0
730.8427372009346,8,0.1510516299261678,181,3,30.852437320647947,0,0.9229472121798018,0
861.2183259256577,21,0.2590261065740364,812,0,14.01833907448814,0,0.9792593442032508,0
636.7511604014966,16,0.2002595582990781,148,1,36.97081055391627,0,0.7665342597021026,0
432.81998831059894,11,0.0906779722439635,877,4,26.30262121969921,0,0.8273722438237309,0
1545.6843379754275,20,0.1367266276144333,190,2,1.325689990757325,0,0.8035799102101079,0
609.5825757120548,17,0.2612294138712076,434,3,5.174529152277957,0,0.9205923743139072,0
828.8198309056194,13,0.3467161679996896,651,3,14.032617352610831,0,0.5709780526230295,0
104.7563524927915,1,0.6107029212009313,168,10,180.78129347258903,1,0.1330021564241696,1
469.0337065165775,14,0.0679942411047911,886,1,31.863154643371296,0,0.9432236862763258,0
821.3521578652005,16,0.3723868383704317,996,0,26.394873918984025,0,0.5520588824678724,0
749.2288633629656,15,0.5431437882229627,909,1,0.0593204033261734,1,0.9823157411957988,0
574.4364629623425,13,0.0946889737859218,720,3,18.46795107746265,0,0.8824860746506146,0
554.3202430071268,18,0.2701985876599093,985,0,8.508599430097199,0,0.8190137549975229,0
605.3364462813831,7,0.202410090817311,682,1,23.259530821864516,0,0.69490688081739,0
682.6731776210878,22,0.061446976547681,976,5,0.7276441900851285,1,0.9334094408050828,0
1068.07528349209,10,0.2500690154162582,434,2,9.558608832986328,0,0.904610163921792,0
2924.2711514177636,10,0.1728945557489975,119,3,3.799187395917987,0,0.9552720086798108,0
1319.5837101906357,10,0.0423369363182772,905,5,7.142068828095789,0,0.6586496114992756,0
1249.8696337434794,8,0.1850688806835616,781,3,2.5357892598041585,0,0.9726631073836756,0
470.6113314526322,20,0.4004641834789458,441,0,10.008240784475008,0,0.861584666098029,0
336.6397690052392,20,0.0822543887862849,958,1,10.031173108975384,0,0.7714629039189413,0
620.3634926545442,20,0.217158281077942,544,0,38.9528452612508,0,0.6850428259548801,0
827.336958745519,7,0.2643744303220007,614,3,5.150781172898274,0,0.8912541580063744,0
722.4518333128833,12,0.037922476288247,968,3,41.78712060388472,0,0.5947217978364285,0
2050.6837511162107,18,0.1652471287578344,135,4,1.2335757563151797,0,0.8805238205633388,0
536.3116841975274,9,0.2197548773122835,396,4,4.30515618026951,0,0.8655505298980166,0
488.6296076159674,14,0.1079656520459655,85,0,17.51345414991808,0,0.5983251932836728,0
624.3402005591022,12,0.2499085182951343,34,1,19.465144164947237,0,0.6058832522543739,0
689.9023760800333,19,0.3736114929859144,94,4,60.90360703500629,0,0.7504803361298774,0
719.1540375157167,22,0.2010992792500311,522,1,13.420664299003109,0,0.9401567997987336,0
1445.8361024090057,13,0.1364949467351062,647,0,19.777992419474774,0,0.8640591496170524,0
332.3848167274249,12,0.3224668398563723,168,4,9.30166364001176,0,0.8442839590949126,0
902.8477504294564,7,0.1873491705490889,46,1,13.308172142288768,0,0.4844036736471009,0
572.2720888900424,19,0.0989346993249759,358,1,33.31552573304282,0,0.8426636691753012,0
572.8217114073799,9,0.3319905887737134,497,0,5.527674899889906,1,0.6711977908840646,0
983.8102535655266,12,0.3141728246073135,332,1,3.347007988081972,0,0.8722109842247429,0
755.1139649925968,16,0.1013645295080768,468,3,19.623708874420515,0,0.8212128431408067,0
313.3231481349276,21,0.0533570032673054,474,3,8.123228321756182,0,0.6504446638922988,0
635.6915923050102,20,0.1576748972401258,306,2,16.58066677144813,0,0.6786245889579082,0
617.83312920868,11,0.0826173354911817,948,3,5.581523162514736,0,0.5766429621856657,0
514.0259999483253,18,0.1508496930147049,974,1,17.91283790048692,0,0.5651328952822949,0
522.5535932665892,14,0.1047657167805093,676,0,5.2494831251116105,0,0.8661871829338185,0
461.1155676947544,15,0.2258542777478396,435,2,19.810144675549395,0,0.8556835283594532,0
919.7467171727692,19,0.2471997989420863,293,0,11.806926870858153,0,0.8760102774904621,0
759.8730520789909,19,0.2673760533196813,557,6,10.699629283442134,0,0.8849494284975066,0
28.97935653900024,1,0.7055492739539777,103,7,23.095891452638657,1,0.1281039526977407,1
1370.2912610363012,20,0.0428018450921328,520,2,8.059976557471948,0,0.9252399385223328,0
460.1653006012113,14,0.2461963790282616,376,2,42.38403300809154,0,0.7126447226105392,0
535.644106857471,13,0.0481607155628882,538,2,75.79187737765972,0,0.8745030067563584,0
2092.6760446674803,11,0.1027503380172915,80,3,16.7000232809822,0,0.7497957940318449,0
1014.91100564434,10,0.2208082975070865,84,4,2.2282190131774584,0,0.9798497966305127,0
897.1342308393599,19,0.10371497344016,463,3,8.020952097243267,0,0.951423117856396,0
242.34615453321135,16,0.1304875310422143,634,0,18.086411410106884,0,0.6587264533504124,0
542.6964590666606,16,0.4085847999018031,512,4,10.768106996408648,0,0.8186529299480626,0
204.3031983645799,23,0.7547184092999931,126,11,80.69732666573971,0,0.0652072798482626,1
248.48755108018904,10,0.2106466569596569,269,1,7.630898793477837,0,0.6110746704480493,0
852.8564401601079,13,0.162079873875698,665,2,42.32471923070221,0,0.6825485715929638,0
247.29501922135273,20,0.207689605087948,793,6,5.532934454077043,0,0.8728487938831903,0
818.2557211371541,7,0.1005785045575456,454,0,15.256953998974254,0,0.8856037952261201,0
1665.6168151131635,9,0.079785535150404,988,2,8.579616242346972,0,0.796795974268702,0
197.9149659563842,13,0.260834962169871,686,4,18.905313952094836,0,0.8882264549337282,0
643.1875778664306,17,0.0396497039992169,265,2,9.640113551114702,1,0.996267082150805,0
1109.269850072251,9,0.2183444556388622,445,2,0.3334825144666382,0,0.8872804066126194,0
627.2749961108531,8,0.0429471057977487,180,1,4.201582168761573,0,0.8418687754336825,0
572.2763898686176,9,0.232397332652024,493,8,9.574495329403304,0,0.7447959181591257,0
413.0784559032327,9,0.2534390278110786,990,1,22.757661377234744,0,0.8660332198528699,0
672.7938105131861,16,0.0252992939498381,314,3,2.8380704965401606,0,0.8161339481385677,0
301.6989870652867,21,0.1830734978577476,183,3,17.63515058834814,1,0.9572882369164324,0
806.6288862501896,7,0.3708352348198674,825,2,36.99852951232137,0,0.7467282477129642,0
917.3831628647632,7,0.1815516466533314,714,1,9.6836729444227,0,0.770776960864319,0
608.6768111457629,8,0.0275940475979429,561,2,8.378295058136272,0,0.4601745959991649,0
668.874101551086,9,0.3350363894750696,705,1,13.467812715248156,0,0.9404602043499368,0
613.3138153378306,12,0.2400658317235009,694,0,1.5369347594212834,0,0.5848551077450674,0
497.3311442413717,20,0.0720340445808498,231,1,7.514331587388487,1,0.9471457612948968,0
1098.2935937651712,7,0.028223628942912,560,6,12.515393958513153,0,0.6287746811478665,0
566.7077702337347,15,0.1186196249244668,873,3,1.970372878762309,0,0.9416865397167864,0
485.765288997586,13,0.0893581967902645,409,1,9.39346664966386,0,0.5887909971399493,0
1702.197249043818,15,0.1483838540134081,70,3,0.809590309370742,0,0.8174318019446161,0
445.38486319708704,15,0.3446557238318108,619,3,32.82949323213244,1,0.8097682720186026,0
751.1153672267484,12,0.2032072323378349,531,2,24.681708875566965,0,0.9256268423697976,0
697.3137298255143,7,0.4025993548309262,655,3,6.761394797326123,0,0.9051048166873764,0
783.4479989599187,10,0.0879337280865704,899,1,17.707687504498526,0,0.6538406913688556,0
364.69974759603446,9,0.5183925329776087,855,3,52.65092843845808,0,0.7216390939480315,0
416.5857516048399,16,0.1274106691293954,253,3,11.786786318572789,0,0.6803133609239463,0
457.9674543538929,12,0.1805464375334952,756,1,1.4422260338897397,0,0.6372230562833314,0
1376.9855579895068,16,0.0840012873612935,549,0,25.72025467615256,0,0.7764297869349652,0
473.7222318241288,16,0.173143134165044,491,5,0.1604511669795983,0,0.8292791240355737,0
1121.036147639318,14,0.1375688610206553,841,2,2.2473476816082067,0,0.788156952772017,0
550.000769139083,17,0.1456305512339749,367,0,9.140067827936136,0,0.7370184899322091,0
870.9692890622523,22,0.081100143983345,558,4,2.0351538082590652,0,0.9332999505604962,0
501.33701009794027,11,0.0703021996639151,654,2,14.790772761392567,0,0.6608433687939613,0
613.750931733974,13,0.0257618239058201,240,1,12.607042817531047,0,0.7691860333816907,0
2171.001646602928,12,0.0714006115552104,423,1,7.053959954356894,0,0.7697819294205335,0
914.8031035261794,8,0.3670784518214769,102,2,9.599139493989703,0,0.7839467463110947,0
1414.767081470104,16,0.080665644247777,848,3,60.73635103726948,1,0.8109530990175763,0
652.0824192003845,9,0.1987326871984165,568,2,15.964749576911297,0,0.906658507747974,0
359.6976733215682,22,0.0674507807807007,312,4,3.268567911068673,0,0.9533587919296564,0
605.5210092472083,16,0.296635177913528,561,2,18.907106209808795,0,0.7826519949504339,0
423.5399352177555,22,0.1381570285745234,65,1,0.9520386373921635,0,0.6932366834605058,0
980.3005863551736,10,0.1895102198776039,280,1,15.121486368790368,0,0.8182432313428457,0
935.8069227704408,9,0.1174029902521678,111,2,6.345901210811244,0,0.8716557699660207,0
340.0250587142809,17,0.1818939394613638,64,1,7.944897217422484,0,0.8908907928345936,0
1095.2310120675145,20,0.2680499423038461,608,1,0.5659105753506612,0,0.8832217863782426,0
851.1577955776621,21,0.0910633611975865,295,3,16.86191012415899,0,0.7887743678460887,0
478.6301284567653,18,0.3406339202631808,923,2,7.765987576912231,0,0.6773873610894308,0
952.505735004772,11,0.1360856075568797,839,3,0.0657380033630053,0,0.5357260871810429,0
369.9695303258053,7,0.0434456861607561,374,2,6.746734133102387,1,0.9437867755824804,0
485.39862930120086,20,0.1170702065714583,916,3,9.29748635825684,0,0.9034591563274684,0
931.7821140598098,21,0.1231717513237456,99,1,9.140333096963198,0,0.9127905095212676,0
1366.9806740033173,12,0.125143490995421,771,5,16.01094289802338,0,0.9010998273686726,0
709.0143602520611,10,0.0926435539126854,469,4,6.018383682297229,0,0.7022478835211575,0
1418.9398218680035,22,0.2095264718919992,178,2,30.02420881259407,0,0.9665022074402788,0
846.0994969031584,11,0.2850828254068164,82,4,10.430305664106823,0,0.8390376324758198,0
764.9540512012882,12,0.1610239499508033,392,1,4.555619243103662,0,0.8535820959540924,0
1133.877939979397,11,0.1275377354014119,605,2,3.655398495452736,1,0.8338840732459005,0
395.9433365305508,9,0.3334481118214933,337,2,7.676551649237478,0,0.9375318573506316,0
1069.790832093712,7,0.4249647437837927,679,4,20.54643706004599,0,0.7384876621292558,0
74.53029551584584,0,0.6697421901383062,133,9,284.16068373703473,0,0.3049602908787731,1
768.6978568695213,14,0.1873617741489812,802,0,12.025958334571891,0,0.8147452466611698,0
870.5264302608136,15,0.1278122954339956,180,3,1.2250403015758613,0,0.9220275291825484,0
515.8361533249663,16,0.2480333387114847,116,2,27.00311309563238,0,0.8377533122967341,0
478.52500557427686,16,0.2193996072896161,886,2,11.01416769691552,0,0.9514773730676686,0
972.39272530563,9,0.2240707754126322,642,2,7.694323774363778,0,0.6796332103473951,0
313.5516985903807,13,0.1765405019158204,700,1,7.991322786771801,0,0.903745545750288,0
578.1638621761687,8,0.3846421319587106,730,2,36.799697519251225,0,0.9344777858161988,0
615.0787694767345,7,0.0995026950190418,952,0,1.965281307195845,1,0.8303234935130143,0
652.0257658248848,19,0.1468118615780465,916,1,14.611729355312043,0,0.8721036175246761,0
1266.751202791962,20,0.3341957812626884,811,2,4.1431400373379095,0,0.8242034084517508,0
772.2232317397759,19,0.0756711813901509,941,4,10.606111485914488,0,0.8683621535511983,0
711.5119828051251,9,0.3469338956311349,259,0,6.546730256440665,0,0.8393774965844281,0
453.7813528854933,5,0.7207365196296378,138,6,151.1402215964276,1,0.1874275254607175,1
584.268315693845,12,0.0524786123986628,807,2,3.143105733961226,0,0.7988151525415801,0
761.6635886270064,22,0.0085641747505457,578,1,24.212284281453183,0,0.8629531359375963,0
307.3467872020019,15,0.4407048634786286,514,0,0.5778410069551152,0,0.914317374626146,0
418.84630006113787,21,0.1583018598321119,500,4,9.238380647408787,0,0.7660332131263036,0
774.7292667437744,13,0.0861610625334184,80,1,19.71291947173845,0,0.7877565264661044,0
709.7396342272208,7,0.2340076543826787,266,1,5.443798967239481,0,0.938639311863545,0
716.5819736287226,8,0.3568893915708559,368,3,0.3655870135172219,0,0.9360216843744884,0
449.8544939358033,8,0.0852665271416003,481,3,57.15585757369245,0,0.6927154210977797,0
1130.0126102721829,19,0.1479265539133995,595,2,3.679547976166673,1,0.810582319186656,0
905.8867138243132,15,0.3640028763904191,803,3,8.181443034459264,0,0.5967580481860822,0
704.569681305358,17,0.1496152343863426,461,1,0.1583627954061517,0,0.8626041843361525,0
568.4043143231572,11,0.2673958487059185,44,2,20.66550137885932,0,0.8531518077270098,0
2160.546857139472,13,0.0873761579283064,665,2,0.0451180067403266,1,0.8099297169761674,0
832.4243491997249,14,0.2048699251678644,538,3,20.29736267242097,0,0.9622394332071268,0
1381.612916010912,21,0.3416459912067224,617,4,12.898522574872583,0,0.955673652776605,0
1687.6056735029863,9,0.4931363518215141,936,3,23.62330192410927,1,0.794261917968858,0
593.1272801865466,16,0.2104368860711232,276,3,1.2207233851751802,0,0.7122745429461677,0
536.3105392787788,14,0.0786219835713841,154,2,40.06148675616405,0,0.8427140214048685,0
905.9487191839684,8,0.0565339116969822,187,1,11.15014277467948,0,0.7428007586949423,0
832.8607268471088,18,0.1517910978814503,971,0,11.320723647010327,0,0.6992643336821964,0
946.09775699235,10,0.1853206033259454,535,1,3.378799286910006,0,0.8735067108467718,0
314.5281397864593,10,0.1310233576731068,435,3,16.356130901945757,0,0.8832224764255757,0
342.1992838473785,14,0.1405347241400858,955,3,19.05548435131393,0,0.6401791732553113,0
919.0257268425574,11,0.2680190630311878,255,2,22.255612200565597,0,0.7498051682052929,0
271.0778822758969,21,0.0935114121196562,401,0,8.345260211963602,0,0.8440664130826162,0
892.5786050553986,8,0.2226308789910672,963,4,10.788853389491152,0,0.9465020657557532,0
386.7980219711642,11,0.0522753319330474,605,0,21.188948042425693,0,0.8406456020495409,0
676.2075475959988,20,0.2288849596347334,432,2,5.503174321133143,0,0.8325798703192593,0
476.37892118628093,16,0.2523738764586847,779,2,8.14722672574313,0,0.7222120005517033,0
862.2304702383544,22,0.3562659808444616,555,3,13.196788939434038,0,0.943672735044682,0
1477.8006199991155,17,0.147841403338747,871,2,9.163257358200775,0,0.9055918160022997,0
1288.108892512869,16,0.2116602918867264,200,2,5.341946001029028,0,0.9149730375260272,0
1100.0686576760309,9,0.1746519301018416,522,5,44.84563655943707,0,0.8794396783303544,0
646.0110694092037,12,0.2906998675821807,909,3,1.4296890842524137,0,0.9512530301892518,0
577.8294669415911,15,0.025869360826416,965,5,1.4227742645658676,0,0.7586633662585472,0
458.6268967432803,17,0.0611844190617084,181,1,27.03709073745534,0,0.8293597344143695,0
496.74710781972414,16,0.3261465763429307,772,1,50.78178199819142,0,0.7417898941879818,0
161.5179459007579,18,0.0568182870089273,155,3,26.81526143544707,0,0.8039454216523109,0
1329.2954022933254,17,0.1110159304924102,841,3,4.440400360287613,0,0.9538455351692552,0
692.2681742680132,22,0.2188816094853666,745,5,5.139848873519813,0,0.8252331565582125,0
851.6087378412383,13,0.3458013680755716,586,2,0.1504343913574364,0,0.8635423172619616,0
784.4243209792699,10,0.0684618929837714,361,1,10.448081982379462,0,0.8432693488197034,0
400.108966841404,18,0.3118887620705954,433,1,26.35978019877348,0,0.9490311963583902,0
374.65863677037856,7,0.023364813237935,214,1,20.28835896576208,0,0.4317816534773682,0
263.96331052016853,4,0.6019955982677573,4,7,201.10405390699387,0,0.4729918079667947,1
439.94666349682103,10,0.3166092215571824,182,1,31.201608765682657,0,0.8226439508606614,0
541.3611272006356,9,0.2891048200067552,512,4,4.093534422847963,0,0.7639229068474174,0
577.1399403202975,19,0.1890435780095886,697,1,1.9240167728938449,0,0.968389767353138,0
782.9995382926819,11,0.3589540233297438,786,4,16.786162214175732,0,0.7171865400684371,0
462.3764848782806,11,0.1970656544446716,502,0,1.9999399913361544,0,0.9291973520687178,0
1232.5536148805345,13,0.0280650575214405,892,2,28.945003958187357,0,0.919176223063896,0
1183.0891106562635,19,0.1754385023441658,638,1,2.046780747937735,0,0.6539009736480413,0
328.0294289620647,15,0.1510510267548715,403,1,17.108045035763755,0,0.81801282368719,0
1186.4341934636898,19,0.2064330655379805,442,0,11.406388273227908,1,0.7684900464363631,0
435.871217167135,19,0.0795540499886108,553,4,10.546460334266342,1,0.8610844286535928,0
2117.5029708076945,7,0.1077080957600808,158,2,1.5892195356841825,0,0.6341040114702372,0
961.1344116876032,18,0.1272692939109058,310,1,24.109483429583076,0,0.8036024606675719,0
829.3670430056574,12,0.1497798772182535,117,2,10.159351311777828,0,0.9735089852718112,0
507.0433615577796,14,0.0710699657854017,265,4,7.284910825096176,0,0.9018141382533882,0
172.92450663673068,16,0.0193771071665699,477,2,0.8935976670983383,0,0.80692928011345,0
804.9271277851377,19,0.3831413176285103,624,1,3.387810536679618,0,0.6449332522869727,0
430.1353902294104,18,0.4002717944264605,288,1,7.714056804907336,0,0.8727359902199647,0
387.50973760063306,10,0.2835829409205166,897,4,12.02883460540097,0,0.856477528171719,0
592.4537720286745,20,0.2510326237165022,486,1,28.70791759034357,0,0.888189548045386,0
1032.3044526426586,22,0.1148285722458523,447,1,35.63347758366568,0,0.7261239915916236,0
445.3030714936386,8,0.4038528349917396,699,0,23.240271142045277,0,0.8723316033171004,0
752.5592150557654,14,0.1572147399780002,88,1,26.1340425171251,0,0.93827525830998,0
653.1578505917568,7,0.4846164688405066,995,0,10.424534836741518,0,0.969179222646918,0
1078.0211088636686,18,0.3217066429372865,887,3,17.886595964051594,0,0.6169573519882531,0
1824.6640186095588,12,0.1562868249314934,804,2,10.740517992323332,0,0.7030532733282401,0
742.1449096058277,18,0.0627124045444034,193,2,4.172900298184723,0,0.5563780202177571,0
490.186407489302,12,0.1941207699582462,406,1,21.904894718082577,0,0.6461606139221978,0
254.4187144198555,15,0.2590651105207665,699,2,6.9807573002626135,1,0.7975421120868127,0
379.186955305203,19,0.0174452607988196,517,3,22.66366325505238,0,0.5698377831932407,0
506.769321106685,11,0.2436378652241698,707,2,34.168714570377375,0,0.6910239654984405,0
1185.54333401731,8,0.1599371234279309,566,3,0.7315965275439308,0,0.4918358404331976,0
1111.682519427727,9,0.1132245235000935,86,3,0.3105829529920357,0,0.9002250884529668,0
356.74673799105983,11,0.165768524217705,792,2,3.4381616251402183,0,0.9459273648659686,0
671.8861887903547,18,0.3171569232642831,917,3,69.05664786766333,0,0.943214954141082,0
947.5547434854984,10,0.1471741283167128,160,3,15.390586085184628,0,0.8908277217895048,0
1081.0733427489904,7,0.0928446306903109,643,2,4.47315708179902,0,0.7102096857822946,0
310.6983447900826,19,0.0729845035278219,478,0,11.99814635377209,0,0.5234053403993084,0
932.6584210573478,15,0.1137161408484255,331,3,5.117509629426402,0,0.896021320511229,0
613.8299418974989,10,0.1583717322106747,847,2,14.124420239317455,0,0.8076997998519073,0
516.6854695035606,9,0.147524122719111,758,3,7.7368424912473746,0,0.6411043050491737,0
1277.509302515818,14,0.1317647120764915,198,3,20.71665274097728,0,0.7720528293634049,0
538.1471119573143,7,0.2534881273552254,547,2,4.871347680904197,0,0.7494043204278957,0
423.352588642771,21,0.362891208616707,698,1,0.347246685168452,0,0.6874418119328037,0
743.1960046597496,14,0.235683286645108,364,1,34.832508663220175,1,0.8666443603792251,0
263.3173920269318,11,0.1136153699169175,914,1,25.770890999783123,0,0.820140826756603,0
432.96304766717736,10,0.1194514261961986,150,2,23.923477856372077,0,0.6645512056797527,0
621.417329594817,13,0.1202684649871279,425,3,5.0872021961029565,0,0.9093914181156346,0
460.8610100933626,22,0.0725033739159127,708,1,3.2857041988685425,0,0.7720611460027728,0
839.6481172973072,18,0.1442956294238218,524,1,0.3423406928498036,0,0.8740952785062821,0
170.0043094195787,1,0.752457496249664,140,4,156.12231782005924,1,0.3594233631240295,1
631.4000216384774,7,0.1000444631126315,968,2,11.255585390269957,0,0.8227215215641477,0
788.3838234982218,10,0.2337950590767228,809,3,12.045348162535984,0,0.7119279025106017,0
400.9243140549928,8,0.1168311041803835,909,3,16.885522070240174,0,0.7936196330250664,0
284.6017875413175,17,0.2343223512117049,161,1,27.46800907189307,0,0.9248896216959996,0
427.7369752499658,9,0.1461574569294867,721,1,1.8124848023982647,0,0.876341188304599,0
1053.7873727007036,11,0.3640698546690775,568,2,6.124020867906367,0,0.7655805184270229,0
817.6255978364605,20,0.2047436035466443,615,1,31.64876389060748,0,0.8467803721956582,0
476.2511028753571,14,0.0459712123628976,481,3,2.428507606812182,0,0.8570844184479619,0
116.25032005710592,22,0.4103306573596493,158,9,85.41379464874473,1,0.3047385226382214,1
60.93938912162011,2,0.393630384129331,171,6,226.65339961331284,0,0.2619790348374517,1
85.53574734794503,2,0.8208827677082655,109,5,60.210197142443185,0,0.3821355429810147,1
940.6664497753952,20,0.2737273130586067,110,4,5.413394765888629,0,0.7744863890798002,0
546.2464838792977,12,0.1483522968739882,945,2,29.202967728663815,0,0.8794244375683208,0
195.11492709818776,16,0.1948202813566606,140,2,0.5080590858509998,0,0.7063460569236231,0
725.8832765766159,22,0.2214282722220887,817,2,7.475094508517989,0,0.9226386829794246,0
514.397757855069,18,0.4571166362931604,955,8,50.70599092081548,0,0.8127358254957424,0
386.9405727246574,22,0.0998783749210416,823,4,10.84217618892224,0,0.817920856060061,0
957.0994472475986,18,0.1153057088610624,329,1,5.317596264617196,0,0.5402624552442913,0
607.1455333131612,15,0.5510540731288045,44,5,11.12646082738386,0,0.744677994040156,0
274.90910703748887,19,0.2274889996353269,63,4,12.356272883869384,0,0.8065987010801481,0
662.3461679149477,11,0.3867730025086638,364,1,1.030718406283489,0,0.8848177704664576,0
300.2099765964403,8,0.1182299775677481,556,1,17.272722381968535,0,0.7124521740589265,0
862.2788849329114,20,0.2727638889251516,621,2,6.730422411559048,0,0.8250048237094999,0
482.6433294666888,9,0.1042568017152031,377,2,2.9934082985841153,0,0.8231534059181578,0
735.0967486028519,18,0.0662203442882761,558,3,7.077205741884872,0,0.8634422862351794,0
1158.322283670237,20,0.099878747946502,581,1,7.091229980513619,0,0.5897053569748719,0
238.27237643207124,5,0.5180195770487337,62,6,93.69877969731536,1,0.7669621198949987,1
426.36293158428646,20,0.071072276231533,866,1,25.725373516838424,0,0.9306850201760344,0
948.9606761020702,20,0.2524454064714228,643,1,54.31629660655667,0,0.7693552305340722,0
331.6065126325555,12,0.2218754792358492,988,3,10.04051009134949,0,0.9233386831069617,0
1301.032773385,22,0.0892417633820565,742,2,26.95162865023345,0,0.751228135889807,0
701.1959691322191,12,0.2943963165859342,317,1,18.038181998553114,0,0.7072388409653919,0
399.28435790248534,15,0.3346929919313698,633,3,7.7267994933544015,0,0.8828224621968471,0
617.3554688513613,18,0.1904738789117686,718,3,23.120103557354,0,0.5727139246615931,0
314.4762673130685,11,0.3576792883642333,774,3,57.454305838235285,0,0.7829777105781146,0
645.5103896394,20,0.0819527046012582,883,2,2.2216498422879325,0,0.7762429026065251,0
590.2083264993313,20,0.2838014198401851,844,2,0.2704379530590426,0,0.9164880748782038,0
715.2032276441358,16,0.127001488587193,915,3,34.18515277059933,0,0.8611641651945012,0
228.71059821388067,21,0.3070462943163529,629,0,0.1981317058627844,0,0.6947280019154223,0
800.1643965675321,21,0.2920100620735195,525,0,0.9508698468813536,0,0.8232580669498419,0
775.5010526365887,7,0.0698695546375122,747,8,38.48042245797664,0,0.5867197511455666,0
638.0131144059184,12,0.1113639957760538,706,2,61.82353477771292,0,0.6497637866417003,0
638.8728012542902,14,0.2150716365600805,696,0,3.4546986949750944,0,0.7057109650982911,0
449.28952111872553,17,0.0749348525352214,510,2,19.19348049936104,0,0.9213333568848496,0
758.2141187365934,21,0.3239960158179555,877,2,18.42216291423507,0,0.927855494666944,0
383.90233416553264,16,0.1479517684366229,280,1,28.707315944454376,0,0.8258762849310401,0
691.361361198804,18,0.2467798388614072,520,2,18.901169662690563,0,0.842645557621332,0
1222.4973053012482,9,0.319319440078443,513,4,44.30484658978787,0,0.6947585188666187,0
868.7984678943651,12,0.3898069975463961,780,3,39.903398064686584,0,0.8684584506504229,0
755.5432711961585,17,0.3157967171161151,584,1,44.15961128584923,0,0.7426518568333595,0
1098.1463382479203,8,0.0657124956258821,151,0,13.831723889163705,0,0.9702175146056258,0
1011.9601694866244,8,0.1098763237008304,330,1,47.51511330463573,0,0.7840842335483535,0
851.6305892827576,8,0.0465722329587464,639,2,2.8593486758898488,0,0.8363289008574635,0
683.5102179202723,9,0.1479768797894588,198,2,18.668092264875483,0,0.6334611545846315,0
1421.3672180848282,20,0.1000500193173254,90,1,6.85931087383408,0,0.8717479150300438,0
246.59851332281937,18,0.0778777025382413,110,3,8.603504934578476,0,0.907778535044178,0
624.3610817205969,15,0.1437130773740222,238,3,6.42717624577517,0,0.5664741080000326,0
1035.1874464005004,21,0.3721941798598323,307,0,18.349653052892872,1,0.8945486631909539,0
832.786651453318,20,0.0742270282354895,39,3,5.219318842177638,0,0.7188006707002763,0
729.8080984885698,11,0.1644210271996777,293,2,12.184217957630304,0,0.6045931929974235,0
149.2800051419889,17,0.084328907377959,278,1,46.83226630108926,0,0.6612101092930204,0
618.9935469034526,18,0.1326878731922273,38,0,47.965982377395534,0,0.7452780429077044,0
1041.3533678691374,8,0.2196380248808681,965,4,0.0865718063146415,0,0.7249073839295659,0
447.7326885161488,19,0.1471533338610067,774,0,8.34744421013463,0,0.8361517065755226,0
1914.319004830028,20,0.2598030660738559,149,1,20.865249362953666,0,0.7310814970350752,0
845.5180313096984,9,0.339332093324911,279,3,15.320411660345703,0,0.6334730569117453,0
742.2251568486494,20,0.0986157835129667,169,1,3.1496425440966407,0,0.9102340919328432,0
486.6004366922997,12,0.1010144788523359,166,2,13.203523237014563,0,0.7224355300261254,0
526.4708821475645,22,0.2315689791145855,683,2,9.49172601362762,0,0.7819307891790463,0
925.7028058913858,21,0.3001259161334353,554,1,10.951890954423218,0,0.6662620478562984,0
490.34057907174696,8,0.1754707384962426,682,2,17.862349870735777,0,0.7375018276530025,0
1082.346674482971,18,0.1468022664986675,433,3,38.22613807374683,0,0.8648563355860969,0
173.05930848243054,8,0.1501090064595983,711,1,13.166796619813642,0,0.9262178425713268,0
1020.1056794905562,7,0.2197801004919317,596,1,12.74872159036564,0,0.8477457376281063,0
642.3970292587342,22,0.1526516087397563,856,2,1.5006501455509795,0,0.7221572156234771,0
920.525857493176,15,0.2224316853134873,704,2,23.684572558613567,0,0.8104245536320263,0
906.7735803324672,14,0.3467535585577622,718,2,14.561197567526593,0,0.91968842397757,0
399.947502777336,14,0.1302783019183679,677,4,17.75779865837062,0,0.9461075512957078,0
264.9359822735171,7,0.3600089843943913,51,1,43.71075477485101,0,0.8639010618613651,0
1312.9257519708278,14,0.077291802771806,844,3,0.8037699472737434,0,0.8279274984898114,0
388.5211781495444,13,0.0814754484700455,962,1,58.990110211746256,0,0.8520079571721183,0
225.74056009696315,11,0.1924511012157932,38,2,1.2588503561479476,1,0.934706785776622,0
1282.4735342003207,8,0.4383440856572463,357,3,5.383829842260144,0,0.7143267873319268,0
714.6827453494184,10,0.0777346928031781,210,3,8.770678867129243,0,0.8366961295633119,0
767.379942533468,15,0.2198216979143152,694,2,2.4315242522850724,0,0.9260188846375208,0
50.374106242331095,0,0.8713222314955218,169,10,27.890131305213224,0,0.2221831254483206,1
447.4588286681134,9,0.1591914519553247,145,4,0.5190036602558222,0,0.5923782274543062,0
362.7179812515232,17,0.1559269654089802,146,0,16.666592977079237,0,0.8895197230487286,0
801.7667110976589,16,0.0862741498110271,380,3,34.60393372925236,0,0.7847123832720245,0
775.999949232997,22,0.4488881506805058,751,2,4.168224350225107,0,0.9133021616217972,0
394.54946429113534,17,0.1606790579704166,514,3,17.26650885129495,0,0.9504394302520844,0
438.0444759440733,9,0.13750390225369,504,3,25.78550640433963,0,0.8312531352676643,0
460.2514435239108,17,0.0621898582223627,121,2,5.041009345295087,0,0.6629054830597961,0
339.4489075537182,15,0.2368409557337355,631,2,6.54445116741872,0,0.8084290304795184,0
832.4359206621298,9,0.1010775886913922,135,4,17.515942885182312,0,0.7909813509885364,0
1161.1219960128565,19,0.1485197129131273,665,0,13.448301517358216,0,0.9441717950852851,0
225.1335812182193,18,0.1520541785288764,671,1,3.4897593138406364,0,0.7114455054452923,0
376.5788834697355,19,0.332311396481213,198,0,4.856467206237105,0,0.9369311247687095,0
308.16739891049355,7,0.3223978561608946,800,2,6.763960855167804,0,0.8559543740226212,0
552.970135897535,11,0.3333170880093571,835,3,25.46105789179037,0,0.8521343849721511,0
949.1133267688652,7,0.2492962207821502,32,2,1.1038200073969044,0,0.9056072609880376,0
30.90891118754852,22,0.6459145097520715,133,8,177.86154477409224,0,0.4641185243806026,1
547.9555513306677,22,0.1491239178344418,68,2,0.3510899005393249,0,0.9681906126405664,0
1241.1530652515692,14,0.348957031761762,466,1,1.2836386405595357,0,0.8994008112845978,0
615.8211763417266,20,0.2372582902456523,779,1,3.1893465675907073,0,0.90080760296073,0
584.7802338393252,18,0.1470087190820915,649,0,6.487636934660292,0,0.862558797687322,0
569.6297266938234,14,0.2163967719295519,993,2,5.546013767969869,0,0.6904492411207945,0
330.33154857893345,12,0.1535021162778183,359,0,9.554847692846794,0,0.7378597126064154,0
511.3336242772994,19,0.4587689615166425,409,0,46.771185698268475,0,0.938208941493751,0
553.8348239491421,18,0.185166144768637,122,2,2.501535766265428,0,0.9746017693849254,0
304.60286602223204,15,0.119382005469858,687,4,6.681650314054442,0,0.9296405602256104,0
717.80087222616,10,0.1700227716870872,987,1,4.08446559784356,0,0.5406689658564592,0
919.0600822738128,20,0.2165345366775959,594,4,19.095713735798675,0,0.8946889225135876,0
469.3090670564041,17,0.0588645218418042,777,1,12.19094338601066,0,0.8069477733980296,0
490.1701868518762,14,0.031991312524449,279,2,72.64808163725348,0,0.9085232128506572,0
731.8830009944991,10,0.1596651299673715,338,1,18.556742344839456,0,0.8533799878173555,0
425.2671357784257,22,0.0691513646814659,216,3,0.918084997669953,0,0.7229471492952962,0
344.0418572876858,21,0.5000959316935867,171,3,40.30587905149531,0,0.720250134690014,0
550.243736717031,19,0.0415057093659288,875,3,7.369373930703671,0,0.8243540607302374,0
366.3039715558369,22,0.1898532753004383,278,2,7.800574567828692,0,0.811559782253481,0
601.7656210014732,11,0.3680731183248611,369,0,16.614537786866762,0,0.846636590492532,0
555.550382116164,11,0.4384689461107995,410,0,6.9728137077033345,0,0.8592677024508213,0
260.3398827180433,8,0.1471312878398812,798,1,25.570409418568495,0,0.7947930262474812,0
773.0282911300585,10,0.2134268481838373,298,3,1.1743856454447053,0,0.7527836254889572,0
718.083654200109,14,0.5605186978752631,991,5,1.733796918369202,0,0.8321189273933505,0
838.2011155007458,13,0.2135629197402316,124,2,11.642028992102157,0,0.6778063929298819,0
416.4879159712475,13,0.1361945285770648,632,3,36.3198507116231,0,0.9104455296647967,0
619.7417898911806,11,0.056292853041582,382,0,6.274830805694702,0,0.9405088717359298,0
535.0468591407172,8,0.4165878683345237,147,1,16.385603828161212,0,0.4057598022117947,0
915.9413994048684,13,0.2200864086488465,663,4,17.90525835153728,0,0.5472242730698804,0
829.0722714729152,15,0.2217793411406708,664,0,13.684792886926816,0,0.7884024539668723,0
514.3510920377184,16,0.1252629775625443,266,3,3.208106105816658,1,0.8189124751129456,0
591.728167067881,21,0.495399391175758,174,3,2.3163104579872065,0,0.9275757031921816,0
835.9447574941956,20,0.0881763275415929,721,2,8.630494747853685,0,0.7610172255190965,0
406.6303303996795,13,0.134673671859828,834,1,23.45845651665602,0,0.9172636904354564,0
900.2205648904811,8,0.7100820612462717,704,4,10.458947347186063,0,0.7513661424087419,0
180.19609286692292,11,0.2883295342428268,740,1,7.641738730012052,0,0.8229688918782218,0
1016.6144211125888,14,0.1746852598551868,224,3,8.85255962783957,0,0.9721614837532876,0
347.7354454651651,19,0.0188184244232616,990,4,10.116631943335063,0,0.946465025837538,0
371.19453653095184,14,0.1300663731897469,84,3,2.5957286587840676,0,0.912817430585459,0
464.80795462331906,16,0.174474843471308,487,5,7.5994998484653,0,0.8005922359473461,0
495.8887369598033,16,0.0863457478583705,939,0,19.672029354630855,0,0.7108994610943926,0
1227.504646857198,13,0.1104581929224435,465,2,8.18428765884031,0,0.7323813201832313,0
130.636370675841,23,0.4294173131053133,166,6,3.864817924354763,1,0.549682247244373,1
1208.520681705402,18,0.1661772465214024,965,3,19.095867076802893,1,0.5813272365506723,0
815.315121929257,14,0.3460604429298205,649,2,11.81528947257458,0,0.797944180425788,0
1411.044817027736,12,0.2925394644327382,767,1,3.6290094023534127,0,0.9101630063574578,0
1544.3509634231211,8,0.5714775665187655,506,1,0.9182619428427048,0,0.7621718101241174,0
953.76939008315,11,0.2513938403732269,823,3,1.433588553482651,1,0.6584654483753651,0
669.8361874062591,10,0.2544909856155112,624,3,22.57630805031381,0,0.787369061462075,0
817.7534460076738,15,0.0092657419952544,67,1,5.2238748318829815,0,0.7467359674239931,0
703.5775786331185,18,0.2390310415588575,502,2,12.781365644053777,0,0.7741365351523426,0
1220.271527301916,9,0.2456239952846405,414,4,18.28754343404808,0,0.912610002565448,0
575.6426967082097,12,0.287662925309474,376,2,2.5174398953010733,0,0.8818773849630364,0
182.2684859536863,23,0.4543877829370319,163,5,43.13592426121077,1,0.4878890858530021,1
519.0874632644759,13,0.2499106631422333,83,1,12.598302929276748,0,0.9718283421686332,0
555.9817250471309,19,0.1585277696283636,610,2,14.652487849189622,0,0.7894643154320251,0
618.9745943298401,20,0.1190185010108051,778,1,39.23419202412265,0,0.9275392147179884,0
968.9234970343128,21,0.274436145668501,64,1,7.13973064086782,0,0.6838553863741172,0
693.4857753416183,20,0.290989449020428,896,4,4.617454200571713,0,0.8951798490133921,0
1085.430595167407,14,0.0191293151540796,183,1,1.3454153783208014,0,0.9393214332304708,0
968.4392927712788,17,0.0851714606625809,141,2,4.067291120537086,0,0.5835891065461464,0
1174.006402897484,12,0.08511176343671,882,2,28.449106128422525,0,0.8752478271807195,0
232.40710537916377,20,0.0287049193024273,316,2,2.1920988060625324,0,0.9254935920710576,0
306.3584635283265,3,0.4212927861805729,125,8,5.301560712131624,0,0.5828491663745677,1
405.358283479446,15,0.0175140817211955,589,3,3.0891963744104496,0,0.8901856382939985,0
589.8632013479014,13,0.1793014771588379,740,0,17.69121202402356,0,0.9315043782883218,0
3133.861250052008,10,0.22133989706971,970,1,29.34246470482086,0,0.8775348531661399,0
808.4856806897915,11,0.2987054385110436,116,3,15.56084597445084,0,0.7188181840805191,0
323.3941238313148,11,0.4266777639069795,620,2,0.148448915305172,1,0.7804668224186674,0
1148.0805545834023,11,0.5329963814293519,171,0,5.773631945463779,0,0.9032947067361204,0
672.4290754816467,20,0.1077892867745496,890,0,8.415551876030777,0,0.6384753433197438,0
408.75370431761746,20,0.1097566313788298,831,2,34.05800723814129,0,0.8979676014421033,0
642.3355072554399,12,0.0858260501391941,108,0,6.753703778018625,0,0.9027581099934952,0
333.1576291744884,16,0.3537781635354541,104,1,5.0515984117943695,0,0.8560555107084508,0
776.6573392309649,22,0.0471689525221925,629,2,65.73647668640555,0,0.8573046768018026,0
1377.8409645491963,22,0.2356680253652589,506,1,7.092344237620426,0,0.6275312010062895,0
288.15734711908965,22,0.0971988112297529,288,3,0.7622148020887829,0,0.5752810719747523,0
343.14223049759573,7,0.442267450482049,823,2,4.533286425012814,0,0.7647320884146493,0
305.50759147140957,7,0.2192663677607195,953,4,4.013272199755851,0,0.7590701110222642,0
399.50536975398063,14,0.189682284881342,188,2,4.311999840427724,0,0.8267184736728261,0
438.2517218638376,15,0.2332760097586726,110,3,5.487434221913097,0,0.8125957362263754,0
544.7683580489276,22,0.0835666456409758,465,0,5.034699182726093,0,0.5994681031445165,0
500.5582197875318,18,0.2391493139498778,574,3,3.069501641056834,1,0.9278041461334336,0
606.682350401105,9,0.1616902035243153,32,0,2.250089979813771,0,0.8981355607541406,0
819.0353618201694,12,0.1200130010892845,100,1,43.999306622036805,0,0.8148846116902423,0
856.7432295972357,13,0.2150599597262088,455,1,55.65554683160808,0,0.895877170904119,0
372.4675199905458,21,0.316681694499429,767,4,5.892959654341735,0,0.8363805791798268,0
538.9163531499504,18,0.2380710230506409,825,5,3.5011550513477916,0,0.4651369361432702,0
974.0484161621806,22,0.2757395165791015,656,0,70.84426633910743,0,0.9055708267158736,0
989.9656495440348,14,0.1143382527280618,886,2,36.98413557610515,0,0.8222112502401064,0
766.1517123440939,14,0.0880914863621529,864,1,42.16969158808384,0,0.3608124744284184,0
497.7997138188316,19,0.0859899310931737,152,1,6.818207267239296,0,0.8902431336528716,0
1034.4011492892566,11,0.1015631376498626,400,1,3.938618601079793,0,0.8523644923668637,0
453.9834338668066,15,0.166038171805685,999,4,10.13144898646248,0,0.8915411218441254,0
756.6500632831444,15,0.173288283930796,926,5,5.677503676936906,0,0.9222078553561468,0
796.8451852039942,20,0.1466543017752079,87,1,9.333909538390666,0,0.9075347832498476,0
852.601815447076,18,0.2101145252614718,511,1,7.874045777835091,0,0.5670345740936327,0
1250.3694023227729,17,0.1868558121860333,228,3,14.799579422110796,1,0.7715315015906998,0
756.0653985065745,15,0.2637121491825504,753,4,34.941518556951216,0,0.5252364276891515,0
1115.532897730753,9,0.1056015090656764,435,6,1.658429934744286,0,0.9160208739028042,0
811.6916663786869,8,0.2119094121804438,165,3,0.2200085280944258,0,0.7718332970272145,0
708.5361744836207,10,0.1902309401488916,701,3,2.8786223688954444,0,0.8727531646666428,0
739.5164132907472,18,0.0554750712636962,758,2,2.5666268778329537,0,0.7083534431864318,0
294.8840326213458,12,0.1799479398100472,694,1,7.340818735664069,0,0.8932347872434644,0
720.6577150277187,9,0.351693725782584,326,3,42.85952226970876,0,0.8884852305682687,0
861.3846026730306,17,0.3215324588946915,151,0,3.5131177834626377,0,0.7589163410510352,0
1310.749246328868,17,0.3007033539674879,545,4,48.82268745370163,0,0.715410523597822,0
461.1651405424725,15,0.3668889237923234,624,3,3.669225398616327,0,0.9578357497458614,0
1936.5590855874636,9,0.3434244226800466,82,1,5.729310654931156,0,0.9599125486055228,0
1007.9706491135988,14,0.056596111807349,304,1,1.367705547438456,0,0.9043357752676532,0
737.83451853359,22,0.2997556910921012,656,2,11.705313286448025,0,0.7998147351267045,0
3581.682130727966,11,0.2339938461433882,942,2,6.343812687534405,0,0.7469787629818286,0
545.9380064153005,19,0.2451568834112284,106,3,3.626607179632945,0,0.7539972438035114,0
407.3195453627191,21,0.2745016052208359,224,3,7.525606392405571,0,0.9015913150608458,0
664.9905919893331,9,0.0750097141393799,348,1,4.263735654214872,0,0.8622557782241472,0
431.2907572065891,19,0.1871884766153618,879,0,16.214108290457915,0,0.8562550238896659,0
572.1980589781269,9,0.0834118687456452,521,0,1.3562027168700117,0,0.9452928511745136,0
441.40811194166554,22,0.2283839502688461,405,4,2.0127029050562575,0,0.5885725325132357,0
1252.2854504199793,14,0.2220332591362546,482,3,13.882475436853204,0,0.8176538327271339,0
335.55049409649973,11,0.1444625097166851,412,3,14.757538074820223,0,0.8747770573011168,0
778.418785234737,18,0.0646399605617206,617,4,15.371007459814678,0,0.94647118164062,0
517.0784154592235,12,0.0622680926236095,691,3,13.269063760060169,0,0.6144175337540423,0
415.966515566797,15,0.5168057470569885,242,3,9.897925768541825,0,0.5230635555230166,0
963.9332790848564,17,0.3016006905902443,906,2,51.59380454303337,0,0.6553744326281262,0
803.3573423947859,12,0.1158464319933943,260,2,4.292747016869507,0,0.6230937116016663,0
640.8081143012141,10,0.3505497834309752,125,4,18.54378887735514,0,0.8709982106622579,0
261.402079647052,20,0.1103007557283917,69,3,1.2773119125199568,0,0.9314386234260468,0
188.8591822192901,17,0.0314055332506396,707,1,29.873488896632256,0,0.8828633486664392,0
955.3067916839072,19,0.0338100266414585,451,2,7.114111266159167,0,0.7169193808362512,0
660.710915848312,20,0.2323869707786354,924,2,14.358309745247285,0,0.8839178502432742,0
325.1462947531059,13,0.0291751877808457,272,0,14.5745917681155,0,0.8574335956572887,0
473.08193385418025,18,0.1330857565439235,957,1,27.230948750774264,0,0.5758926087191447,0
348.54162241021606,9,0.3908684208154326,276,2,15.830142474698205,0,0.905724962098826,0
1451.2939875597212,21,0.0994542355027093,847,2,7.77658417516011,0,0.7805835317853018,0
703.7987453867104,14,0.2205188577351965,63,2,10.917335774134347,0,0.8713220147554239,0
1500.6447488591846,15,0.054984828354332,537,1,23.61640247343312,0,0.7645689653776852,0
843.4035926625234,16,0.1634740325149764,799,5,4.303642206502225,0,0.7919891399952744,0
912.9416126542708,7,0.1412296435832307,958,1,25.779286743873215,0,0.9712375181635204,0
564.3220848079085,11,0.2152028896332622,862,1,4.485261495616129,0,0.9381859584197608,0
579.1273465273174,8,0.2648313093139037,685,0,56.73474923344381,0,0.3163613596118323,0
468.3708284644507,19,0.1651943998299696,240,1,6.9764718158683,0,0.8153748844787547,0
568.4550959895595,15,0.0783232597983117,421,2,5.4309431934441745,0,0.7990561638917728,0
190.58331928411891,4,0.6611293100757162,36,5,5.476828617518036,0,0.362189299445246,1
1371.4336325866373,12,0.2024211710001115,477,3,15.592132334852849,0,0.4344563927632138,0
953.6241913873688,7,0.0727450108290028,984,1,69.79358795781611,0,0.6604000022816435,0
248.21746995757573,15,0.2289028291012562,270,1,23.628309358810935,0,0.8580032206426791,0
278.50422181035134,9,0.0585690234733939,494,1,6.959656875066241,0,0.8861945707836879,0
718.74141084209,23,0.6897317168055551,104,9,68.13878523681511,0,0.3748355675561633,1
735.8322889637201,20,0.0392260587617994,385,1,7.6687362054109185,0,0.8603020943534434,0
549.3042835673806,18,0.0377227193712167,689,3,18.830634341300794,0,0.8214975840113886,0
1135.3181030577605,11,0.0925601166880083,935,2,2.057081820516814,0,0.9165533332185136,0
571.1707088601597,19,0.2620483325308549,430,1,6.89101511052189,0,0.8748731892588316,0
410.7609626357891,12,0.1104796227615932,501,2,6.493041670628934,0,0.7804655852863628,0
760.9450446087673,21,0.1079558240160123,392,2,12.201412789535546,0,0.6552484568836734,0
374.09859141178714,9,0.2479832082738164,900,1,9.952922353288717,0,0.6296144826382275,0
261.85613654784936,8,0.0340438639181384,763,1,13.28949470233554,0,0.90161410193793,0
647.7571459933087,20,0.0253324106588105,626,3,13.54811241851726,0,0.8964606228821275,0
388.44046875030585,19,0.1863896488156466,76,3,7.690831071394284,0,0.6524865501252513,0
410.38564818109654,11,0.2886976289237685,852,4,21.89777914376663,0,0.915882214553982,0
712.618264326242,9,0.0379960594287619,103,1,10.290800608530274,0,0.7350438771270714,0
1070.4897280396278,14,0.3209552185902916,829,4,27.924529427409045,0,0.5097392568918988,0
458.4984590594284,10,0.1297937436417206,756,2,24.76051367875027,1,0.7729321912789582,0
449.44279577074104,14,0.2096593138170772,214,3,8.773632339626044,0,0.6078317406924401,0
638.4201763666108,19,0.0647627185903574,169,1,6.119166103395587,0,0.8752415195704986,0
646.5960378397872,12,0.2182948764779309,576,4,14.492635754629395,0,0.8239028635705714,0
264.46630770370086,9,0.1935195153465732,923,1,8.51058923666991,0,0.7123094843394786,0
565.85780184996,16,0.1410059497063105,625,4,22.448653794770372,0,0.6446876823111803,0
546.1847647261771,20,0.0798995768909034,435,2,5.068726262986005,0,0.8426964568464705,0
1441.5780192131522,15,0.273062792860353,222,4,1.4955269518708652,0,0.8099621831742053,0
983.4258699577643,17,0.2463528697104071,952,3,14.138236381249724,0,0.88463678460592,0
667.9309226915011,9,0.2927195240046245,886,4,42.59430170108609,0,0.9206590541336084,0
628.0884115664719,9,0.1050624044271441,540,2,2.448839565704147,0,0.8442067433082514,0
1232.896655236775,19,0.2148405718060154,664,1,39.431140389514255,0,0.8016728101514305,0
996.2017148273578,8,0.2442323720060322,619,3,1.6537509456449109,0,0.7133295435049142,0
531.5376746916104,11,0.0656549843764518,773,3,9.680086737338264,0,0.6146174390533308,0
482.12379138067513,16,0.0825866410154971,653,4,9.098917446039785,0,0.8622379980620316,0
448.459848195764,15,0.2982458674410722,922,2,12.18174409400935,1,0.5622509082986551,0
1598.2939510590195,13,0.1477751467773616,814,1,4.78925246080112,0,0.8621669578493923,0
930.440943947982,22,0.2560043888292354,870,1,45.816255379014606,0,0.9172360566868726,0
1000.8162181698508,19,0.2876920695912699,419,2,53.3234268939639,0,0.7195339464196939,0
1014.11523730924,9,0.2855254274986263,535,3,43.71290794389476,0,0.523308034068801,0
297.27458646128304,14,0.2806876729160907,355,1,3.0221412727327572,0,0.9297972303394964,0
492.0804830959976,17,0.3321436602520977,203,2,8.336987532021958,0,0.7848869990056655,0
726.5492596602238,8,0.2220042577583386,468,1,25.095761262088793,0,0.8080114276262864,0
429.3570558891501,7,0.2016560717089522,628,3,6.133259708756016,0,0.5057222057016117,0
742.1079799661884,21,0.1678174901144304,736,3,10.009319452362618,0,0.7498598437605367,0
740.62872289515,16,0.3843358603321848,622,2,43.36609581540634,0,0.9348792052304824,0
1044.9725773714997,11,0.1502378608578473,232,3,15.008919108525108,0,0.9621593116554988,0
970.6793583248418,8,0.1150753625938496,118,2,20.107633609933007,0,0.8346256285277028,0
83.38224736883997,5,0.7540224587062195,40,9,126.54434399569725,0,0.2046122082988778,1
767.6056770342792,7,0.1942029118620885,751,2,16.6401524606874,0,0.8498617668614619,0
1091.7680483882164,7,0.1947464391744417,788,2,18.177442957832376,0,0.770177739608638,0
2687.464685864578,22,0.4267958045291452,743,1,13.17062770676998,0,0.925142718962642,0
75.72916078593033,3,0.8281454593715177,56,6,55.54305298184436,1,0.418199272023148,1
921.1953820194452,14,0.0474758659551006,743,1,33.29352806968554,0,0.8745364671539744,0
723.1344833724588,7,0.3173239757244372,840,4,10.525505437681634,0,0.7595914646363404,0
507.6455679256949,21,0.109292283855132,941,3,20.86302587321867,0,0.8349662917966478,0
346.86328191364936,10,0.2095599721012982,929,3,17.589408691979685,0,0.9655086407538414,0
1036.1985996560634,20,0.0407966938501364,770,4,3.626099345961978,0,0.8415275793703313,0
1115.924268141274,21,0.2244358646363967,539,1,9.423950522132165,0,0.9711843307336616,0
609.8282330676695,10,0.3561919952669567,37,3,7.091588361999975,0,0.9600782169684596,0
953.3892950099814,9,0.0617211698992897,664,3,8.219025573512976,0,0.2471031493123992,0
1033.6410902002638,17,0.1805758699588762,744,1,9.233894962742609,0,0.6287097303504696,0
697.6667224498889,20,0.0368657955893033,798,2,3.637489024428829,0,0.8557464029324474,0
2765.2263756077564,11,0.1260720547579689,486,3,9.7325429173472,0,0.8087405716831564,0
1337.7057404204274,12,0.1301176689400685,770,1,11.157635344161982,0,0.9055064011280304,0
293.1501358203316,13,0.142769826252409,637,2,7.058791098343607,0,0.9023786627919576,0
644.5784727659486,16,0.2063832503174666,551,2,10.2269614899809,0,0.9499456591090744,0
795.6101592847406,20,0.2168728845607239,348,2,13.827861551044167,0,0.7761740542900757,0
231.59078981371337,15,0.2143236661296694,215,5,17.075781255576786,0,0.592958157599265,0
891.286775155059,15,0.3978841621057654,215,2,11.894847893816465,0,0.756935619031032,0
883.5253803278868,9,0.3048965580379151,37,2,2.983812002200641,0,0.8831686827201165,0
297.3326582955109,14,0.0651112738094664,955,2,24.734260187042043,0,0.58728772118884,0
656.7804783746011,8,0.1236449117563435,136,3,19.511724764424734,0,0.7191006306143042,0
1526.7029450105424,15,0.497823496754508,37,2,10.41237841047634,0,0.7071708604921072,0
763.3048468949113,19,0.2207055239722733,425,1,12.690532056740649,0,0.7773776084811356,0
569.2934021541741,10,0.0368574845789485,647,2,6.033019216465425,0,0.5745660246329456,0
1106.7735284570315,15,0.1560291667888541,304,3,36.03369888745495,0,0.8666185480330076,0
566.2300264021367,22,0.1577454841469751,332,1,16.020423993068672,0,0.851917270728748,0
969.0893061817889,15,0.3294911091466427,357,0,38.304042673058774,0,0.9471472284268464,0
628.8944431756387,16,0.3500475457039858,496,4,13.912241553332748,0,0.6755733254757914,0
481.2967802120598,21,0.2161451176842131,64,1,15.828788372766263,0,0.9044689824261084,0
914.2730103602648,13,0.2816814079716098,455,1,35.054575705416525,0,0.8982521487366003,0
874.9814849647912,13,0.1884421805838854,30,2,8.367052312835042,0,0.91278541074601,0
594.1887825552263,17,0.1151630445665961,685,2,2.610452848945335,0,0.7866511595332686,0
1068.2083784959466,13,0.3639990394722922,378,2,1.0879357750096796,0,0.8516457847378975,0
1556.6822924063365,10,0.4007665532489182,414,2,2.732921341022038,0,0.7815936973558693,0
1118.1665815538238,20,0.1442986247055564,905,1,14.65041751859198,0,0.8038503787372534,0
454.1817030064284,18,0.1311731853880207,994,4,19.047936875735743,0,0.800578441801794,0
203.5825434521512,7,0.2181280508114334,253,2,7.230236374569498,0,0.7134382697652151,0
88.08710284287277,22,0.7481335692390213,124,15,381.2836870630125,1,0.0583228176478023,1
313.53427448988094,21,0.0868800600986491,60,1,0.6375926490268892,0,0.9203823501390864,0
763.5170888322026,12,0.2344010293454372,539,5,11.050743653367428,0,0.6111436860041004,0
635.9034621442786,16,0.0851351348382013,449,4,11.345729527195749,0,0.7620446777771452,0
968.9812606265197,14,0.3213104504353551,645,3,20.459749482933557,0,0.7726064600204647,0
845.3532153314487,14,0.1872111612006076,339,4,13.758189173435088,0,0.721630071462929,0
831.7168664976876,15,0.2024742262203099,847,2,7.298866572561589,0,0.8243572285652303,0
888.6396791453998,22,0.2217202745520766,194,1,11.889580070129934,0,0.7620956675701995,0
633.7529269164285,21,0.0926352427869835,366,1,7.186388893125731,0,0.9369589616759468,0
345.9210419889543,9,0.468315392235673,653,1,16.00630714322464,0,0.6527403953045217,0
605.1826986262047,16,0.1568786007127998,473,3,17.541950489955962,0,0.9538425581265088,0
1521.8482263167014,11,0.1146406858950254,267,2,10.84078822494686,0,0.6689167941192627,0
631.4433143269138,19,0.166087888400247,330,1,0.9999544983110162,0,0.8068402903221507,0
667.3118600451861,16,0.0973089012723474,967,0,8.955800113157755,0,0.5129142024986849,0
369.13903353866743,22,0.2159433812208799,644,0,2.851388811778792,0,0.7877078601096505,0
602.0754534863937,18,0.1565267939518515,61,2,3.1624177804774725,0,0.8594341204185316,0
603.200985522455,13,0.0434812997851898,477,1,1.721866233113671,0,0.91830461020946,0
442.9003423559723,7,0.0149473370489917,702,1,6.001378650824505,0,0.8995269120355207,0
524.5158554383673,20,0.0495994266111317,108,0,3.5562038782021563,0,0.8636172188346489,0
1007.647414240134,13,0.1473614243219284,102,3,28.14369671489217,0,0.7526587238061274,0
481.82206186743207,16,0.1426231790025451,917,0,10.90844206102525,0,0.8964688173754297,0
1401.8584193824058,16,0.1342566357815904,53,2,6.929844488143575,0,0.7819913696611764,0
1007.3813446014084,22,0.0901315447611639,591,4,39.115775939814405,0,0.724082562700901,0
228.62531266024416,8,0.1117444252694816,381,1,5.605628979456111,0,0.8699333978322182,0
1262.6964831484902,18,0.344576942083577,603,0,2.047569780039833,0,0.6651281855179451,0
1099.9621093163175,17,0.1390940838819524,558,2,8.735218248130533,0,0.7783790173936671,0
929.4347636896744,17,0.4679236876644294,345,3,3.2829884052764866,0,0.8705032278595753,0
597.0116392439987,20,0.1710678444432022,62,2,30.672324020458795,1,0.9300099462094864,0
1296.1807904073569,15,0.3445464941830879,933,1,5.072216589164313,0,0.6459910566872142,0
388.45050216425005,18,0.1386518917750497,350,1,1.2348513517126607,0,0.8540236300225179,0
437.4032665719263,16,0.155998488471969,646,0,9.323346692526206,0,0.8115838562055694,0
617.7059536454317,2,0.6054474955094976,34,10,112.20551227170456,0,0.3632297361972039,1
781.8082247071629,9,0.2033561679529689,268,4,51.05009302052861,0,0.8910911898630596,0
542.552312088135,16,0.1130772637072333,743,5,2.962864117483439,0,0.727049244450434,0
600.7036567581647,8,0.2044757194891923,937,2,1.7615551602826354,0,0.9563662552852272,0
2307.9896521891405,7,0.0389982730337041,337,4,3.629550546530997,1,0.802526716967492,0
542.64046904187,7,0.0406043329485336,288,1,4.054027373385257,0,0.9580851404467836,0
654.7651071773986,3,0.3131049888822563,58,8,47.445988587559775,1,0.1946138155581037,1
540.4806838679191,21,0.15493720826884,285,3,6.045934891852863,0,0.9866206367538176,0
1729.8210311176258,17,0.3896283212261133,660,1,0.3004054055884883,0,0.8382250675483655,0
818.6039135809935,11,0.3202542234931202,497,2,42.21010227565304,0,0.8483857292120732,0
722.7748353361808,10,0.1368786931734829,251,2,41.87003536473861,0,0.7020988267577957,0
295.34317176376186,8,0.3114780961126119,291,1,4.772818743389159,0,0.9414406436285824,0
313.4895517035266,10,0.5388831655484406,809,3,0.4598493113373094,0,0.6879092460322186,0
947.0671882108855,21,0.3298209428449016,619,2,4.110163399020878,0,0.8047085579769043,0
653.563261477358,21,0.248327511179205,944,2,13.93651637639987,0,0.901887134722124,0
433.5139518466981,20,0.1943245403793943,974,5,22.166370830061496,0,0.4963159029065566,0
692.8810574449219,20,0.1342244697443453,143,4,3.2715016932151206,0,0.602688211789256,0
1190.6826725587152,8,0.0668188643549884,391,2,12.556746761577806,0,0.9516545228256112,0
680.8396782283611,12,0.2116737458969312,639,3,26.535929927563146,0,0.8845304640419903,0
833.3379154755092,13,0.3514287537926026,406,1,31.85920274960129,0,0.852110581560357,0
762.223793418498,14,0.0371268589154533,920,1,2.974002271615795,0,0.9067022214232696,0
291.5155761602562,13,0.254089489445534,431,1,4.157516444018856,0,0.7573058274648323,0
116.30133530945784,22,0.2696089865710371,79,9,529.2153633320702,0,0.3278548113733764,1
1206.8737720205584,19,0.0969960871428672,275,4,3.501551428053055,0,0.8796454584217123,0
449.1065734117849,13,0.1966097314040215,236,2,17.46115911646599,0,0.9136066353389214,0
491.9539484745357,22,0.0403572963461782,121,2,21.02645501169894,0,0.7758027877642174,0
600.7851340424686,8,0.1038396546815486,828,2,6.160982544196579,0,0.8888805671290618,0
820.5102024518849,17,0.0453573609250871,846,0,0.75046178286184,0,0.8449104720257186,0
1240.950823655799,21,0.1890321354691129,524,2,5.82774872784843,0,0.6504974310189697,0
620.9861952382345,21,0.0419492180315377,305,2,8.527546718671406,0,0.8880319145601777,0
860.7526039125129,18,0.2433698089956567,877,1,67.81592254707492,0,0.8848255718368053,0
1360.907928726206,13,0.5055518903137055,267,2,0.5262533013429921,0,0.6150914540563261,0
504.18773701299176,21,0.1890738651509851,493,2,14.74051994030964,0,0.6374329737096079,0
448.4732982828105,20,0.3373368748078946,110,2,10.195352127394049,0,0.8948462903810693,0
505.8446941596983,11,0.2361585665032066,595,2,10.989744966937485,0,0.6073103765683768,0
1403.6652254662515,9,0.2521735657685689,98,3,10.755587290467489,0,0.6733976658358655,0
624.9838316987045,18,0.5268296524786429,511,1,2.09302372047044,0,0.9492363360041114,0
480.40600830171167,7,0.1882190150714512,635,5,9.873669734932754,0,0.7446526696590232,0
463.33638380395814,19,0.1430801800433263,838,1,1.9676288467934095,0,0.7784056412157468,0
461.9795215487085,20,0.2536132920301004,731,2,2.2057109085908086,0,0.9705178827727928,0
355.75390991208667,12,0.1998245003660834,856,1,8.503636449491049,0,0.7678295025854873,0
503.8901039424428,8,0.4078733652123862,511,1,18.967441640051767,0,0.875159148994931,0
751.9043755362336,19,0.1642503762951341,965,1,5.087320337736043,0,0.8506412577161573,0
1446.2476084011444,15,0.2806664496576205,507,3,29.34155468299049,0,0.8740766027634514,0
691.8818402429569,12,0.1655983461549501,109,2,9.73825567285126,0,0.8414120905195784,0
