application_completion_seconds,hour_of_day,email_domain_risk_score,account_age_days,num_applications_last_24h,ip_location_mismatch_km,is_vpn_or_proxy,profile_trust_score,label
616.0282083386152,2,0.356245506447887,31,9,90.87918363821248,0,0.173653075967215,1
484.9870134802654,18,0.3226203681894832,397,3,3.3974493139145356,0,0.8313449921411481,0
1337.704125943788,14,0.1091193519215709,368,2,6.462710028023658,0,0.67147394954052,0
182.00595492382251,0,0.619930347196922,92,5,127.51695686199236,0,0.4520804252045357,1
500.663223078266,8,0.0106025872909913,639,6,7.563572556653696,1,0.5961536543734921,0
1116.9793081048776,17,0.1815765413199734,171,3,21.367451550652483,0,0.6423300890518315,0
635.6818164102314,8,0.2238957870176171,968,1,94.22258883445645,0,0.7863206211755156,0
581.4556961198454,12,0.2291331381531329,458,4,77.18933147442048,0,0.6949125055654238,0
1181.4180122285838,8,0.3070430776353884,117,2,1.3523535388235357,0,0.939541979245028,0
1000.4477573740488,22,0.0691413998222835,43,1,7.682850434041568,0,0.8597820773027969,0
725.8784862359527,14,0.1140991778779888,114,5,10.664917397161656,0,0.7135236556754146,0
614.3800104207751,11,0.021872276410006,743,3,27.24733907243529,0,0.7816633319185268,0
633.4378431264955,22,0.1000490645186723,531,1,7.5618804464459295,0,0.8584580424816792,0
482.0339330759385,15,0.4420282805826024,829,3,11.395680226643927,0,0.9565240441231824,0
279.62306599073065,0,0.6822379298698177,35,7,106.96744099617857,1,0.3310152605091177,1
682.9629304782935,19,0.0506955454553307,623,1,67.87265909398425,0,0.90321034540826,0
517.6477119609812,21,0.1419251803838572,837,0,28.976672113816488,0,0.6065901114851581,0
552.6313307297813,18,0.2231246520488904,359,1,19.376230631928784,0,0.781389571126054,0
429.0078589837014,18,0.3018426906824136,82,1,1.4771264327246043,0,0.7559350545368162,0
1052.3257850610237,19,0.1100387788642186,623,0,25.676709550865176,0,0.8861563296347317,0
394.85298334481786,8,0.4764745990840123,361,2,10.20979873312904,0,0.831899741186845,0
337.6355086902355,21,0.1538229813632081,761,4,11.051479447755172,0,0.7372340602684103,0
612.8471718009686,20,0.0973640461315298,596,0,9.73477998704273,1,0.8003068163856031,0
425.3336224929844,10,0.2286839313583267,456,3,11.621518202935446,0,0.7619452997084205,0
450.8630761741226,8,0.1389567016016716,923,2,0.2499200373722375,0,0.7576025183567682,0
1850.1374117532057,20,0.2223859949946579,908,0,4.4391719963952365,0,0.8169364467849104,0
578.9834420011407,21,0.12113089250095,883,3,3.574337605543715,0,0.7715058260399665,0
885.743144715505,9,0.154414800763734,504,2,4.0449197428960595,0,0.6074721806841966,0
1690.3577041105668,7,0.0525326708056174,929,4,11.575047608562988,0,0.8192186724498582,0
2203.596654242899,11,0.3674310711045357,896,4,3.013755588535624,0,0.8297704719360914,0
423.1276213077961,13,0.056004848412868,755,0,6.417779671740141,0,0.8690623689681848,0
436.79836643869544,7,0.0994645947922048,434,3,2.617635757068126,0,0.792758511490046,0
805.6939215317439,13,0.320313325556613,764,1,3.3781341198937573,0,0.8562293448666111,0
1347.8269741678569,14,0.0774149985853175,88,2,13.738475587036348,0,0.7637269034594439,0
458.1962393372988,17,0.1994972653690526,257,2,44.49668655891405,0,0.7197184520456846,0
1914.3360475325344,8,0.1784146392924206,234,6,50.56751549673388,0,0.8850755047499508,0
810.3918998718207,8,0.292614845568886,412,3,34.25734725498123,0,0.7972446070117913,0
767.8200529118521,15,0.1454920791377193,813,1,19.228466854074284,0,0.6769582535692316,0
950.0882306794076,21,0.1887265328284077,262,2,27.70107823005802,1,0.9091418406918502,0
2658.2089124485037,19,0.0624064321154582,911,1,0.5185981779565049,0,0.6999543586215565,0
666.9147737674065,20,0.0224199259462137,814,4,6.1331726245469,0,0.7129759811267946,0
320.3928768459105,21,0.1343920808792705,48,0,41.7617653926678,0,0.8925516997778625,0
1412.571435010235,9,0.2973360910449995,751,3,0.6961305787730155,0,0.418904589913288,0
550.3004325668719,20,0.338812218769849,39,3,2.853819356418386,0,0.5313274443756778,0
1325.3487872039425,12,0.2261512559454204,80,2,27.61525629129479,0,0.8657986728894062,0
666.3452617454764,18,0.2975536052591022,834,1,0.2907181804963858,0,0.8650216307530544,0
1225.3529625858018,15,0.2866771765520946,291,3,0.0475309249265154,0,0.538246609103349,0
1144.8213218028443,11,0.0801821139832585,542,2,1.3895287376053935,0,0.8420424680619326,0
1444.6471817925026,10,0.0637879857260694,953,3,41.92371504893174,0,0.996134094863563,0
486.49315964211206,16,0.2232727510604102,128,0,14.177443939173063,0,0.905369943715164,0
1424.149113751865,11,0.1455690639698351,796,3,2.2716640028870825,1,0.6043337373668227,0
384.8025898308654,14,0.2037784013375678,487,1,5.564403591745426,0,0.7824250010252025,0
1483.8265158414918,15,0.1016081147389377,301,3,12.524087949337796,0,0.831643801624838,0
3959.6064605526954,10,0.1161078475894406,564,2,12.078358759831984,0,0.8728781465273302,0
302.2584682904228,9,0.0313026552496192,767,1,0.0158800268277936,0,0.9435468646415306,0
541.823733645659,16,0.3143572984963812,128,1,3.659415574230288,0,0.8871641814437186,0
533.771014545727,21,0.1666843728090518,951,2,3.668775051390778,1,0.7490613877256711,0
1001.9502323451331,22,0.2352129457178554,824,0,1.4420667735090442,0,0.8196580189430357,0
977.2022131724676,13,0.1120733288745461,439,5,67.33155749779641,0,0.4417614379487637,0
889.118913916279,10,0.1261760803770505,141,1,27.475847413027452,0,0.5424041706876687,0
909.0320947916936,13,0.0629831089423161,786,1,7.490834361544367,0,0.6656108582924543,0
341.2341121058025,21,0.1942125088768233,968,4,19.82490021971096,0,0.693847603538764,0
797.1116699548427,18,0.1230724150859932,239,0,0.5271741241200476,0,0.7616131862134613,0
848.506753024814,16,0.4840460936114832,750,1,23.629331718284988,0,0.6741022331306111,0
823.2961934450682,21,0.1725938745142357,226,5,25.94352560893597,0,0.8137460927893431,0
390.8289302635808,17,0.5649967025873726,687,1,1.4758868111739127,0,0.6518647755539965,0
1496.3865015372178,7,0.4406683715805353,275,1,4.136981044559431,0,0.6925780635637817,0
555.4887269802739,13,0.1446431116819421,175,2,5.4310664413027725,0,0.8567744348788022,0
2459.470922015978,8,0.2615116061849822,825,2,4.336087346176943,0,0.8778545258516193,0
637.1315744483699,13,0.3506022337247156,322,2,14.007067165651415,0,0.9183640702536242,0
443.73835160012817,21,0.1545826189841124,996,4,10.592873013864052,0,0.6939136340623702,0
1424.6128414763364,9,0.2551935331344281,229,0,0.7601617667211545,1,0.91241644377919,0
523.2339123480612,8,0.3759303625547995,734,0,25.42404400290845,0,0.93079969639711,0
1207.2041485113923,13,0.0625858469925862,991,2,30.34615397717537,0,0.8502356245569385,0
1103.2943606262618,7,0.0877963866626874,842,3,48.34162430175072,0,0.7017670390771322,0
961.0426978313386,19,0.2544739482158221,866,1,52.23032213998259,0,0.9510298158430246,0
1132.6846210776716,21,0.3149843182522732,87,0,1.7979348024655557,0,0.979611266178692,0
1211.889597663111,9,0.1943688412672188,689,3,32.79828077500432,0,0.734459115197014,0
2427.377382768505,10,0.1057867553126758,155,4,3.003694595185796,0,0.8444267912321666,0
1304.8076924260474,9,0.2209577945339132,545,2,5.4896328573526425,0,0.9770051990977476,0
735.5361573037187,17,0.280399942314918,545,2,32.63536271300774,0,0.8361323462404575,0
901.552690665422,17,0.1568461718925636,147,2,26.323069275021155,0,0.6666902903220792,0
500.08861236234446,20,0.0720936708296462,646,2,2.1827272677665435,0,0.6636478405989391,0
1394.650139086007,16,0.284643988915352,659,0,3.3078684384759716,0,0.566505285923601,0
848.4696986726962,14,0.2447776788536205,857,2,76.06292341785303,0,0.5408831612608423,0
977.097472289366,16,0.3627813198080052,376,4,3.1844678818084855,0,0.9569051220508684,0
1236.780631486836,20,0.0253799806676544,716,0,2.822026203102653,0,0.8603883006034128,0
1032.4259945028373,14,0.2073747167386613,390,1,3.4597575392722137,0,0.7233634478888916,0
901.98528858185,18,0.1174732559590227,444,2,3.0775111270264803,1,0.8343843776312938,0
589.6745852045392,22,0.1176300210338356,698,2,32.68290977094998,0,0.861689203007902,0
1123.162125562142,14,0.0655482625282617,187,1,1.471036085234834,0,0.9794829215024048,0
818.9806169252014,22,0.148776478713598,55,1,26.899821323195425,0,0.7982959614194488,0
1109.6931196370017,11,0.1568128990839494,738,1,6.535908741156849,0,0.5931775211783773,0
1145.9842201362042,12,0.3689545829022625,780,1,14.263672919773333,0,0.8545684426769339,0
620.338164330967,20,0.1611179616585555,346,2,7.331384547122488,1,0.6498684392932004,0
1303.417270209615,18,0.1461751370718136,439,1,7.974629589342035,0,0.9315369609400496,0
1206.560327346746,17,0.2159736278628998,954,3,0.9527092415516732,0,0.8747309979210021,0
501.9169484115517,22,0.5200020045483023,75,2,8.159465296849254,0,0.68199611111397,0
621.2658043918009,11,0.0899320658451594,297,3,9.350346462009789,0,0.6748603923273124,0
1468.375128792389,14,0.1265204713405096,944,0,32.664428715418644,0,0.6659998055637446,0
1555.9205322209368,14,0.3271499139055516,608,2,10.19843222724088,0,0.8559053459246746,0
1319.015308179914,13,0.1036264301960214,364,1,2.4564684818147624,0,0.4784111514045004,0
878.4959967459805,8,0.2174973252013196,946,2,19.22027974206316,0,0.7906464447883553,0
1052.0177341278484,22,0.0675801611665615,38,4,1.677548532470279,0,0.9357893716417216,0
1969.388990216171,12,0.2000056608616089,708,2,8.434489081149055,0,0.8375065247154945,0
819.1915260267549,20,0.0957398964101158,180,0,11.17862685282908,0,0.9233216398324888,0
995.9886713403708,13,0.1260368867364975,557,2,19.913325938073847,0,0.8533786919245228,0
601.1981820589972,11,0.1145312946448147,868,1,12.925514236021376,1,0.7234546760031528,0
1133.0088582021706,20,0.2476478010638159,123,0,38.675591960985855,0,0.832344143461124,0
1290.2450836016212,15,0.2418368468788098,421,1,11.115830294106395,0,0.9038212644609496,0
1561.607270094523,10,0.2669791243108814,997,3,21.69882090643786,0,0.7267400141938926,0
1322.8264915677414,10,0.1362659432951854,989,2,4.442874582471081,0,0.8380840586635769,0
840.0545066743734,15,0.4879866608623858,993,1,29.22227373939701,1,0.9294418284612592,0
1557.0566869890567,20,0.1649040093223662,135,1,4.916203505843456,0,0.7881155026252692,0
505.8559874306895,12,0.0749938073567661,696,4,37.10964293012917,0,0.8660407105866481,0
784.2922209522196,7,0.1309700119624956,922,1,7.368729470927458,1,0.5195052417946576,0
483.0901994364483,14,0.3740187232819693,248,3,10.113739308538973,0,0.8721596879487037,0
943.8330351378896,11,0.3058559741505208,813,1,3.9205151249013177,0,0.9103239061294356,0
478.431312849332,20,0.2733483072605667,330,0,6.52266261868915,1,0.7788990853581451,0
2047.4655039234951,20,0.2203984992045389,88,4,2.505388820741247,0,0.8761152735460771,0
465.5609994623764,20,0.4485780545620014,722,1,4.218730722543733,1,0.9380081743063204,0
942.882006406285,13,0.0448793446607034,502,2,4.7964053478208415,0,0.4803981317850987,0
552.780993287283,17,0.2263643738831621,990,6,24.96264018675295,0,0.8805219974198119,0
774.8461931063653,18,0.4519159648804393,879,4,56.71738317976948,0,0.8445625820253527,0
1001.9600331106948,7,0.2226891998855089,239,2,4.154112743066478,0,0.8263318684296885,0
1180.0266820319089,14,0.2865926993397885,492,1,25.14138099244759,1,0.8734271665261052,0
337.4382619424151,15,0.3336606095510952,965,3,30.860000489752224,0,0.7813643747067003,0
1018.2028448565771,21,0.1307650176229929,310,2,32.335892762170246,0,0.7566945239271741,0
1231.4626774710027,21,0.2988298895377145,629,1,14.167898026885243,1,0.4475239920591063,0
593.5388029759854,21,0.2110578153114315,904,2,20.122905405568417,0,0.8210636840657134,0
1928.2648055009952,7,0.3403994514135019,900,4,1.1979068510422168,0,0.7864901685223901,0
522.0914771222793,22,0.1912424035526651,925,2,12.09800502327944,0,0.801436014548361,0
2032.8358974072971,11,0.1357919824142208,732,3,41.435420841153075,0,0.8455566408864784,0
1208.9664356603394,17,0.0404618048008011,944,3,11.588784505305364,1,0.6428929432213143,0
846.9975310931478,12,0.1396825598345105,279,1,4.831065368301312,0,0.854505096896226,0
698.2509601468897,22,0.2043299957529122,720,3,9.002131127872126,0,0.5934298171678609,0
283.3857579123037,16,0.238566512775508,442,2,41.547631175017784,0,0.8300546464554353,0
853.2910385346196,10,0.1391865004829441,129,3,3.343692408588486,0,0.7868653485146622,0
2149.705484361839,14,0.0731696054463391,690,2,10.398632163552175,0,0.9176749276143388,0
411.9549588782027,14,0.4383440269314037,183,0,2.8039144374399387,0,0.947055757418274,0
1225.6305409296265,8,0.2447615004422585,436,1,7.786392215529752,0,0.9361391749309615,0
1481.3306291780782,19,0.2275211112303788,487,2,35.50770458798169,0,0.643833279226458,0
1159.3961215552038,14,0.2018894532213182,229,2,14.244735264055585,0,0.8375415608801128,0
727.1047321452799,12,0.1512533887566441,878,2,6.857549632194569,0,0.9237782522597862,0
1402.537794512782,13,0.1411723631320572,838,5,39.58181099899788,0,0.8387438406403639,0
488.8596915720561,22,0.0730590314549835,282,1,3.5692242641530685,0,0.8231094282359522,0
685.060593538287,18,0.3216051464531153,622,2,19.72846963896808,0,0.7776007028927662,0
827.5920334912191,8,0.1657469823629943,252,0,7.60806377571359,0,0.8047888706164019,0
1202.6256331077616,20,0.1147883964858824,230,6,1.3480078780786269,0,0.8995783280533016,0
578.1176340164606,7,0.0776480465840128,314,1,22.041274153466084,0,0.910933904431857,0
1034.224988178676,11,0.1639186153429503,452,3,3.395788877491187,0,0.6671891397069613,0
851.1747200061799,22,0.2853833422359846,271,3,29.5200664708424,0,0.7850728407396926,0
864.162192496481,10,0.2301777479807165,214,2,12.556295482656363,0,0.783193606337741,0
529.1555713383012,9,0.1796816371666645,606,1,19.400164794366734,0,0.8003626151593901,0
1030.9209016735408,17,0.1877012043476937,659,1,8.185374293126442,0,0.8973569784708654,0
489.1538862272577,11,0.2976355382294067,64,0,2.547066962574379,0,0.795789553880161,0
405.1604427923303,19,0.1452810205801646,667,4,0.2227072766281567,0,0.92555409007919,0
730.0377792468096,19,0.1738545639314078,920,0,3.5783963484418653,0,0.6740002379868589,0
1077.478720166764,15,0.1555437430302787,498,2,46.02197640225953,0,0.8242618581926093,0
1171.9102752894876,21,0.072955407981189,519,1,0.2933236292735754,0,0.8933685099330226,0
501.8322925425365,8,0.2163212962033996,84,2,24.56016187845502,0,0.9140916684676544,0
1034.1030146755877,15,0.2665751578687942,152,2,25.093081912065383,0,0.8422934271872091,0
3000.0155744964136,9,0.3381824271046836,218,0,57.752898502988536,0,0.6212800521112992,0
633.451418090678,15,0.3539982199342825,195,2,11.9779129592358,0,0.8137351559941727,0
583.118928796913,9,0.1614430150726992,665,3,9.50290887273501,0,0.7453676792825334,0
501.27259189465536,20,0.1190448678848074,107,4,28.70152583837124,0,0.926639896241313,0
1221.8269078270546,7,0.2122226258770542,525,1,2.692647223632242,0,0.935956536220822,0
1161.4848375782592,9,0.1662523942203922,361,2,2.979917219532499,0,0.8883326055786648,0
331.50825826952797,17,0.3874094860806665,96,0,13.16839708263717,0,0.8658566654491245,0
1927.4116419707884,9,0.3601700115219872,415,2,11.127260215969732,0,0.8008960840713691,0
1528.0405765238622,20,0.0702286735238511,394,3,36.42094054530907,0,0.8814695395721446,0
394.2619488659144,13,0.1214442022413796,953,1,17.041220458070857,1,0.7744331447984424,0
1746.29036195524,11,0.1228652763197011,494,4,20.44207646864717,1,0.9431645096674954,0
598.7310136565304,18,0.1766464919010296,779,3,37.467250497834456,0,0.7885309305337861,0
1154.7801905629815,13,0.0238735162358056,249,1,2.834904612319991,0,0.8674824985628854,0
795.2466440086331,15,0.2165228679100402,321,2,27.74319806447568,0,0.5550939371513759,0
628.2516659395557,19,0.2934331233841032,169,2,3.1244771367791904,0,0.7815793430719017,0
1210.3992106272867,18,0.3202160188846513,956,0,25.309705099391692,1,0.9237531234863678,0
1708.2794867676375,15,0.1833308582206967,935,1,46.11188472970838,0,0.913826309757546,0
778.8708548283109,7,0.3058751696303616,568,3,5.2235464839998675,0,0.7596965103066834,0
1422.8494171409222,9,0.0614793043784104,741,1,16.985372063943355,0,0.5438484967049302,0
371.93166247313815,13,0.2646429861510677,184,2,3.099692460684184,0,0.3707807022647092,0
4083.1456614688623,13,0.3980943125111091,78,0,78.52621661669853,0,0.9044751823143052,0
1636.9631295925328,13,0.3503775406370455,119,1,4.7208953354913765,0,0.5538847321617673,0
921.139331502719,21,0.2402099201212575,799,0,6.984583897200324,0,0.8793338962601775,0
830.6507775717591,8,0.2283247142898311,604,1,2.8474289499523295,0,0.8527226253653943,0
654.7434415020274,9,0.2027425317229693,682,2,5.111103277563507,1,0.9049864874811832,0
575.2942990189907,11,0.3879428730971243,789,1,38.088026962098056,0,0.8639995864157538,0
2017.5248971135804,14,0.2432346037614708,436,0,0.6603628048319463,0,0.8050315347348177,0
586.7754383486097,11,0.3421454976875998,120,1,14.479708703017298,0,0.8132062148093241,0
1812.5489860034943,11,0.2526587878515275,335,2,3.754427011935743,0,0.7842807931539648,0
1444.5698490900318,10,0.2589558132462879,472,1,1.7985748099480914,0,0.8122271832142088,0
974.6230010960488,22,0.1019681399149247,894,4,5.23289788199391,0,0.6464262972364166,0
504.6867990389782,12,0.190331726456124,298,2,5.062635586072683,0,0.678526059616052,0
1109.312968219231,19,0.1137424781078172,451,2,16.7491172382172,1,0.9370002602438376,0
598.2588037200967,18,0.0954865073875021,950,1,6.0867265654975515,0,0.6327251433187859,0
812.3315970162473,13,0.1124264179300588,133,1,1.0537713353939122,0,0.7464590793838155,0
1545.9996916904795,11,0.3603491643591013,365,1,4.669093564938204,0,0.92354841868628,0
789.6210303432368,20,0.1233416188382125,486,2,16.651944727152216,0,0.9605352770702617,0
1720.370500589395,9,0.002834966476047,298,4,8.421092754971232,0,0.8036908511418992,0
723.0962512880191,15,0.2713573584165306,595,1,3.0597255918225077,0,0.83399772194385,0
938.0885712490564,15,0.297005092908212,814,3,1.0764496215638817,0,0.7449276118626568,0
1084.5198091797197,18,0.0931201653755863,512,3,21.821078574813743,0,0.929410755438445,0
666.0857005823366,12,0.2559797610458239,581,2,8.081635367475412,0,0.4963960143168591,0
474.3504361179127,7,0.1286185744841712,681,0,7.7011004137977075,0,0.8936317298326443,0
3561.629783493507,17,0.3243570577293685,155,3,13.373442647143644,0,0.3220909668969137,0
403.7204402855417,10,0.1347879139764435,755,0,22.72877797224026,0,0.7219355903567308,0
1578.7827700994526,20,0.2612502234327214,45,0,9.765503285255605,0,0.831374209848829,0
756.8217458994486,18,0.1190283492772276,589,3,0.6686421269108492,0,0.7349742963506106,0
114.90585286772404,0,0.5400857325680238,67,9,121.39772303052042,0,0.2062108696684361,1
1283.3664129914257,7,0.1778608950365743,819,0,9.949439533887428,0,0.8721908339007736,0
1213.6643899718763,11,0.5356142844459804,458,1,18.168079408955144,0,0.7440696641587935,0
1106.996517865555,18,0.2189607009253968,938,1,20.581691165176167,0,0.7448600234437588,0
483.5834670930312,17,0.1286225158380161,520,3,4.537093690638058,0,0.9124801642946032,0
1524.0335594990506,13,0.0494905792858388,76,2,14.119046500377426,0,0.7823863142126508,0
1134.99000379899,19,0.0294242934037891,590,3,9.207299246121984,1,0.92088704542598,0
812.8742887379784,10,0.701548085007811,960,0,12.0903496174978,0,0.934426217249898,0
607.2095634709883,12,0.0865458234533949,328,2,1.2774960733132117,0,0.7676867196526436,0
791.9257277128734,12,0.3539460531901458,206,3,28.52528788773774,1,0.8445548016263124,0
394.5115380580345,19,0.1523983859037268,911,3,6.359283858934051,0,0.8826530639884146,0
945.8652859811908,22,0.05208088972719,806,4,76.98025991805657,0,0.8952962915216004,0
721.3967641075872,20,0.0155055106802114,830,3,5.674477650325762,0,0.7716338925613854,0
959.0728849208774,12,0.0566945140656745,633,3,7.691086870127339,0,0.7289635873866372,0
481.4272879387167,10,0.1474518168944146,115,2,12.689832781416374,0,0.8785894855681328,0
1368.3348700486804,12,0.1737338571357645,42,3,5.811912234853495,0,0.6746300490638656,0
709.9004623846762,7,0.0910951555825808,617,1,15.640398729900646,1,0.7051444423138806,0
823.6822285254319,10,0.2332250250002059,219,2,7.444463118557886,0,0.8325058364860362,0
868.6608628683754,12,0.204232862410318,250,3,10.215397012080498,0,0.6601804109059018,0
463.5807441824059,11,0.3948443622957773,683,1,8.988998170806559,0,0.6976729723294722,0
604.1138795447305,11,0.1205731171426452,190,1,0.8751572485980625,0,0.8318601325439813,0
1545.9099210466777,12,0.2148940720500252,328,2,3.358369572967036,0,0.7949107461139348,0
1249.8156375961737,21,0.220148635692869,645,4,6.408987009237541,0,0.8677559029021495,0
1121.5283798634523,20,0.4043653870919094,866,1,26.842245770125498,1,0.8886351492612816,0
1614.344774547685,11,0.2235519451261171,716,1,9.613617947207814,0,0.6907118880995786,0
839.2610718196231,15,0.3888427150396766,889,2,4.174991270073737,0,0.4543707762791465,0
890.38806510119,15,0.0751233390146496,560,5,13.009346860624984,0,0.8503714885230368,0
951.5054922526932,14,0.2707771733497122,958,3,17.41130490478876,0,0.8928923576054246,0
1224.7790674835192,15,0.1609073656720045,399,1,5.550209765292084,0,0.8947719311827058,0
1234.244683942047,16,0.0351414462763357,621,4,0.0885102666054171,0,0.8377043690991528,0
1450.610999154026,20,0.0871953585774547,505,1,16.878237375607952,0,0.7389768187832196,0
713.8763514238356,16,0.0547184706397369,903,3,3.041894469290223,0,0.7958790812280729,0
625.6382629662868,16,0.1449217425878215,345,3,2.1053437778306328,0,0.7029062330076923,0
908.5562777415212,12,0.1848361858257968,287,2,8.495206582250717,0,0.8674927490056682,0
1149.9328543043275,20,0.0557390346744084,530,4,23.64088183227781,0,0.9395024254620064,0
1057.178470829007,22,0.1224087247367979,189,0,14.994924689330055,0,0.8668804250346399,0
716.225872080475,21,0.1159747768750637,877,1,16.645051807236776,0,0.6156579996324364,0
458.1237718049674,7,0.1078275858020867,547,1,19.33975221329598,0,0.7618856306039744,0
715.1728623452477,20,0.0270203473018498,710,2,5.560523662025996,1,0.8432182629566697,0
1029.295307140131,9,0.2752496959388449,325,2,20.770908810913916,1,0.735385416081503,0
1028.8618286607834,22,0.2140085462498309,499,2,11.357199794162472,0,0.8232200986288386,0
979.7800321408224,8,0.1749205009642803,457,3,3.6911945648863664,0,0.8625918496098333,0
1727.4979414265672,13,0.3002500297687038,351,1,7.33591758051585,0,0.9198837583748678,0
2297.2478482813463,22,0.1651143344345709,393,0,7.367153502549093,0,0.975525294073238,0
159.62413619891663,5,0.3927580402659452,146,10,214.4141667932425,0,0.2417075729463693,1
2881.947385496774,17,0.1383603541043897,71,1,14.892121938026024,0,0.7759212859117333,0
743.316390970643,20,0.1410551141093637,452,3,2.3593525360382928,0,0.7162571972852162,0
1063.1578397651756,22,0.3469452102263417,881,3,3.978023302646702,0,0.8493105297620256,0
1811.398215642707,10,0.5156028625778117,893,1,13.346580531425946,1,0.7185020977379085,0
599.7039735967115,11,0.2735290943535335,346,1,11.110300048431942,0,0.8457982026218975,0
2264.646332805474,13,0.2806403055089609,330,1,28.9591034072675,0,0.8130528203277764,0
1071.781580695738,20,0.1423451037937209,461,4,15.152181274062617,0,0.9606586784491522,0
954.7952884287968,9,0.1871133871909001,382,0,9.412973062658564,0,0.7030371219499398,0
1667.4218939808702,13,0.1784972831705454,33,1,5.06036193006863,1,0.9400850082219476,0
1581.401452316334,14,0.1115409639395056,820,3,7.469006333505679,0,0.8170219000591139,0
2731.926215257799,15,0.3987951228031021,576,2,3.292986861731998,0,0.9196417237989136,0
1631.755570071123,9,0.1928409898135036,860,3,3.2971308640427046,1,0.7676940759803702,0
1385.0184656836568,19,0.2772930370363458,722,2,21.61503086244831,0,0.9167599062920052,0
1574.3683038613178,20,0.2410301795313251,262,1,19.956896019738313,1,0.8205257302589203,0
1547.889597849425,13,0.2925291781055778,859,1,12.386160336056342,0,0.4452453326760975,0
474.6459966131486,19,0.1268611199029768,37,3,10.512195072285264,0,0.9354047191222556,0
1522.4636782721982,8,0.3046538756280305,426,4,15.940036940625037,0,0.9167965499102436,0
933.0900120251664,19,0.089676809462416,630,3,5.632496078084383,0,0.7177230980238173,0
797.1991897851544,10,0.3613611890597774,663,2,20.130705714103428,0,0.9346594425271784,0
1450.581240590255,7,0.2299400611820869,999,1,19.57826389598044,0,0.6689985363142843,0
732.2882194381909,7,0.1264005389774185,646,2,5.076972383868269,0,0.8756596898898601,0
557.2570180073901,10,0.0681226416541241,881,4,13.845617531278284,1,0.7051543158501113,0
423.2641823895599,16,0.4829986932442508,32,0,1.2300280298501562,1,0.7545730142238588,0
1125.0624586431245,14,0.1562239982161515,651,3,53.20711331738328,0,0.5345730425519645,0
626.4669014372988,11,0.2062671148171737,342,2,8.666355741419292,0,0.9328069771971026,0
1241.2183129515388,18,0.3749400577426531,702,1,40.06272691946814,0,0.7861225764881878,0
344.51668173479845,17,0.4032109934184306,506,0,36.322636810085584,0,0.9198434064674962,0
1690.9845385287513,14,0.1568622286054213,368,4,10.411108283217914,0,0.9162233196003275,0
684.3658926478043,20,0.1670591942186754,452,3,9.85259678977341,0,0.5655609649258562,0
2495.9306605495913,18,0.1165547729659272,880,2,48.51495235615047,0,0.96338415865752,0
172.09660688952744,1,0.6430965297365906,133,7,184.0333437360356,1,0.1495754903851938,1
952.484672715341,20,0.1800457087190205,183,4,2.7071843331162095,1,0.7929262653254846,0
537.8941939364864,17,0.1268253677517405,457,0,14.028666439493518,0,0.915158513663103,0
1590.7604958126435,11,0.2910065321722713,959,3,0.502895511204295,1,0.5949719707835627,0
1547.7140294850133,17,0.1456511773411611,828,1,3.340200326830932,0,0.8774873139003293,0
913.935305732442,16,0.0351107109023183,709,0,7.356203343851913,0,0.6174340972604914,0
1304.210062601138,11,0.1180719197552816,687,3,5.669457979877056,0,0.7455582122141733,0
688.56531719608,8,0.0651864096991222,980,1,8.09806437909008,0,0.956789255111374,0
2588.06697619977,21,0.0275315773256934,887,2,7.807091243134822,0,0.797225034973639,0
384.7623144832588,10,0.1682203429749868,391,4,10.754699843628966,0,0.9599453050068518,0
390.1044748366811,15,0.1727422721709265,686,2,26.552178108331805,0,0.7098199845637163,0
796.2740046135469,22,0.212442722990831,390,2,16.42394349211798,0,0.9404402641819584,0
1996.7759603117256,10,0.026303465177856,773,2,26.30113560951485,0,0.623627771600865,0
1360.4555322144142,10,0.2824142523270638,266,2,14.268466730430228,0,0.8252635335690717,0
1159.445881039566,7,0.1964699381779984,739,2,41.88849835837636,0,0.7553742302256755,0
1625.4277987396777,15,0.0349242334008433,460,2,43.18344853473384,0,0.9846943971564696,0
644.6599749012518,12,0.0915652085151258,708,1,0.8957420809704255,0,0.5684083940377337,0
580.2110651849753,11,0.2942256977515135,85,3,4.6358462640843925,0,0.827323720612257,0
1429.8835844840976,15,0.0769547970337249,863,1,5.458049427158304,0,0.9758482982252964,0
1570.9300839767318,21,0.200907019685217,300,3,7.705868947671188,0,0.7078223639800252,0
1398.7493969042075,19,0.5099995510798245,515,0,12.527676059767732,0,0.7426035130787104,0
486.18319475133455,17,0.1101607174634319,218,4,40.56870751645155,0,0.8789365441664824,0
262.24712413943564,15,0.0558678397944845,858,5,18.83757361642872,1,0.8486643089748017,0
225.8063797442906,2,0.6839565175653222,178,9,27.35462085470471,1,0.3966532225251312,1
544.2593090935051,21,0.1686658508976207,559,1,0.9702059072264068,0,0.7369936465023071,0
807.7325171583955,19,0.2657228984361977,336,3,0.7154732371958479,0,0.979386746855822,0
467.18027310176046,16,0.0844504231438244,199,2,9.626655102110243,0,0.896564539102048,0
605.1994467766218,21,0.3468050821246085,880,2,13.911566610366556,0,0.6847266725085712,0
1387.2215612666207,11,0.1966949789992383,501,2,2.648331018610394,0,0.8078067238899501,0
873.781873383641,12,0.0523242504723847,582,0,2.3514246093609015,1,0.8187389268265132,0
1023.5293670299455,22,0.1709185457527626,692,1,18.36337803286049,1,0.8809497007823754,0
672.3931148036191,15,0.2657128786253757,501,2,3.3880697350775755,1,0.6649990131551136,0
1271.1463224533109,9,0.26775697390469,358,4,12.693385869642944,0,0.7841598396376585,0
652.5958421345815,18,0.1125893379267188,836,1,5.801664383540263,0,0.6352246141253644,0
615.5544381643945,10,0.1617773297456128,876,2,9.374132498988004,0,0.8842891184161569,0
488.76936054347465,13,0.1664858366360065,133,4,16.922989792702833,1,0.7092935003374359,0
1883.183617043705,8,0.1845625505236854,438,1,3.6931273160853273,1,0.7263556148157579,0
505.364086985366,10,0.2695712831488394,719,2,5.614126558913837,0,0.6575929044363706,0
702.7774408247474,10,0.3956497703749859,180,2,6.216162289454029,0,0.8864790565273563,0
1067.8936516013928,10,0.2263086396044298,452,3,21.0255172658701,0,0.9485942131816034,0
2276.0536580096273,19,0.1105159223259203,882,2,2.8895055669806493,0,0.8510508353692663,0
2115.3091525785385,8,0.111692105690394,118,0,2.0818480158306505,0,0.861424538906666,0
518.5071911665174,11,0.3321406494301123,729,0,4.398438376558996,0,0.9783046758402684,0
1176.1096691922733,7,0.2047495396285575,676,2,1.347438536703324,0,0.6735359783362693,0
674.9404937573819,7,0.1415856749238809,311,1,4.241596205781903,0,0.8789105318537148,0
456.1450736762103,11,0.4404782366445772,101,2,23.120891638511768,0,0.7216487318145534,0
867.0885799579727,20,0.2965560698636593,913,2,21.186101439976152,0,0.8231994587144333,0
1296.3623141079772,22,0.2331315890244574,570,0,19.03347133829556,0,0.8869168490177545,0
1252.145943019251,16,0.0525219852082799,803,1,1.3111876995929914,0,0.9256865898157848,0
2096.7598800521973,20,0.3561329297501577,313,2,18.696820576225445,0,0.625319154881926,0
2181.1252172390587,8,0.03817970001968,472,2,49.05323752871588,0,0.8190880576891119,0
994.6167999233206,16,0.0731838394910086,279,1,6.620651923557061,0,0.8023151057274838,0
959.2870394427052,7,0.1646413507816436,894,2,2.747430213379255,0,0.8027410512056733,0
1472.243020216701,11,0.2417567747689167,866,2,26.594780934337106,0,0.2552920467033946,0
658.8279469322181,14,0.2631669248838008,109,4,14.603878254639278,0,0.8218960342378423,0
730.6323063199688,22,0.1823984223444631,522,2,2.7844158154866387,0,0.7876694243317456,0
771.7069953905566,14,0.1461216368551164,453,1,9.724298362191448,0,0.7453231160901014,0
823.0451643634613,20,0.3674152680264299,764,0,8.64848112371577,1,0.8460844232157425,0
1323.7844681136596,13,0.127622418069714,143,0,32.59128695542076,0,0.7793343695405394,0
1057.2855162014012,17,0.0781031745200489,605,3,0.7255546007728877,0,0.6451640845176774,0
1113.1166735314955,17,0.1411305033090948,842,2,57.1168744414104,0,0.9643506179073806,0
732.4472948641313,19,0.4597662991272215,398,1,2.3547608581064075,0,0.7423196539994394,0
453.49965859281593,21,0.0902063442103773,261,2,9.829985031404403,0,0.8143832313527402,0
624.8287101645424,19,0.1765813800655377,854,3,36.85448710064223,0,0.8701505139798561,0
1471.2718033211263,13,0.2422102387055633,819,1,24.281226017806873,0,0.8610052854411508,0
1689.9008256672082,11,0.3707102944605064,681,3,4.946687589310675,0,0.9424310413490026,0
838.4259341505302,22,0.0144825555372675,859,3,18.449887546411315,0,0.7726568368238347,0
536.4537706042022,8,0.3192174242905148,437,3,4.741400028780098,0,0.7667979918979992,0
449.8770341081863,13,0.1661454584862595,718,4,22.893294258495132,0,0.7055591018926639,0
1007.5413528621372,12,0.0650123370711368,943,2,30.444340958240012,0,0.5113689321070598,0
687.3746915808457,11,0.2151645554364485,222,2,3.4602593466885403,0,0.9645570936302988,0
458.2509096898311,22,0.7252023639592978,100,9,110.94988092787231,0,0.3583069020318554,1
1021.2869672263156,15,0.2264781116661819,243,1,0.360895265618878,0,0.6168273397968496,0
339.6089988816405,3,0.1896825543952122,21,8,18.928038677522306,1,0.1428130308207552,1
1006.896409998862,15,0.2148412637172512,165,2,8.356364295194657,0,0.7146303435010508,0
295.88374073220626,13,0.2026724672320902,56,5,26.84089411896137,0,0.9268013034263586,0
2783.013689974054,16,0.3214437374209133,215,3,30.11387637067281,0,0.7600703116938698,0
1394.290120679635,12,0.1365080522929017,712,3,19.06832280517042,0,0.8210337411820752,0
582.2182522525146,19,0.3505437813918584,109,2,2.6515837739621935,0,0.8941196451297364,0
1270.9481961566723,20,0.2324133184612679,586,3,47.63253196001629,1,0.7186505058705641,0
1958.7825011123875,18,0.2746617608633492,701,1,3.3642369263321257,0,0.7834699614458269,0
2444.3395063128196,13,0.3016048623548078,628,1,35.11160996010847,1,0.7423568916825998,0
1284.4025900978718,17,0.478597281863215,928,0,44.05008468143658,0,0.8395601116416361,0
909.2834719423836,9,0.0232566106783724,521,2,27.628897979926105,0,0.8956246369784606,0
834.9181868600958,13,0.0909458277737639,315,3,0.8857575633920216,0,0.7951026317297404,0
673.5160147385088,10,0.1834975816246492,395,2,49.00554551996937,0,0.7912513770937446,0
1328.7971855994474,12,0.446312628844102,675,0,15.520533824085206,0,0.4957438304002053,0
695.8821046407905,14,0.0509914402984551,604,2,1.9883438781106124,0,0.7834902492112934,0
464.4301268548073,1,0.4619758217177648,68,14,122.55795114121364,0,0.3724655322360003,1
749.3129695686658,8,0.1112255445471185,333,3,17.9517061297619,0,0.9642244731820334,0
1287.8882960929552,12,0.049223977517894,330,2,26.186203065122054,0,0.8464910764022847,0
2210.6661509047817,17,0.0715594325308907,604,5,13.662864520760971,1,0.7114309480969514,0
811.4604658204087,7,0.2780536034021447,657,6,7.232824376559008,0,0.955328306812558,0
891.6740116559796,19,0.3078450619745359,702,1,35.13582304216346,1,0.9915560799164884,0
948.498192160928,15,0.0742379926628158,624,2,26.869616083754018,0,0.8486745071949965,0
659.4954597579706,15,0.1654092802543075,34,1,8.775458715267142,0,0.6496882854803671,0
1625.6842589664932,19,0.0450862155145745,40,2,15.524532710711854,0,0.9149581537572437,0
729.5740043966923,19,0.2067041522745452,393,1,15.020824076985177,0,0.9163152174643172,0
865.794949800306,13,0.0893919463486074,902,2,8.60470521590944,0,0.8436769724814542,0
1745.2524657361537,13,0.0134418333003871,624,3,7.3872872026629075,0,0.8618806333262451,0
1542.9101881434517,15,0.1109816441383355,77,2,6.321563127451435,0,0.8969874594240196,0
2577.8994833213687,13,0.0175586848563059,70,2,8.05301147311945,1,0.702768793136057,0
2143.300092422944,10,0.006705501358655,837,4,41.272404440043395,0,0.7185665474980896,0
1209.7891761853314,9,0.3075332174823444,724,0,24.96930818548964,0,0.7910712518860203,0
1348.3519839976382,20,0.2458974300159237,157,0,10.393658472102704,0,0.896862246906631,0
1453.8538575380142,9,0.09800805387668,794,0,35.64485357711154,0,0.8951678669572956,0
2073.289028051409,14,0.1162086548149002,910,5,13.265801248507708,0,0.887361252077104,0
587.6023208043569,16,0.4329987075900004,590,3,36.028384869549086,0,0.7892347820597208,0
1179.9868269642698,10,0.1587143597281164,525,1,10.764773739738644,0,0.636205440526707,0
748.3576636571391,10,0.128863704566905,427,1,12.986513188523205,1,0.5869687497110923,0
829.2952334384928,14,0.0514943534490927,73,3,12.139207710470028,0,0.6951712134696749,0
411.0112501868525,9,0.5445404866106082,527,3,2.095274523679559,0,0.924035012251936,0
287.1553170223763,23,0.7501146414275909,46,6,43.80281361583818,0,0.2602619389205148,1
417.8547769648642,8,0.1615137534541623,61,3,34.85929999687101,0,0.8778299017028041,0
697.0252892879885,14,0.2000813635961678,704,6,54.0973032331963,0,0.7772470287027252,0
2841.335215416275,16,0.1890987582104202,646,1,35.85821812071483,0,0.905141484991141,0
849.6361416526286,22,0.2093122205253253,562,1,8.70471603351136,0,0.9101818998787028,0
302.17817937695406,0,0.6723633241546216,60,6,13.177513163987804,0,0.0818125621377038,1
1268.0127419383998,14,0.2399773877285266,146,1,11.622643481812828,0,0.913719353534475,0
1052.923861026459,10,0.0412632493394072,636,2,0.0309793048006298,0,0.9699645168951898,0
563.4070868291767,19,0.1615222238584451,991,4,11.79534385205413,0,0.9216954613872224,0
979.216173196884,14,0.090744407553756,948,2,16.163670753371413,0,0.8388432831208315,0
931.5136479793804,14,0.3080907882807689,628,1,19.53004846709895,0,0.9536359237638612,0
1863.227396375603,13,0.0852228710198517,318,0,6.586683118929044,0,0.7656553451848154,0
570.3419087538654,22,0.3291922769749384,152,3,0.7340421778342636,0,0.6655871975808249,0
594.9736035334558,13,0.210916237830746,569,1,8.028597929770564,0,0.8341689872661258,0
637.663507509963,13,0.105708002239876,494,1,22.20598135581444,0,0.8743641456199608,0
546.1444441400768,18,0.01418348481472,279,0,3.931476768449758,0,0.9315710033543056,0
1154.0207494237818,14,0.1524454671398739,824,1,18.825975466708936,0,0.9730662093763764,0
357.39180970966015,10,0.1089294961004438,825,2,8.72694610081238,0,0.669350523024659,0
462.8489710345654,17,0.2904554871305915,622,3,21.8694637778832,0,0.8147731478869465,0
851.4970035601727,21,0.0815643016702659,702,0,34.24905326736072,0,0.8399034369598296,0
3116.9272181376855,13,0.1253654573377354,245,4,16.316632854319675,0,0.8294234853236901,0
1569.3161860431717,19,0.1024618230486854,65,0,8.08623236062332,0,0.925463587801686,0
525.8546769440183,22,0.1087288414522138,799,2,14.958133662568866,0,0.6383594946353444,0
959.657088619256,20,0.1136102933688349,814,1,7.392047555222368,0,0.8591184114166173,0
899.4491101883345,13,0.0435948175339572,611,2,3.248849210112454,0,0.7465635882278845,0
574.4435296949725,12,0.2333089006099204,494,5,37.80295135852388,0,0.9404423123897424,0
1005.504840145058,18,0.2757402663518717,697,3,6.355499283385926,1,0.871658360247882,0
476.9463162327429,1,0.7409155962362154,49,7,307.0962216239088,1,0.1480094580357976,1
718.5263618409726,17,0.0700772227105619,137,2,0.4740956880216767,1,0.8889124025871589,0
848.2704652803228,11,0.0941020861664386,181,3,9.691424690154353,0,0.9490195816617248,0
988.6125532823576,9,0.1402277452217935,284,3,8.373183495123996,0,0.9052278980016636,0
733.6025659435455,21,0.1039736109767125,955,2,15.48140644438626,0,0.6025175273270921,0
1224.6201529531193,7,0.369883351196586,172,0,9.957690124113308,0,0.9186124935082102,0
715.842362411256,16,0.211483968360976,294,1,1.6994538450483865,0,0.836127335456109,0
818.4857881700412,13,0.0833493802755148,804,3,29.55680758839595,0,0.6092851581562825,0
936.3845011499604,9,0.1180133925193401,186,5,4.646199156602719,0,0.6624312439359387,0
74.26235565056197,22,0.7232874670869102,118,4,26.877722085895268,0,0.1436005888947693,1
1087.467615220363,12,0.1053718713353492,645,4,7.578234570787259,0,0.7844157058423885,0
2214.775730640452,16,0.0458526478792826,379,3,0.7124670686105721,1,0.8532999906947657,0
1178.3356582465042,12,0.2198271326735098,396,1,0.5456253408398442,0,0.6617770258992096,0
1135.2902884312423,14,0.1670241064643279,539,3,21.16989904310397,0,0.7508850045856575,0
1475.4238483008596,19,0.0776311101940992,912,5,7.461665895249502,0,0.9425085318223492,0
1512.49334330255,12,0.1325070394459112,99,1,2.738610491337547,0,0.5902906191867812,0
1437.1041654583803,16,0.148593374627427,361,2,1.0105009120703388,0,0.8687532252908424,0
674.8476169435859,11,0.0839586426476663,426,2,6.730873686819866,0,0.7498324812020796,0
1234.20773356653,21,0.0626694304965511,853,2,5.319588459765091,0,0.7731964993194204,0
1858.6468918703256,16,0.2022473558766889,375,0,12.10794501456876,0,0.7378768917699595,0
748.9320781185403,19,0.088698519340356,439,2,6.938904332272625,0,0.5836628401748782,0
647.4997164606993,18,0.2652245509740476,842,6,7.644206147072591,0,0.8412686691184117,0
662.2644409109167,9,0.2289715657585841,891,2,6.1831633441888,0,0.8903760252511519,0
1383.394835209146,15,0.228345440014969,152,1,7.579318205293005,0,0.932994508887534,0
3019.8516696306115,11,0.2724702266183527,889,1,0.9902276422316167,0,0.9220750176017424,0
1364.91831711267,20,0.1690522294833301,983,0,28.114291175695467,0,0.8582730038514023,0
380.26060686473824,17,0.1435761629492942,243,3,23.57690324122759,0,0.8342627272500546,0
999.9716386442332,10,0.0640435619790045,234,2,4.034972947583154,0,0.71250263391562,0
721.4796758763546,15,0.1238335736431228,414,3,56.91449516527868,0,0.8844308162503568,0
1013.5459091516658,13,0.1005406171900958,877,3,0.2967952599745766,1,0.9470548073736454,0
709.5243397546352,10,0.0574122436638567,599,2,5.328449937830207,0,0.7750034449452479,0
959.0453468900388,9,0.2151415062420012,776,0,19.149141780904475,0,0.8588676176492892,0
883.7036028885198,22,0.3151716262135206,622,3,5.6444234103811075,0,0.9022702529465012,0
2571.896808126932,14,0.0569038377282753,923,1,11.299747767664822,1,0.664058763139884,0
1009.0975715312476,7,0.0752427170983652,456,1,6.42073186151368,0,0.9182544251104084,0
1860.493495482684,19,0.2838537964951182,968,1,3.647813751801042,0,0.8332125109576402,0
395.4737434636159,19,0.0790831101955927,871,2,1.874341471014341,0,0.6484024631538369,0
817.8358961544709,7,0.2731369213894514,891,4,20.93092746797974,1,0.6213082373303694,0
366.9088367199642,7,0.0671103976029743,640,1,6.567993035691541,0,0.700590476530109,0
513.0481235275832,21,0.3703425316540246,290,1,3.5168197013772526,0,0.8469084275826921,0
801.8753072983977,10,0.1349423564210021,403,3,12.074663328191075,0,0.6646639713529732,0
855.5452721020492,7,0.1786682786524633,467,4,11.384621809924877,0,0.7982225386080248,0
966.60252498455,20,0.2754215484388306,615,1,37.83498380692619,1,0.8012326560004721,0
1757.9615453203978,12,0.1995962407078238,794,3,51.79068443050039,0,0.9025562611197968,0
1085.6790805946698,18,0.3167696314259534,112,2,13.99662215310616,0,0.8152401931957659,0
84.35181035768407,23,0.4916335322129586,142,4,439.6470775722181,1,0.4318087961899124,1
890.3128191784942,19,0.0461413470582719,671,2,3.9431729859924625,0,0.8983449307105263,0
1191.0058049130391,15,0.0208364494014325,134,1,14.644625249901772,0,0.9500831427639276,0
657.36514769625,21,0.2300538047489121,991,1,9.985826633006674,0,0.7089739038762505,0
1906.431390144906,22,0.0682752660921133,939,2,14.572105253355284,1,0.8914655214031154,0
747.1773952261959,20,0.1472601082001449,761,3,1.4158290635748365,0,0.9257186716098114,0
378.19173526677906,8,0.2898276066704378,374,1,1.6916665430812468,0,0.923288778736528,0
861.0045579913902,15,0.4520433336590599,178,3,2.7846676994059836,0,0.6268619302463565,0
1484.6117662092577,7,0.2248681185872684,388,0,24.887662145646768,0,0.8852607426756676,0
777.3105259409047,12,0.266800393570561,431,0,35.77092379506977,0,0.5478296842411122,0
634.2412369879072,21,0.3364023450084196,583,1,1.7887523208783769,0,0.7203028739525212,0
466.6178877586061,7,0.2801374273427116,287,3,9.01003788360233,0,0.8530895671764708,0
736.5017195694439,15,0.1468076153586398,999,3,3.14121979906994,0,0.915486230756943,0
1412.219763521798,11,0.0895855800977883,511,2,1.3005077381094667,0,0.845108332595491,0
1057.7593309315566,14,0.6339893173718185,570,2,22.849710614257237,0,0.6982444141603443,0
746.6062486888595,9,0.1298091927451688,178,3,3.898932045380612,0,0.9623109479645598,0
2764.751006343908,11,0.2283593027905043,882,3,5.010206292902252,0,0.639297173153197,0
828.8655281975032,19,0.280512363354047,397,2,1.3488139421460212,0,0.9561659589044154,0
1087.5409452340307,19,0.0865415363796268,484,3,20.092202875603043,1,0.7164779608227243,0
1914.2420444710929,21,0.0167713248572318,693,2,7.028356357176499,0,0.6755011827582884,0
235.04956765084947,14,0.160595842068081,927,2,6.478866206462717,0,0.9316248196310412,0
998.7973013801208,16,0.2637720146685445,722,4,0.370678899362948,0,0.6623106010522913,0
538.4796362649049,11,0.4056516314691311,112,0,9.406592478025006,1,0.8355581981403291,0
665.5029850274628,15,0.4094815527047677,34,5,4.474567368593466,0,0.6620675320328929,0
569.5913082011637,7,0.1950653338903211,977,4,3.0673308691855623,0,0.6971809139082273,0
1094.4454185072589,8,0.2758478441953904,893,4,15.931334612438814,0,0.8080276132791668,0
810.4953966641629,8,0.1440829032013282,795,2,28.848088455982342,0,0.8656471911011133,0
980.5576277928974,16,0.0877806129518212,446,2,2.539785488920184,0,0.8716703363707436,0
648.2160848734002,7,0.4755406035073101,298,4,35.52576468013322,0,0.7621184599029812,0
649.2260878433727,18,0.1758466429725602,332,2,7.734204533988647,0,0.8705425102630404,0
322.7577500045839,15,0.193763028684017,544,3,8.936988718384923,0,0.7660510134098995,0
3002.325489127387,7,0.2580865302003924,30,3,9.317417713863277,0,0.5564234799208275,0
1810.681899085812,18,0.1856724321094618,863,4,9.664496419394368,0,0.8399776739975721,0
790.8254960608654,12,0.4116909938526962,222,1,10.51184394683797,0,0.8610722283204957,0
561.770546651138,10,0.1234458570391027,553,2,5.909492073146763,0,0.7679741552972973,0
1563.7207628000135,9,0.0594922628101649,334,1,20.566082313116,0,0.4645907784875206,0
986.4556518131568,17,0.1545021900469291,384,1,41.97390259412086,0,0.8879044692915967,0
1121.8680634998316,20,0.2644077977315482,773,4,19.98049636405744,0,0.9668313088508788,0
417.73467469212784,22,0.1006724579291018,39,1,40.45674594499637,0,0.7399129298463033,0
1504.2114420544642,8,0.2644590338852781,902,0,13.530095252352828,0,0.7533914817558516,0
1345.880590998804,14,0.0540629781347769,795,1,5.2965049410848835,0,0.8126806713326522,0
789.7009184217586,7,0.1456720702097093,804,3,12.055486869698152,0,0.8881694585515484,0
1095.735221883072,21,0.1344383377029405,650,1,14.786604140151718,0,0.9123217716730104,0
445.595472718514,13,0.2483719089333595,531,1,7.559745959604411,0,0.8289300732986203,0
581.6960251720205,8,0.0879461229207747,212,3,6.454121826758119,0,0.8530204330273686,0
787.0450038165685,12,0.2330347515243745,330,1,5.1463646319048575,1,0.7812169445965289,0
1977.495351166644,16,0.1277428782154646,785,3,28.399122453217455,0,0.6933893176372815,0
405.3195829588797,22,0.1448334391795089,76,2,12.290359832505018,0,0.5860097113783982,0
1186.895093997165,13,0.2131104170911015,915,3,45.649004330187715,1,0.8667929001335708,0
847.525265622699,22,0.1482086360701991,107,2,3.504746458032715,0,0.9417691551799884,0
1412.8911884168854,17,0.3622239112357304,836,0,16.125760037544246,0,0.8855172146777543,0
1002.064730660274,13,0.3362233502361735,388,0,37.38224682265898,0,0.7673701361689185,0
1823.2490791774776,10,0.1977454393453712,206,1,5.225649356311426,0,0.5530696632133216,0
1397.7207481876862,14,0.0118699541292808,363,4,9.379333091927183,0,0.9490254687703072,0
1836.0209699786428,19,0.2126251521384651,314,3,24.95083605051221,0,0.900562864161847,0
772.7174449996165,12,0.110993810594337,446,0,1.0312902809819688,0,0.749528272082803,0
1520.0897002697304,12,0.0401955496981284,380,2,79.94558806341276,0,0.871877694352201,0
265.53114137811735,5,0.4230106435651501,93,7,77.91246652755436,0,0.377186707283546,1
502.3554961653063,17,0.0877542315313711,916,1,20.76904897489456,0,0.9362469046009364,0
765.2108789985558,15,0.5593630184601571,70,1,41.326926094607934,0,0.8750405269671153,0
1095.531208611657,8,0.1172079439235398,196,3,10.879613956738948,0,0.6031355493872895,0
669.6710931709003,12,0.0997739899068894,463,2,21.203814345253143,0,0.8410545519344709,0
1062.073612801522,22,0.2307518051059113,307,0,8.297290858545152,0,0.9031857297110232,0
735.4495921033584,11,0.2007150946649032,622,0,37.099530699562344,0,0.8975591686852722,0
1403.763398634365,10,0.2344872935906361,880,2,2.2407884361120205,0,0.5244263622306341,0
585.1117182158865,13,0.304986865529319,131,2,12.554497541865588,0,0.7680632932645026,0
1379.8305153706965,21,0.1770494839601587,792,5,14.67687334995132,0,0.585532720422731,0
634.538601970351,18,0.2299543720608693,313,0,1.9613344965164536,1,0.9602605511295516,0
1802.0729446146129,7,0.2022811158921643,968,5,12.350796048544693,0,0.7968988866914969,0
744.2627235520604,10,0.1090920421900903,830,1,0.4876254649245056,0,0.8026858636932332,0
828.950189540321,10,0.1975775906332795,181,1,11.17703370619535,0,0.8047394752325606,0
808.5955043388583,14,0.011521290557608,228,2,2.578133645387973,0,0.6932796073408393,0
1109.5961103874054,8,0.0821292636828567,949,1,9.75548655543694,0,0.8404551935803029,0
861.9800278647707,8,0.2815894310592882,473,2,4.67017228235286,0,0.7111211229634016,0
573.7970789491885,20,0.3644816055838727,137,0,28.50156972503885,0,0.9678108213955008,0
521.2551802363804,10,0.2156591587904337,277,4,10.799712674267443,0,0.9791258615806688,0
619.5833168957816,21,0.390542094510396,299,2,1.0538076104318517,0,0.836558780436607,0
950.322105230746,13,0.1869292668165693,535,5,23.711799910489663,0,0.9598746627425278,0
173.0855586999182,0,0.5893003553720103,136,11,32.33968378534729,1,0.4882878684694566,1
2420.398404959287,14,0.2971060267326802,344,3,37.94445630357541,0,0.8660277358141681,0
643.2616050118145,12,0.3005255551448489,215,6,0.6352275446978652,0,0.9174491354517827,0
934.7862443125156,10,0.1865353496883831,974,5,19.437047319617296,0,0.958670513749282,0
545.4121888078937,23,0.5805034246614841,172,6,84.34662868686993,1,0.1992409910346413,1
872.48963435438,14,0.1957048513118861,938,1,37.214234762142056,0,0.921966851312124,0
1054.4401768711527,22,0.1241004386336609,693,5,6.377298602541351,0,0.7604796042324001,0
1886.8844104474024,22,0.1003195676736877,518,1,11.543405761195284,0,0.7615380554541263,0
693.012969515432,14,0.0853466760620285,568,3,9.938047423851424,0,0.9191175965124896,0
854.25172351387,17,0.2802116951230664,447,1,4.318405442017484,1,0.6962083256452719,0
766.4577943405033,20,0.1493653566879759,44,2,13.296228733098737,0,0.7716151820877528,0
1436.784272464594,17,0.1425889135225658,736,4,0.442681595729747,0,0.5843456733654927,0
1128.0933014724294,19,0.1009700684702948,458,2,9.275176393961589,0,0.8755025999503604,0
668.3538095640282,9,0.3493970115797584,861,2,10.3888635152437,0,0.7664310053512585,0
2099.95630926459,13,0.0460518594709289,929,1,16.64839934907726,0,0.8596592753637226,0
1090.1622547132663,8,0.0862258804941415,712,1,9.569555650980025,0,0.7268998794930879,0
325.3859032084686,16,0.1983829087767919,844,4,4.431639403452763,0,0.9134938149090724,0
981.7709765779656,10,0.2205074599320375,721,3,17.537460296037057,0,0.6744855773739526,0
865.25151095169,11,0.1123023839582747,405,2,39.27514890892903,0,0.8243880144110782,0
795.9227540735409,20,0.1058928410018491,908,2,35.89955807182223,0,0.8614157095714318,0
318.4133133073676,20,0.1799892307946688,157,0,38.11525576240603,0,0.6601298447043782,0
1299.2433208690352,13,0.3193895537339636,588,1,5.420921902288621,1,0.9235515780884682,0
591.4599359471924,11,0.1535570764106909,61,4,9.89219054656786,0,0.7429691329538305,0
621.7870051087673,11,0.3072104212779401,738,2,0.5893008317618648,0,0.6621788098841146,0
1546.6253978196671,17,0.1594691028185381,616,3,12.222542962895323,0,0.7411292008590316,0
921.3644835558914,8,0.1085987468282645,521,5,13.036774419944756,0,0.861692297770868,0
1754.5470946490798,15,0.226894915836536,160,1,0.9023118140934852,0,0.9187921410128392,0
2642.7843628706923,11,0.2647400897591487,598,2,1.2531449394372285,0,0.667109180028459,0
1444.6668911804193,17,0.0841124422625112,210,2,1.30763074655391,0,0.9521400256293316,0
610.1174371375367,22,0.1971827848554,185,1,4.09590241457345,0,0.9659273773932564,0
2687.198169585613,12,0.0464797436143015,594,1,7.561097525123049,0,0.7338974538328982,0
554.1761685673764,19,0.1602638245616561,615,0,39.85259917933429,0,0.7871835455677612,0
1066.8919710438486,10,0.1472397362402854,327,0,25.848031510151895,0,0.835832006504515,0
940.1121551317495,19,0.1546488942286582,225,0,5.627292872046536,0,0.5290590523372389,0
1143.2492892920943,20,0.1779773789338951,292,3,7.144969485970321,0,0.7509555482886533,0
1131.59741252857,8,0.3004979957300263,889,0,0.2373742848845794,0,0.8895066714433153,0
1143.357276829916,14,0.0620163495705403,555,5,3.7886518186687166,0,0.8367964655242975,0
426.74288039859687,19,0.0376658783645311,250,1,7.728301655656983,0,0.92894682211047,0
1071.5451839719376,21,0.3225516471863439,220,1,5.631395515182202,0,0.952969501922684,0
504.6808768830117,9,0.1381635439726294,614,1,4.011023534937846,1,0.9714082152999598,0
934.3517425737732,16,0.1289647744062949,116,2,58.05442885833026,1,0.4629859508260703,0
1454.1793607509717,10,0.405499621354688,158,2,17.843285398231163,0,0.6884251644609861,0
806.9268594149864,13,0.0163083535839267,806,3,89.6825085220083,0,0.8271130721907226,0
1153.4561952936635,15,0.2600461957408044,903,1,6.585351712478699,0,0.8586315310315176,0
531.2248848507988,19,0.2380786441689576,197,3,6.802324945594413,0,0.9376096852029104,0
605.6620681993206,17,0.3693978650928483,194,1,1.406275749862544,0,0.9397634404879462,0
764.0421476931073,10,0.1283931059557738,327,0,14.833997078324137,0,0.8780040463822799,0
751.2976844433389,21,0.1946708479698493,715,2,5.593929284947873,0,0.7150403886015628,0
475.8358008515117,15,0.2217680518846317,890,2,25.996453558195924,0,0.8812606580322869,0
570.0419079365442,8,0.2941715816843022,625,3,8.456121098896347,0,0.9100076557343204,0
1267.53124855998,15,0.2618593764102932,708,0,10.30509360381982,1,0.8932403723992428,0
338.7221328077238,9,0.2790291379109113,816,0,8.827431203535665,0,0.9794612253128387,0
68.03598530115183,5,0.4133768985765801,187,11,16.693278172081754,0,0.3982002259030834,1
759.0162924669137,17,0.2707065568763989,430,2,6.63747155746975,1,0.963055519035064,0
1053.7521606076996,15,0.4890743866873577,195,2,2.7516058260061524,0,0.8753523103619957,0
1110.6217192963493,8,0.0929753110160767,406,4,10.667091309646676,1,0.8729148165871111,0
919.0165562365022,8,0.4275458456753505,612,5,12.107344019919204,0,0.6629866445891391,0
583.0915846690884,22,0.6099744350560813,110,3,11.40704221556746,0,0.9196264195627284,0
3897.231588127871,13,0.1609245060432964,864,1,6.042570367907267,1,0.9376793583502836,0
953.53339008343,22,0.0257253510148578,697,3,11.204751863861013,0,0.6546497251791222,0
975.8395145152,22,0.3413110056334901,95,9,14.806221106817947,0,0.5990215758408333,1
1351.5100361986583,10,0.4951514797376102,514,1,4.433760300587793,0,0.8746019446299806,0
514.5740459267386,7,0.2164033233861801,34,3,28.9756069612424,1,0.6658716509536396,0
600.6412994985136,14,0.2755945794245072,301,5,39.01867574149453,0,0.7827357366051566,0
958.6592248485836,12,0.0975160671640817,122,3,5.436002669237334,0,0.8382408048149518,0
2538.643723914719,18,0.0347922052277142,64,2,20.363890856842453,0,0.5173423842357974,0
1300.804301968336,19,0.088457726077085,733,1,10.739976654129771,0,0.7757364431665426,0
625.3146533332468,10,0.1795567451942575,612,3,3.3446944571916215,0,0.6985552093753162,0
1415.9110262251393,7,0.1274522542387677,370,3,16.522013816797205,0,0.89227397237563,0
1885.52107013362,15,0.1340382372253178,885,4,1.3670436664098848,0,0.91843527283565,0
1068.0254172109069,21,0.1398203956856649,951,4,10.090700068253922,0,0.7390626297056138,0
414.28548531822696,7,0.3247611487769423,100,2,0.7125461963235745,0,0.8855219873407749,0
1555.5212246141602,16,0.0426348253193171,446,1,27.51870870377846,0,0.8862007175802422,0
959.4997507531136,10,0.1147699457806334,820,1,14.317158984811584,0,0.8482806064612566,0
1457.8346237794412,12,0.3604598353092004,320,0,42.6972294859786,0,0.672220045931376,0
610.6891938220689,13,0.0542006945022597,436,2,2.524087718284112,0,0.7032484957575734,0
1348.4198130720672,12,0.1366971424621062,324,2,3.2631786784551036,0,0.9484051886376876,0
296.06536825724686,19,0.1301214378822399,148,3,14.989208308813376,0,0.9808478057265632,0
693.5018447431065,13,0.1107188760158398,798,2,0.4413689978980011,0,0.7180681540204807,0
538.8792074576064,19,0.1464561256723239,204,4,20.20115789732703,0,0.6894095129821487,0
2330.76880508146,11,0.033515151618125,386,3,26.829451565870652,0,0.8445801714508697,0
1048.885559236896,7,0.2621130268665547,456,2,27.48130469312321,0,0.6890188279124687,0
695.1382272847412,18,0.0800738513598797,342,0,3.244352772243173,0,0.7666843627090479,0
972.4223987789034,21,0.1355545156100167,37,3,5.285005556821539,0,0.5715917472488129,0
271.5615484186377,16,0.1511607923093996,533,2,16.34077083638892,0,0.936085112637689,0
232.75411107703604,5,0.3140623394695488,129,4,83.53883601336369,1,0.5356345607216033,1
1211.0463750860115,19,0.0746152849002558,32,1,6.505878315489147,0,0.9015207390039444,0
1291.3996822165668,19,0.2041204853644402,769,3,0.1205083880328226,0,0.6489237019884259,0
1020.3922074306548,7,0.0197061218193925,253,2,20.04209898850467,0,0.9162543644439016,0
799.0014520509935,18,0.1004605298770347,783,0,2.4852043135566193,0,0.8050169774680831,0
1534.44793449947,8,0.0770675587152349,674,4,41.47286048863213,0,0.8968923329770279,0
775.687182933171,7,0.0256890314186953,643,1,7.655265368562904,0,0.8570138362697445,0
1075.5244740242686,8,0.3219430311922379,612,0,5.585158715744819,0,0.9649872527548214,0
1109.3637112604374,10,0.2082982657861033,572,2,25.73449116465972,0,0.6017545703155319,0
890.6167793930157,19,0.1944236281247414,582,1,18.696712562094937,0,0.8894408438383591,0
349.1949290468522,19,0.1330276852230252,586,2,14.068591407111214,0,0.826271108127214,0
286.20129060141915,9,0.2065162569921113,816,4,5.060601198734424,1,0.9676692423918908,0
595.6109953406327,18,0.5999059059007709,696,2,0.2618788620913941,0,0.7996086917731421,0
1644.7890204216992,16,0.428955491938059,126,0,19.368915146521704,0,0.8939260058767311,0
1219.3092497027092,9,0.3741031435127737,855,2,0.426603720358135,0,0.7428674886078711,0
954.2671372782472,21,0.1955938530706914,279,0,0.0437583006842207,0,0.8695908301510312,0
922.3262585996988,13,0.1683623334644008,966,3,3.771375554021907,0,0.8412530823962141,0
1808.8111814673337,21,0.0295030275827735,297,4,6.925523785383609,0,0.9392665886156156,0
663.2872563370079,21,0.2755454874769614,823,3,27.57307072217864,0,0.9275838647243724,0
1066.2841496562278,15,0.2054720123360692,596,4,8.6411374900071,0,0.917122565232205,0
907.07387707773,8,0.2538085187215122,661,2,28.550135594863548,0,0.8945971902998788,0
1832.3082852166765,10,0.1169657879398274,824,1,1.9313989228627184,0,0.6134803805265026,0
1112.7730835695152,21,0.1937981299638495,527,2,14.78719395134614,0,0.7499524105732424,0
967.281181795792,15,0.1277423402338084,786,1,7.5090373600944655,0,0.7122159016529876,0
764.033076634005,19,0.0406724183243417,576,3,10.62019188303149,0,0.7498750135127572,0
1981.3465002344303,9,0.3295832016017254,832,4,21.286121279225505,0,0.9318712841746736,0
1879.811748788516,22,0.2600280573520463,788,3,35.98721034503308,1,0.937955963029156,0
718.890514178962,14,0.20310003929864,715,3,5.286300945345088,0,0.8221755899869997,0
626.9223704120947,16,0.4402802714120976,315,2,33.26489092250131,0,0.9803915897562429,0
2628.230604435407,18,0.2126533728263921,864,1,0.0924702027845263,0,0.6743833199072253,0
987.2160358034344,22,0.2147488125711898,325,1,21.590847475019057,0,0.8430494621193512,0
578.9453209041523,21,0.1050350967260998,312,1,2.0331110437692583,0,0.6564861905409163,0
3781.2692661803057,14,0.1820770741643753,691,0,15.621028359309612,0,0.8100455979474241,0
1076.705985759697,9,0.261898829873601,379,1,25.89551097923965,0,0.8401566199039906,0
1596.9662081406818,20,0.4286567136175918,947,3,26.299721442129645,0,0.9041990634244478,0
268.2361018772447,17,0.4495206118186326,550,0,16.102662623774496,0,0.7431896958272202,0
716.3804586731848,8,0.1793808812508546,548,5,45.879330965242914,1,0.8750968899237364,0
1222.7215378098722,20,0.0386531798329506,482,2,20.736859152316153,0,0.8291564978162466,0
688.580383523977,20,0.0529892810099326,913,1,3.557128160084378,0,0.9575597089279968,0
992.1493255860876,20,0.0559617193803152,204,2,5.315243596961353,0,0.7285317929611781,0
598.5956058072071,10,0.1693555837267747,344,3,6.607288057088652,0,0.4069248059709163,0
1266.061894081269,22,0.2310866470444139,167,3,18.718521630400197,0,0.952336609202441,0
634.8975406243302,7,0.0931360194292028,384,3,1.2409701283854218,0,0.5973510263984331,0
474.32598952823594,19,0.2180040224597751,61,2,8.076963846580762,0,0.9810859291262426,0
479.7469585682747,7,0.5781660120077214,765,3,11.133907648111803,0,0.6700006035970804,0
695.7073458122335,11,0.0192926872572785,306,3,9.229483575870812,0,0.6351131129443233,0
1352.0857376099916,22,0.194860651346781,902,2,5.023335816298283,0,0.7670123859224973,0
1280.5476791736726,15,0.1427708646687609,558,0,6.0583427972506305,0,0.7573301037539069,0
1797.6136392282945,14,0.3794367659787115,876,2,13.320433266132577,0,0.8252482414425963,0
1614.112590027181,22,0.0475541556484262,708,1,1.1288729660512389,0,0.5675545077408207,0
542.4973488772777,9,0.209315753308553,467,3,22.451261788713143,0,0.592794341003125,0
199.81870037047665,0,0.9229471649237238,81,9,13.367268407273734,1,0.5109105650857255,1
874.7089255630774,13,0.131563246844887,305,3,8.983861582250048,0,0.9194236643232412,0
865.5387575382135,18,0.0390628658094453,67,1,5.667076740276247,0,0.8332850378641411,0
2256.720555801416,20,0.1571520278955725,664,0,29.520610824493197,0,0.6911260344545822,0
689.8139996103861,9,0.1156214424896623,898,1,40.97063407203879,0,0.6629541244584265,0
425.1127788194515,8,0.1031234974152363,457,4,0.4644671349124373,0,0.666571061904793,0
725.8241582632589,9,0.1633957402363068,56,0,14.40925800016507,0,0.9309909380299568,0
917.1171981861928,19,0.0345548581252941,232,2,12.956383317156574,0,0.9687138553664691,0
764.1969092987267,1,0.5477108689918835,165,12,695.1493358369573,1,0.3069895095890652,1
912.3731062629548,17,0.5013708223970527,766,2,10.239557819368905,0,0.8880144484914647,0
1383.5483935208538,15,0.2782211567604074,103,2,49.345285288539685,0,0.4673544568632812,0
1110.6309500316208,9,0.3422602595559066,144,2,0.8355196378540609,1,0.9654566962746348,0
906.7219935174346,10,0.1944213483688124,783,1,7.984125301059896,0,0.7902569250476656,0
644.5945635552655,11,0.3257537067816254,768,0,9.890674200867242,0,0.9393220515178706,0
373.2022795474506,15,0.0473286342387526,674,0,8.725997702305493,0,0.8830027383292848,0
1476.4855565028424,16,0.312281214859229,525,2,13.821982511408498,0,0.6923010760050164,0
1043.003014884683,20,0.7099700018946601,941,3,13.290647528763929,0,0.8683633131255972,0
694.3894619418543,20,0.1365273111435949,194,4,9.815240338536972,0,0.9080085920794764,0
586.6690180664235,16,0.0763689278943333,806,2,12.49622103961834,0,0.8283196180100946,0
1323.9392401717764,12,0.2265255681530863,886,2,19.563756066781245,0,0.7293210860046453,0
1105.7258475016622,15,0.0586488618600244,54,4,10.318658554404204,0,0.4820916599713505,0
2284.32773081708,13,0.2854207491131195,542,5,10.58708558866314,0,0.7513691030516667,0
1264.0951425757692,17,0.3111813416745763,129,0,74.58947782757976,0,0.8642022080638757,0
897.6292975830635,12,0.3157571500797056,675,2,4.112402555549821,0,0.8850033674335472,0
403.7728245460352,19,0.1441698399615169,436,4,1.2669808092916723,0,0.8271465727913792,0
1049.4991432840952,8,0.1460188077288668,780,5,2.3238788615944093,0,0.5846817575804522,0
393.61561427103345,12,0.0929079348635311,383,2,1.316223295582468,0,0.7369372770749016,0
2629.8287800996613,18,0.2040853591683847,823,0,8.870953805444323,0,0.9324145097852958,0
1199.672937410406,17,0.2003915737820082,243,1,67.3024656572589,0,0.9438977979388732,0
865.0683411598875,9,0.0449727030759507,708,1,10.138087818486545,1,0.5926825735069516,0
874.9565962634701,10,0.1954069845982006,592,2,11.905394907819565,0,0.4481071156954113,0
1288.3394671686697,19,0.0120480244128559,244,0,6.569134569495857,0,0.8459447995559397,0
739.6436685009778,12,0.0915929011740529,265,2,15.203698118470092,0,0.7525403959488791,0
1058.3920346183922,22,0.3120403789400855,736,1,35.609773238578775,0,0.8569270070619722,0
626.4198386421491,7,0.5046697367806477,123,3,9.073864960151544,0,0.598039338823434,0
2472.7206921712364,17,0.0850943195307609,619,0,1.458055577674603,0,0.8660422842578739,0
520.9383673832799,19,0.2121868549813257,930,2,0.8773364942542461,0,0.813149254818031,0
537.7136969678111,19,0.2783330945282465,828,0,27.552751422048814,0,0.7794578931266324,0
819.1129271979406,9,0.2434350856734875,548,2,34.69027130410587,0,0.5654836954541023,0
791.4353437309727,9,0.4173947076138149,686,3,18.01434595118573,1,0.7985642446575115,0
1912.5052289211676,9,0.1995454975613829,306,6,17.896210620437785,0,0.5933773357242839,0
171.00141445653307,3,0.7081628147537798,35,8,42.308931235323286,0,0.145100979228822,1
528.2231535903079,14,0.0801867491968429,137,1,5.689989594444817,1,0.8095832198920986,0
640.5671842212893,18,0.55811469845695,863,3,16.222142530598816,0,0.6933255779913471,0
2478.970093184789,17,0.7182669516042223,259,3,5.399133820048427,0,0.7012243289247111,0
550.4645879656244,20,0.3168638827171515,782,2,6.409634414172676,0,0.8474492923099783,0
994.6770555051198,11,0.3712627109287695,893,4,23.988951865366296,0,0.6766832371683872,0
763.1026573760714,15,0.148132323880938,821,2,9.713449722742748,0,0.7318946232342207,0
2234.284245941062,14,0.2131206337409581,305,4,4.187384578954094,0,0.8584352502802916,0
735.2328339797351,18,0.1321403969922659,935,1,42.96617156002517,0,0.5502908670171717,0
798.7913382418612,13,0.060455478355606,529,0,9.562013080834896,1,0.805999361076136,0
748.4947864029251,14,0.2008373300090644,422,2,4.459390400148361,0,0.9386218617130084,0
369.7174830722427,17,0.1594403190300062,961,3,16.531012366848525,0,0.7361513785407684,0
901.90121169567,11,0.2772155506507627,522,0,2.796977676069894,0,0.5738824752217047,0
922.7472968954432,20,0.0688935191802839,255,1,35.10986519752839,1,0.756291926922312,0
883.1327608847358,19,0.1575147195774446,741,3,16.92300821167629,0,0.7413793623907793,0
759.648074074737,0,0.5273882960355173,70,9,25.64016755595092,0,0.2602628207704076,1
902.1421437383322,20,0.0324160120414138,208,3,31.534446883734457,0,0.973987345449102,0
381.913494067848,13,0.1600480083796438,486,2,21.812201244848932,1,0.7523759885196278,0
3053.108995709194,18,0.0313566908267099,543,4,19.40270036856014,0,0.8981381543591295,0
544.9898647715138,13,0.1272550782866451,598,1,17.558587412068604,0,0.9378824370834096,0
2131.949289331051,10,0.1923280166665634,494,2,14.67474215790196,0,0.7985521482762238,0
1824.037726266166,21,0.2997657401919689,401,2,21.815685062043837,0,0.4160000615179547,0
1595.3319301186605,8,0.0488232153909804,277,0,24.435252263376576,0,0.6844020888466017,0
451.1906733171817,17,0.0836723173582527,979,0,19.364243294409476,0,0.9513086943906822,0
593.835708727277,18,0.1132231447710174,178,1,25.11866840734775,0,0.6018101353549934,0
1019.5728957950988,18,0.0689153787568133,633,3,15.560019680184627,0,0.9378274998274988,0
1521.344710438718,13,0.1085205565498953,62,2,6.221595441515784,0,0.7732399194859475,0
1386.7215334683617,22,0.0697826295283958,624,2,1.7240228822693762,0,0.9284003418676944,0
885.6935537286081,20,0.1674179617555861,699,2,31.3731910280516,1,0.5410046086172273,0
417.08174342345734,21,0.1076554700356083,299,1,20.220343720739397,0,0.805624316774111,0
671.4287265517364,8,0.0335273724572505,360,1,15.106362868385816,0,0.5023253592482949,0
1014.7125263756484,9,0.0469695518819033,427,1,22.071299692616368,0,0.9011732542252476,0
473.0482699903504,21,0.0910958142124572,946,1,10.747301455940043,0,0.6102022767591517,0
397.2043165015716,9,0.0417461206148507,335,0,0.8952622580995199,0,0.9307847908387,0
352.9634121691731,18,0.2627923426020305,634,2,5.753911703547074,0,0.8366358828721581,0
870.7794360061664,16,0.2795496270194526,111,2,5.177232564840512,0,0.8501250784368226,0
1056.4732764156918,20,0.3447338025024906,267,2,17.88030467340688,0,0.8615587915040556,0
1766.7135023667956,8,0.0102931944516342,640,2,26.160168730066314,1,0.9101169014974874,0
926.2021247393238,15,0.2088587611273606,154,4,3.368670013043174,0,0.5463682948727611,0
1714.2743045539762,7,0.6074700250363819,571,2,3.248489712167796,0,0.8168384626420566,0
487.1890540185529,17,0.1009281344742444,844,2,0.1535654592340866,1,0.3422139332470688,0
1466.6165661946677,15,0.0697227891785099,818,1,28.19212144976714,0,0.7025679916584523,0
1125.4120442287178,19,0.0229301243650115,595,5,28.697080846893503,0,0.8472413833160927,0
1313.0397907863498,20,0.2323167411353338,733,2,20.176934336074048,1,0.8182334216771386,0
515.1725582514905,7,0.2158860249550634,506,5,6.2146361041195535,0,0.8180163089835859,0
1612.5548517229042,16,0.3435783806065331,522,3,4.718408852033517,0,0.7912558590943227,0
1230.908291974892,20,0.0982071419126264,275,2,21.00164564683874,0,0.6816975426517569,0
1348.550413690801,20,0.1911393993851978,781,2,16.777384362164536,0,0.7557778951179865,0
598.2389443806496,18,0.2805409096811435,851,2,5.411968239583548,0,0.7134795851854433,0
573.2459750487549,14,0.0443148135941452,399,2,18.39154929617114,0,0.9543975267299104,0
796.2648142974939,14,0.0175740936379256,727,2,5.530006749788266,0,0.8918385053801214,0
771.897832246363,10,0.0858679951064649,244,3,43.57301049751692,0,0.8708146968006351,0
951.0911982646962,17,0.2003165796030259,937,3,0.7347697619976191,0,0.7656238654643868,0
768.9072736253723,17,0.2161327258773974,740,4,0.1917835535952071,0,0.7906385733543894,0
484.4138847833553,7,0.0977202907522297,524,1,10.831434882344327,0,0.8678828276443774,0
1711.9850818245689,17,0.3170574588297414,846,0,8.357979267134322,0,0.9650995390820216,0
1895.9117873619805,9,0.0683277728857696,173,2,19.378811419255964,0,0.8504569096286061,0
1936.0169606103068,20,0.0342710519655911,151,3,18.22830503713095,1,0.7467019510182265,0
30.487437035246497,1,0.6713858832057077,75,9,139.38443495227114,0,0.1257167758005833,1
641.0286009210186,12,0.3039395539672773,788,0,2.3159835955331594,0,0.6605451164602388,0
1076.9616367644626,7,0.1927661531295904,923,2,37.74632705450145,0,0.8179993154128946,0
1034.6883282319616,18,0.1960370633915497,360,1,13.536439428092388,0,0.8835376942028746,0
1181.7664862896988,18,0.0479788037591866,147,0,13.184742860537623,0,0.7396098329432212,0
1113.9074227154022,13,0.0515876813580444,657,3,10.252716409881447,1,0.8739662167244616,0
672.017878530527,18,0.0499718291692512,549,5,10.573742269107496,0,0.6593921152887291,0
952.744370292748,12,0.1000146868225442,900,1,23.780922380186983,0,0.8293556426268974,0
2368.9488045587686,18,0.1303232774946991,877,1,6.50983617498306,1,0.9002522836184056,0
1588.9380948104645,15,0.4272993576223762,405,2,18.736524587117028,0,0.7871037150023052,0
1307.2936077395875,18,0.1429282097406601,757,4,33.25942130128661,0,0.633034582677815,0
1085.6792926181886,8,0.0526472307487228,555,1,2.4364394189856413,0,0.6418890423087319,0
1541.4925757252684,18,0.4084155751273355,315,2,25.664294476595295,0,0.5753309160779059,0
432.08177984094306,8,0.120712694586203,98,0,8.0683378501249,0,0.5886298907765044,0
1126.235889174251,21,0.1131540456261332,257,1,9.659369673813066,0,0.814740545480379,0
588.5716648390603,14,0.1847755490980983,806,0,9.537600923253706,1,0.8390374537804554,0
1320.3969427244378,14,0.2755380272629475,625,1,86.02239268234786,1,0.971039669845167,0
412.70208012589785,12,0.284024322981999,732,2,2.2536962409016255,0,0.8092674438903089,0
790.0215982088567,17,0.2741815552306568,569,1,9.205615259549088,0,0.7924664973681887,0
196.07002973056152,2,0.6443580143006459,33,7,9.868879210203843,1,0.1506541256293286,1
1049.8298006489022,10,0.220475107963991,845,1,8.737948660065303,0,0.8089797860664969,0
1077.7528086393445,19,0.2004464656346162,666,0,13.302481278694469,0,0.8622507138345085,0
1385.6323974446975,10,0.3127156990861732,895,2,19.21448531121039,0,0.6453646395744173,0
215.39265288887088,20,0.0288017230457912,322,1,38.90884427711801,0,0.886992456187451,0
1533.953378191115,14,0.1211570518491771,255,1,36.7373453087132,0,0.9361893358759374,0
1011.9983396914308,12,0.1081165810446577,263,3,8.474319870518286,0,0.8188952027366725,0
1705.6884843582118,12,0.0973827180980215,463,2,31.064115133766844,0,0.7625400692875347,0
577.5813811377615,19,0.2887338020871665,232,0,17.987430473924267,0,0.881977557989435,0
1907.9380379812112,15,0.373525828795263,32,3,14.677393126650768,0,0.7292791230783817,0
686.404630519576,18,0.3646391565135234,851,2,11.34978004487776,0,0.767296835280617,0
1031.3979750631738,10,0.2155168553350891,596,3,7.488854854168481,0,0.9457233053364108,0
386.3263056605017,17,0.3432799707968503,615,1,2.740217149196908,0,0.7282290833026295,0
1044.8550280715972,20,0.132783410296145,973,3,25.96683535311677,1,0.5785137289955915,0
1111.8493113824888,17,0.0734406867530469,96,5,1.300123977468838,0,0.7799444735350655,0
717.5849492993412,8,0.1052378334687723,788,3,4.091958823828526,1,0.837401810686748,0
692.2531116762208,11,0.1909222777577386,514,3,3.9023420373303654,0,0.8617297160052872,0
1535.1604797319426,9,0.1776428285021496,996,1,0.34587228515908,0,0.5826240718343857,0
753.9539086876017,17,0.3692689751506066,988,0,28.72503948686751,0,0.6175250438826713,0
913.2493794517028,13,0.1799160140681029,314,2,16.761363160484997,0,0.7285977588339396,0
1248.1620915020114,8,0.0340605473875561,316,2,9.415535031683824,0,0.902857463038646,0
1329.7241254068797,13,0.3126428080802981,280,1,2.2683038031864458,1,0.7488502768727069,0
568.2694367311649,22,0.5241168611235795,664,1,15.187960709425576,0,0.4641884271093885,0
494.1053286562707,7,0.3185692962213013,50,1,37.76405465279575,0,0.4862512311302256,0
1906.170234666041,12,0.1581744928230224,513,2,27.29391785293893,0,0.7473516046560149,0
629.4851036860009,12,0.1841666337540704,951,2,2.242435129225997,0,0.64166138063118,0
1522.33145713466,20,0.3052499343044834,305,4,9.338474389114616,0,0.6403061012252098,0
620.9577662196751,20,0.2540167140872302,692,2,9.10624133370778,0,0.7767410676854618,0
709.4421456858759,7,0.1402751466262587,804,3,7.509145934662847,0,0.7832465176768258,0
794.3285105602871,20,0.453905313072982,850,7,4.93624419993678,0,0.672879353384386,0
1251.8186861540837,7,0.1382786414382669,55,1,67.91520793973686,0,0.9085196106856,0
1243.8475943037408,12,0.1151867838473876,235,2,3.5614864170909617,0,0.7013343862842059,0
1125.028281737341,15,0.0791688279073654,478,3,34.6992269469386,0,0.9075391132139294,0
649.1183564010763,10,0.0858027315249992,208,2,4.018373921438308,0,0.7005314662097915,0
367.74588013923574,9,0.1229718953700764,390,1,11.815036271229054,0,0.7828414469459667,0
1168.999202636688,12,0.3679076092035638,563,3,12.154738248101264,0,0.9712197193331972,0
701.7096375319652,13,0.1414237825751967,816,2,34.870998329085914,0,0.8754556223511273,0
410.7021898516351,14,0.1413983801363633,903,1,23.99298068971663,0,0.6288230000895708,0
1317.054945923755,17,0.1494029650998158,133,1,49.32222334160107,0,0.4656418531666729,0
868.7806119207611,9,0.0536310036900263,759,3,13.036123529055883,1,0.5565614670583825,0
1293.2419260140884,22,0.1052005155736399,309,3,3.1134854805278804,0,0.8882966590492837,0
1013.8886053820544,9,0.0559553596044838,797,2,15.505665470120986,0,0.8607302796899867,0
858.2005322055433,20,0.1136135470251999,587,1,9.64388918189297,0,0.646185685212633,0
829.5973731125507,12,0.0611838740949307,224,2,12.132615754265254,0,0.9308511575586071,0
1022.924157866075,13,0.2953413452876818,505,1,2.744932865366844,0,0.8709800350417443,0
588.8761788452177,19,0.1973911116751511,80,2,4.267887308959945,0,0.6723924290395659,0
1192.7247852632922,11,0.1106265817063725,84,0,2.0043996491453004,0,0.7775037576176356,0
1177.9376750697968,10,0.4764627394624042,832,2,7.408319653048159,0,0.7281407451947239,0
1018.5719138770596,17,0.0496161582565737,820,0,1.509928388647933,1,0.7674321058928031,0
902.4568087073744,8,0.0877600659576633,784,0,31.222424471852538,0,0.7388154027531424,0
571.777584251959,20,0.6359073811789533,552,2,80.55965329158559,0,0.9873393213688756,0
697.280055229216,11,0.1909632201180438,72,2,52.28590760346479,0,0.6765811293976471,0
1897.8237731432064,22,0.0837636136602156,944,3,37.576024802352535,0,0.84726607527282,0
574.3878352912216,14,0.0886048525975714,669,5,2.96997150127259,0,0.6435104425457446,0
375.9874886938251,8,0.2850243218302965,839,1,2.3002581346887268,0,0.6539771066704522,0
1374.8895837045086,22,0.0567656127773566,771,0,9.466852587315126,0,0.8436029276710653,0
467.323994718097,13,0.4448627812507967,219,2,9.508495193254571,1,0.9420927511639448,0
334.3801414449902,3,0.2799155809203275,159,8,25.402445355272913,1,0.5540522244795555,1
734.6448206492942,16,0.4192418577994721,171,1,53.12219383127967,1,0.6379159959094349,0
1081.5566260769078,8,0.0907237701651842,45,3,4.236458009930115,0,0.7999242045874253,0
618.167411981012,14,0.1712075813948818,493,3,7.196542085552119,0,0.8300719650175773,0
1310.684601494087,12,0.236656045313064,607,1,20.190904229421513,0,0.4396476444646495,0
514.9956727364677,9,0.1122198837706411,452,6,5.687867687663066,0,0.8573846178259714,0
1371.1094793004872,19,0.101745496962131,466,1,10.827306578033372,0,0.6770302575705822,0
500.3276425887203,19,0.1836316766519634,572,3,17.450566067976688,0,0.8091745650302795,0
1311.0623334419415,7,0.0589013113593826,866,3,23.412727388619928,0,0.7324229962159559,0
1371.4068897070154,13,0.04379089350916,855,2,6.735804153419005,0,0.7306755319418577,0
947.7734732555635,17,0.1831250083229645,889,2,5.157616392862861,0,0.8351680050077728,0
2097.9720680565165,13,0.1201618210524283,417,2,2.370327706556284,0,0.656563694524039,0
688.866235151795,8,0.0602319835492122,686,1,7.668019205766011,0,0.8499008345311848,0
562.5309703209492,10,0.4426488292112873,896,1,2.903209238805786,0,0.8456441805420101,0
1962.2655675571932,16,0.1920091428971608,330,1,20.21725363901606,0,0.7743105895484779,0
554.8702344420827,18,0.0841173548482634,60,0,9.32552809036411,0,0.686472779963373,0
1448.5537060579084,7,0.1534294029197869,195,2,26.542894467830724,0,0.8864837885464769,0
660.8304249852177,18,0.3533480472476049,957,2,17.349770840760456,0,0.7728520527998805,0
1297.4709715613355,7,0.278451925755379,763,3,12.729871470443268,0,0.8279145884668723,0
1133.2549291917087,13,0.1421703175366707,136,4,1.293332004685288,1,0.7158504114307986,0
973.407926553027,13,0.0626287190528605,298,3,7.515177215772216,0,0.6884470728652945,0
589.0191764731251,10,0.1327535360122622,954,4,7.057614444575822,0,0.9446606305377536,0
1067.8882336648385,21,0.2924655529627769,951,5,3.8481210181247105,1,0.9269811146559,0
853.1566990069219,19,0.1049244390055468,831,4,29.60238106640113,0,0.7355767076968016,0
768.7853798212113,9,0.4929002755547056,532,3,26.150306915530212,0,0.7174518055605855,0
634.2668128209637,13,0.0631290596669341,92,1,15.400655148585818,0,0.8481254202219027,0
1482.0431595593366,7,0.2566483995059977,491,4,1.7330288718314677,0,0.8521309114162801,0
623.0977871729982,7,0.0701855968356317,916,1,4.5785656443256375,0,0.9416156500655158,0
1330.160672285033,22,0.185882493022025,695,1,3.4748128961728377,0,0.6039538469428529,0
730.6611719182494,11,0.2944624698202078,478,0,8.725854617977618,0,0.7174573075885341,0
1468.3344983805223,14,0.217742238258844,290,1,13.010751476108954,0,0.7220624784724885,0
1619.4205813211931,16,0.1948283781237883,906,1,2.8508221719263815,0,0.8130629323182986,0
1329.5253986379237,22,0.0680846301845526,858,0,13.07093956780377,1,0.8513964895801557,0
1086.5379994108262,12,0.2315424974361991,80,3,12.957080983215256,0,0.8829864839202298,0
1287.011037176232,11,0.0687121431652145,841,4,11.164256766545025,0,0.8304761027712074,0
773.7553583819606,13,0.3679051543492215,879,1,19.260983736513065,0,0.6665614674864887,0
429.87127576592826,12,0.1100544368214651,98,5,14.408677156890697,0,0.7568066372056579,0
954.90798713132,14,0.1244542257950582,977,1,16.485235972653072,0,0.8315721400001425,0
657.0277314947688,7,0.1481475513667781,187,2,12.603635033746109,0,0.6249219359110232,0
1111.1119314075472,19,0.1340327571200484,100,1,3.2654301485410873,0,0.7627285867598919,0
1016.9620255598808,14,0.1775899389677213,544,2,27.236594496311824,0,0.786423850200428,0
1342.5617567687118,18,0.2495151628470286,109,0,7.876492104522207,0,0.7971153135615604,0
1092.655591891123,14,0.154407958435383,945,1,8.006889857630016,0,0.8960118451100897,0
1330.2147293029543,21,0.1092763613133886,246,0,0.6418198520153383,0,0.6038065919238143,0
481.5094608326552,22,0.7642139015101568,54,8,429.1625706243016,0,0.1030531935637228,1
148.4732869700108,12,0.1740325050180541,686,2,5.0901741663018365,0,0.5206706602401916,0
503.0108155598731,8,0.0767374614356616,663,0,17.143382292068914,0,0.8561197451027147,0
845.6830020852425,14,0.211700308397533,826,2,40.86380385948915,0,0.7932717301271774,0
931.7763219174344,12,0.3700467072384938,619,1,35.06841605493047,0,0.8145913534868591,0
1483.8645868086498,15,0.0950021527183174,129,0,9.704406750607893,1,0.6963264376265021,0
1280.4738979314309,10,0.2895536359350399,303,1,6.282477635363442,0,0.927323622447792,0
968.6738490919872,21,0.261684250893712,606,0,19.547434486896577,0,0.8501055846223399,0
1359.8574125443313,19,0.0322951020861447,783,3,39.896279693047134,0,0.7837479408848709,0
935.4362550933756,19,0.2270006366612361,941,2,19.74003925137249,0,0.9729829775658024,0
837.8232151335844,18,0.3729390750184912,392,2,13.10099064696936,0,0.8273467373419384,0
503.0108383656889,21,0.2527094577998326,151,6,4.530950269110127,0,0.9613199792076932,0
571.9562404975676,21,0.1732364568465763,182,2,36.364219307873554,0,0.8703329839320522,0
1428.8068068440325,14,0.0731620158693335,672,0,45.78703212861648,0,0.7553564290665576,0
506.04394681286846,19,0.2054806084532142,289,1,35.16768457075854,0,0.8379652609165565,0
1594.4243094471094,20,0.1926533725370976,135,2,7.04932291000843,0,0.9216588436163856,0
1275.1814268650924,21,0.1063762227520623,272,0,2.7704975722843495,0,0.8174783420955203,0
280.92121986833297,14,0.2344702788891063,869,0,5.997355189281064,0,0.9664930810014524,0
1168.059011921192,17,0.1052844876020073,85,3,3.5000639477424085,0,0.8224864652383971,0
2417.068811817275,12,0.1621835930060516,758,0,1.7974648624053362,0,0.709685624728966,0
1046.076371179539,10,0.1514838605184657,791,7,10.256888396833942,0,0.9526460468983564,0
1327.1108908349452,16,0.1415129728672812,867,2,4.340329963871427,0,0.6765167363007573,0
449.31370752221505,15,0.4040314125380088,477,2,63.55693395921675,0,0.5861001886677779,0
1067.8935982157168,12,0.3302066515315499,361,3,4.0910640487795815,0,0.7000950676976917,0
1129.790239553908,17,0.1103395594004992,806,1,15.870551421412117,1,0.6195934791986663,0
458.81807433657445,8,0.1729624914529236,133,2,36.38361946188957,1,0.7021357712164894,0
700.1537555720706,13,0.1144967237377349,484,1,11.43023506943208,0,0.9029122388754424,0
2390.2433209211085,8,0.0828213040062021,758,1,7.434546519122957,0,0.9601614705726624,0
1648.5384474226353,9,0.0449323187988303,735,1,67.19858246422633,0,0.9258390865910356,0
1689.7024547365536,16,0.3264321088524893,848,2,6.597253220788079,0,0.6758518729547606,0
491.66728084317737,16,0.1825307554998064,655,1,7.18615292330723,0,0.9083148814615372,0
1197.852333946093,9,0.1689869709391782,496,1,3.193381588719742,0,0.65501554617489,0
888.1489269260396,13,0.3612934916901479,789,3,1.9802422319253052,1,0.4922411030878184,0
1882.3702469774555,19,0.0434510935378041,934,3,10.742207852147269,0,0.8570404725753541,0
649.7302050176737,14,0.1002908238091776,315,2,52.35975318716301,0,0.8282391785044091,0
911.0952586264378,10,0.1353566544619371,816,2,0.3930980073352723,0,0.8479666554659049,0
308.0932590544133,22,0.1340814702561099,616,4,8.982647358526473,0,0.8479427243681968,0
304.0510882545828,3,0.7799465437786159,165,7,101.02292455525335,0,0.4484236760111827,1
1166.2309724472211,17,0.4685911267533382,123,0,11.923248111312107,0,0.9139533510261828,0
189.45234485238385,13,0.1641409418286403,301,4,3.49232909772054,0,0.5984004828985943,0
547.539512369812,15,0.5381251819572533,495,2,7.1445196154683055,1,0.8334134051737669,0
1366.386163116032,8,0.2169221049966382,811,2,45.09468362539258,0,0.942617408823248,0
1586.5947360589323,8,0.1243965878075466,804,1,5.240926076480543,1,0.8729945271071816,0
1073.8788257187248,12,0.3747763934494187,358,3,5.956215228974082,0,0.7013715841034567,0
689.0430243566186,8,0.0494422515571578,506,1,0.6483913989610608,0,0.7958559885823511,0
413.1983659000543,16,0.166066499294842,83,2,18.776692954314292,0,0.8315768046470621,0
682.6793557513224,13,0.1545296370405223,369,4,12.904441114369458,0,0.8545402949863591,0
996.907349784802,16,0.3296910590090514,433,3,10.99237569237082,0,0.8211793560049971,0
2748.7948245507732,20,0.0861429075986516,864,5,13.513938368555277,1,0.8104334310402498,0
539.7178365523304,22,0.2124132307491356,795,1,17.584833310631293,0,0.5423692699475247,0
674.5528167782581,21,0.1969760359196821,492,3,8.21390611922879,0,0.8911019151078311,0
232.5508811293716,9,0.1900118788937297,905,3,7.429008934381759,0,0.8270250591665244,0
620.9472485980492,10,0.369951065516142,723,7,14.083335924169452,1,0.7723351260049585,0
566.5011016151336,2,0.5845671400554436,94,5,155.79708391767525,0,0.1447564331855193,1
986.3253243601292,15,0.1221247899741012,319,1,9.627923466078178,0,0.7450466380625114,0
700.3536920392164,8,0.0740200326483822,112,4,16.191270255969165,1,0.9127219087217404,0
1027.0085881125328,12,0.0656705465526382,752,1,6.95092841361313,0,0.8910203270356578,0
1776.1815333643792,13,0.127816469606709,308,1,0.3374825394827512,1,0.7794528618470741,0
1378.8886992375412,12,0.2225454815154351,182,1,6.385709008270502,0,0.816734010119557,0
445.70743119127854,16,0.7344964088267819,550,0,3.232291133641925,0,0.9419382975555068,0
721.1745119032576,21,0.0362775847252895,479,2,5.7344733719536904,0,0.6398816164141893,0
193.92378521332483,2,0.3279811527532935,84,8,51.88477467574042,0,0.1149665000148802,1
617.7086339939792,10,0.0983186996282357,768,3,9.11819776131981,0,0.9353619823099588,0
753.4278949299269,16,0.3188476702738648,457,2,2.2526466726481993,0,0.805167133370673,0
745.6159032068925,8,0.3630351376891396,627,2,9.74617696176473,0,0.9430737341374732,0
640.4481097990322,13,0.1519708592368033,583,2,2.9144354981882974,0,0.9127730631335828,0
265.3024048886048,15,0.3174191254681527,785,1,23.87557986967399,0,0.6312257192086094,0
704.8454716485019,19,0.1858775687717073,801,1,60.041290248392336,0,0.92927673428472,0
359.96608125476246,16,0.0774313843570295,48,0,44.76315497268374,1,0.9201685149226062,0
422.5208122973288,14,0.2483308084457456,907,3,15.61960430178383,1,0.8088889189430348,0
677.6418902215266,14,0.1531141066421657,476,5,5.880144073900004,0,0.8333084221122998,0
727.7296228849551,22,0.2503292126758401,932,3,4.1537427883399,0,0.7794754966919992,0
1338.7535172526154,17,0.1606678386559027,161,2,16.953822027672018,0,0.9566733690185262,0
1079.5704327644742,21,0.1974233711197668,881,3,2.128607321915738,0,0.9147259301227364,0
519.6919202192421,14,0.3490911146578906,750,1,7.349843866783123,1,0.8910706015668851,0
407.8841906672282,17,0.150009455568137,356,0,45.313969277401696,1,0.9589130019747002,0
971.5065863408772,21,0.1801818051560889,207,2,4.258575150411833,0,0.8586403973057415,0
818.713820380312,10,0.0701425369985309,451,4,16.58544131322854,0,0.9188859637291396,0
350.8935624149827,12,0.038802644344528,461,2,37.94014469555786,0,0.7398272428728615,0
1307.7775222657497,17,0.1378846621114921,594,4,3.491317818813733,0,0.5836790891996776,0
2715.4473080161765,18,0.0761218115004547,976,0,0.0031797016508918,0,0.9068103570099904,0
876.3548755375434,13,0.2894181558911094,838,1,35.687018691183,0,0.9042001977434184,0
767.4532624235183,10,0.247870693225902,925,1,0.4429567751969752,0,0.7049729004402187,0
1038.128235418556,20,0.1883892661582085,461,2,1.6357567974752067,0,0.8946089578199301,0
843.9617751319873,13,0.1990941841571697,866,1,6.377036090821369,0,0.8887731963638159,0
1077.8235960971967,7,0.2980149661053672,914,1,4.5535174637927165,0,0.9057593198128364,0
768.5086583666704,9,0.5629140715787985,505,0,34.039270131355146,0,0.6443402887793144,0
1197.6102945516736,13,0.1785493403785162,593,2,1.2221421262970211,0,0.8136246708177982,0
1458.3764138756887,19,0.3058808879058801,310,1,5.386710002315505,1,0.7678397368754166,0
232.0536473221766,5,0.3327710922168621,77,15,175.82550288532076,0,0.3162595907426125,1
153.14331910839505,22,0.4899962930953137,126,10,4.811446813059453,1,0.5545665245184576,1
903.7227257083928,21,0.2286772384678167,384,3,4.844387119309299,0,0.98565139231549,0
622.4082708072459,17,0.339625110826643,877,1,4.511573437457495,0,0.827602915660299,0
231.42324399773256,10,0.2084618469998429,657,1,15.652776509163829,1,0.8421039897437849,0
760.6668701413598,15,0.2446893623954571,894,0,13.236277054125344,0,0.7759822671838585,0
1334.4718129959626,17,0.2743179211128058,339,1,16.500831779307415,0,0.8263028022951218,0
1003.9218727856104,10,0.2633600079675369,145,2,12.44012447968865,0,0.8046260649641387,0
1084.3381470701852,18,0.1586650898089215,398,4,5.187292267585685,0,0.6792757741052196,0
1635.540326860546,12,0.0540354388630552,395,7,7.5416315777606355,0,0.8878358131699882,0
927.091572881466,13,0.2208489894287536,352,2,1.0267617856516262,0,0.8842683755436582,0
1263.0413248068378,13,0.196653801926798,738,1,1.000349374387261,0,0.7408530940038038,0
770.3491973680866,8,0.3507830724557615,541,4,15.56308255834904,0,0.8669122221445923,0
1103.5409927848434,13,0.0792304510852396,783,5,17.28605681800132,1,0.6324659103717979,0
599.9406055774269,17,0.2277580293778436,152,1,52.203751412043395,0,0.7861930874113326,0
915.864485191515,17,0.2740376722286937,450,1,17.35552601406894,1,0.7100869560129064,0
1500.762968772931,15,0.1355244517296353,392,3,34.02341268930475,0,0.8156870285742851,0
522.6399494055939,21,0.2804884603398032,69,3,5.493199889564511,0,0.7674307808167714,0
1006.498610234538,11,0.1964769505535515,482,2,15.586048152058346,0,0.9082762884795046,0
582.3946694153817,15,0.0608101355401521,145,1,0.541696163122198,0,0.6083514853540124,0
1192.146143392457,18,0.1259545340915587,267,1,0.7169352098222982,0,0.8429355172585187,0
642.5177925184267,17,0.1964785976451802,527,0,3.2598054847632656,1,0.8085324034116707,0
701.7136073660747,14,0.0977898167755882,211,2,8.281218110018337,0,0.9070956109612556,0
968.9146307310324,13,0.3001212251623733,575,1,12.577593727049354,0,0.6337346537732015,0
919.7344467755368,19,0.1140247791690696,449,2,12.062867236020702,0,0.8363231116188365,0
1123.9782357885151,22,0.0659230709346155,727,4,10.595674288428114,0,0.8808891311263505,0
1260.9366926560574,10,0.5451968653658905,199,3,1.518933602125992,0,0.8465990778158342,0
1264.613295137833,21,0.4597935351891382,190,4,8.415972964617119,0,0.9103051386519732,0
742.7879303111405,18,0.2164351376708685,874,3,2.2385673750526855,0,0.5299245337117597,0
702.0163176363899,12,0.2276147681423217,249,1,6.308457333299133,0,0.601449943687882,0
698.5783095598513,18,0.0542634447825027,799,6,2.102982088967506,0,0.9402658800968056,0
477.9055875277394,21,0.11621543817365,839,3,7.595056964887826,0,0.9228570707420508,0
1826.6169887531837,16,0.1823553076849478,525,2,32.846248653711505,0,0.6215315238658208,0
1502.7741277858631,7,0.2715291523643027,683,2,8.73028037197888,0,0.7023460861903694,0
1246.4145383473715,10,0.1991764621902463,313,2,18.581638859543062,0,0.9083982181845408,0
702.4997580536804,16,0.0456696815134605,811,2,4.668431714763218,0,0.8593336579124963,0
520.5978338179128,11,0.3430225125892228,460,1,11.856519168693346,0,0.7021188641706365,0
796.6280060090062,20,0.0227003835456958,405,5,5.393606098497077,0,0.507526547987714,0
605.8779751362651,15,0.3035744337513512,423,1,2.587968330435914,0,0.901639650248493,0
1010.1114106676908,21,0.1188353085805415,270,3,14.909528094265292,0,0.8238946612585596,0
1137.7320635338815,9,0.0964363108582728,266,1,5.187653242002171,0,0.9236812524345736,0
361.8437223495949,19,0.1649389636724732,902,1,0.5603203886917076,1,0.8803143012728362,0
367.25471751089464,23,0.6935454066295675,82,8,226.0984970053489,0,0.2545975529618408,1
286.8796355957612,20,0.1306590781796767,973,2,3.545698970933918,0,0.8466617945413132,0
1380.5088924746765,14,0.1029454523931149,209,4,9.358465782975472,1,0.9318262640078824,0
2497.1589893690616,8,0.0833567516044508,994,1,11.926479893203378,0,0.6664958176990763,0
1754.8976985978725,16,0.4668521482646598,692,1,2.7161122929760206,0,0.6441540031018261,0
851.4500828090456,21,0.1572755318344125,596,1,22.26138879934985,1,0.7095643564639047,0
399.081839420958,12,0.2498782063075816,836,2,15.20716697045788,0,0.4649210941427418,0
1251.8660273983228,14,0.3342167251490476,74,1,16.417047970477913,0,0.5919052943371338,0
652.1372118473648,11,0.1840166634830844,284,2,3.5751083851723777,0,0.7847855053735009,0
1170.0965586013428,16,0.414902644238359,242,3,17.22682757197644,1,0.6975323553955982,0
641.5503243928528,13,0.2295611927961,799,1,5.401715488562817,0,0.9828892415550496,0
2014.142837552183,9,0.0709887116247004,389,0,0.0821478897905748,0,0.9147978055055924,0
1239.019390362031,8,0.0290759830141964,594,3,11.320924457493478,0,0.8946206343268737,0
782.004829486855,21,0.2781885406929951,84,1,16.64147445090082,0,0.9357119861222852,0
1279.9821553912095,12,0.1389829286110229,709,2,14.309305678567211,0,0.672088160609335,0
1390.2225260042044,9,0.2114513610489038,429,4,5.645875311817692,0,0.5816525495481564,0
801.9704420419522,22,0.102071589915663,200,3,17.861843465237524,1,0.8153952204993968,0
670.1046042116294,8,0.2181003070339175,944,2,1.7840724918968425,0,0.3995226085237295,0
142.27847697141974,4,0.8076535728459029,163,7,451.6488889752566,1,0.0774490359657101,1
1503.6127469689422,20,0.3129331663201152,752,0,11.335647181278675,0,0.8983129886422023,0
671.7906857359894,9,0.2006216755441926,870,4,5.3486928054492795,0,0.8810371597424967,0
2353.29811458203,10,0.1675624435588509,297,1,33.08435671936728,1,0.6548422681290015,0
1835.3681698267792,13,0.084597225686433,816,2,43.31189060885002,0,0.8225599988599144,0
1902.9686257553317,11,0.1226056535712325,214,2,7.569199589437448,0,0.9395412945371268,0
654.5261824917343,9,0.4961849920417871,343,3,5.627636838914547,0,0.666680602212173,0
989.7446310861131,9,0.3108729940339918,766,4,17.03923053614085,0,0.7417312339851321,0
502.74748539681656,16,0.1259205189265168,606,3,0.1878929735909865,1,0.9864398984184704,0
1031.6417081292464,19,0.1223929983808301,226,1,5.583969671496034,0,0.84693035135678,0
892.6601237934507,22,0.2038404574447797,240,2,16.168947428299994,0,0.8225587541958522,0
584.6276083889346,20,0.5152504330867049,899,2,41.91120239043683,1,0.894329359578141,0
891.0438286781304,9,0.1861474048563175,236,1,5.749554975327995,0,0.9595872810464257,0
760.3987291750854,10,0.0897954751876557,628,3,1.5652283089491028,0,0.778363654696487,0
201.8293971115037,21,0.0220961573881958,740,0,43.55068772311261,0,0.51341888301933,0
810.358544164836,8,0.1478684222939318,513,1,15.17885987135784,0,0.7857198961654436,0
607.3253457016299,17,0.1462697778576054,715,1,40.190366112568405,0,0.9669023354717072,0
461.9226706461319,12,0.3252027712115808,74,1,1.3066959277888268,0,0.5723415741531861,0
1174.0989503992182,18,0.1329102492337348,641,2,6.828641106825612,0,0.795136610743796,0
837.3036485595526,9,0.1185580122639095,87,3,0.3141306595457043,0,0.8718980197565657,0
1164.8296765947243,14,0.1682075249003899,926,1,7.44239067508919,0,0.8172976637156378,0
1412.427603074069,8,0.0788084285614779,348,3,13.0722937356246,0,0.8960129937603581,0
1190.942528007842,18,0.0886211443783942,273,3,33.73895774676433,0,0.9088791177939528,0
693.3834522260083,8,0.0723626569974328,760,3,1.064588301338009,0,0.9274416014456291,0
845.7427053391995,11,0.2276739527974493,317,1,5.83124258341466,0,0.9104240389198516,0
950.5232497973032,16,0.1797462897182863,141,3,0.7176378840223738,0,0.8548830027701224,0
2204.5349552382568,12,0.181510960645733,418,4,9.619369976813058,0,0.7949468229603954,0
903.268504260844,9,0.2405267015302142,444,5,6.971557230542267,0,0.7672249372805476,0
3015.629877269214,15,0.2725529592366388,309,3,11.419915551903696,0,0.8908820551005968,0
373.493640450673,17,0.3755292711736194,542,3,18.142273052790163,0,0.7168491929348895,0
495.4516449702423,12,0.480182784714076,785,2,0.6973939460622095,0,0.6001676764741349,0
624.2786844275894,14,0.1081999258333593,518,1,9.748100214126405,0,0.5617977000545611,0
1254.0781285701148,11,0.1710919949832392,98,1,20.628350033147928,0,0.8447895091333896,0
784.4703349983619,21,0.1201761192486441,926,0,8.569461227413974,1,0.6705688975062369,0
931.8093318377198,15,0.0413888389495864,281,4,7.799831588542026,0,0.7700701905228485,0
110.46754328997224,2,0.6262950392320753,177,12,50.05463192167185,1,0.1961157507294656,1
2601.2393211164404,21,0.1033668839916527,147,1,6.275039618463607,0,0.355764145365296,0
783.1972076919981,16,0.3001230418207666,577,0,53.944468232293936,0,0.8767914282777729,0
1716.6899397805523,7,0.2253217412557584,597,2,13.78646893241744,0,0.887886533448816,0
1017.7870675639504,18,0.3518387984431702,632,4,35.32909074516598,0,0.9722149095915376,0
955.864281762204,20,0.2833408187063724,96,4,21.210254284209473,0,0.8595638215767226,0
1280.824293058582,11,0.3073453344774529,616,2,14.991275476973453,0,0.5751350980282425,0
1479.484969744155,8,0.1610537570412265,930,3,1.089633854521032,0,0.8897462741580572,0
1342.187914513237,14,0.0854886658133217,922,4,7.006296292983666,0,0.7021804063672754,0
597.3794307294396,22,0.1299375730016264,105,4,3.114570420593897,0,0.7649116754281151,0
277.01746483206625,11,0.1415295417421732,711,1,1.2645810896981735,0,0.8693508516051716,0
1024.020136715567,9,0.4876706714720427,295,3,6.222510176750904,0,0.689534604089774,0
1575.245000910295,12,0.0589283826676764,703,4,1.6221213222123894,0,0.6283311762162442,0
1093.090715994213,10,0.143073012020805,141,2,3.737694289287826,0,0.8924179447317294,0
1312.4023859935944,20,0.2342777249636549,483,3,7.697871570462663,0,0.7905900156870009,0
931.1288486097322,14,0.1547741181212981,889,2,44.74974566346509,0,0.8723803546789436,0
1461.713201189585,7,0.3190448087458119,470,2,3.2087385312272967,0,0.7187514713131183,0
809.7197677330148,17,0.3237525213768941,878,3,3.637296931813222,0,0.8760142446785979,0
1406.2018344599912,12,0.1348765190317218,294,2,36.95353256567336,0,0.9150401388723294,0
1194.303026651468,19,0.0953090670961042,762,0,0.8053530478358615,0,0.6255550109470512,0
1091.0919827396767,7,0.2216299466450048,798,1,6.770172569877886,0,0.9317624923572644,0
764.5556759000991,10,0.1723269372556204,248,1,14.11191224335921,0,0.8722979799312075,0
1925.602763449742,18,0.0522536653834447,346,1,12.088609356477448,0,0.7478391471451626,0
972.379480799994,19,0.1848558003116439,450,0,0.270064956538721,1,0.8747123708410471,0
1688.3425243874829,14,0.2510056703439107,147,0,6.496756039910414,0,0.9221988388153476,0
465.7072044566995,18,0.3331151327878898,930,3,19.92282626653226,0,0.9398443954794228,0
850.0011035258182,17,0.2616637112597551,944,1,16.79368687076783,0,0.9275238356355834,0
469.8794127857289,9,0.1011452318692368,325,2,26.37987477533589,0,0.7046702907554219,0
1114.4176600952403,17,0.1860266805651348,875,0,18.96850415360634,1,0.9337835829437562,0
1239.6272596750275,15,0.0583605797685908,394,1,2.5840632941797765,0,0.9944284114527148,0
780.4846126867707,14,0.2242434015455003,916,2,4.519770058158645,0,0.7519032162588848,0
1395.8468983376476,19,0.0517836605220455,738,3,4.8528269133154325,0,0.8960831888698697,0
703.4492330225593,12,0.46907732074038,288,2,6.8585889721208035,0,0.9580834052870292,0
622.9317314096553,19,0.2520405394855342,877,2,14.847837313535898,0,0.7926055921054963,0
300.24791564371395,3,0.5426214798477815,147,8,58.487774333538844,0,0.0674232372765147,1
176.0441247451486,3,0.3447072319037127,109,7,168.6949073665943,0,0.1910231450562745,1
746.5123553655421,16,0.0774606051152486,123,2,0.4572952608967213,0,0.6397102563411836,0
624.9370460902635,14,0.2422818083334174,580,1,11.903099119203432,0,0.6781275195793312,0
1482.0079527076578,17,0.2392344707702985,336,0,1.6498463885066843,0,0.9391428529303264,0
1185.1656474757349,21,0.4156802997619801,143,1,4.0399876562912596,1,0.7226246636571685,0
607.2807498627972,19,0.0205974317037226,116,1,2.472013830242116,0,0.9413626457615748,0
564.9272026413842,21,0.1023072047057126,435,1,3.221386138114095,0,0.7294569334727051,0
2203.605629737554,22,0.0903774223688262,759,0,1.3402672673734777,0,0.8468589827390751,0
832.803728522269,18,0.2410880187485243,759,0,5.825650498354943,0,0.836519181104324,0
1015.6220915875256,22,0.2470701814176864,842,2,4.289998119119228,0,0.614031520078509,0
632.3509371171816,13,0.286380028719198,226,3,9.708753345730171,0,0.8933267437258475,0
1830.371359539984,21,0.244185034340356,293,3,7.056893775213123,1,0.8430633092006797,0
1209.2990866707971,21,0.1121512290604848,64,2,13.603301418813023,0,0.9083113202667475,0
2059.0226884061412,12,0.2784411724769177,106,1,8.29898743700667,0,0.7783324948618338,0
1346.713315062746,21,0.1863459762039933,279,2,49.42550455183064,1,0.781045149392404,0
662.7960379484072,15,0.2513364284139863,740,2,0.5360654201881345,0,0.7297362446251188,0
948.2040938930178,13,0.1896842138248589,968,2,7.097156435794763,0,0.6989674816524576,0
420.56786266287713,10,0.0907831779307104,182,0,3.3430375198538376,1,0.7463214796242552,0
1499.6532494594644,9,0.2642293151817238,209,5,9.138939976718683,0,0.7575921609839869,0
1282.6365700624517,15,0.0561825239803243,946,1,4.002872639314639,0,0.8358112171290212,0
1673.331477569613,21,0.2976639919642066,384,1,18.528347252289997,0,0.7995409535348036,0
1073.5071002505138,22,0.2666838464329698,399,0,0.8883885857389526,0,0.8578597752607712,0
631.4541486889193,16,0.1340041337981477,508,3,8.293479105614075,0,0.8362523555563964,0
1651.7359671382908,15,0.4788244233626503,447,0,9.388495660903388,1,0.527072088753354,0
576.9051178313907,15,0.3113468008583723,757,0,16.19004425603177,0,0.8263188062233618,0
771.1908264604883,22,0.3494253385815306,294,1,10.326560591152804,0,0.7012150681417216,0
806.321115696065,10,0.2333410280337186,799,2,2.7076613819041553,0,0.7920530845561294,0
415.3326183587436,20,0.2231016481513473,970,1,10.563919915953246,0,0.8567771568531121,0
401.6978147072604,20,0.0624086622834099,986,0,8.059049383147157,0,0.7281391171864787,0
419.71038960508866,9,0.2201287350122386,598,3,2.574519257776474,0,0.7102358436614822,0
1270.7416375808782,10,0.24543753435106,749,3,13.354842690586386,0,0.9505499987163384,0
458.329467429457,22,0.1451816506012507,247,2,2.414675487278809,0,0.9035607196579268,0
856.5113033765115,17,0.1553787452923079,902,1,8.471110407628144,0,0.6139491277616421,0
776.0546591633279,13,0.1255465364443603,810,2,6.431001493200917,1,0.7361767772376027,0
1315.3156788742904,18,0.1992549973386894,481,1,39.97536897926691,0,0.8404229362884756,0
957.7228597628238,10,0.2772740781639923,473,4,3.0611843255644855,0,0.4962324129253371,0
673.316683374984,19,0.1844702358683827,53,1,2.591921370033795,0,0.6861175065746578,0
669.0486457405079,20,0.066913072116744,793,2,14.01768943823186,1,0.8678160048601612,0
1810.3714428775447,21,0.2338335667771972,700,4,6.136135520879026,1,0.6106059846686319,0
1318.6007461811166,17,0.2248060375661121,644,3,58.34184514147837,0,0.6965001369394525,0
560.9767083335888,18,0.2862875347160309,578,0,26.516339309812786,0,0.7593842086365226,0
1622.7847008903134,9,0.3047206532635907,542,1,9.0105744860496,0,0.9867703415630776,0
1090.2055840774397,22,0.1310496386046414,929,3,18.168598648074937,0,0.4813724480321054,0
1568.383112196822,15,0.1622365822757162,516,2,18.831711942870054,0,0.9767397220985172,0
413.9709803489951,13,0.0754503777575283,70,1,14.632352654001991,0,0.74795506877473,0
641.8664636557294,22,0.0992895346317793,332,2,0.1085195833205242,0,0.8206003412316853,0
87.2583833458335,2,0.7184049302816513,142,10,52.8781509765787,0,0.2413190510344354,1
1356.2957253057532,14,0.1408357484462548,681,2,6.595529674055127,0,0.82185557625417,0
276.5537062678846,11,0.0203011416649219,224,2,1.9865812827966396,0,0.9320422868195244,0
1420.9284070068477,8,0.2097118391036721,194,1,4.410843495143293,0,0.6799289249358604,0
1550.692587459833,9,0.1707618895099901,410,2,31.525105602941565,0,0.8850756457458181,0
784.349086567777,12,0.1052860356324599,170,3,0.2738543766835426,1,0.6778241539934554,0
501.7542887463132,11,0.2341676437724579,441,2,1.096895385459486,0,0.61626108940025,0
615.2255564199304,18,0.1325866800512492,768,3,34.20219444427478,0,0.75457235067173,0
217.16350424230583,16,0.1348227751729623,418,4,16.538716797136182,1,0.6064505053726453,0
1077.800205689092,20,0.1954357409542129,438,2,6.644268290312027,0,0.96171514911594,0
390.4457284834888,12,0.2585196134612326,915,1,3.94934170037358,0,0.6003998656636488,0
2325.266392641862,9,0.2417964320161433,698,3,52.35799934042803,0,0.8288089375809488,0
839.5680644463922,11,0.3132526078318088,462,1,7.380763425469742,0,0.8079562118694397,0
994.934543522878,8,0.2740598529988594,946,1,10.172996879656178,1,0.7345516732377795,0
1494.7250376660684,17,0.0456925112521693,317,1,29.84634024785819,0,0.5187741713612775,0
960.497983798481,10,0.1144528428617003,32,1,6.343981492097334,0,0.7417949441856183,0
736.5705234895248,8,0.1834985041367841,565,3,4.746085607208068,0,0.8601041677024425,0
591.7368591799477,12,0.2932018588263906,579,1,9.3028610338667,0,0.6995027451038414,0
847.8976188724288,20,0.0611961899984718,129,0,6.903438605588812,0,0.7670167225682095,0
1806.9436060646185,19,0.0259132842734073,764,2,19.74071826248131,0,0.8280573765966033,0
3265.7914342797703,21,0.3006836465327918,282,1,0.5946359595734348,1,0.9663888895738492,0
750.9988281346225,17,0.2707959874605448,589,3,21.64254652691252,0,0.829136552635474,0
2054.6792718018905,22,0.2212861699538626,113,2,2.2725111449364017,1,0.9502312972057732,0
1458.489072650071,16,0.1300111736114081,539,4,11.69930542419558,0,0.9800284674794352,0
1354.7399239752026,18,0.3615988082562427,270,2,20.499906739952053,0,0.6679476285595283,0
1967.8982758821635,13,0.5032836788307982,750,3,51.34211690947335,0,0.876619300935232,0
613.5802166296675,17,0.445611828322403,813,2,7.825775635898655,0,0.8239115819302412,0
1947.4958353328389,15,0.0412020918670731,99,3,27.23338674905176,0,0.8206397129233631,0
1129.85666062544,12,0.2328410999436297,784,1,2.3682791473956346,1,0.9865335543321648,0
698.6901901003583,19,0.17344797231429,488,1,40.98008736113479,0,0.919820875211747,0
766.8774233832833,21,0.1999758014187984,905,1,3.868566585900399,0,0.8280265375433997,0
603.8076690199995,13,0.2842627189165209,370,1,6.4518745689288055,0,0.8652036394433008,0
1106.7156493297575,16,0.1454784966213982,436,2,38.14816518231122,0,0.8513950579014036,0
547.9763831378979,14,0.1610017408052456,666,1,12.989974803801712,0,0.9308114709077616,0
927.3335940749524,21,0.2345423331420585,440,2,18.844155612397746,0,0.881469574582475,0
1567.4581459020535,14,0.1678368284366148,344,0,19.467362185155867,0,0.9449124331325512,0
997.4397338472966,20,0.1950519256124919,106,1,2.442006181425453,1,0.7421993680721938,0
751.3811804425117,15,0.2452070881568412,84,1,58.91054995280399,0,0.6684550180992298,0
950.8066448174544,7,0.0805764720359688,741,1,4.5933298527052235,0,0.860993909556695,0
489.639626689583,7,0.2240579325819042,409,2,20.64771878781226,0,0.8384215828292333,0
905.4898395176408,11,0.2373062332646918,485,4,16.843263578939993,0,0.7718790402038684,0
812.4110701312908,22,0.1412438028055683,420,1,4.5091168312693615,0,0.6627155874850816,0
728.5328863294704,11,0.0205316966440834,213,1,23.59207821967114,0,0.6730455780287764,0
1079.6730838117153,15,0.2314226828828436,202,2,20.92889621277077,0,0.9414558223774026,0
2341.747914778495,10,0.1626977194883875,191,2,0.1370454941838503,0,0.752840493506308,0
1085.7258682766112,22,0.2619960543474139,641,2,6.483680057053308,0,0.8677982187300151,0
498.2299862341535,11,0.1113764541920141,914,2,27.683402996440705,0,0.8899862185115693,0
1138.2917251050974,19,0.0746214113706159,834,0,4.291578401394544,0,0.8979028932916779,0
630.2654431461409,8,0.0419193564577576,748,2,6.252436226007732,0,0.8610612367127347,0
1661.425939427326,8,0.1416479696940878,776,2,9.787032426028508,0,0.6792254574720274,0
1759.5383489472138,15,0.2919602687285301,599,4,1.9246409485414933,0,0.7188506090117825,0
331.69990738346814,20,0.2379869637049849,865,4,23.757372809376857,0,0.8982857239303008,0
1060.9777204245747,8,0.1193692550945125,289,2,22.85417541190867,1,0.8329670051490032,0
499.25932404509217,16,0.3496819800218219,169,2,13.709219686904936,0,0.939113612895889,0
668.7765370224088,7,0.2733093295637478,301,1,17.02007107842151,0,0.914379904944133,0
759.6151490387078,15,0.2520147806456163,95,1,33.70377230634605,0,0.5703906261075838,0
2417.476561130742,11,0.0202004536667898,570,1,3.393053743168122,0,0.9642142087227994,0
2746.481547474599,20,0.1316820313191577,528,2,62.05936543358404,0,0.899547950434619,0
243.1490407618179,17,0.2368049474989807,456,2,31.11805959158038,0,0.8120865565757326,0
1195.0158143985686,14,0.2314026170718579,398,1,1.2091466880444308,0,0.8908437131153185,0
768.5034185987761,17,0.1892902983241969,444,5,4.420445405804571,0,0.7692548944073028,0
420.7329921353545,10,0.0351023736030399,455,2,6.856669725513361,0,0.8966104688545448,0
731.5330917945934,10,0.2456445617586636,253,5,13.761556126476403,0,0.5237277235794168,0
835.123383835595,15,0.1445523951990574,47,1,5.356170676269791,0,0.9016495922563302,0
1023.084571027274,12,0.1989816554622697,642,4,4.6266889038293355,0,0.8765157849527632,0
593.5311907743661,21,0.1709150401723721,422,5,4.572072806350425,0,0.9813977253762732,0
1735.6902270998642,21,0.1571973246050514,105,1,30.448183609866867,1,0.535590215274098,0
474.7469898618344,10,0.2629278110753552,524,2,31.98622680499739,0,0.7370652369183579,0
980.2646587819222,18,0.2184588567477945,295,1,13.411128839138437,0,0.7145900477310726,0
979.84939275591,14,0.1681216483642661,160,2,10.288447298878989,0,0.8310069895608727,0
1197.7063406830964,21,0.2529401015473201,64,2,7.74182624205642,0,0.7622173563247712,0
1161.9441111153274,13,0.0766408976549204,652,3,16.51061236467722,0,0.6877096618672932,0
1178.880044179983,11,0.095335632667994,850,0,13.08912901327122,1,0.8903467280293699,0
955.4771255915124,8,0.1827276151473552,174,0,31.064165654572875,0,0.8811597997518363,0
876.674980165247,8,0.3122322959334508,782,2,1.4643368082729664,0,0.8780344533710425,0
512.1605300825822,21,0.1622741226360918,781,1,68.27207931037321,0,0.7153708742695927,0
880.3216563140049,22,0.3813268758533945,349,1,51.755378758492085,0,0.8457588351141497,0
158.68503240302263,3,0.6103848132024112,188,8,242.16801813927685,1,0.3072142668466753,1
679.61876785845,17,0.0589876192843653,575,3,19.35293984931538,0,0.883130370040148,0
956.4538218492572,10,0.2547869348973521,162,3,99.49343677201372,0,0.7352647681420681,0
1106.322682355721,13,0.2023648628531826,619,1,16.480786871845854,0,0.8405761840256343,0
627.1861273193016,7,0.0909466645744929,500,3,8.549032475798889,0,0.5346431254624494,0
1283.6596305669964,18,0.4079821455367192,166,1,10.876717132490842,0,0.9747851287465212,0
689.7275145566596,14,0.1499704313170388,307,4,67.73619242331509,0,0.8340763157320971,0
561.8224398868372,16,0.2906628477437544,355,3,18.11250497167691,0,0.9021294682046336,0
828.4356272939585,10,0.3345105155102467,732,0,11.7812672651192,0,0.9161883047542476,0
946.3902993656476,15,0.5156881852142084,835,2,8.488647153129405,0,0.6060062355740254,0
494.4812472483179,22,0.4079788176117516,340,5,0.6681118807953058,0,0.6451872178545304,0
828.846284009227,11,0.0610908212279659,162,2,3.14041505404509,0,0.7138978250309765,0
1140.59928795693,10,0.0893083344183234,614,2,30.123250095642383,0,0.8391619004434673,0
424.11545316647687,20,0.1954504055336993,559,5,31.565634110718456,0,0.7941725684061991,0
1200.5451425321787,8,0.1456264199638488,554,1,18.32281026002318,0,0.7191941829210602,0
938.2166079663276,10,0.1813168864065737,144,1,2.4455837452365015,0,0.92453368374997,0
1191.7836084833584,10,0.095200277117263,986,2,18.33594050316902,0,0.9256882742399788,0
682.3812817807282,21,0.2970376728938044,586,5,3.773430003343068,1,0.7860891824124068,0
1014.9881141050232,12,0.2569901659447687,69,1,21.499713045462595,0,0.6895799846965203,0
2379.6267497832937,11,0.0782724295617688,348,2,81.22853620427759,1,0.8278210847935701,0
1402.9853174245766,10,0.1248102504142976,95,2,14.837686472673242,0,0.8981559176831602,0
661.1542670832034,7,0.3209563403891927,829,1,1.1803296670143912,0,0.8794915527745921,0
1663.6891350106182,19,0.0803590276554052,680,0,11.220270516499204,0,0.7916759638349418,0
936.3689671839356,20,0.1451649027609941,723,1,14.08629448702571,0,0.8919711268359143,0
1728.5822258478909,22,0.2489658995617854,735,3,0.8145080349148331,0,0.7884551588986267,0
1202.0936776898611,18,0.355660700941853,152,2,4.94690447513175,0,0.7554598246245539,0
1471.7392429617066,14,0.2369082659868085,808,1,27.929793911919333,0,0.3945594873213231,0
1153.55362876233,16,0.0733140948678654,813,1,37.66162707775734,0,0.6208681062476343,0
941.8764548318402,7,0.153181227690924,459,3,0.931647416589492,0,0.9871055365157062,0
274.716194646706,19,0.2148193796480697,574,1,5.856234204221463,0,0.786798382691173,0
2074.504458534491,16,0.474540798138752,713,0,11.129138590620869,0,0.8657218134075598,0
1388.072398788121,9,0.195816486256726,355,0,12.444590646577089,0,0.7558977551484097,0
1266.5729149299848,8,0.6578920878173666,112,2,2.087736331486164,1,0.9463382570716504,0
991.6100756866208,21,0.2194749203639792,850,2,39.057121094472656,0,0.7524061979407324,0
734.0785140564706,20,0.27403023901751,838,1,3.097751409025157,0,0.5755477146537545,0
1096.0269396672102,12,0.18744247638276,755,2,7.318968399602811,0,0.9248490466218526,0
728.8005549581225,15,0.2902974416361444,462,3,13.093728354787729,0,0.9682397888648387,0
771.0606256138608,13,0.080887146537316,852,5,5.151271867690426,0,0.8187356508489974,0
700.3131579057134,10,0.3011293193753243,159,1,0.193756727263488,0,0.6325497887665448,0
811.8424231563199,11,0.3775951289761154,892,2,13.135327569011183,0,0.75212666992482,0
872.7557875655317,14,0.1276517937790434,455,0,0.835866176682086,0,0.9158375447156516,0
800.4599408241774,13,0.1802696069345508,545,3,47.39515007611576,0,0.624308899297854,0
422.6747032774048,21,0.0357766617868123,939,2,1.6456719674223492,0,0.8038865279804703,0
1425.067182405261,18,0.1529723523750392,336,1,17.618585589808333,0,0.7713343181178758,0
362.8969614388923,17,0.06070671532561,233,1,8.079121114509018,0,0.7737432890950716,0
777.0505026093425,22,0.0721043077892139,289,2,24.20243720046346,0,0.9437237235823958,0
650.5686068105684,7,0.2781929140617038,217,2,35.87632147396464,0,0.6671389117364032,0
1262.4136897950957,11,0.1645757337307815,391,0,3.3288681631422623,0,0.7611700210170937,0
764.5652964331165,20,0.116735483237089,847,1,6.1106227726060105,0,0.7182603737286175,0
635.7127867277538,18,0.1222939504123159,460,2,11.35140920305246,0,0.742057384055242,0
1012.0468223062452,7,0.0993603332519322,419,2,1.9649333040727983,0,0.935745531705504,0
1643.8107822637344,20,0.0753395372907495,784,6,1.248389868988827,0,0.8456553478348608,0
412.93552225571386,20,0.1123714593923066,262,2,43.53513741512108,0,0.9315667979729,0
557.1819727377841,7,0.0378906891412112,480,4,3.942329416306029,0,0.9589800752337928,0
1461.903722687269,19,0.279453007682916,348,6,22.12341271555468,0,0.7773812819895992,0
626.6492734589052,12,0.4305452689045563,961,1,4.016009995295713,0,0.7962141749913153,0
849.6543835777561,8,0.2396574678739153,582,2,7.849241712842675,0,0.845338363960566,0
544.4327908916204,4,0.9049723134497082,3,15,302.13753804173587,1,0.4456036993042209,1
696.3004517222686,15,0.1504536963036871,302,3,52.984118443610214,0,0.9281539848735788,0
573.7244148767467,8,0.1580478850979567,541,0,34.84537388232663,1,0.9597957200024116,0
871.2673690957525,20,0.1704393914852778,357,0,38.588788468125934,0,0.8430122957129063,0
779.933587833522,19,0.0916732382364724,118,2,14.617335154047062,0,0.7242322359647114,0
1061.8503724280872,15,0.2943960842248109,246,3,19.77971961501543,0,0.746675147807476,0
383.6027798778213,10,0.2963136237305274,970,1,8.202547812651417,0,0.9152796316419968,0
1800.9557297903832,9,0.130784461441232,819,4,13.349804831694035,1,0.8153033145246592,0
465.99272159547263,5,0.7990853116059112,131,6,52.37823998895177,0,0.3798432864382807,1
1747.6476031962145,21,0.1664638297103094,706,3,2.805094293025192,0,0.8982316176327289,0
1194.1448835069302,8,0.0593577226063982,395,0,2.806759774965238,0,0.8922239872755274,0
1852.740427774129,18,0.0932847393184385,73,1,1.8003474332316307,0,0.9137900484192524,0
357.4467954712555,22,0.4777473946737871,89,5,176.42067554000255,0,0.3624112894912455,1
1961.871221693701,8,0.272468885471307,825,3,7.214618478219354,0,0.7856426631219537,0
623.5505390580935,13,0.2231897181506691,222,2,0.2996654882699668,0,0.7957603436994523,0
170.83935388384447,5,0.5839295261917297,32,7,117.95880979352005,0,0.3426550081989219,1
359.1841713585822,15,0.1648287424812319,996,5,6.727075247161302,0,0.5665516684786646,0
1096.5783262498323,15,0.1447265011623868,775,2,5.336744069028049,1,0.9319015988766444,0
501.29265453161986,7,0.0713080637211133,49,2,34.08475414830373,1,0.9192150339574398,0
3889.282090691142,15,0.2049322131237807,485,5,39.85859091363188,0,0.8040322494015376,0
348.01593339518917,3,0.7423256274129282,93,11,139.6836866563772,1,0.154884190763182,1
161.39333772012495,4,0.7743128980496679,24,9,37.95677956711483,1,0.1420003100958698,1
824.0772956324881,9,0.2226387168423361,602,1,25.451674434032736,0,0.7068368305830972,0
299.5873874127132,20,0.1690115111980066,226,4,6.321685694316034,1,0.7726468320476049,0
779.4123598537969,17,0.2886353126149674,329,1,4.777546619676972,0,0.8281455353876293,0
937.5913998655298,10,0.1011936926543969,245,1,1.146534677616486,0,0.8068635082967794,0
677.8894516978181,12,0.5261389425631731,398,2,20.642245385138605,0,0.7280284482724927,0
886.0069956973549,19,0.1213077950520434,637,0,16.311512439480794,0,0.6578712958181482,0
677.1649960645527,16,0.0679056814725525,99,2,4.416736786905526,0,0.7181545288133531,0
1525.1717034606932,20,0.1661279213263491,876,3,13.4895543226497,0,0.737038222730563,0
1222.1532637491598,8,0.2633904832863967,809,2,0.3211088797910852,1,0.712422968195614,0
945.405944103755,12,0.3707825112306509,511,1,1.2445831493805046,0,0.9005703383423004,0
418.4967373650962,18,0.0847679934003686,566,3,18.416234707854347,0,0.8584596303065427,0
1970.1133876550452,22,0.4383739329400473,790,0,4.812731394185728,1,0.6157359413002875,0
1424.984039931549,9,0.351626532270703,297,1,28.191823388071477,0,0.5184006615917206,0
303.71366774951093,18,0.1926644740744908,990,1,21.365684837182815,0,0.9639874494268272,0
738.9856487670338,19,0.3334839307779647,178,2,23.926196635721464,0,0.5974582137932553,0
558.5778701135373,10,0.1613791524026858,52,1,39.709562970355314,1,0.5604931044327116,0
555.1587742115619,19,0.3157745795590523,253,1,1.4987788986495827,0,0.924382183553884,0
799.2021752799569,13,0.2772433177414107,254,1,0.0829122367144052,0,0.5863876861260816,0
851.5847719994066,22,0.1534580755822245,971,2,13.266363114581646,0,0.7413297962475851,0
2766.193330616884,22,0.1711558378080355,480,0,9.646317396691884,0,0.6960260638359893,0
497.7679198797621,15,0.4085858233645345,455,4,3.0276049160029257,0,0.7852102575517701,0
1039.0269176251215,12,0.1009293109261055,674,0,7.190162138067145,0,0.8690619834830833,0
417.7550996353236,19,0.2625736648865989,114,3,4.927825319760052,1,0.9619457628468562,0
50.74426881290448,0,0.5317994780113496,104,8,134.0089474384362,0,0.7301277028211307,1
914.8359112985436,8,0.3173403061846345,652,0,0.2539916000737153,0,0.8322990450063029,0
671.2431944454881,16,0.2261254454404786,707,2,6.081358747830582,0,0.7053034163990155,0
940.7908321625584,15,0.1516555849973849,136,3,10.838804235851974,0,0.8911964594298729,0
791.6106565383357,17,0.0870497834704117,810,1,22.970323629822925,0,0.687082864314803,0
1118.186959419298,13,0.1653432431839791,747,1,5.523040093909654,0,0.5770658083769022,0
1299.298381533358,10,0.0853378794338989,530,2,15.987679284335456,0,0.9194837697712448,0
587.0375093416609,13,0.0306645199974475,298,1,35.53819064153949,0,0.8906275806445126,0
1173.7446519074958,15,0.1957744250957577,209,3,34.33132262091842,0,0.5033348735793379,0
1260.397512476312,8,0.1929077804138108,415,3,5.8918430957353145,0,0.7371752048495748,0
1294.6523732200317,20,0.1890815169127646,797,1,12.066595506092971,0,0.8256812382677863,0
1294.5662054555448,14,0.3430852289498486,991,1,37.12646566739978,0,0.8416873028720268,0
364.034762505845,18,0.0930167065849179,246,1,10.279660863769328,0,0.6475751415803452,0
546.3732938676535,10,0.2429086372399966,243,2,6.757449435318425,0,0.534300167163397,0
1484.6574139266856,16,0.0774814386236388,956,1,6.53528377982737,0,0.965188203592044,0
314.4577765955055,10,0.2265138124351087,761,3,5.129053853155195,0,0.949470698464524,0
815.0125946427263,9,0.2668767636735729,365,0,0.0261577403959629,0,0.7679464893361555,0
508.2678994921109,8,0.4002527797711898,55,1,26.24297967920195,0,0.8839429588343669,0
2084.8313203366424,14,0.501912757314438,285,2,21.441334276428957,0,0.7162808826960504,0
1023.4296863255856,11,0.0370958992932839,956,3,43.249570747215415,1,0.8413656134527112,0
2227.95114463697,12,0.2055480630691505,62,2,25.75370188478453,0,0.7370473705713841,0
1117.189651781142,15,0.4686556109171406,47,5,25.557569241092768,0,0.958410860410192,0
1608.675537914071,20,0.3189344154644321,170,1,21.79430974613124,0,0.8883818038876908,0
2419.913050206142,19,0.1200232959964764,603,3,8.363311726444051,1,0.8365167220993153,0
904.7822302122896,13,0.048996434774419,349,2,13.2653673262284,0,0.7950365731801341,0
1481.5286804662014,9,0.2160488650121676,328,1,35.3988148184237,0,0.7085124561186258,0
958.7342451034611,7,0.4889382504031887,282,0,14.884954190117613,0,0.8107566361341246,0
1637.4339720775336,12,0.155915693973337,977,3,13.529407733838436,1,0.7485357236586904,0
1028.7711076919936,9,0.1478466132613517,791,3,19.68970709880207,1,0.676120627798212,0
275.12783123488265,1,0.6577829761603614,162,11,98.37671658967874,0,0.15767009175559,1
1247.6636630323503,21,0.0693599317280299,164,2,26.173316487294045,0,0.8423322082544551,0
1285.1450256236174,14,0.4713360070935283,768,3,14.14805558526583,1,0.7809092421052893,0
754.3608729658638,19,0.3783710944654206,742,0,18.957318817380475,0,0.9529916234154706,0
1355.7926717357925,12,0.0604745250300881,86,1,1.2830969512615336,0,0.8312167600015522,0
1068.2895755110087,8,0.2135628285222474,271,2,18.318452777461516,0,0.3647204112506884,0
2276.2728308848273,13,0.1579102314343035,860,2,40.92880980711291,0,0.9082069554918316,0
1741.828282898987,16,0.1342825426798959,727,1,5.558540298450944,1,0.6221609179209189,0
1183.6973036498764,11,0.371583735808789,696,3,1.2794443491382883,1,0.7020860329300892,0
840.716888154842,22,0.1089964840916865,858,3,14.29993493394178,0,0.8203448736752523,0
1324.1481942453886,8,0.3873250869343302,968,3,0.286852161793946,0,0.9228353104101472,0
719.9934790643637,12,0.3512152948340713,263,2,17.25930780521409,0,0.8567426919413524,0
521.4729106233043,21,0.0884644543727826,257,3,0.0953513379073982,0,0.9161576776043222,0
1470.9897523952995,13,0.2052292023385038,269,2,10.155061548535883,0,0.8779392318929115,0
453.54841689886223,11,0.1137916880601308,470,1,4.897700646957333,0,0.8564197005939741,0
1382.766975410958,11,0.1349809448323062,317,3,6.931414400997953,0,0.6209344989010455,0
66.98098849583573,2,0.4423677247262059,107,5,220.41268560299923,0,0.1604370610654671,1
1325.786561946726,11,0.1305959939183036,664,4,37.192892636882945,0,0.9765583798275048,0
973.2461973194067,19,0.3487877009934133,702,1,58.855338265218066,0,0.7827389461044256,0
934.5370923519724,12,0.1779076120271086,352,1,12.279461696449069,0,0.8742215677143784,0
915.6479586099018,10,0.390673922128624,482,2,6.134006995193152,0,0.838801195653749,0
997.8629737505206,7,0.2973610989343375,617,2,32.884765198105356,0,0.9591610582541936,0
985.5622479118268,17,0.3342889358131854,635,1,34.96643386889001,0,0.9516915275794812,0
738.959080370969,8,0.2300589842952501,277,1,18.001685879347807,0,0.87933575940612,0
1631.0601192232946,22,0.2760710874564356,729,4,27.505043913943183,0,0.7126208134755864,0
834.4028361103628,18,0.3631992325896248,112,3,8.323323078478978,0,0.9698279939951524,0
669.1223706293854,9,0.2511770404133918,90,0,6.643085106243896,0,0.8140147120898443,0
857.923077020756,22,0.1427160673981529,145,1,42.92851602630625,0,0.8617191155775674,0
1068.3521427727794,8,0.0355724457616455,751,1,18.97460171900551,1,0.6140918657191284,0
737.4868323857315,9,0.1427926833562073,152,3,31.11593729912799,0,0.8762937439506365,0
481.4669977762993,21,0.3468650138536957,768,2,30.49360792094428,1,0.4356909720176101,0
911.5035787387176,14,0.3263615757116933,288,1,11.4383759304696,0,0.8778532173868209,0
468.4251543147791,14,0.2603090823406864,638,3,11.130220755418804,0,0.6738047117086976,0
1648.1032790691138,19,0.3317332461703007,356,1,4.352330624385662,0,0.6573298444698463,0
414.0130283133649,15,0.286161806908041,84,2,11.49470298866205,0,0.8857792239661579,0
2177.4723788546667,13,0.0693533891022788,44,4,29.938728883612843,0,0.5493514925887829,0
1434.0975869030358,20,0.339072082838843,266,2,23.325375983049756,0,0.8296585021118675,0
1028.3058740575823,8,0.1694942346602429,373,1,24.51756637153848,0,0.8692605650589624,0
710.505266862029,11,0.380490500720641,468,3,14.588446104198155,0,0.689406161506626,0
499.043432173557,12,0.1173866374136453,959,4,9.259920544284144,1,0.9749626304272788,0
997.8101381645088,13,0.2533922691270704,501,2,19.111010351383023,0,0.8211055883768767,0
618.5639466999127,22,0.2698376390697736,181,2,14.892436669325136,0,0.7037269406438542,0
505.9232375937714,10,0.1055667204570938,367,2,12.337054691028408,0,0.8281500216911815,0
1438.0040764156392,13,0.2651538638774752,114,2,3.5168602568157272,0,0.5541103623642959,0
1837.5595924030133,15,0.0538593468849692,761,3,26.532736779632263,0,0.7312095368878064,0
1028.667314573417,18,0.1536291297844238,696,4,55.84173173749919,0,0.6081030989039774,0
801.9853957628053,15,0.2539243331503743,171,3,10.437111379194688,0,0.7790377652433987,0
1112.7020513102152,7,0.4704089749069219,133,1,13.24099658759962,0,0.850594846073992,0
1226.9432406222738,16,0.242838097736009,204,2,10.001366551595208,0,0.6716423605693539,0
2594.9363908646105,9,0.2340045540215019,33,2,1.610759040007834,0,0.7837427361121401,0
1302.557529169483,13,0.3155557244603227,775,4,3.82884896297974,0,0.5876355748621704,0
888.7568445640547,22,0.2826339528834838,983,4,22.173330657905023,0,0.8752595894098965,0
2937.495964091961,12,0.0882167453456412,855,1,0.2312063422799922,1,0.7938187810666486,0
428.8154674680081,11,0.0072171558605323,32,3,4.039252692919332,0,0.8167641849134463,0
988.1082351991328,12,0.2844160815325116,237,2,0.7399933518207996,0,0.7919394472039446,0
1329.874132834537,10,0.1505485984167556,287,3,9.550221982043158,0,0.9263835416327304,0
692.1609382794044,7,0.1633342027300665,409,1,12.878376458700991,0,0.754210552708583,0
1962.098232245189,12,0.1039165407069861,518,1,2.471040731083324,0,0.7306398238831984,0
990.8416710690092,17,0.0903813238058772,768,6,6.112876903236277,0,0.4838951032323755,0
636.4301011034794,9,0.4093073751431049,765,2,2.6226370572802256,0,0.919091495988841,0
816.7101597228437,9,0.260981970038134,915,3,19.887123505334053,0,0.7963713494660476,0
609.996142057368,20,0.0700648442645652,598,2,30.101073233348327,0,0.7380731720946729,0
788.4975860221209,14,0.0901901871552822,95,1,29.157980761224938,0,0.85831015812167,0
1554.6799217215184,22,0.1101563746730662,779,2,55.96311200990698,0,0.8637256378350118,0
1538.5272386582758,16,0.1382525882071039,586,1,4.869431248925097,0,0.8721830491963015,0
1209.0405588917845,16,0.1122374868396229,967,3,9.80397716944282,0,0.948954325019554,0
812.2556958314736,8,0.1391845550919926,524,2,5.7938506508313266,0,0.712431281034575,0
1597.8482507710082,7,0.3663954593510724,978,2,35.7191888835892,1,0.9528440507254834,0
1191.4540579752531,4,0.3630176013993814,118,7,449.53704044252254,1,0.3604849283985334,1
1033.357929657,7,0.1188602584392027,226,3,4.419831025430993,0,0.8415404211372912,0
1089.7615435613477,19,0.0419591700132764,737,0,18.96263378367644,0,0.8987376936928736,0
623.6350150711595,8,0.7073025936096876,759,1,5.688230226267851,0,0.8162037718911771,0
473.5610634245276,17,0.1252869109071585,684,3,13.58027545598108,0,0.8464063732617348,0
949.2769853921887,12,0.0072641903609581,400,0,1.4177217801505535,0,0.6474958400884802,0
702.7526465212194,20,0.1867534451242585,976,1,19.938405502718723,0,0.929997129498774,0
675.4086602388676,19,0.1540736337440803,689,1,16.70113949783282,0,0.7170428665168265,0
697.3777050621543,8,0.4149146175240616,175,0,13.97935492780269,0,0.5208393337431135,0
391.26800290749776,17,0.3172128302646997,205,0,13.93853127355517,0,0.8614400459687921,0
532.8107438950537,11,0.1777558813937098,294,2,15.973557217771702,0,0.6580935174521811,0
266.8252176438086,0,0.7110425396395077,12,4,27.38780752336878,1,0.3191118030382707,1
1607.531649607063,18,0.1359624313170376,92,5,13.350765883863405,0,0.9365518500848992,0
351.6734939159283,11,0.2075182570385528,168,3,18.74715929595948,1,0.983895226996044,0
1097.5379317776064,20,0.1300768777255583,985,2,9.963818757936032,0,0.894484362539381,0
1290.7220687194786,15,0.3374003035259246,846,2,7.326156756459182,0,0.7497753702903626,0
2406.902480450258,10,0.3002334604217122,886,2,8.507561090678628,0,0.7903056989217988,0
802.4692323942802,19,0.111142890859692,151,1,15.730131241520947,0,0.8610330100821649,0
639.1919850112617,16,0.4125354248618403,225,2,15.667315189495586,1,0.8695938651690442,0
3149.9043504840884,11,0.0827387469337546,713,4,20.599271728481916,1,0.7650736346098376,0
1088.112696210387,21,0.2987960979378254,699,3,2.9574177409755573,1,0.8716509570249773,0
1230.797010736766,11,0.151357483839539,259,1,16.51303567680241,0,0.6590599435723243,0
744.4804132072325,22,0.1221635893654123,522,1,10.636501162690267,0,0.726431981548582,0
426.4777415657168,10,0.2403777270709517,147,1,10.817311781839445,0,0.7845986381947281,0
668.75600652733,13,0.044635415753555,890,2,11.29048113246808,0,0.953245942182019,0
276.8696437604541,10,0.1391683418566544,853,3,0.5762750088299163,0,0.8959057416796472,0
842.920315215474,20,0.2768398396148819,722,3,2.063140885496898,0,0.7515509041539997,0
1302.628338620906,14,0.2609895134800304,426,1,3.757476960030547,0,0.848121461451261,0
751.1059935436775,19,0.0626901148652302,731,1,0.8533031601437578,0,0.9304894043287376,0
954.4102568729056,18,0.4002829772518426,741,5,34.08811703952307,0,0.935292905560081,0
737.8335221815342,22,0.2381863086649434,73,2,23.83264533968553,0,0.6785633844024476,0
1630.5450905528226,21,0.308961939091915,102,3,0.8578654299039731,1,0.9153078009081024,0
1572.0957772974086,20,0.1516537769944716,967,3,10.630564297719346,0,0.848044001735368,0
895.6782388152975,12,0.1024267373664347,240,4,6.049400155206011,0,0.8880929978308391,0
1440.91557740263,16,0.076895758304775,891,2,2.0630756121654725,0,0.7882886827602047,0
413.4372714374912,10,0.1444137546991232,180,4,26.42523071987828,0,0.638206924979527,0
1333.0094277637982,19,0.6352027950782011,652,2,17.890606868657787,1,0.9825144975646384,0
2080.752355959954,17,0.0362491269343762,110,0,14.0156291572386,1,0.854014640658424,0
720.304582719496,16,0.1420333338855587,186,3,20.213766193039632,0,0.8507541362912396,0
1118.200341730705,14,0.0549593829902806,886,3,5.903204776839455,0,0.6145678420534093,0
367.1415197057183,1,0.6037770410274342,161,7,109.92385442400672,0,0.1658564286534542,1
775.9836218663338,10,0.2560369309161268,56,2,22.81954723080123,0,0.8327453276249641,0
994.4596715628064,8,0.152586172398895,915,2,2.71700352304285,0,0.8287584845380923,0
980.2602684220144,19,0.1315061075100337,347,2,0.3611440679707262,0,0.8701584422422758,0
1495.061786479454,7,0.4626100388510016,996,3,9.470928084971806,0,0.7754526876486179,0
1221.2198520262623,19,0.0691880957250086,440,1,4.3763870887969185,0,0.8449435499721539,0
103.66490453771132,2,0.5457186895764427,167,12,79.98738430823883,0,0.388075035974075,1
677.0950707579244,9,0.0129387100414179,741,4,11.593770395528736,0,0.8722236246732505,0
1844.9999211949275,8,0.2531746243985381,36,2,6.6571870136721625,0,0.7275646897410378,0
633.8169751446469,15,0.0219019576106299,710,1,9.333908145001676,0,0.919751852122616,0
2000.866458602718,16,0.1921470119746269,962,1,3.792257413893844,0,0.71769523658761,0
2645.0847701687226,9,0.05128406101125,614,0,2.755150407540286,0,0.7539424081344251,0
1043.6120068207997,20,0.0328368132877193,790,3,25.783740838903466,0,0.4545044528711768,0
410.44871373757127,20,0.1525129414887498,664,4,5.0567865009371875,0,0.7301915851350489,0
846.8206507120632,12,0.0989193937926343,170,4,60.22083707982666,0,0.7654864334506054,0
1298.0668326047023,18,0.144014570417788,64,2,10.507318241982889,0,0.5481702985257761,0
612.1372095984224,13,0.0245400035041317,251,2,17.910560389922423,0,0.9464286787288008,0
278.0862893625056,18,0.0747738492577914,543,2,0.137051822752254,0,0.8706630206402144,0
911.2937507683796,7,0.1072268901381877,123,2,3.3303769344700505,0,0.8160843414103571,0
702.3819082065726,12,0.1000339295927756,536,4,15.299978842537172,0,0.7111642852173264,0
864.4641747101842,11,0.3707631302005839,499,1,9.584212143530891,0,0.7832629666800668,0
621.5126853514492,16,0.2631889319637688,854,2,0.2914757634011538,0,0.8943773680947061,0
409.89557357640496,8,0.0827581073074582,963,3,0.2080441052327673,0,0.8541081929201692,0
767.9581104965746,13,0.0945264352998353,910,2,7.7635184824028975,1,0.9663210446184768,0
208.21598617064433,23,0.6083850506782145,100,6,487.35506801210386,1,0.2390157501758597,1
738.386096653453,16,0.2716738013923573,443,0,3.23186034183523,0,0.7568598441566948,0
765.3130024753202,11,0.1024144725445749,121,2,3.3148143486158603,0,0.8082775171221398,0
769.459067661899,18,0.287191397389309,75,0,24.82467691093395,0,0.5316095653263997,0
973.5291864953252,18,0.1166797932535305,277,2,18.161176462758345,0,0.7842122147824242,0
1277.2194668730947,15,0.6019408354230483,807,1,13.527614988475026,1,0.871734647299046,0
1481.5981841005582,15,0.1261029072651612,323,2,5.39927333436982,0,0.6998512025370485,0
1007.6504469986736,14,0.0743513740493887,268,3,3.858714902414006,0,0.7582092929946374,0
182.3944819969318,3,0.6376227387477621,25,8,152.83493616039448,0,0.0401064424855812,1
831.7752184924849,10,0.1014989015151884,793,2,7.664091147069234,0,0.8338723991350265,0
1103.1770294331484,19,0.2121154756625082,819,4,25.453402085461335,0,0.6952717019518505,0
778.5096337380902,14,0.209755309391451,730,1,7.51789719796168,0,0.8517548901208881,0
157.79863951082783,1,0.780001249839604,8,7,178.06203030492154,0,0.2056492830271737,1
1725.8365391164375,21,0.3824780013884006,576,2,2.409990623125283,0,0.8332069863069289,0
685.6923484612157,7,0.0091229387471144,627,5,2.605819039566265,0,0.7198363686869601,0
1720.8017614649896,17,0.248099664676344,980,1,17.622569653930068,0,0.8942141639507495,0
705.3005095577281,21,0.2049375888162453,733,5,3.179389011773321,0,0.919360269428505,0
805.7082719098693,13,0.2310186907695502,306,1,1.3801740480495706,0,0.8470236794708046,0
392.1344776276793,16,0.1326176401432899,451,4,12.497091243776502,0,0.7256371500447836,0
539.9536060424018,7,0.0549564175001354,54,1,9.07611554841036,0,0.9582086127284212,0
812.4247382108352,12,0.0745491152674493,176,0,6.872272970557318,0,0.8944978082321239,0
1509.3530358521905,13,0.3920002953665216,189,2,12.408841969309108,0,0.9671288780808502,0
903.3641173098068,9,0.248586041074077,216,1,7.70960882655674,0,0.7215911729297926,0
635.7315926802479,14,0.1746651975139975,660,0,7.896244786523482,0,0.8424187824015168,0
415.9545458621094,22,0.3826046077873764,160,4,64.73561632187882,1,0.4161249132871042,1
640.8047601296901,11,0.1736997974201952,261,2,15.549354270993938,0,0.9503217162846532,0
692.9460287440787,7,0.0828189513101766,311,3,50.31014638055997,0,0.883915178877991,0
1192.4411559082553,18,0.0049873362541539,682,2,4.337499038729037,0,0.8978804473159775,0
388.8950943373632,14,0.1010869015283655,205,3,10.891323606203963,0,0.5862272718043635,0
761.1962946327909,14,0.2677002715578322,533,2,0.048457543994436,0,0.9858935808585058,0
1470.908490775755,12,0.2187994524879031,898,0,6.934889608182344,0,0.5276617407641875,0
809.9624658378897,17,0.2046579458079483,154,2,58.83328014316352,0,0.9888064153081508,0
2126.040537199408,12,0.2843533099208182,190,1,5.476347636791569,0,0.894187632829045,0
1674.9331243993752,16,0.1343612665558922,134,0,12.96572470200385,1,0.7852396358674711,0
576.9310723292197,15,0.246733126452076,988,1,13.141227188243446,0,0.8193461665588095,0
712.96923838602,8,0.3439813360233767,379,3,22.04655094055647,0,0.6843281132524046,0
534.7943332297408,20,0.3079724424462997,213,0,20.38272983784447,0,0.9914830931128916,0
780.5242923410248,9,0.2451220031493225,645,2,9.510081795567052,0,0.8026403906989371,0
972.3873363718384,15,0.3405612759018357,550,0,12.05788675358706,1,0.8238577701862646,0
865.804239390584,22,0.4123593433222586,85,4,0.9375758721062468,0,0.7687956843604533,0
1055.789033115929,13,0.1490728342882378,987,1,6.487437273871795,0,0.5956314517040544,0
2569.495433715558,19,0.0565580280039956,145,1,2.829314992685777,0,0.6783866635949191,0
825.9613430190483,14,0.4088216849755628,88,0,7.21559071617764,0,0.8448624764700119,0
881.1751803202009,16,0.1616333845527997,680,0,11.217206362485582,0,0.6913871366470522,0
1047.3446776877172,12,0.6224714098886526,384,0,1.3644524792595731,0,0.9370814538096232,0
1486.6059483897288,7,0.2076905931335984,879,1,0.4970408245927614,0,0.8351320346344533,0
654.8888948334973,15,0.1379709070002532,154,0,5.820174521524837,1,0.9273077648148476,0
1442.236571618488,16,0.1566928952429236,190,1,21.59572507619994,0,0.7962916726486812,0
938.2104923153322,7,0.1837633011419233,782,2,22.89339618466804,0,0.5456417731917977,0
311.6593054471686,4,0.6339968515233392,96,5,509.4244980829164,0,0.3649852711245732,1
1125.1932528453212,20,0.0406630753017929,239,0,11.330803163727204,0,0.8618382820284235,0
769.1196883607764,14,0.2189278840425166,685,4,15.894881272980951,0,0.755804952258044,0
1270.5279223585176,10,0.1452156715307135,515,2,14.006000516045331,0,0.8590183132827521,0
479.6839460103803,9,0.0838820299177622,686,3,2.9983671982889817,0,0.8761143199741059,0
523.8449725815857,21,0.1500517224571708,341,2,0.0952475118033075,0,0.785430444388296,0
752.4965164935311,17,0.2020937758799087,369,1,0.0044405177415643,0,0.9858961420707362,0
1312.0557718140783,21,0.4000962598744396,695,1,44.90898784544702,0,0.7597283056629699,0
670.0611961804829,11,0.329836421006457,626,2,14.19689844547063,0,0.7146767426554093,0
1086.107154340639,7,0.2841415162893695,222,3,70.67618357280175,0,0.9376645598498744,0
1071.1580548770892,13,0.2509456754840106,803,0,46.43491174155315,0,0.9347976855605868,0
415.6436077642752,8,0.1240682029441831,923,4,56.26171418285356,1,0.8322517990530246,0
1056.810789475347,14,0.1947753930417764,879,1,11.094945408120353,0,0.9173564487282384,0
1875.3880414729356,10,0.2809513293726549,703,0,27.972517569376617,1,0.8336759664224395,0
2651.68870201827,11,0.2085882047947287,854,2,6.081736211802271,0,0.8397188805532426,0
1732.3639496049857,19,0.1781057578409789,621,1,0.9234616438297508,1,0.5982071100244261,0
1077.6994146468448,11,0.2957235463988334,115,2,2.0304037044206593,1,0.8092821221810959,0
659.598745777694,14,0.2400911076407818,40,2,8.045079700096514,0,0.7022959209977812,0
691.5493157514188,9,0.1268406412522491,802,6,4.019867081587902,0,0.8621737430233744,0
1478.658044657688,16,0.0631304222625698,724,5,23.37617639647323,0,0.8193979380331734,0
988.8146434133944,16,0.0692216394513852,337,3,11.339071349373246,0,0.8425514300182947,0
951.7421507182652,19,0.0849663083260535,292,0,11.60761948419379,0,0.8175569860389026,0
926.9094112544466,18,0.423112883696182,804,2,0.971679872756848,0,0.664384117546405,0
550.8199933800754,11,0.2457067018928738,663,1,7.471865614046947,0,0.6850725185858454,0
1755.7352055145288,17,0.3176832149738111,516,0,27.265221523780102,0,0.8179716768291317,0
1323.6884027909684,15,0.2152494064198554,203,4,6.555503390580295,0,0.8077480337978133,0
1144.1371716305614,22,0.1459691150852842,118,2,24.185621813771498,0,0.911691158842994,0
348.0248413798638,16,0.3965763906403304,385,2,20.794948858258987,0,0.9369050885758284,0
806.4526175102159,13,0.0907572351736266,739,3,33.308441393039715,1,0.9053355089623764,0
646.8587875872786,16,0.0403655372014694,440,1,14.10613695654718,0,0.7261301986199082,0
1188.8695012021406,18,0.440981879466686,575,3,5.7012249862804465,0,0.8523924101802292,0
621.6065234361571,0,0.429748519503256,186,9,117.39382119424916,1,0.5210508203842205,1
1444.074873480503,20,0.2961766383351624,99,3,16.980565340362972,0,0.6254367556044429,0
458.5771333628817,17,0.1233317144877271,266,1,6.071999747531309,0,0.8755742640129196,0
285.51735801129365,12,0.2466348990314295,426,2,14.317378477622857,0,0.7752692807368554,0
731.3575252799719,21,0.4944250038324525,327,2,7.681562698970295,1,0.818391561314264,0
1273.1839483109936,12,0.2367986887606886,99,5,0.0643185238535839,0,0.5567921063268418,0
408.08586228510785,4,0.8688122919894722,137,9,22.008832401624023,0,0.8072049845068417,1
475.8218589810897,19,0.2197149228572472,623,2,6.143154508160554,0,0.9098124609211204,0
63.69138151154575,1,0.6436314347110722,87,6,14.764741785714763,0,0.7916280104788089,1
1050.3258167768718,10,0.0558932186666656,86,6,5.687238059677848,0,0.7844062689453503,0
734.6017480737789,12,0.1654744579121728,603,2,17.115415104804242,0,0.8531140409465631,0
1518.162441109886,13,0.1374940914740645,468,4,12.295563254517925,1,0.835848923931851,0
997.9967398569224,11,0.1710788504864876,572,4,20.83192929853776,0,0.900907459861769,0
464.0567132893368,22,0.1750931149664059,920,3,3.291637710876007,0,0.8717506870552341,0
535.499939742989,11,0.2130716776353957,902,1,9.210063837135804,0,0.9478737197235236,0
676.7261993275245,22,0.1946949393752522,198,1,8.980260441488547,0,0.70312711184174,0
3658.108902481786,17,0.3550331417182316,854,0,16.371360841600254,0,0.9076636026654508,0
73.08205242483666,0,0.3148672845322247,57,4,186.0957572344368,1,0.5982881498227389,1
1233.2929691115776,22,0.1504071351775645,658,2,9.049530625914294,0,0.4673157744404524,0
572.7383990482501,13,0.0414137471952099,720,2,4.890657753285202,0,0.8203061639752249,0
779.011327722058,18,0.4096130698504266,951,2,2.7247298007708554,0,0.8365048738129172,0
900.7664375709652,11,0.1810691415348969,879,2,7.69385304384748,1,0.6995687315938287,0
941.4608914937664,9,0.2478550168499103,69,6,10.151597588170633,0,0.8288541473283201,0
829.7979156729227,20,0.1572373357385858,667,4,2.8970870378185287,0,0.4753498737939274,0
743.5389728200082,16,0.1119574697328935,216,0,0.0269382880667887,1,0.8999665365583844,0
1009.9677238805288,17,0.3930130342187279,316,4,0.3236539121963714,0,0.9305296406862998,0
687.1378536236373,11,0.2748737311612063,127,2,9.402719611460812,0,0.7940795367937195,0
920.0076639779162,8,0.2674900657944447,180,3,0.4816225918035842,1,0.9562539151125496,0
324.1258038245674,0,0.6284126384362794,17,8,21.130403298230195,1,0.3615571450714663,1
1094.2338128289473,21,0.0331071518194549,269,2,14.043511534827442,0,0.6270438928820511,0
479.42209167710206,15,0.1891880959156256,181,3,9.083521888894174,0,0.8833846728289169,0
1207.9217174960677,16,0.3946298917225406,760,0,0.8050742505829969,0,0.863783880718938,0
852.0130162780937,15,0.1048931720523176,741,3,15.272918904458171,0,0.4529495997104994,0
490.467664702755,17,0.4609530634333928,48,2,8.46874261447799,0,0.7236625912311014,0
494.43331100215937,15,0.0730125810164652,611,2,35.425603261135024,0,0.9457537924744814,0
1099.335519257956,17,0.165167192847448,892,1,23.89208116233886,0,0.5930424689083459,0
753.3288133639901,10,0.1441839329737959,965,2,7.975492702706776,0,0.7871272455136913,0
314.27451076743034,14,0.177769637454995,801,0,19.567361907958237,0,0.7811402088405296,0
1436.6108154884712,13,0.461866350675549,793,2,8.3960011660658,0,0.9559264705747909,0
433.0316448376052,16,0.2480038115052314,68,2,10.528193322315545,0,0.4684900238791814,0
801.6151573086238,8,0.1817001942020223,55,1,21.1089099891632,0,0.6709338604588363,0
1416.046331747288,21,0.0302445787870898,747,0,1.3218683856920173,1,0.8668624540589003,0
751.7194049782582,9,0.0500499312866059,896,1,12.92679431820402,0,0.8845242013188327,0
275.7608178607365,14,0.2567217799527644,545,2,8.63445947325124,1,0.9389262427076044,0
878.5266105657971,21,0.0891532421768367,714,3,33.28030306028168,1,0.8917673741940271,0
1728.1806944321113,9,0.1614545007090702,383,2,14.428258582593894,0,0.7094407693876582,0
549.238724374982,14,0.1366872207230631,374,3,1.660870783727284,0,0.647357548189637,0
962.185947801981,20,0.1454588751247046,955,4,8.635591100900674,0,0.8701155821858932,0
794.4583514442426,19,0.0189372483215419,834,2,1.999072006965692,0,0.816095010021668,0
927.6739433042712,12,0.0535047820128035,456,0,17.446649582273228,1,0.9708770379452728,0
676.7539480508569,13,0.0219640338680054,297,1,27.792517790171058,1,0.9347563248076582,0
1705.4441775241594,15,0.3249447350816566,440,3,21.161194790917833,0,0.8651095640351372,0
329.668171304077,5,0.4924095219489861,119,10,12.441982686798893,0,0.1097175224961308,1
1072.7286775071364,22,0.2307991224207748,494,2,6.936775096146267,0,0.9394624162210704,0
925.293767528569,22,0.3830347202293708,359,3,11.496466172498502,0,0.8747552740381443,0
792.4741120748085,13,0.1967382335464728,867,2,8.37228221026147,0,0.7539687697811362,0
1844.5070965498576,7,0.0820236706517706,232,1,3.6637615940203343,0,0.8420096395535196,0
1218.0997215967343,21,0.1415749598182891,880,3,2.4971493053716975,0,0.7991125238857513,0
485.52176116288535,22,0.1593021615784132,714,1,19.25064532108956,0,0.7945653297728872,0
1262.8295067625677,10,0.3343131549182939,482,2,10.552203097003757,0,0.934073681932246,0
741.450276597488,15,0.2979628548694927,545,3,1.527686947715326,0,0.9290820518379268,0
1173.3366554237225,20,0.3113256492578346,49,4,13.261356073439533,0,0.8153871160544535,0
577.6105494868527,22,0.0826095041647384,938,1,2.499330099522345,0,0.9041933292424876,0
1244.1212105718969,22,0.2321283883491284,459,5,1.1580056455346304,0,0.8795047795767833,0
406.3484772096238,13,0.0707669500268335,818,2,16.94698422086032,0,0.6900462712599211,0
583.9397246600207,11,0.2836267312982191,765,2,10.161868275970132,0,0.6611209245117375,0
984.7092438626296,18,0.1122271865323487,438,3,9.802627616909437,0,0.7145238397573289,0
841.571891254838,19,0.2421590241390894,132,0,16.14438790778258,0,0.8443159537717825,0
1778.593301557735,14,0.322991899780739,390,2,3.5734209137577984,0,0.9570372079181256,0
927.3647465254668,8,0.1895065464487983,617,1,5.34011318265231,0,0.9628547036357789,0
832.1656727079579,19,0.1073386705152822,931,3,7.27678610110223,0,0.8942018677750785,0
647.6524607567361,7,0.1563979070042256,894,2,31.186880986079544,0,0.8105684365115072,0
716.4226168525161,20,0.112104829721141,287,1,18.460270209981143,0,0.7318093102837261,0
613.0670359877496,10,0.3318639930182603,849,3,0.2630234348655043,0,0.8704766676803886,0
1237.1554111992175,20,0.1575870057678374,172,1,30.509107189545254,0,0.6864234071231468,0
837.8159205402795,20,0.0892257222681472,874,1,24.02172168778787,0,0.8314520870336702,0
1422.8678530175869,22,0.1414168004974254,663,3,7.7948937774679505,0,0.812969562308486,0
1037.1186562204016,21,0.2180189315778814,585,4,13.516286470874556,1,0.7841245030884361,0
334.65425682145644,21,0.1453780709557973,710,2,22.132978425755105,0,0.9047719436658994,0
922.1358221134592,14,0.0110103644470694,708,1,11.035794719882867,0,0.5711837950899348,0
801.7617080120569,18,0.2152704619143972,736,2,18.260993897706285,0,0.7949610640556226,0
1454.3675432612138,15,0.1905805299004602,906,3,16.840692126730243,1,0.807845405318916,0
538.4082763765407,1,0.4988680160348024,25,20,114.00363352224676,0,0.3106294450242086,1
749.0651623666912,13,0.2736974730819932,517,0,5.444612928670346,0,0.6808456646568384,0
486.8982872948192,9,0.3602907455887048,411,1,5.089680114083378,0,0.9735845525409084,0
2079.418033891008,13,0.1121744802192129,670,2,29.57669862989541,0,0.7494666847738417,0
1079.0545501471022,19,0.2581907008999305,180,2,5.328580628631654,0,0.8579592855192576,0
1356.407867014833,11,0.5264084009442451,480,2,12.9128596200699,0,0.8500798079901731,0
431.9886308006843,8,0.054115858654562,308,1,73.7776854636037,0,0.8707370133815,0
628.3583971566059,17,0.2186198210921083,482,4,8.062444914152241,0,0.686336563865677,0
780.5729705814325,16,0.1035630386748053,648,1,0.0466924762199451,0,0.94974287912473,0
809.5212450984902,15,0.1718014840495958,166,1,0.8790042624666069,0,0.9067629772722048,0
890.4757093052385,12,0.1830254197979688,912,1,22.01586986570314,0,0.9434114633830208,0
382.7920702874392,7,0.0864118497606339,566,3,2.531965197197413,0,0.925345341493926,0
547.8541321021037,18,0.2184313257012141,352,4,17.215234204795177,0,0.7442095756126818,0
544.0234750590804,22,0.2290760332885584,524,0,3.5276865418735905,0,0.960946192213871,0
540.5226984563108,20,0.0808243532072388,154,1,19.413656806033472,0,0.948422790749132,0
1821.671126492272,20,0.3777164609282353,293,3,34.03459040708343,1,0.8434995641108124,0
1535.057237649484,19,0.2816026303396888,901,2,8.863755855712926,0,0.696117962064596,0
894.9827199539436,18,0.1295041979261653,544,2,1.3664945865762663,0,0.5981167799306545,0
445.762912922155,16,0.1600000786291785,943,2,1.7390404242518855,1,0.6391676644949174,0
675.8466524591,22,0.0664585090108451,46,2,3.2476365184068583,0,0.8700917688170072,0
523.3282184351015,12,0.0972150647894717,707,2,6.576890126995798,0,0.9393629916033336,0
732.2659588885683,19,0.1277083700164762,310,4,10.675732343014063,0,0.7152873680480354,0
908.7006496128704,19,0.0813550540617788,134,2,5.90835831215537,0,0.8267169055339487,0
494.784957871299,14,0.0732146640351493,678,2,13.536001918567692,0,0.9283751316577568,0
652.5092857640984,14,0.1020174465221945,979,5,43.6535734146612,0,0.7573472268094287,0
417.4925287758875,9,0.1133223064039989,420,2,4.969502392481565,0,0.684796731264881,0
1064.0933123953207,18,0.2007323239854797,526,0,1.3334149052556894,0,0.7806674832445513,0
1953.0924377897063,17,0.1196865346665873,346,3,8.599678680316854,0,0.8260613797795345,0
2279.945354873593,7,0.2708933295792821,264,1,0.5768677745548324,0,0.5714043455115182,0
774.5627122622897,10,0.2213221900533734,428,5,31.68984885753475,1,0.8312920139568402,0
1267.1458699546054,15,0.2320971339482627,565,6,10.55513557941866,1,0.912196466528752,0
569.249833922607,10,0.037767967000972,157,3,3.867897458048101,0,0.7517089904824729,0
808.3722326446368,22,0.0663194205543187,578,1,4.687533282100867,0,0.802740486915039,0
1611.796630009827,17,0.3061602486733645,93,3,26.34484850214106,1,0.8034801304479569,0
1285.7462877970854,21,0.4189308692904029,573,2,2.534303813943565,0,0.8676813689579131,0
636.6798237046754,7,0.1521634338120301,395,1,0.1888408738020902,0,0.9389599681894616,0
1057.3218005480214,20,0.1328575674674379,89,2,2.230928490948394,0,0.7729555724129055,0
701.2337875927012,14,0.0646515670576798,516,3,15.767247475975418,0,0.8805292865497943,0
657.8426104025762,22,0.2156896551555083,847,4,10.070332540603571,0,0.9702147684036808,0
461.9180709475371,18,0.1503309052671554,475,4,17.72103108249517,0,0.8964583450125903,0
2120.9487475944934,10,0.4598093924270935,988,3,72.93252986494589,0,0.6645429271612515,0
573.14493192648,20,0.2812118444997973,659,0,41.22758438959711,0,0.8072122943694257,0
1044.6714702671543,19,0.4802802212659764,987,3,20.7036384119222,0,0.8144339020536882,0
499.4787865098345,11,0.2871643948162751,304,2,0.3995680919858813,0,0.9313960830854072,0
841.3975284122314,21,0.4262010539146381,644,1,2.370494749751915,0,0.8369055099657086,0
1572.0207746029637,12,0.2418206780664772,400,2,8.358316632215335,0,0.8185183259517385,0
727.6404468681609,18,0.2136717336424454,527,3,18.2656977408387,0,0.7469802792933291,0
2359.962875185056,22,0.1336013936639769,923,3,2.559322682625696,0,0.8051154775352172,0
657.884707223746,17,0.1809692230694015,68,2,0.6584740893894624,0,0.5575892522106094,0
408.227699107288,2,0.3768526048233169,54,8,56.6678736449213,0,0.27547818912435,1
655.7795493652533,9,0.3464239568021519,774,5,0.2602779950660954,0,0.8472327206978325,0
1006.7082044145352,12,0.0442124225682845,477,5,13.571008415143451,0,0.7895231903635294,0
540.8336441028165,11,0.0827103269171559,650,0,3.3222949850536376,0,0.7669622094414494,0
840.382823114546,8,0.2512243619770191,460,2,0.7390008084983093,0,0.958777309645587,0
1190.557578278801,12,0.1290735507649055,241,0,38.09394301631184,0,0.817884570355059,0
948.4529550530394,19,0.0553040585161742,723,4,6.0690326783173685,1,0.9386976574539264,0
743.3581441686651,7,0.1678420559173463,325,4,13.489444057331742,0,0.7460100813023711,0
1066.22409366244,8,0.0570476679327697,333,0,3.8520045990573464,0,0.5939450073087535,0
970.8388245443728,19,0.0813230911147804,867,1,31.264305712662633,0,0.6360610602969071,0
817.0816536009656,7,0.2219983646131768,273,3,34.22406762584244,1,0.8967453407939343,0
642.4239937997139,22,0.1368373818585209,812,1,14.56251007826812,0,0.841849631024976,0
424.6451517124305,22,0.1979122427590478,604,2,17.639455972462066,0,0.7551576528343479,0
978.2248800046684,11,0.1613593104576355,628,7,12.039078022386986,0,0.8703989396135428,0
812.7599137103804,14,0.2197543005017369,146,4,6.167397418614322,1,0.6282997313247258,0
1411.845902963411,12,0.3749224777040519,767,0,8.310942215130472,0,0.7634272097762173,0
1032.2893603678558,16,0.2287787907407538,192,1,7.7089204292748414,0,0.8457230368722076,0
763.5736748531108,20,0.1385699556684139,814,2,5.889421035309486,0,0.908610351779241,0
1357.9474309676436,20,0.3229457210508651,434,1,2.1855537731151635,0,0.6842043170671827,0
1268.0064776910742,7,0.0804594256614672,523,4,9.7322378648923,0,0.6239537251303673,0
687.1943550078902,9,0.2252007070701862,667,6,15.865874665551408,0,0.6244420215077273,0
841.3069682709504,18,0.1190811682284978,315,1,18.16538926414882,0,0.8608387492841566,0
755.3655525949634,16,0.1027003470327068,650,2,34.39973183868466,0,0.9344626520398732,0
1928.307094976836,11,0.2099355199863644,791,1,19.019665211449347,0,0.8888239534645769,0
1056.8624016246372,12,0.3677576723726878,939,1,26.019018103027477,1,0.9624424107228252,0
1549.5086982142282,7,0.2448630010105084,553,1,6.024344039804301,1,0.7458417173725015,0
765.3459992900185,8,0.5191761284519001,523,1,16.168947109709567,0,0.877412896668015,0
3516.951334201433,13,0.1279716705783768,277,2,1.4511812385883631,0,0.7869168985859052,0
488.6806456399373,21,0.2667028404435584,907,2,44.290351759511,0,0.8287505429481095,0
600.621869191928,13,0.0864934817162162,221,3,51.55206233780204,0,0.8659994880222494,0
1821.8394232373296,18,0.2154150273982069,867,0,3.342186648605839,0,0.8467155799888374,0
1350.180418515852,11,0.2602999671366995,978,6,16.68972613797121,0,0.7353980971753435,0
715.8675701007013,10,0.2229139123151341,283,2,9.142815200757228,0,0.8179897281408306,0
412.03336124493615,12,0.1997647166823763,737,4,3.2228347750316555,0,0.5406116947147378,0
418.9141486652565,22,0.1787207844808694,917,2,4.502430141253144,0,0.7895061757872364,0
509.6949124545536,14,0.0812755107230486,571,4,47.63392052844374,0,0.7995924407919478,0
860.9624402183766,15,0.15411554405182,341,1,1.9546950848551845,1,0.6249479351180303,0
932.8376052979412,17,0.1218740680493676,837,3,24.06169199729151,0,0.6531937680027095,0
1546.124221650393,18,0.0435445950371969,546,2,1.0359041711890289,0,0.6526531410582281,0
531.0501063709665,7,0.0674990861148041,566,1,19.98858706659412,1,0.6945688082768183,0
934.04532347594,13,0.1819272839642366,599,2,10.42987915224848,0,0.8386785377101214,0
1700.3302003462122,18,0.0468284616928908,332,2,10.594990811089094,0,0.9796084404331192,0
734.5399144599314,16,0.0331515688515194,480,4,9.879943357053769,0,0.3830528828194159,0
664.0692377752713,21,0.3449960390399339,179,1,27.30574877518808,0,0.7875993872404985,0
1314.5064562525142,18,0.1732700302338299,413,0,2.994415298401656,0,0.7904870285907797,0
508.3104020004249,19,0.1269676412871551,514,1,41.79328730242933,0,0.5958718668248654,0
1316.75074562186,9,0.2287034539175165,967,2,6.369465946742874,0,0.8758345635956836,0
1496.3059608770857,17,0.4697511415717726,832,3,11.090650301319425,0,0.896307865442166,0
1517.8004220540324,22,0.2390527084358856,268,5,13.785391210922844,1,0.8879556585116085,0
598.5930644043434,21,0.1390691414738867,189,1,2.074989504199385,0,0.9342889510789962,0
893.7699995550914,18,0.1289747121524228,161,2,3.71533576970991,0,0.7281620877705438,0
1752.567774883645,9,0.1211625921019345,506,1,36.14641279932315,0,0.8142503483988787,0
1459.8299870243002,9,0.0933795238174803,970,3,17.75254964719671,1,0.9236068768019998,0
1630.5535576831958,13,0.443770726109693,284,1,38.11306619716588,0,0.7023571797579169,0
607.6207160928194,11,0.2691002539813514,689,2,3.964870123158017,0,0.8670400975681837,0
1912.9218981214528,12,0.1533900451032256,414,2,10.12093352055944,0,0.8034663230097812,0
680.9121352699764,8,0.2638494896145013,602,1,0.7340440302466125,0,0.5450651245085748,0
458.03676869111104,10,0.1427559248896837,38,1,12.883641456732455,1,0.6712412992261609,0
807.8775921479939,11,0.2645762661536327,575,4,21.69370713360025,0,0.7081766036104017,0
2110.951275928667,8,0.3218272079740453,717,2,4.396626906565905,1,0.9007410094479256,0
725.616664855231,16,0.0792230004253796,311,3,26.494975539876595,0,0.9740257268704702,0
1287.726165668381,13,0.2272760358680823,943,6,41.70228490911647,0,0.9515353989882008,0
898.7267913668722,16,0.3010522095994412,458,1,3.6866101954789854,1,0.6257111481463121,0
648.80010628177,20,0.0550198632943851,565,3,8.149887249105086,1,0.8372658919353035,0
1230.579632628182,9,0.0790237679633404,552,0,21.075386467927327,0,0.8569049092266081,0
1340.7203711670943,10,0.3096659625893215,132,0,20.777396863713676,1,0.9090903498657624,0
697.8617209571836,22,0.216870795961525,81,4,40.52833569083053,0,0.989185421809504,0
791.9487583139608,19,0.1451982079866452,98,0,14.577685972704304,0,0.845714246300409,0
942.770529969324,12,0.2461204308725925,652,5,1.7522530253044295,0,0.8576126601870889,0
655.2849078820756,20,0.0897838760404159,572,2,2.889713013972034,0,0.6861804529984878,0
1286.1606179493365,11,0.3507744145261082,864,2,7.402259870937893,0,0.8675129260106139,0
480.7235168250811,21,0.3264752875789919,794,0,6.09692448332011,0,0.7812751276972224,0
537.6765786596824,12,0.563450185743717,479,1,5.315019597504103,0,0.7096192710470538,0
877.7279367797706,15,0.3146910404390304,500,0,10.575719086084748,0,0.7194108178648293,0
1137.7377704186968,10,0.1908189473023528,432,1,3.998110721588645,0,0.7866986178636933,0
642.1546528604486,22,0.0313630360767488,889,2,41.80718751788294,0,0.8691823930865145,0
828.6702600394437,20,0.2113719312802704,431,2,39.62847175073608,0,0.825526718857361,0
973.525834353812,10,0.1090874708290801,446,2,16.386513251131625,0,0.6953877974656804,0
121.54571698414836,5,0.8033846188808836,66,9,169.87024172000162,1,0.350414699145801,1
1264.6185633230966,20,0.3501458360067761,410,2,31.37863385693563,0,0.977598451723211,0
1454.3293483944583,21,0.1245737101969726,907,0,5.5722033323444045,0,0.4751384076916331,0
815.0040435672479,12,0.5571690715464975,688,0,9.63609104024145,0,0.970956244482936,0
518.8364942200056,14,0.1624115936267147,350,0,4.867278254778365,0,0.6501840775077812,0
615.51232341442,14,0.0769187929092506,590,3,0.5392113682909105,0,0.8579240701075337,0
863.1985856687472,22,0.3170364738940436,65,1,1.7332686190390785,0,0.8893680496995365,0
760.9108666542182,22,0.0884121234039079,935,3,5.169368292080351,0,0.7317042925674191,0
1251.1833566852065,7,0.233774409391593,857,1,9.483350454812964,0,0.697183681730204,0
1022.9411949461,18,0.1023171095421306,909,0,8.978733557752749,0,0.7647446321483651,0
1269.0704095217927,21,0.4472487259610572,979,5,14.697021863255252,1,0.771017437339838,0
304.1583723620023,19,0.1880181104307155,416,0,7.425144147417487,0,0.93559774363575,0
816.0034797270652,15,0.0134066763362646,646,1,11.331454980831694,0,0.7980747318081753,0
923.0567453064926,19,0.1897352701331793,441,3,9.037930114463244,0,0.7220001123614137,0
1043.4853430014168,19,0.1654288633028306,671,2,2.8321034083641687,1,0.9639461498533772,0
804.3359218459788,17,0.5447312490998993,67,3,18.303056042682233,0,0.6809114955935712,0
1289.8376215230892,21,0.2436382287832414,262,3,20.104811656953338,0,0.7812041223650567,0
85.99094248120045,0,0.2623777115248614,18,7,70.51197022841139,0,0.2607005541591078,1
2015.1657130648416,13,0.2685356570616382,196,1,20.885578629867652,0,0.7577800799044865,0
854.4002813513855,16,0.1380249075178485,162,0,14.45884901414132,0,0.6029733675980545,0
1188.680773088642,7,0.0427413838669288,396,4,1.0061671515607389,0,0.808558678249219,0
1321.2637590291577,16,0.1326818577717429,737,3,0.4177344926133349,0,0.6615010218730487,0
346.51541447377224,17,0.2091612784695716,697,4,9.443337624459586,0,0.7863687814505589,0
693.3883967286989,19,0.1836582650260798,118,2,8.27975190020847,0,0.8550887806139302,0
1426.7838496916509,13,0.1089752982994522,50,3,37.51591009138155,0,0.8312487620005125,0
794.7898104257599,11,0.3555076845976729,781,3,6.567857010432844,0,0.7946092513580135,0
1517.0348817491897,17,0.1206599453260473,110,1,10.450233150011892,0,0.7375045313384306,0
422.0601496465069,22,0.0824443135155246,608,1,11.18616715660783,0,0.950215316615624,0
64.30492887049952,0,0.8680003649008757,15,8,260.98404676991163,0,0.3350946421344289,1
140.58303053175788,2,0.4895108060120991,48,6,96.13114217878608,0,0.1314402680463736,1
1661.3680800331583,12,0.270500042016929,961,2,1.9278688432355569,0,0.8882567587829769,0
613.4845196761157,8,0.2273484103665937,989,2,16.60281467155454,0,0.7395222721884324,0
1757.8982366850707,19,0.3871561183424547,888,0,0.44965556927307,0,0.9584545100250904,0
955.2159281928748,9,0.2632017124557948,307,3,9.096559700854671,0,0.9269053107946896,0
1525.9127500920767,11,0.2942363501609442,492,0,17.795240713110196,0,0.9423776419632514,0
1543.395632586524,21,0.097966728757089,823,2,4.0210130815731135,0,0.6081377170326311,0
652.2938057954185,9,0.1844299220505908,876,1,20.42773834383075,0,0.732839143207745,0
1735.7167761171572,19,0.1612748750136378,157,3,92.52690888359838,1,0.9273375468508708,0
1760.794383879634,21,0.0832491452858828,447,2,21.52023882418939,0,0.9370004047473036,0
934.793068511546,15,0.1857558978289173,691,2,10.93671893461833,0,0.6580397612987442,0
357.837465311053,20,0.2978328420180902,154,0,2.3694063625881356,0,0.7875447469056864,0
957.7563841202524,8,0.1984426169501837,231,2,16.18884724720159,0,0.9689482703726262,0
543.8212377411062,21,0.0281241959352129,843,0,1.581991646478417,0,0.777806651346489,0
770.61869416689,19,0.1522903615986249,703,1,18.89037923320612,0,0.8605661811517129,0
813.8802193166141,10,0.0837848583832866,366,0,20.470387992531386,1,0.6050884480578155,0
1199.5622665591377,14,0.1803960920041764,99,1,10.94300986401164,0,0.9171495224125684,0
1989.2725716994555,13,0.225012411507008,349,3,4.291940660383842,0,0.933715643324844,0
1065.617219634223,18,0.2063202888992012,196,2,0.3876733608295137,0,0.8610978115508366,0
1875.6741838669263,7,0.2599942951544798,826,1,5.118412964969611,0,0.97269175659605,0
702.6922047483973,19,0.3542770904398011,587,2,5.84312882431917,0,0.8330512530261506,0
392.70234023090103,18,0.2095474877689691,464,2,14.82320275764351,0,0.7142605150961683,0
3158.9154732881084,20,0.2189453398479896,561,3,0.0377374544366944,0,0.9008179635737216,0
101.39598535681444,5,0.2724828460198631,187,8,277.8194353523341,0,0.172024190000567,1
946.440682757012,19,0.1893651540871783,722,1,11.35980996229745,0,0.9497579693709172,0
466.6527475715542,13,0.1401679289709181,50,3,25.094707739664564,0,0.871179544447488,0
674.0825848297086,16,0.0504643184560343,675,2,8.617297852948596,0,0.9425253717624844,0
376.9971860209487,8,0.2169261136963466,275,2,2.009489359461174,0,0.9323402534562488,0
841.4525540869522,15,0.0085653394776232,51,3,42.02599419140547,0,0.9742709722273046,0
1288.7229720807422,22,0.0696055917182043,573,1,5.559104149388801,0,0.9031356513486816,0
209.07318961660735,23,0.4053746606981967,99,14,38.76254171476261,1,0.4667195357280951,1
4409.645247887095,19,0.0660823256360697,635,3,18.30481831934801,0,0.5750996017092175,0
1633.4181584331093,20,0.1638441074241867,799,1,38.942808870741494,0,0.5081816598472273,0
1090.7572366309068,20,0.1945246829461912,227,1,1.915661251567229,0,0.9465332110646092,0
841.9685590613367,16,0.1142215613579406,732,3,63.63975254509117,0,0.6842163852607961,0
1576.7288914130834,8,0.202012840679001,992,1,21.771110675261856,0,0.9069820849577772,0
1466.468749377036,9,0.1923322161277282,113,0,4.965306126863956,0,0.8124991093297195,0
1093.323540885449,12,0.3338244499923212,144,2,5.0952203831122125,0,0.7786258993309431,0
552.0505705082434,19,0.1556648222638197,393,3,39.595951401410936,0,0.8959022840751428,0
186.90890799155304,4,0.6172518556215479,102,12,203.827816541334,0,0.3829607392645366,1
1137.7399369104323,19,0.0741751632470392,164,0,27.454168712305464,0,0.7815065055745886,0
612.2182334992538,8,0.2181954319727757,289,3,1.65186615733789,0,0.8366094857523863,0
1097.018724388795,8,0.2125865609507631,448,5,5.893632718902296,0,0.9547082287386884,0
1473.739850982532,7,0.0347672665561973,995,3,1.6035124262196834,0,0.8974127324261377,0
856.9892297982283,16,0.1595222075017988,369,1,6.0195925254424525,0,0.7611645695553236,0
1210.807819869544,20,0.2508196541569217,548,2,4.471805394364049,1,0.9130188406217395,0
1492.9980304881867,11,0.2461963638302475,747,3,5.667095023362425,0,0.7253629436300825,0
1310.150418845505,21,0.2388634424908409,111,6,65.70636824403647,0,0.84131242862878,0
799.6173752198353,18,0.231156660674241,540,1,1.0869695668859598,0,0.7841079207976923,0
1285.6326623221992,22,0.2391483338960339,686,3,41.225722534223955,0,0.8618519672032328,0
958.8755614725352,20,0.2433753116855598,525,2,32.485823480523905,0,0.7754918314551558,0
1071.8385396805322,17,0.1167899954794376,645,2,6.297087245340923,0,0.9273200138538444,0
346.9508276446405,21,0.1979147630238765,313,2,8.508576011286962,0,0.7832569368310635,0
1448.209020276881,7,0.2701240447217622,255,4,17.972474484902968,0,0.7009232251633747,0
502.0401062289198,22,0.1138695614470213,779,2,11.081724393706564,1,0.8260949218480681,0
694.0533607806678,21,0.3544452331168303,48,3,5.395697418148919,0,0.7370887394948755,0
939.8195828642616,9,0.1285844672906426,815,6,7.137976153666461,0,0.8595467765708152,0
865.0461874886294,20,0.1798002025311222,573,0,10.870018740050796,0,0.9474830341464078,0
827.7963444055663,22,0.2178186808581347,192,4,7.5115895173674305,0,0.8914790397498362,0
667.1791141133981,10,0.1021274959583036,125,3,1.4739810678689766,0,0.8711760964733287,0
824.4672848304943,9,0.1044313191403953,261,3,5.610614045060093,0,0.8096795888765016,0
1427.468147589721,19,0.4041576145973489,149,1,0.0033237923362533,0,0.8638820251161532,0
1090.7785039818204,11,0.0986835052644316,606,6,4.401469010673638,0,0.8089606612498514,0
1041.161883780156,16,0.1231280521622798,611,1,9.47238752883182,1,0.7670834755238551,0
130.69719616191273,5,0.8051988732847533,29,7,61.75893761353824,1,0.2321993070216432,1
1060.9426704045145,8,0.1851866747781933,995,2,20.188969638684163,0,0.9525797954382728,0
803.2586680659905,17,0.1306734739860709,823,3,1.6940543559535777,0,0.8550738803226127,0
1449.2203080528056,7,0.0413838418356095,886,2,47.548180353378406,0,0.7137474534499625,0
1129.439053226297,8,0.0352991818782053,56,3,6.440182850888181,0,0.7833591728050375,0
2526.1989961933273,19,0.1220075035712597,757,0,7.942857642162788,0,0.7805960236528747,0
907.4978590431482,10,0.2062803290916379,413,3,8.891854170365047,1,0.9034320094546192,0
859.1623075463327,12,0.1201271764372729,99,4,1.5294609306895792,0,0.7193975188634709,0
988.8576221232564,18,0.25952436590782,600,3,10.617984609052886,0,0.8093061586671397,0
300.2306310794252,15,0.3542621358567336,244,1,17.045914143854727,0,0.8923288902063774,0
1184.2093969098823,21,0.3670412641215563,741,0,7.311523612958374,0,0.4932501152419246,0
1733.9923658380155,18,0.2187395844489568,108,7,18.25264919880441,0,0.8842833983953919,0
3155.174733826393,21,0.2064522362860888,869,0,8.09713247586994,0,0.7764305842565856,0
826.8112080385434,12,0.1047823842230524,182,3,12.508255694569968,0,0.769325468051215,0
1122.0409226762094,17,0.2476339484649098,521,3,11.862792457999292,0,0.72969045700998,0
1471.8191304095706,10,0.0528507109435052,524,2,5.29323346637504,0,0.8953450713618364,0
849.319452377493,16,0.0456229527953205,639,5,3.3491958143525733,1,0.8615634084300058,0
1031.7855021619075,18,0.2129111035032745,845,2,37.892098164127646,0,0.7871834039257103,0
1555.687934895409,21,0.043873932698112,793,1,6.138118436819719,0,0.6100939328738464,0
218.1052850340907,3,0.2167153870072132,133,8,38.793609031355615,1,0.2542573292096026,1
1403.976326048837,22,0.2622291164592342,84,1,14.791953009186283,0,0.9157203239283146,0
711.7819343745796,7,0.0793616391654343,94,2,10.526898687451304,0,0.6733724917469974,0
1680.145473207751,12,0.3883075263747386,656,1,7.651963725696571,0,0.9699120168924996,0
1254.3091878019577,12,0.2360480566780375,621,1,1.3262361902456987,0,0.7810040503138835,0
912.2755921166772,21,0.1420009063484161,220,3,25.87868334419545,0,0.4906011477839982,0
1079.562227120398,11,0.0693612708041425,97,6,1.0775816328831258,1,0.7314499205740813,0
789.3529788475399,17,0.0250982407526064,560,3,31.986045802396266,0,0.7748803199130008,0
1281.4855261913424,7,0.2347885468350871,835,5,1.87415869139885,0,0.6929154095674368,0
1525.0146871947702,18,0.1168012036646533,762,2,9.88722234040286,0,0.6140640977792923,0
773.9123689035538,12,0.0530042205347762,524,2,11.019500222220463,0,0.8468692622263,0
827.020125470558,11,0.1133128840962158,865,0,8.520793347875216,0,0.8141950509852249,0
190.84108482189936,9,0.0711759941508317,956,1,10.33609229042498,0,0.6778756572994702,0
1324.1510224489246,18,0.0635477587553153,270,3,5.678449871981891,0,0.7016775789855253,0
382.7124069563912,13,0.2840523260945272,851,2,30.945045215807863,0,0.8622322811116652,0
1725.0456781342125,19,0.2165333826192707,424,6,3.7083171001982977,0,0.623140381433643,0
776.0581446057801,22,0.0747839505189786,822,2,2.415245407160282,0,0.5803583725806392,0
1721.787274901047,8,0.0764713951138668,316,4,0.8779580437928269,0,0.8304787667936433,0
632.9626469670604,18,0.1954389946921144,940,2,10.244425841918348,0,0.7059953931756705,0
431.50060961697903,22,0.2369492059092816,274,4,5.036560506698039,1,0.6388728110512373,0
665.399443963258,14,0.3802443234121273,168,2,7.499147904150469,0,0.8906745793363245,0
853.2816153436155,15,0.2326455568539867,70,3,18.059367210806833,0,0.497786994280844,0
1111.7020900462196,10,0.2278499914794283,873,1,2.0035674958209615,0,0.5321946171754486,0
1863.9471470619255,9,0.1988987958026506,948,2,15.334809086272369,0,0.9148032761978108,0
1996.3459763749495,14,0.2423333694789243,726,0,12.629779232620631,0,0.5400576441664835,0
1462.9384901832534,8,0.0729437220557886,520,4,24.473807819739484,0,0.961946793237298,0
437.013224211054,7,0.0639369618872419,489,0,3.061689495343374,0,0.9417837781050068,0
838.5104005956407,8,0.0768159594825789,450,2,5.110758427980933,0,0.7355321815552186,0
385.08902704921127,7,0.1584583958102288,669,0,0.4180587743399891,0,0.9124082874182652,0
1582.2877694066842,21,0.0988619470669141,584,0,11.681277801139473,0,0.9189711952148594,0
777.043123720694,20,0.1147268214526166,702,5,10.668195994262849,0,0.5888436688368641,0
836.6070050746195,22,0.2929356755533204,848,2,29.733570177308348,1,0.9467496089136744,0
1538.0999930058645,21,0.1740638458048608,786,1,32.02216351147112,0,0.944351687325094,0
1546.279894555732,12,0.2527804703580401,597,2,51.13646167059682,0,0.7223498781861462,0
526.5556280668341,12,0.1879069470273356,175,1,16.649066138795718,1,0.7541980730685448,0
1567.0453197804727,7,0.1294511967670764,81,1,13.824904206789707,0,0.932707545249329,0
1464.9643981918794,19,0.0618234206229492,234,2,3.760532069039241,0,0.9122168587847,0
664.8015970157904,21,0.1193704317801412,153,3,3.3147504030725243,1,0.7624018664069112,0
847.5444390741505,9,0.399068422262248,967,1,27.54728598274418,0,0.7948114899767161,0
1121.9561119422976,9,0.1702091706424713,75,2,3.5293529333444993,0,0.7016239871314797,0
196.6351971604406,4,0.8681389465006473,37,3,97.81094961523956,0,0.3820578275667906,1
68.34750199736617,5,0.6873844966034802,20,5,220.33146985230184,0,0.2387568233922893,1
638.5775110385428,14,0.2259800695568199,859,1,0.3330775752090522,0,0.7963457711522333,0
1003.7750061591112,22,0.3551010203968982,541,0,25.61137536481232,0,0.8184796390340179,0
535.0834090300477,20,0.0332716407245007,504,0,2.0498360816327295,0,0.7342582173578204,0
1037.6397353812497,17,0.0769394897265841,301,0,5.328556276870996,0,0.7609332641334838,0
1516.5319793158326,13,0.1169211141661272,911,2,19.47570495296898,0,0.9090138770504812,0
1697.1686024963824,18,0.0283416066508643,110,1,46.126949452378824,1,0.8958924590360903,0
886.6575690193845,11,0.1413964525551368,789,2,3.430413534764775,0,0.8684753719483373,0
752.0190834963184,18,0.2534537336668509,902,2,3.5654577114969284,1,0.9153943443768028,0
2225.972066581029,11,0.0795466037900948,799,2,10.98070154771236,0,0.8763431044840104,0
566.1483403601858,15,0.0596107920847957,303,2,21.834820050848993,0,0.8360218118575845,0
746.5961743848598,11,0.2479439943621838,605,3,0.0731602391964935,0,0.8921851643365434,0
454.68689982043713,9,0.3005539943730662,634,1,13.86112821637964,1,0.6456223138043714,0
4140.616036898461,21,0.3478827730069956,347,2,9.30718185061962,0,0.8723970673018607,0
1153.9491233509852,10,0.2251727581205744,891,4,13.62099694901806,0,0.9364941332522884,0
1045.8897677514376,14,0.2362483973445232,114,2,44.52418840012712,0,0.8195345440755143,0
1034.2654309271743,18,0.1748562641371504,518,2,10.795958057336492,0,0.7878434981809126,0
1192.2566433930524,12,0.3032302601786323,329,0,1.6752636969721386,0,0.9203314277610048,0
985.4735989559852,7,0.5320515286297158,179,1,10.468481310408674,0,0.6964262118945237,0
1981.7569479895192,9,0.0393763932358514,425,2,14.207735550892666,0,0.8791432757593116,0
608.9493241734052,22,0.1683741049502408,621,2,10.776276885262307,0,0.5365111278160832,0
397.2926048549125,10,0.1729811335395092,307,1,30.21003440787545,0,0.8280356727946857,0
105.12936172121454,2,0.6101054868858862,165,6,133.25679109015942,0,0.0631787220446349,1
1346.3123063068886,18,0.1974516600248697,100,2,3.9805839202443134,0,0.8102052613691725,0
2934.6569414878672,22,0.0188023546925304,236,0,0.6070065894581425,0,0.6167854196235385,0
162.5705010077871,23,0.8021758364034648,179,3,162.57930377126044,0,0.1328509439009211,1
1623.722416475827,16,0.4428519626299189,315,1,5.239381896344424,0,0.9455888588546906,0
1408.824869625179,11,0.1524324174364222,229,6,16.46659127813455,0,0.4393806181142529,0
461.66584503728257,12,0.2946878242112966,214,2,13.126507513301238,0,0.953864510407577,0
663.3102701622302,19,0.1882598331477412,115,2,18.54995875201489,1,0.7638565283449074,0
995.9736404881004,11,0.0868928990297872,564,0,1.7784540704273215,0,0.9409826351858788,0
592.1107095847789,22,0.3298877761044352,855,2,9.222883396281055,0,0.7741222762496363,0
1097.939929126606,9,0.0958417357778075,80,1,19.339722846200292,0,0.8279348001185481,0
976.915577177271,17,0.0938268784426541,531,1,7.287777546024301,0,0.8681704102529759,0
918.710592604784,11,0.2936539298837517,448,2,23.67009510898203,0,0.5994867300447305,0
1102.3180663749192,10,0.0914113864059407,44,1,18.22951308454712,0,0.6467861460931881,0
695.4123436301377,13,0.238431893402578,808,2,13.578084304790655,0,0.8883249565687987,0
394.1317329138899,22,0.5073191544835861,15,9,78.1520479505163,0,0.0844325483956899,1
1674.9314045245414,22,0.0423241485273975,848,1,29.466052068473385,0,0.9692555903487944,0
322.3131350614636,4,0.6252860865415281,180,6,25.102941906686468,0,0.0843792947161767,1
685.6079505456202,17,0.2245368611180852,501,1,6.516153022254986,0,0.7849763783271998,0
594.9053142656845,17,0.0450653090261901,706,3,18.42066323023474,0,0.5795209632121426,0
841.4334871291006,19,0.3328476094362547,662,0,23.848283804230228,0,0.7480818828588043,0
2032.6078314450624,7,0.187676890428991,865,2,18.1324428062214,0,0.8365580748488858,0
1030.0059800251954,9,0.1628363386097967,493,1,41.62979118194718,0,0.8693497670416103,0
1316.4696225763669,16,0.3209805320856881,393,3,11.468095139785271,0,0.8874976485733569,0
1037.3201936912978,13,0.1854742918687586,463,2,9.44666632283508,0,0.8247773392812295,0
647.4014910216755,12,0.0633787188180384,996,1,2.659611455862724,0,0.4829377071653438,0
573.449970662071,18,0.1755892133824915,95,1,9.51760731515399,0,0.950901011051017,0
755.7484458810327,14,0.0801516431736812,199,2,5.34951400743499,0,0.7478273972080294,0
598.4378095417098,19,0.052132568326931,677,7,23.21398944250129,1,0.7563479617584946,0
1013.7144688608788,20,0.2276859289167909,816,2,3.8315008275101503,0,0.6763987793687968,0
310.774218589882,18,0.0267733810479229,63,3,10.21878731321716,0,0.8000208675720225,0
302.70242327043906,15,0.089557833678788,820,0,10.197332625710242,0,0.6921485416113227,0
805.2744118149058,19,0.1080752921333795,773,3,4.109042931916108,0,0.7769465951911944,0
411.9508416889307,19,0.1625792721777355,710,1,3.9493400075587903,0,0.9571747464466228,0
1215.4959715121695,20,0.2535662538613601,604,0,4.767328819204168,0,0.7558785877980174,0
1163.313188511597,17,0.1572334931963784,577,3,7.098553525887922,0,0.8653564189897918,0
1435.7379862656685,12,0.1144066810960547,889,3,15.875736706336935,0,0.7471348698436971,0
930.824009125617,12,0.3157032606585471,200,1,16.528470930995837,0,0.8669853182530924,0
445.23839243017784,8,0.0508760858170139,845,1,16.83167897543837,0,0.8490147386069351,0
454.7522300229803,11,0.1457998758666595,769,1,16.236392757604992,0,0.8865332477899311,0
717.435753951907,21,0.3618590402242058,160,2,19.321860629655813,0,0.9293793139266956,0
662.2296282857614,11,0.0922855120723655,821,3,3.0827975848321083,0,0.9060466859691964,0
616.768550001196,22,0.2448093505870138,649,4,20.774518559124974,0,0.7704067291943459,0
497.3922278201806,10,0.0601626607925236,847,2,5.467446543074582,0,0.7122720004586119,0
1311.666192105482,15,0.3929496141552481,68,6,3.9275808526688,0,0.6366598773092256,0
844.074977008888,21,0.1540659393969085,876,0,0.8545424655056786,0,0.8731958033352565,0
119.29701813405488,4,0.8272453067383548,120,7,23.86110727878011,1,0.2033006916702239,1
720.8735641988559,16,0.3659956808577598,765,2,61.23481470575518,0,0.8920072867588694,0
1156.4172658737696,11,0.4577338004477387,843,2,5.615059027100918,0,0.8837342263357671,0
2104.382023879945,16,0.2289410239261179,555,3,20.02096342128199,1,0.7737832748393314,0
2575.4340532539213,15,0.2140312834088861,826,1,3.2265925926934895,1,0.7679551649466841,0
1014.193229149053,17,0.1812283525992462,645,2,24.80444367400292,0,0.7987314775045581,0
824.1916334320599,11,0.2128123202069107,910,0,50.99461684356395,0,0.9462046465172133,0
2760.0768384788807,8,0.1149288177923556,72,0,10.120638451791026,0,0.6003633671305074,0
849.8250712076491,7,0.1960243146293273,205,0,2.857701866528715,0,0.8010726059446693,0
97.95868693931855,0,0.4078943450132019,16,6,400.08599339748633,1,0.5655815569558438,1
1568.5488825104885,11,0.3309194458974095,854,4,0.7199462002016724,0,0.8305758834297571,0
287.2051944153698,17,0.2221427723958279,829,1,37.256403055161954,1,0.6220986372071575,0
959.4577673801758,13,0.0552413636067126,514,5,11.5591035476258,0,0.7779139357980877,0
6066.4426077788485,8,0.0083729992857654,204,3,13.756515498014666,0,0.6556028930802048,0
1000.6336030784246,19,0.0980250619149066,180,1,8.74688394926064,0,0.7921900379576559,0
623.1871581065766,20,0.2803635768171611,704,1,17.735875706158517,0,0.8131212114559133,0
553.4518412783967,8,0.1565390629794165,575,2,8.2509841384796,0,0.8607634506788228,0
807.6442352421165,19,0.13905982260208,702,0,1.6939881120817983,0,0.7445706162279271,0
1075.652940217115,17,0.1328164837132347,780,3,16.787235790674817,0,0.8667482090779894,0
1281.1141324173018,12,0.0581918394021673,60,0,7.178316592079324,0,0.8991576126444591,0
957.0443564000584,19,0.2112584743881611,640,1,5.4553391243558105,0,0.6132189222567318,0
1065.3906845752272,8,0.3396717603043507,545,2,0.2607460291351596,0,0.8292670784045789,0
1047.746114240368,9,0.4562894414650646,734,3,18.38867787318881,0,0.7763552064124875,0
1708.616478210644,19,0.1802098856023442,844,2,38.40712789732505,1,0.696754739622785,0
1616.9499201038711,13,0.068956786815926,919,1,12.354055109792409,1,0.9419056625994646,0
744.7195533024127,21,0.0696126923954387,324,1,27.90060213892935,1,0.8947749446682856,0
909.5565770658504,22,0.3785718839047182,987,2,5.58495821998002,0,0.88565170475801,0
953.787804574686,22,0.3396528296972862,736,1,2.0092480748095447,0,0.8164460919549505,0
686.2647471808764,15,0.1852193937729899,878,1,7.593940464847536,0,0.8595962451461497,0
786.5296833543965,17,0.0438909489076248,705,2,32.97591088639826,0,0.7738989947835523,0
543.8586276353134,16,0.3325055649795957,38,2,2.7371474105842584,0,0.905746002893934,0
745.7498166050151,7,0.3101275811563708,333,3,10.460467722477713,0,0.9272196649356802,0
1182.2990510642876,18,0.1232898927663016,644,1,16.71420968034488,0,0.7591779484160064,0
1216.8811560100685,16,0.2009146664072222,353,2,8.423626682525638,1,0.7867912615887084,0
1517.805664990767,12,0.1929528759609001,217,1,16.814806972295802,0,0.971472188858865,0
352.24457186828323,16,0.1692415051251475,908,1,4.762959613761062,0,0.8599833293056297,0
1135.6811864090948,7,0.1636992268266439,895,3,14.024144739786731,0,0.873881663178158,0
693.9376954128729,9,0.1528835675647068,434,1,6.064116368340658,0,0.7672836858730705,0
708.1679081744435,16,0.2394981896495804,872,1,1.9201844013709497,0,0.8232310127384149,0
576.4953093659166,18,0.233952555355549,520,4,9.728630839318138,0,0.7811326031080089,0
503.6159214915146,7,0.0636561350935045,410,0,63.46201725620402,0,0.7076458328394309,0
613.6410144872935,14,0.0695445032345001,558,0,10.487849439153337,0,0.9213310380434556,0
488.1087710622574,19,0.2104608780680214,552,1,14.17477108615093,0,0.921601935733605,0
969.1364028295458,17,0.526231622502282,578,2,2.8980613469939396,0,0.8147039323911058,0
468.47623517616546,9,0.3369664129988333,530,1,37.605136815892934,0,0.7354948928458701,0
1183.2057342548176,10,0.2947612008339186,561,2,4.353682658681576,0,0.5455800248631681,0
624.9750177435739,9,0.2790681801784384,870,1,8.072063317317191,0,0.8943989321714025,0
58.03208749206824,3,0.7334534406686276,199,11,8.27749084517267,0,0.426967376363091,1
678.7745883863358,11,0.2887060033888502,850,1,13.828932680595456,0,0.8190862416251232,0
978.1813848513711,14,0.3735476992339266,769,1,7.4475860194964145,0,0.9089134573436848,0
428.7352131103185,11,0.1589121102470977,109,3,20.24761483719387,0,0.5467637451526731,0
831.6232041437726,17,0.0893809963434444,417,1,16.138771544322605,0,0.8927889920569531,0
574.8406357616063,12,0.1325139707139161,880,1,16.686408323668676,1,0.8608284119919686,0
1819.702660620365,17,0.3110012666585189,920,3,14.342161102552735,0,0.6780555860891206,0
697.4904458392044,12,0.272628001206991,472,1,1.71823463867957,0,0.818808392185033,0
529.6385679557351,11,0.0720320963832529,970,1,5.444164327409104,0,0.8627550956143393,0
633.7690997586918,14,0.2672348402168015,262,3,18.51261929778141,1,0.9136322201336758,0
1897.2141671198492,7,0.1697931612507516,641,0,12.655394199571326,0,0.890633662008135,0
1588.7779169670118,16,0.0608861297692988,598,0,5.21095932149339,0,0.9397834278719088,0
862.3566470726912,12,0.1404184315201534,106,3,5.895826863179262,0,0.9495951085229906,0
355.27580915027454,13,0.5098200154056399,652,3,6.021968129943596,0,0.6310142366931248,0
888.4022532329001,19,0.2988618403734879,762,1,7.075737024447313,0,0.8425160392410509,0
515.095810387469,21,0.3857694713315805,429,0,22.722183973663352,0,0.8782288468375317,0
1499.5908928141614,19,0.0843262584316825,469,5,15.207609752351336,0,0.8787101405615866,0
1260.940979814435,7,0.0449452086866078,497,0,3.529417133414427,1,0.9518248572611718,0
259.15937024411943,10,0.048961964367655,120,5,2.63085806549022,1,0.5938432012830632,0
620.3452374822018,9,0.2604954915129759,266,3,10.46263945405441,0,0.6877311970068992,0
835.8667798037333,17,0.2641597288124149,306,1,8.63061863011452,0,0.8752882445169833,0
568.1359742354,19,0.2683132304363377,482,1,12.385355227317708,0,0.9056717455399472,0
755.0545139680618,13,0.1408337617452369,818,4,2.6743048130669025,0,0.8482338966439631,0
587.6540934244039,9,0.1613989411781272,316,2,3.379222762215044,1,0.9910148439136864,0
956.9865290376024,16,0.2005107227775064,715,2,4.237887773611383,0,0.7695311420745293,0
973.9017417654547,22,0.052580499281695,859,0,8.593401922221343,0,0.5233919705681873,0
1262.3144214432266,9,0.0735381857745968,351,2,8.955236003252551,0,0.9844635417140936,0
1046.3976711039832,16,0.08749347881063,88,2,0.2593349508409365,0,0.643982863528798,0
699.4366740070187,19,0.2727339557002219,900,2,19.168138985583873,0,0.9080908941071992,0
557.0965811128654,16,0.3124231476424559,600,3,19.959878728116653,0,0.7302877282974667,0
2925.7291824532863,14,0.0910259266054359,939,2,6.206993685278515,0,0.6738280731447732,0
377.3915462871469,9,0.0669778308543139,800,2,7.7965407492844205,0,0.807973652520097,0
615.1571732523194,18,0.1154229430248818,829,2,4.051129969154447,0,0.6623042515285122,0
758.7283204000735,12,0.3319123393886388,642,1,97.97462223771306,0,0.791335326593248,0
1740.0975248390962,17,0.2705083093904218,694,1,5.705927057542402,0,0.7940917709272041,0
1488.8310326873975,17,0.0428604312091034,295,2,0.8135383772833075,0,0.8314539497744983,0
800.3580155105543,8,0.2581824801846282,583,0,4.395004604768615,0,0.7566354014955269,0
1763.8103204660845,15,0.1145916817861545,469,1,7.845386509168714,0,0.8996824304664709,0
964.8649047450474,8,0.1080513022743726,243,1,8.103171055671838,0,0.6123581663989519,0
317.16987424408273,20,0.2802327635455418,198,2,0.5864181824543462,0,0.8273098629525364,0
1285.134719123401,13,0.1306832604486194,81,4,22.302727505934193,0,0.9748183167149052,0
805.6268200136298,11,0.3456360270611625,488,1,2.7147636655438987,0,0.734292548384088,0
823.195032013375,16,0.3061177072371083,167,4,0.4215317581642162,0,0.8941726050753643,0
1158.87422823455,14,0.033690087454488,768,2,1.6140964687312107,0,0.9337415130321048,0
686.3710852095116,7,0.3199365939755738,912,6,34.96792779104066,0,0.7680142279989565,0
1297.9849580747668,18,0.0371376084509366,213,1,12.45747986802286,0,0.9540286006654036,0
429.2332737986144,21,0.2537325001941763,917,1,8.330187947761283,0,0.9572057111053152,0
1016.668918047012,16,0.0731774287438035,89,1,10.026096118637064,1,0.8636484202211256,0
882.5897070057866,15,0.188207733580307,427,2,19.05424633110495,0,0.684918990356512,0
1243.8052333295589,13,0.090627949286921,170,3,4.502243543857563,0,0.9281211355590222,0
394.7625745148157,23,0.584072330987141,173,5,85.50089912685108,1,0.5643023668425529,1
1139.0197859443858,12,0.1597597841107922,329,1,22.405290388307776,0,0.7085380852626846,0
719.5553135922034,14,0.1241565065683455,918,1,53.51296524932138,0,0.751619368473558,0
1179.9546023998662,12,0.35509466178925,300,2,36.16046073203768,0,0.8400166133062561,0
1365.2596347082726,20,0.2701217366364633,668,1,5.525388054879763,0,0.933457131801909,0
709.7598930351606,16,0.1762361179768667,549,3,9.201980299758857,0,0.6142937452446058,0
991.2681670548428,7,0.0457879677152037,700,6,1.091232328713185,0,0.8938837010755991,0
803.1841533548281,17,0.5537879402491401,207,0,12.50887934935524,0,0.9750756239663474,0
571.8243274524889,4,0.5279952365414696,151,6,97.00421681581652,0,0.1371624991337172,1
785.1464849737762,10,0.2872980262936324,326,1,48.979222548300875,0,0.6525204868436248,0
955.1643835054982,8,0.3762585720536707,744,2,12.299961828186076,0,0.8881767236570524,0
729.9877128425491,13,0.1058564991770768,698,3,46.22043767137845,0,0.7611180370760159,0
965.6041440024496,21,0.4992482353966557,141,1,41.036703185093394,0,0.7189996505633857,0
852.3226910634112,14,0.0647756180777679,290,1,7.952575349754723,0,0.9267824140352782,0
722.820082144953,15,0.1866556921948192,613,3,9.8219685426881,0,0.9863484342058516,0
66.86331263030611,5,0.2874649434098839,145,9,148.08770464695604,0,0.2179872942058242,1
4159.669067144809,17,0.2787484130020613,320,0,17.60165582762731,0,0.9277355482352512,0
1421.5785065331454,14,0.1256247777627215,480,5,13.733600652691152,0,0.9496935301017152,0
1169.0553075979426,16,0.0923186596012901,728,2,6.9442138765262325,0,0.858050860303346,0
1023.3895017836996,9,0.2007348863210455,803,4,39.67295239418481,0,0.8706538360408566,0
930.7607674854474,7,0.0786622160749911,473,4,39.10285581674527,0,0.7035145855917971,0
702.6572863703817,13,0.1692623381125479,430,1,51.40953079072798,1,0.8457499022952069,0
962.3863431490696,21,0.2943529819012416,77,1,5.2829663992638976,0,0.6589036107643125,0
1031.9830877731983,17,0.3875924602070258,976,1,6.856844989539153,0,0.919358894378855,0
149.8865989115659,22,0.5200713000718018,12,8,222.3043615005775,1,0.3570588754134781,1
629.5310150382811,12,0.1106929866740994,820,1,11.952712371801924,0,0.751106818832272,0
861.2906530156262,9,0.2944155163204304,616,2,5.94157543102615,0,0.938022756356605,0
634.1218612280927,16,0.2825136693114989,729,2,14.094323786219066,0,0.904470425238609,0
1339.1641667933254,14,0.1287847336520929,628,3,18.43064439664295,1,0.9034284550675964,0
1078.4592871005918,14,0.1128904543629517,987,1,4.76160572504171,0,0.7883895540576871,0
1764.1270303720169,22,0.2768759505336399,630,1,23.349624832798995,0,0.5697375310188524,0
1220.0382616083325,10,0.0781355351619846,288,1,0.7290099516349553,0,0.8686534041569483,0
1436.0847502148763,17,0.2953898972594494,230,2,3.237354151108266,0,0.7417482413833556,0
1750.342308690168,20,0.0991063480239566,905,2,2.4426264937470146,0,0.8036228084297738,0
814.3543645161761,9,0.2190871808873246,863,2,1.6946594210671568,0,0.8369754912543649,0
803.1331746525015,19,0.146037994323085,678,3,30.388063430050337,0,0.9564338736644326,0
703.0831160137459,18,0.2809131384559801,120,3,3.9757916306062167,0,0.7744403078756005,0
501.9590456052798,7,0.1573224798923315,155,2,14.697579153821142,0,0.4292296028352786,0
215.66206372876064,3,0.7699131590287711,88,13,10.680867640561688,0,0.393169327274861,1
846.3696810268372,17,0.3213651519577905,479,1,20.93418977798543,0,0.7797924078693823,0
917.9292826865216,15,0.1411491836982753,905,1,7.527457347140922,0,0.836607936682862,0
1174.0257839825829,12,0.2013170845871646,483,1,11.374206392958778,1,0.5525360091437633,0
1442.8381631420875,21,0.2230281448179227,708,2,20.94958969039269,1,0.9641551931764916,0
855.0032382823034,12,0.0986006484525148,421,0,25.037751475246385,0,0.8029613920297515,0
1874.4066272065431,10,0.1463137956617586,718,6,9.88775622108801,0,0.9818954602576662,0
3364.9436940462433,8,0.0140132550623735,812,1,18.81255047061453,0,0.9749180060125752,0
895.808616768511,14,0.1084090107227213,790,0,36.79167109522578,0,0.7263026386812198,0
1054.135536197603,17,0.0376344164608516,631,1,12.76074570553538,0,0.7005352562756599,0
1826.1041371020567,11,0.2069237550696538,187,0,8.019819575505082,1,0.7085001291022015,0
996.7764988336947,9,0.2733180902271827,279,2,0.2286226175218265,0,0.5652515654634742,0
1771.4083790476948,20,0.1141413324375462,816,2,29.326851933745292,0,0.9280999108206124,0
1453.5044090055396,17,0.064102405511221,775,3,36.37604628821897,0,0.6347278966888921,0
1145.4513929750783,19,0.1228754362732395,200,3,16.492761973859086,0,0.8790318322986148,0
992.9592282497852,10,0.1595846927986128,844,4,3.729070996986961,0,0.8053495403660935,0
1173.4548622527077,22,0.20607158056448,65,1,4.3347653990606405,0,0.9013524027021154,0
684.2652213840577,9,0.1380319607190792,413,2,4.801317297507998,0,0.8667390764406917,0
678.4655814682168,11,0.0729967742824486,959,0,8.556121342573269,0,0.8660711328497294,0
297.52429165111283,8,0.223695331485052,681,2,1.7411297163078057,1,0.5710207229760641,0
754.6618772733326,13,0.3544357151935842,40,4,0.5108314444491109,0,0.8746874623397852,0
595.61407501642,17,0.3094362338701985,415,2,38.86567258159978,0,0.953422416864784,0
1694.5071381917874,13,0.2454010416562584,965,4,1.2863581242823583,0,0.767500218597082,0
2120.215993984869,17,0.1301512453116612,486,3,42.458040091583264,1,0.9361553568819349,0
951.422774324771,16,0.4430664552779806,120,2,1.6365942791535764,0,0.9337341565817632,0
637.1151516635257,19,0.2427696123366908,681,1,88.6006332592632,0,0.7425099201800133,0
811.9826699601118,7,0.0505056661929918,924,2,1.4985094635877176,0,0.6740217785804408,0
1270.3056317757994,14,0.3622072905865203,267,2,5.793023946271429,0,0.8856946174943555,0
923.3417134350508,9,0.1759463392380191,377,3,24.930090750434378,0,0.6622342190027265,0
1340.175335241852,15,0.3250290550457879,210,2,34.941103682614354,0,0.8728754185188508,0
1226.9047943731268,7,0.3062524394273237,641,1,7.817142615511985,0,0.6477839510039393,0
834.8638791322479,12,0.3932170533982272,894,1,4.8803647111780055,1,0.7625865598095262,0
796.3656460907566,21,0.2256335826780776,403,1,57.642739086944,0,0.9032774677927334,0
2356.228249679254,20,0.1400867455031354,96,2,70.2837275494914,0,0.8207606627544776,0
655.2826643609991,11,0.34205825888516,515,1,8.023005018475772,0,0.8485809851282425,0
944.3964693886398,11,0.1115488280402721,862,1,15.42271167233037,0,0.8565944183082204,0
365.6493665781113,7,0.2328481909684788,784,0,9.517367437889236,1,0.6170592393493425,0
977.6954216577848,14,0.1988255131726146,766,2,1.3947472422901266,0,0.8924224650908931,0
486.4126266702425,23,0.7110341287356802,10,7,315.0196068544548,1,0.2257950657356976,1
436.5079722895925,11,0.1555185096003624,318,3,33.204427333684514,0,0.8774509187806265,0
1559.6305466165288,9,0.2733549500628559,649,2,16.18015401690198,1,0.5600140139759164,0
1013.8570564765554,15,0.3096444007071488,554,2,22.566767133075107,1,0.8815799348169834,0
1042.6677827007438,8,0.1077554918751307,203,1,0.2557101242437504,0,0.814854022151962,0
641.462382369343,15,0.3652988531377343,97,4,25.532870045168636,0,0.7428827728224872,0
354.19839199925883,16,0.0317574640681303,445,2,36.80907224450584,0,0.762123909252315,0
369.3118309314658,9,0.1308437332608379,305,2,10.25587692621446,0,0.9415568807766612,0
1316.8001206864303,22,0.2103845331194567,656,2,63.83150100127675,0,0.7284040252065163,0
1602.5932606432627,21,0.2262077173733643,379,1,13.014692554775902,0,0.787138080601982,0
1106.2180606879274,14,0.3329379095891766,600,1,7.232092736803473,0,0.6604060512977489,0
1467.6736041087904,21,0.3487987150045454,864,4,34.83612398888385,0,0.925253756442834,0
829.9546717124755,10,0.1377362892628855,205,1,1.006261588113013,0,0.8801013980810614,0
579.48152290958,16,0.27816040237952,56,3,9.411807652422793,0,0.9188037124972628,0
831.596947593742,15,0.1207955033383995,353,1,13.90372971329735,0,0.915550862463274,0
716.6679006370243,9,0.2536977533087536,48,3,0.833109704642958,0,0.9286465208967944,0
1486.9273798117788,22,0.0326054202028349,410,1,21.211770640237862,0,0.7580121769851816,0
1802.0171968137024,15,0.2907413828664377,949,1,10.316761446413238,1,0.7767105223442238,0
753.9305983520995,13,0.083773818418905,812,0,16.418860867494207,0,0.9762071195024504,0
562.7773283362216,9,0.4418064616149828,299,1,1.1246988913952185,0,0.7909770339085371,0
550.3586545057743,18,0.0955968860554565,562,2,7.356824412541913,0,0.7635845031685226,0
325.38328191238776,17,0.1777474668928505,172,5,0.3235849240830164,0,0.5936696285865135,0
1173.0385081767931,15,0.1207508589721401,456,1,5.250975527245637,0,0.8234047078912279,0
684.4791660062459,20,0.3795784757738849,59,1,6.7489190040655584,0,0.4188170558311931,0
1587.842401748167,19,0.1930815288611066,313,2,42.14174831982094,0,0.868270622601426,0
726.0313765745968,17,0.0757265741022479,42,3,10.18953951539943,0,0.9180435853212232,0
531.8169393385049,13,0.1836291312482415,667,2,6.991532807075301,0,0.9886281565736432,0
1305.5085273852735,10,0.2535115414136288,418,0,40.12938446479503,0,0.7809473231745662,0
900.5694181941326,7,0.2045111338459265,621,1,21.545222573407244,0,0.7971237683564956,0
498.8274279695687,9,0.1073728312726255,651,4,7.58613525540906,0,0.697680976632949,0
988.422587629045,10,0.2606061419739734,827,5,8.405644752297292,0,0.6556017047910643,0
409.2120415947785,13,0.2110285279951063,678,1,8.990206121789269,0,0.7812002191026192,0
1282.7412931830593,22,0.2024040271377442,349,1,12.568058976702238,0,0.8485887794273447,0
785.6508288327027,11,0.034867744089223,713,2,8.382969045270096,0,0.821330889230851,0
730.8129745132474,20,0.2028436935487771,869,2,17.402595054584765,0,0.4569102038137979,0
1274.647411413268,16,0.1265357599662704,322,0,12.502662998553369,1,0.7553851784352007,0
1122.1315850765222,18,0.2022769798717236,275,2,0.5260892507682455,0,0.8817640731950179,0
1504.5741587596135,9,0.3667316486853653,478,1,0.7173142887041153,0,0.7592171351173076,0
299.12180269318293,13,0.0271948664441834,765,3,21.438569400188133,0,0.791171778651598,0
829.0161492065469,8,0.1570092127835422,543,2,18.83681104992232,0,0.8396065116950538,0
425.7847715301277,10,0.013107889309473,286,2,13.46366068768135,0,0.7847548243521669,0
712.6772098380236,17,0.1195289513233107,366,2,18.62607637454407,0,0.7186269717144176,0
1027.597301665504,13,0.1096745575220582,947,2,1.038329896989482,0,0.4664539897047216,0
617.5101517472506,19,0.1380189487719703,749,3,4.008468607417425,1,0.7153412315547011,0
1685.6968421197084,14,0.2205320168589355,767,0,13.11563722426845,0,0.6863878215208884,0
477.3363195269257,11,0.0749430276147899,846,0,5.4048543288614805,0,0.8342143680435993,0
2230.1132431335636,11,0.1817081376097254,214,0,18.46246172950914,0,0.6008817355668077,0
706.2936534033055,18,0.2563373210897476,579,1,9.957541037699857,0,0.9204058267434522,0
1299.9247818019353,16,0.1178162852990729,641,2,21.44575280569126,0,0.7364973446592257,0
927.8935499928886,9,0.1043817440402037,182,2,27.48693923385979,0,0.873664501727028,0
1257.5328043280383,10,0.0747521159490551,81,2,7.224770546741561,0,0.9169278796024336,0
2088.7445767019653,14,0.3921934388794591,424,2,0.6642824687313368,0,0.6931791273968435,0
1945.9799798409072,15,0.0587444134132382,79,3,7.278748938456288,0,0.817019297868049,0
2048.623920898506,14,0.1127371227300182,787,3,15.460119523397932,0,0.7030794153714927,0
984.8937467925168,22,0.1459515746206441,761,2,11.60536265685962,1,0.9215133020751752,0
741.8463223331158,12,0.2154939260466591,561,1,53.67015239371539,0,0.93886683738169,0
548.8142974529908,14,0.1233355602632102,747,2,1.66568649960682,0,0.4440284153442692,0
636.9180739685215,13,0.1347686216474392,627,3,26.82156596828871,0,0.7429382812821443,0
1051.4010295501428,18,0.2204032497784804,395,6,7.306619139816878,0,0.6725779586747005,0
971.1710081274696,13,0.1842988256918426,907,1,19.810532298933904,0,0.8657655597934834,0
1105.542370654563,13,0.2126888514790801,680,1,15.365780668455066,0,0.7723966701545151,0
1419.4396060213778,17,0.0151083573243824,935,2,1.7793397191711289,0,0.8327226706831766,0
1162.429937453267,14,0.0831589561757112,150,3,28.00557971336061,0,0.8069424821529736,0
394.76277266153096,12,0.2162548933155872,943,1,4.8180990796210645,0,0.7840069528005458,0
1873.718453558117,14,0.3639563226797161,162,1,12.849253166957,0,0.8134637644074587,0
629.065553575323,20,0.0516308115239094,208,3,21.984448788663062,0,0.6631129958849455,0
1298.9098616476574,9,0.2651198062021774,990,3,2.379639214066813,0,0.8497145480984405,0
777.5738680513593,14,0.2536394316761078,442,0,13.497779435794625,0,0.7327116078751393,0
975.2831366020934,12,0.0802806375020213,819,5,0.0455983994581015,0,0.557816561260447,0
765.2189437166544,11,0.0582278288737067,196,2,16.164085987700265,0,0.7902570769590477,0
1078.2188205839611,18,0.217893303219167,72,3,5.501081542173193,0,0.7001192990567588,0
458.0055256327159,8,0.0854179958056925,615,2,0.7370757671126348,0,0.9667147953382214,0
1226.5653707522863,11,0.2934177491413817,505,5,23.299808563140964,0,0.747744202524287,0
862.1091976935373,22,0.087116817410716,393,2,1.9271566098405744,0,0.7035606157162579,0
727.2868596837634,7,0.0999632283450159,516,3,8.59964381041733,0,0.5857783722247453,0
757.8180465447222,10,0.4517805397063196,513,1,3.4572649056151734,0,0.919969681508838,0
1564.2907553646096,11,0.0747781977125859,870,1,12.78172368509887,0,0.4358707898045668,0
1830.7142180386925,20,0.3433565638095152,606,0,5.543221825120318,0,0.9222401083538598,0
897.8104946713803,20,0.1756033692474101,69,1,24.542988026030315,0,0.8285154312725258,0
1087.2475306970243,20,0.0552496136653849,448,2,15.555659680770818,0,0.7889601965518844,0
1294.2725238797202,14,0.0782692521360533,838,5,8.391086911197242,0,0.6185305410718108,0
894.3971113657599,9,0.0456584447037404,528,3,27.583037716673925,0,0.8587406117702496,0
617.6551272771295,18,0.2422092779491023,781,4,20.04054062688418,0,0.933140636193548,0
584.88095870812,23,0.700365976314361,15,9,193.18364842542871,1,0.044296060351269,1
1203.3698727804629,19,0.5616807804418512,551,3,5.215898127183541,0,0.7815184988704952,0
143.22941261418154,22,0.7382974608881238,67,14,104.80456106737648,0,0.2293547970242163,1
857.9217171492805,13,0.0680039118979786,827,1,5.985152717357884,0,0.5884788827104829,0
77.66669294059467,0,0.5681015350617896,59,6,52.78592680044296,1,0.5739344809171515,1
1729.2378830814553,7,0.1386670391303307,876,3,89.73356159686907,0,0.8094874652812113,0
1530.9079296160462,17,0.1103434908727166,909,0,2.861830667178813,0,0.8091977216477712,0
508.3037969002481,12,0.355200464958552,432,2,38.21291092913979,0,0.4308327403941454,0
1612.0871306370302,17,0.2471288772956938,866,3,7.394339022688193,0,0.8098791440703931,0
604.3780900539317,12,0.2625807998123843,460,1,25.120885638102006,0,0.885242680744507,0
1371.7760918255683,19,0.1478755688791979,107,5,12.469614329549149,0,0.4897954992443805,0
2276.380445034674,18,0.1676126619205543,448,5,0.3079650936325439,0,0.8168911140388214,0
671.7639514680164,8,0.0934704205362525,583,1,12.482315478772009,1,0.9665550987367054,0
867.6134548743619,12,0.057174859403753,750,4,23.212465683854848,0,0.9402390720513564,0
1021.3024386969404,7,0.5256010656502039,981,4,0.150391752075734,1,0.8461099294255547,0
739.7006132829156,7,0.1362992619669194,523,0,18.05331312853961,0,0.8746520410749944,0
1096.1373620484007,21,0.0380896350184934,186,1,17.73933985485553,0,0.905398455671624,0
830.2704317139257,12,0.1120629127757157,461,1,16.438012348200054,1,0.8398979374149639,0
433.3449193067973,10,0.345310545752481,399,2,4.551384324598814,0,0.7599798823575957,0
902.983579930704,8,0.2323868477675523,201,3,13.56659980153921,0,0.6256400482617932,0
834.6103217491743,21,0.3163445178753513,671,1,31.21544229081808,1,0.7936384959063185,0
1792.694372608141,15,0.184899382966814,400,0,13.719550151705498,0,0.871178744207385,0
995.3869196792946,15,0.1199975077955588,523,1,1.308425031497471,0,0.5721956817162611,0
766.9400690427324,12,0.2504348934440856,891,2,1.9076288841744469,0,0.7208426908101798,0
1093.1902260529537,10,0.1283731846900157,622,0,5.008240318065126,0,0.9346048387374069,0
615.7617535813583,21,0.0475008350866372,933,1,16.616779200256502,0,0.958136337819935,0
140.60157603995472,3,0.7558873063604741,140,2,15.466609136589218,0,0.3115016508310626,1
366.00929491303384,22,0.0427855139985578,464,1,11.499297863871991,0,0.6805249533705771,0
987.2535619357114,22,0.1084137486913582,167,4,1.4807750935265684,0,0.8275826565163136,0
629.1641019752598,21,0.2194036707671738,699,2,52.417694831623464,0,0.8922860865362712,0
571.94680462106,20,0.596625743541992,362,6,3.7619593401688367,1,0.8333287843180921,0
1115.473316415136,7,0.096844275410043,919,3,30.6261555587624,0,0.6553597702207565,0
1116.191149655314,8,0.085706455318569,132,2,37.817344468989326,1,0.8133089784449585,0
889.5878789243462,10,0.1503073980200747,764,0,6.055260229373177,0,0.6884156761126307,0
1254.51306569024,8,0.1199947194223488,710,2,12.65435158884498,0,0.8080451605218821,0
263.03001525667395,13,0.0779478733530724,689,1,38.69898527832546,0,0.9254578966475896,0
90.51598751030852,3,0.6344571538215232,128,3,212.88673812120004,0,0.2970433079930717,1
1539.3373495643789,20,0.1475378359651867,272,2,0.329419676878487,0,0.8864792032325309,0
985.7898136182984,15,0.0936156268558832,243,2,3.0363832683141903,0,0.9577338856236975,0
737.611068830245,11,0.2824344005107627,281,1,9.796977610409357,0,0.7083645625114882,0
1926.1581517438783,7,0.3278990700276584,346,4,9.53600180201418,0,0.7398837791902063,0
1545.64864114104,17,0.1074563026396819,972,4,4.515684357742888,1,0.7372209654147217,0
912.8895411059508,20,0.3090316439425692,502,2,9.9393460095829,0,0.7322969393863852,0
1719.2602654632992,12,0.2667727422959701,502,0,10.272769776003742,0,0.6809460341147472,0
797.2082789393277,7,0.1671492191892957,136,2,16.23737468577233,0,0.788699875774278,0
833.3906942412062,14,0.08433823873018,633,1,20.901392070122863,0,0.5991759770992224,0
652.7374432151919,19,0.3810600035957737,42,3,20.277250631977537,0,0.9076685713524932,0
459.8730840496136,19,0.1061709099357491,785,1,9.125841243691536,0,0.7884097654699743,0
2711.037300777921,15,0.2035366843903978,133,0,12.587706465491763,1,0.8245869055273494,0
2716.21655817543,10,0.4122817987622798,911,1,2.785403949801229,0,0.728162068476488,0
2080.3046192535753,7,0.2882878885944109,816,3,21.72220624244473,0,0.7853470969506277,0
885.689607494862,9,0.5558438333123726,49,3,5.261814332002375,0,0.864785589769166,0
732.3404630980222,20,0.2373278756741517,969,4,11.473588341308988,0,0.2841149253232869,0
1154.95610783304,15,0.12575481648057,802,3,44.676122950985246,0,0.631535780178429,0
379.6237721152834,9,0.1902005430030481,344,3,13.89853682498902,0,0.5145595980828742,0
1816.949156803238,18,0.1527174794973671,461,2,10.171472998956318,0,0.9135175341406988,0
2181.9657361908617,14,0.2280609582564171,761,2,3.0800905910724756,0,0.914826706301762,0
1479.0683486426738,20,0.08729647933106,963,1,4.821198325364777,1,0.7770910220451368,0
684.1187229071691,21,0.0368261766514624,758,3,5.834809522527741,0,0.8023586754895233,0
1288.3675736031785,21,0.0633263838011446,702,4,13.707385392631718,1,0.9771408682489536,0
1148.2439743269556,11,0.2311252051119957,322,0,20.569558205218563,0,0.6992203176517638,0
753.8357701609532,15,0.1205360883121682,204,1,18.58820547825472,0,0.75876313867514,0
776.8139475737889,21,0.2572487740842728,205,1,15.295127481843462,1,0.8888195286103597,0
809.0338244764912,19,0.124858989469009,316,0,10.287297487726711,0,0.7606645866909333,0
897.757918872733,13,0.2340345541118428,45,1,23.791879583493547,0,0.9293801744010944,0
759.4143695036352,9,0.2263246684907369,981,0,6.511685954936433,0,0.7896238058522862,0
992.011386191897,8,0.1658878423731564,729,1,5.979214860766346,0,0.7455508175576183,0
595.6539419739584,20,0.3338114750015639,652,5,4.655240998062008,0,0.9234536667676058,0
305.6415667067326,1,0.8195502324978119,5,8,31.47771309762261,0,0.4946642984328354,1
1222.6297172023087,21,0.3012411096769757,110,0,2.827298630077849,0,0.6394475668901312,0
1092.972115928724,18,0.215057892872067,280,1,6.752568389003116,0,0.8448858664326134,0
908.6700929767862,16,0.1150364290833116,145,2,0.0188035268692281,1,0.6935871904003474,0
596.2905066873643,21,0.1084753433527702,210,2,1.9767627331795157,0,0.9112337896135532,0
167.6533833613341,0,0.4821774421267689,181,7,365.8015866540974,0,0.0263476489726879,1
889.1520039937324,11,0.2576951969329369,138,2,8.548660344517366,0,0.6515236836933277,0
1235.917629859534,15,0.0212762088289579,750,3,37.124504437285225,0,0.73778173142063,0
1140.7789440516324,22,0.0825938822242475,856,1,4.942550927049016,0,0.8473388034314855,0
1248.8979496073932,14,0.1881363890742323,796,2,7.263807087089319,0,0.4470488825751074,0
519.5013297771086,23,0.7181926015602782,160,11,27.44437235257141,0,0.5321523820559548,1
1327.678942248977,14,0.1750886067928701,766,2,5.494862210340982,0,0.6854272994895105,0
953.8459543767856,13,0.2392862426863624,819,3,3.268097595824006,0,0.8676910988905238,0
482.05281327852816,2,0.8130077279470724,48,11,2.9533333858049664,1,0.3402576868499412,1
448.8306991448744,11,0.2122741528649726,132,4,74.84288374916383,0,0.902779804021993,0
937.4473881722248,8,0.3131139968029511,313,4,6.438004879479688,1,0.7532043402597934,0
594.2403311632306,8,0.1498782747719162,946,0,5.340377809664642,0,0.9598774983765688,0
609.6414285860383,21,0.3210216115327777,512,3,8.307495885734516,0,0.5439545104590615,0
1024.2838027143364,11,0.2869082124873116,741,2,4.377702663180129,1,0.9457853097656228,0
401.622725820381,10,0.0948873180107209,732,2,12.643206722680937,1,0.8855822142909002,0
808.3829907432605,17,0.1257021215907833,818,3,10.052374686417911,0,0.870204030545908,0
970.6513991164412,15,0.3058837848834633,972,3,41.56346823562296,0,0.6144627844444203,0
1297.092081864875,7,0.107874055501027,461,1,12.555005866982444,0,0.8505893846374623,0
523.5868633647385,16,0.1807799407594439,743,3,35.00839756654661,0,0.8251998034239267,0
520.1893493002102,20,0.0033305039776509,52,1,2.1562473374242863,0,0.9486563307884618,0
955.469017480586,19,0.1197092219637414,482,0,3.757453460929611,0,0.946798043644055,0
708.1476030338453,18,0.1571155551722373,377,4,4.366336289530737,0,0.8979835612620294,0
744.3084004027205,13,0.1683885450668164,392,2,1.183789203779492,0,0.8096166358428001,0
642.6103068810395,14,0.180144466565818,83,2,31.690918986471175,0,0.6473463151538763,0
483.79953869109505,10,0.3451100965392171,929,1,0.9089004504219502,0,0.7824467973829314,0
485.1626047091044,12,0.3356206159727525,855,1,14.926801964532796,1,0.8204998466845659,0
880.8295198235195,15,0.1677622872573489,814,1,14.078436343967343,0,0.8927903415663297,0
481.9690677410103,10,0.1605452057858486,717,1,8.528299509059353,1,0.8312088736773872,0
1688.1375113554552,8,0.1692121000954066,627,3,23.822976394393073,1,0.7805833339174645,0
1861.428055716751,7,0.0457270740171436,298,5,43.95532586736256,0,0.819533194441197,0
432.3090171146882,15,0.2986182490015835,291,3,3.1539329445762254,0,0.9409107478266484,0
766.8077116451929,16,0.3662879563006038,829,4,23.79700018357771,0,0.8690442845811756,0
1178.5373512362014,13,0.1594106519558461,57,3,7.314433239589699,0,0.8907175030590614,0
1218.8121331723385,15,0.3369358290661003,962,4,14.01046212601681,0,0.870366215765189,0
2138.3172657207965,15,0.1259408742810645,627,2,3.676192389750913,0,0.960696972804122,0
2177.4782365136175,13,0.22050115301091,682,3,0.3862153644364497,0,0.6916096895832887,0
765.7991148603222,21,0.2579967003311717,259,3,25.23430822241235,0,0.7898410770850268,0
582.7838075661844,10,0.1406088199669657,111,3,35.01201996504818,0,0.8713491743434841,0
1343.0965246681212,18,0.0398278524143723,182,0,3.142752942328795,0,0.704862627655529,0
1174.0386461223452,11,0.1137426718611067,861,3,2.91944770408334,0,0.825382969080847,0
1143.7441130622408,7,0.6286936960495867,863,3,0.4284489102663256,0,0.7920370780781938,0
617.0044270693062,12,0.3135089731622902,603,2,5.442676267846108,0,0.8037767255872315,0
367.04930828173434,8,0.2889022454284642,183,2,8.277941311169515,0,0.9347165370564608,0
1030.1344507113365,19,0.1350353628534867,451,0,1.7746225650957008,0,0.7669312488996337,0
569.4402471791232,7,0.0713601905436887,916,2,3.641763861872239,0,0.7134931183503488,0
1240.33204169263,14,0.265777271391371,319,0,8.551375670781889,0,0.8364423789919048,0
297.39472942416,20,0.0874364393363988,398,4,14.678175952472426,0,0.8094443188531858,0
1845.1615496089344,8,0.4143771768593201,795,0,19.034660015035005,0,0.890729000581752,0
2200.5241905169523,11,0.122797705844249,578,3,22.899787995759425,0,0.8548289602172803,0
1182.5600319107489,22,0.4061992838972963,557,2,3.0114418817691684,0,0.6287304849701483,0
1313.262602422068,21,0.2485218599890039,724,2,17.087187394697228,0,0.8365453982945609,0
573.7922491072783,15,0.0591722228668129,306,3,20.7491307397424,0,0.849156513361713,0
708.940389508664,8,0.1944852668885968,207,3,2.1994920392436157,0,0.9391615691441524,0
934.5336232786524,11,0.3542487270255597,932,2,12.69689691685042,0,0.7232879780610543,0
1159.6451267514751,19,0.152496895305888,117,3,0.3760134136760712,0,0.6699101722636911,0
1404.5135002152308,17,0.0999014363820688,338,2,8.737463179425157,0,0.7822259389995971,0
885.0418143933731,20,0.1426942509030235,587,1,7.542427136055174,0,0.9510839058416646,0
839.3474135691312,20,0.1070745966973721,668,1,8.661187931901534,1,0.6600685063796529,0
474.95231744779346,14,0.2046543894952877,285,4,16.29057777038067,0,0.8259164589423169,0
1010.7200154307984,22,0.0683353449870883,561,3,6.314011037999904,0,0.83314135640786,0
1446.2137605651262,16,0.3653703160492401,383,1,6.519887977504142,0,0.7314597410681152,0
1183.063886517623,20,0.0431465832480407,529,3,1.849874691050014,0,0.6855305474263652,0
1194.4140663293665,12,0.2591741885811935,549,1,6.254603929833616,0,0.6409797646261999,0
2715.10355978316,21,0.2729666001415098,219,3,13.724497819773052,0,0.8198842412379105,0
398.19330877224536,11,0.3839459142820334,964,2,20.65512490224428,0,0.8841271846504978,0
635.8795304678554,12,0.5822210784632728,39,1,3.2177885618283653,0,0.7312926266660648,0
631.8201099925562,9,0.4736830856934899,794,3,4.1685091171762725,0,0.9547963925642816,0
837.0516722021702,7,0.3407613806431953,213,4,50.7921103099636,0,0.7143871137936064,0
900.11377487771,19,0.0512946886368978,609,1,16.58727123587308,1,0.7740969322550769,0
1156.473553642658,22,0.1892491648037806,41,2,31.58137037236582,0,0.6435632376841388,0
841.1215945040437,19,0.0439091567561573,327,1,22.441230793576025,1,0.9569052069949524,0
851.7116873095069,12,0.0687202583469276,421,2,2.6542951143637543,0,0.8932195714049822,0
1444.4941203217363,13,0.2042707860560485,524,3,14.392973592363372,0,0.891665050433106,0
461.732053021015,3,0.5620710997776832,134,6,90.08140003232884,0,0.7379343286474259,1
718.8119230003764,13,0.3169123370446131,462,2,7.259050548577643,0,0.7540169012807425,0
1604.6883641435663,10,0.5359970882527039,557,3,3.268930072015241,0,0.3439951392813161,0
957.8749455903136,10,0.2494431073562993,713,5,34.964378117041726,0,0.7901591012550402,0
1025.5430039272337,8,0.3560009084733777,345,3,3.335328764229996,0,0.8993995225972891,0
1294.7030915080063,15,0.1600834239300124,184,1,18.673841084857887,0,0.8067538840950569,0
684.3763033629502,13,0.0683134687583521,225,3,9.135035103428915,0,0.7377423851271887,0
1577.0529176152113,19,0.2461006870708406,284,1,11.51297357768308,0,0.9650684120557786,0
1286.37486618598,13,0.155289138120074,256,2,7.773476147435955,0,0.8273961351128537,0
1189.858094084739,20,0.2026679371823458,814,4,16.53929940580596,0,0.9042287271087948,0
1352.3105712235326,15,0.0118144813980184,191,1,26.63751836950528,0,0.9046282118902474,0
489.1734039213828,14,0.2617820156145024,941,0,11.028497232053278,0,0.8992622528800803,0
3414.0117178862906,13,0.1842457319352958,742,0,16.99388191032906,0,0.9230477201569828,0
1538.7126458920795,11,0.2265929401424986,329,3,16.460046834772434,0,0.7492163937783127,0
813.5427679796586,15,0.1461192253611763,154,6,1.0908028617755905,0,0.9259154696194972,0
787.848706761042,19,0.0447189058762441,95,0,28.331967504740824,0,0.4001086504537797,0
1598.502790145464,11,0.1862367339319825,134,0,8.30250498593218,0,0.8464982197690828,0
549.9122078975847,10,0.0853226888245383,923,1,5.155594970132418,0,0.8329358517329347,0
718.4452595770443,11,0.1988912187692964,536,2,3.689816493152484,1,0.8463185824981555,0
1200.471423779779,20,0.210810554330305,85,3,32.9279174190471,0,0.9671848605585868,0
827.7082278830311,10,0.1176970753091495,887,1,6.991863216257092,0,0.779777904268404,0
351.67937310471274,12,0.1234477633974823,861,2,35.16379119658646,0,0.5323469004926054,0
495.896972920463,20,0.0687313663707511,944,1,7.219307510484184,0,0.8215172410925007,0
833.267445318095,17,0.1640463250532472,830,2,19.579060114775576,0,0.8693906497145506,0
1347.5418335549878,15,0.0906670682929034,848,4,0.9274490671637206,0,0.8268665496094101,0
744.7053081770548,19,0.3422969995522563,341,3,18.631589102315452,1,0.8532785752666999,0
881.1199057312616,11,0.056940398247524,830,7,14.848210484245682,1,0.8547126599182807,0
734.3872779987385,11,0.1672554202923612,399,3,3.9952493345668696,0,0.800164261539255,0
686.0075562212663,22,0.280023627554718,302,1,13.637061689706115,0,0.5473099427336313,0
184.30029765171705,23,0.6993893699150864,69,7,103.28380434654945,1,0.2792797197811165,1
1385.498887397392,9,0.1167135477093284,459,1,3.1665552935302266,0,0.92061805964485,0
797.2365983734483,21,0.0701103931861575,598,1,21.04921212235081,0,0.7917114957427585,0
817.1202262085072,18,0.0620736285260749,303,2,0.4147584624218474,0,0.6940155435246266,0
737.5309075483963,18,0.3482169937211198,570,3,8.73469268864461,0,0.7521538713709733,0
478.7571141549001,19,0.1944737540274376,846,2,14.194418360286042,0,0.8491503982973737,0
1105.509053041833,8,0.3372807114058463,645,2,13.54921516171931,0,0.793882449087911,0
1172.530547939562,16,0.1162875270996579,441,1,13.551690455830755,0,0.7720952359502903,0
651.9426715078293,20,0.0796728276231375,744,2,7.158401632997032,0,0.6001311646927096,0
785.3481211309777,19,0.1844798792719571,373,1,12.771411890497426,0,0.8166181889822318,0
772.0678923162016,16,0.0597901301260631,749,4,8.349190634016201,0,0.8581289175562219,0
1552.049327372531,8,0.1163133918385105,111,1,2.6360797189746004,0,0.4881232620394867,0
868.6308377949762,10,0.3804813776823199,862,1,20.62910603139459,1,0.6894003190973262,0
227.78903273486867,0,0.640695529874721,145,14,36.75229310927018,0,0.1175077979745985,1
704.3416896655757,18,0.1803647753753712,156,1,6.595711157543933,0,0.673049048590849,0
1087.3553142555654,16,0.2246652827594032,98,3,37.55991377237481,0,0.8588547739986951,0
968.9452192384862,12,0.2466294409428211,98,1,30.18400593327443,0,0.7218187769948513,0
567.6030754121297,21,0.0897453647424022,510,3,10.970710449773645,0,0.500270748684087,0
710.3995916666648,11,0.1398776073250718,719,0,21.71139135841988,0,0.9632427873326862,0
1013.7341155936776,18,0.1118375384470901,873,2,11.38506507402938,0,0.7903543891321723,0
514.8658581589476,20,0.3317827976101237,658,0,2.1753849063291377,0,0.9105595807806196,0
1001.4335956634602,22,0.2533966745580844,166,3,11.809011590083957,0,0.8989837340832322,0
832.7967378388383,7,0.2572778488285552,206,3,10.099521837203138,0,0.8830857632998779,0
707.8090079066784,10,0.2817979731971779,382,0,4.634444443319415,0,0.6548546372120615,0
1124.294598390724,11,0.0631345246259817,916,1,4.722010910927697,0,0.775220502144897,0
1040.78607008314,9,0.1937873579161039,545,3,19.95217014605738,0,0.8509527233803491,0
574.3142688854791,16,0.1195198360061029,638,1,2.014081535899714,1,0.8794114104652094,0
2030.0996604130544,9,0.3840442316412814,982,1,26.40173600298575,0,0.9562410712030316,0
420.1386190643739,10,0.1120836463928146,575,2,0.7355333495552343,0,0.74856633264923,0
2191.795585233851,18,0.1806350281888183,548,3,9.549666644822278,0,0.866627071261654,0
344.6802653482906,8,0.0926546834402125,48,2,31.106003430431837,1,0.8138145990965354,0
683.2042272086751,20,0.101866654289399,962,1,12.691149114908288,0,0.9679740664863206,0
1853.0005183746332,12,0.1916903614887342,888,3,16.08179236407429,0,0.7770775761259916,0
1323.5337962435297,7,0.4125696685517858,349,3,20.62536523369278,0,0.624364102871257,0
520.434180775189,14,0.2349195799841169,182,2,11.892574200128784,1,0.6087795131885078,0
1711.5652014217674,21,0.0687884269988561,638,1,5.160519869796244,0,0.944877167443892,0
947.4291632944166,16,0.0773761477343376,240,2,8.07425138438864,1,0.9312217891246688,0
1280.8946380872578,7,0.3015932852554348,915,3,3.892853436784369,0,0.7564385853527724,0
376.315214697553,22,0.6393726442232383,154,5,19.25169625335909,0,0.0656177602735297,1
1025.6819655343272,11,0.0373907753124286,213,3,22.655139962225277,0,0.9617101569137186,0
798.5804982255796,7,0.1472641963210215,244,0,8.052255846128881,0,0.75451442976469,0
1704.92564845394,15,0.1913934615965312,365,0,6.0962539332151495,0,0.64583881585903,0
301.8960348812774,0,0.5886266731092364,142,8,29.37175524406997,0,0.476037799316395,1
1542.745817665367,12,0.289529306422491,815,0,1.6199897998206696,0,0.790759341371852,0
186.0019386774808,0,0.5951808628781472,1,8,22.196247128824613,0,0.1102729675995393,1
663.7063775778744,22,0.0634894469078747,786,1,23.95105242029194,0,0.9317291537259408,0
295.5437530960708,16,0.175301677110767,660,2,1.6196966721112496,0,0.5461565051140799,0
938.473827613196,8,0.297860160132353,678,2,7.719328226933488,0,0.8508213499970757,0
1742.6113631914425,17,0.2186857917073118,360,2,3.067025221365294,1,0.7982261649953716,0
1286.4211216210344,7,0.2756090611909473,151,4,4.47968290585259,0,0.8726227744044938,0
1611.283985540506,20,0.2094665386757445,636,5,16.740475351128318,0,0.8163038309666447,0
648.7493257038366,7,0.1173012878805485,895,3,38.31206809266695,0,0.7978900620264201,0
505.2510595240072,18,0.2728759982691812,450,1,6.443264104867956,0,0.8062670714307224,0
1125.084578634852,11,0.2397178272733115,420,3,1.4630290782172706,0,0.7737614829637454,0
787.7012743600573,13,0.097877178737261,92,3,40.76846952858746,0,0.8848134586797003,0
757.2437472064317,7,0.0143788020102699,139,1,16.64738419984739,0,0.827381687802179,0
481.28926320967525,15,0.1247414442293021,383,2,8.03111303952921,0,0.8759784778878029,0
410.7286792050633,2,0.5728830802304967,182,4,46.60892620953204,1,0.4899996447101649,1
1069.248424118528,11,0.540907558768092,463,1,12.293742203199097,0,0.8790959156790588,0
1192.5902290037054,9,0.0889066870022028,456,2,0.3058476128329461,0,0.6125558111924175,0
2296.015698098487,9,0.0857323202391912,205,4,20.67239538620033,0,0.8500902752143601,0
610.243470337659,11,0.5088349255722606,566,1,12.222721446343892,0,0.7401382425505897,0
805.8713699006616,22,0.2675739057793765,259,3,2.166057874145203,0,0.7022451826421905,0
937.8339634249564,18,0.1855641865905998,610,2,7.6863134284723875,0,0.8168943521669126,0
1196.4184816867123,13,0.1770508066722489,650,2,39.81637279972517,0,0.7089670283339649,0
904.2446058913076,18,0.0604000673080558,162,1,30.204119549493896,0,0.8482281750281473,0
1863.853064153043,21,0.2585479136605145,42,3,23.83811534705828,0,0.8248800267340118,0
739.8506903365093,20,0.1574565975077368,820,5,22.2327062626292,0,0.8324247102701592,0
964.4136890480398,11,0.0730166099566478,670,2,14.337725427011092,0,0.4027057430755368,0
457.51700906309054,11,0.0983226246662976,627,0,13.073828483888043,0,0.5447117881942845,0
155.43084415307513,1,0.7765109026280906,87,7,34.72760336949062,0,0.459761197252615,1
763.2143280555819,14,0.1986811464999113,745,2,41.090646802139815,0,0.8759436564869217,0
1026.0748394328216,8,0.4049159244647521,445,2,29.62627913728951,0,0.9206002169625664,0
1029.814965019148,14,0.1136795419127761,133,1,16.51824256295482,0,0.817493785379846,0
557.8851745627752,18,0.2279105452121574,998,0,24.193177047128433,0,0.7466433078996164,0
527.3034380290208,7,0.1145075153513878,537,3,4.952340600856499,0,0.7667079757634304,0
940.0197062855622,14,0.0912253721996288,792,3,2.2941268977689377,1,0.8347189586084227,0
942.675201298906,8,0.3145958193320323,547,0,9.960765917820662,0,0.6503006662852945,0
1017.2012730347424,14,0.1949718271056734,496,2,6.126920139764669,0,0.901511276899689,0
844.6844655956513,16,0.1912951547466819,903,2,4.514184591294322,0,0.6890815019680195,0
670.7048747327098,21,0.1784476645412485,36,3,69.53916145999997,0,0.8835814136310108,0
801.7757054620703,9,0.1403812058911275,482,1,19.57365815010418,0,0.7217819385345988,0
926.8923966998494,13,0.2308502493415905,457,3,7.386885712916884,0,0.9169109396410604,0
1375.1879343907497,11,0.1997621220344303,258,4,1.4191368111074831,0,0.7975213877906847,0
1603.5496534113497,19,0.1494368005137835,519,3,9.24479655392924,0,0.7441381708516385,0
1096.918133198542,13,0.1052541092765239,113,1,20.417111182475832,0,0.6541463642751979,0
2093.9712490879515,9,0.3058321019873034,766,0,3.6898765455654168,0,0.8305484594863041,0
826.3900086666738,7,0.0748896076583904,322,1,62.71373524106585,0,0.75226065839384,0
1035.3111325700029,13,0.1817454839466884,905,2,14.720551632911892,0,0.9267334598779656,0
804.6431657849731,11,0.069802191537482,764,4,1.07432295071354,0,0.8833912160406744,0
1702.3821311820464,17,0.0777298509932264,189,3,8.679894785447607,0,0.9627160349140038,0
2751.568743304822,19,0.365853530157438,778,0,4.145384401532934,0,0.9285614255809934,0
890.6663589239,12,0.2174770432550148,905,3,32.55396320913217,0,0.7344278210994538,0
624.322094625157,12,0.1694991799793126,977,3,19.927283756363952,0,0.8821936209193721,0
691.8351526086404,13,0.2920836106374725,453,1,8.665524717509852,0,0.5889064722322767,0
1305.1946707752006,15,0.1589768580599242,428,1,20.84045572839989,0,0.7979501081886461,0
709.7056266653152,21,0.2457726449154869,821,3,1.6076775734070043,0,0.5725367300366154,0
861.6575891195234,13,0.2216183022579197,330,1,40.73094760449247,0,0.8286480601239424,0
758.0306990739203,19,0.2079090255472433,807,3,5.757548953018553,0,0.931583578962578,0
824.1532596141562,9,0.1126205580467256,192,2,4.319990700778038,0,0.8681947706079353,0
729.2232728613768,16,0.048036686515613,474,3,68.80358617209889,0,0.7793454939481611,0
319.176047500472,8,0.3709541265976027,61,2,1.074698482269745,0,0.7031919367507251,0
610.6609806898801,14,0.1294214421513864,717,2,59.59072753449526,0,0.9273035080777644,0
887.0158616994252,8,0.0704170488951062,950,2,52.92261028555717,0,0.752213516164695,0
797.3887224338382,7,0.0902105829471022,294,2,5.756457516222276,0,0.8823869551816105,0
776.7240517606384,21,0.1578012354422702,508,1,13.232636286224878,0,0.8681377225766095,0
789.0361039236428,13,0.4853044912506903,906,2,33.066657737965514,0,0.8593158432154206,0
654.2180951351795,17,0.1243819352433841,889,5,0.7711732327618657,0,0.7875827537143774,0
1358.7757918309208,8,0.1618267908000407,759,3,10.07659788292437,0,0.7034690135055163,0
1435.1156991794653,8,0.3927604035305419,138,0,20.699467883104596,0,0.5796298979064656,0
842.9422471792673,12,0.2209296226846351,682,2,25.24768258622387,0,0.6462454366377754,0
988.3991687645582,19,0.2252035007398066,800,2,29.537122348436,0,0.9876686007342964,0
1373.171454514415,10,0.14634025545346,567,0,3.8229232739366,1,0.7290435902319093,0
472.40845193540144,7,0.1746825411701461,199,2,9.364124495216226,0,0.7933861167959934,0
891.1921277308213,14,0.1598854419182535,281,2,30.545051090530187,0,0.7710984753763005,0
1410.558289326553,7,0.0665998401659172,811,6,0.0986093589995854,0,0.8430117202210189,0
830.8047577571048,10,0.4027643684281679,750,2,14.391004404444407,0,0.8717676879043814,0
1479.144038485891,8,0.0909298437313731,460,1,25.53052803882034,0,0.7219675561465554,0
369.8820508353896,21,0.3015130287826435,765,2,35.064317308126775,1,0.9353537165784044,0
477.5964263389651,19,0.2075264500261779,108,1,27.74804788323739,0,0.8742984220327403,0
1442.2172815893548,9,0.1093168767657928,721,2,10.999298878034647,0,0.6431267504623195,0
714.9623182584335,18,0.1574030791857809,999,3,8.350269583353358,0,0.7295963780382466,0
2207.100297144079,21,0.3618131141521467,629,2,24.78128792117044,0,0.9305856311513176,0
595.9530088058599,15,0.1274119543264487,638,5,4.219535075333822,0,0.6938905358210715,0
882.8453262679617,8,0.3599645233087865,661,5,13.036831397364894,0,0.7975369605542769,0
1426.14365638268,11,0.3168395571788049,702,3,16.201354947921164,0,0.6945202804614287,0
83.83457773253187,22,0.4659818668116247,127,10,74.17642403311206,0,0.1806518027441523,1
1512.624375147154,7,0.1948872190966609,797,2,10.883361646296189,1,0.7429380640724595,0
1447.720534273254,8,0.1070781289402687,150,0,1.1810288141138428,0,0.81484804568312,0
1589.041434182846,19,0.2606006680124575,746,4,31.0426218288015,0,0.5820419682755945,0
478.6130563875344,15,0.1654318374678651,399,5,0.9293929269047816,0,0.9211127365322568,0
730.0031121510589,21,0.1899534712534167,334,2,19.213483474598327,0,0.8945577905943131,0
896.4489383434197,18,0.0199269572381535,351,1,22.468581362977467,1,0.596964460996071,0
1278.9481478732798,21,0.1764719235517573,759,2,3.619456286701781,0,0.8341603123855403,0
1295.156671902622,14,0.2507769448159795,671,1,0.2895836637905735,0,0.5743513581793592,0
1136.3640093113297,10,0.2482226477273493,71,2,69.01677121196323,0,0.6057122133971258,0
587.3839877828428,13,0.1654812685859994,905,3,7.125669524035847,0,0.5976486166532183,0
1024.199117774367,16,0.1167550243260777,742,1,7.213722478232018,0,0.9454095562117676,0
1177.8641804854428,11,0.3429633885720849,665,3,12.861223006178156,0,0.966573944982332,0
878.1007358985925,11,0.0604436664579001,902,1,21.988878341500325,0,0.7108476186854982,0
424.29734581904745,13,0.3979896296829363,350,3,23.88855598118086,1,0.787630783548625,0
973.2865100812336,18,0.1126039901126703,219,2,19.020337912543912,0,0.822660382668187,0
882.4697127863527,8,0.6531351387678891,198,2,4.185850252068996,1,0.94923068811635,0
401.8793557230242,13,0.1534673259908722,386,2,9.668421027673205,1,0.7643040887979885,0
1175.034332067955,18,0.3324206149124479,964,1,1.8646983889160296,0,0.871245344920436,0
1527.8523401229545,9,0.1606570692890285,199,1,21.618320038129443,0,0.8700178347951126,0
255.6658331036526,22,0.1846749411329474,584,3,24.461158424190167,0,0.7688653044274056,0
1258.7659994381063,8,0.1089248964351412,965,3,3.483787929782038,0,0.6883966678517359,0
2347.2651148132213,18,0.1838824516228036,176,2,7.63499036714234,1,0.9561084631256908,0
549.5265581994327,9,0.2125719403245459,234,1,1.536540866671377,1,0.748116172706757,0
1523.927738921779,9,0.1224441394968722,695,3,14.960344115283773,0,0.9806902159260884,0
294.20586913686617,7,0.1357506694014686,353,2,28.1769516766452,0,0.8909171241792357,0
687.4932639840168,15,0.1560728229012817,315,3,44.30408664886167,0,0.6774911598617088,0
977.2255913253222,12,0.0782208637428672,440,2,1.1399219479049576,0,0.9173717657508008,0
363.2903063525816,22,0.7005469020378575,188,8,68.19046156747551,0,0.096281116686424,1
846.8635987985524,17,0.1839323843231263,465,6,7.821896057353869,0,0.670214899474977,0
2092.779690017602,18,0.3777258213879349,184,0,21.53496350179156,0,0.6762175150214346,0
1837.1115434348767,20,0.2936906043223271,651,1,8.356712137041626,0,0.9215681961509434,0
639.1182633041313,9,0.2443228696638149,903,2,4.369381638714575,0,0.9457645885960476,0
1574.0018963633047,20,0.4670778520989179,824,1,23.151858489321853,0,0.9179269715793492,0
2222.020633963107,14,0.3469459200449103,445,1,5.087398911721044,1,0.9257082367801932,0
1043.7343458088396,12,0.2320837894838603,626,3,42.77035585537716,0,0.7639630357112858,0
604.5074194948575,18,0.2535294325778272,815,2,42.80049663255825,0,0.780014654080155,0
760.7334724270079,8,0.135095571600545,177,2,8.254666906526662,0,0.8945808336047978,0
1087.1869961674468,20,0.0701759951605945,87,3,15.79844089420266,0,0.610435947200497,0
1143.7762660448127,18,0.2014369062351325,758,1,8.515264419142229,0,0.70236407291545,0
879.4645687334379,10,0.1973426388207114,560,3,10.516103148470002,0,0.979313618503934,0
2918.1191926312804,21,0.4855625712414281,536,1,3.860409801717348,0,0.8486713804167546,0
1005.8089791145404,8,0.085172475371049,740,5,43.728192344149235,0,0.8100622388964603,0
1272.7254178985936,12,0.0853622199241359,367,0,8.474261833980606,0,0.9685818299343332,0
1408.2989533866464,22,0.51575388766953,528,2,26.611231293149096,0,0.7048904410326242,0
569.1587525807788,22,0.2295090852454836,837,1,16.18481904120272,0,0.940421388921217,0
812.1112433082327,8,0.1226602034384898,354,2,2.975095201938031,0,0.7951014852411425,0
858.7379351108365,21,0.1216080251198071,743,0,8.180475711583135,0,0.9344564847767268,0
398.74989411602576,19,0.0755070249621083,573,3,31.147196980325077,0,0.9186524765037696,0
1134.0493523188868,10,0.1390153937549432,724,3,4.226929524643143,0,0.9075808505052668,0
1734.9282642612486,9,0.1094240755086514,897,1,6.6112909123356545,0,0.7476753543154646,0
861.0030500991257,19,0.0604148895903121,92,3,34.88987816792092,0,0.8667580268992948,0
731.198640770978,16,0.2100690489735952,179,1,14.008442039170202,0,0.6197762030868065,0
1315.4835583998622,16,0.188616277529351,851,3,12.19663643755678,0,0.861883336657655,0
3009.0638364222896,15,0.3841724174639001,837,1,31.380239894854668,0,0.8248016620937892,0
1575.6009924353148,8,0.106926511556091,808,2,8.76244738086864,0,0.8380003521232465,0
1239.2084615181543,21,0.241718473516773,149,1,21.41154480779553,0,0.869573538436182,0
1059.7354028208713,12,0.18958719069331,871,2,27.369753780754323,0,0.9283361859815452,0
725.3454356781324,8,0.2974040942003963,326,4,10.44070457535894,0,0.7628852212977595,0
966.1948245580354,14,0.1321336272473986,46,4,57.93520228185979,0,0.92992740602612,0
1099.744934392775,11,0.4036477508738658,599,3,23.88969931326666,0,0.8627973920649462,0
399.4911580563571,10,0.0754060470837669,201,0,12.63525740003634,0,0.8843959004802573,0
1349.1733585047184,15,0.1935980517899621,248,2,8.645185184495292,1,0.7562321280646104,0
332.5055823046132,0,0.7405051741580034,53,5,54.51807602730826,0,0.2545350753820328,1
628.2112042265637,18,0.0316858105562997,757,1,13.969109779434502,0,0.6917760071479727,0
837.1674072472654,13,0.3289081302486977,680,1,5.31072723312761,0,0.7370602836725407,0
1001.9834021335828,16,0.2425048187745775,163,7,1.994707744535886,0,0.574957746812544,0
969.0225774839172,9,0.0936851759746255,130,2,71.45852049989857,0,0.9838324986566268,0
1435.5277192047567,20,0.2357599156028626,499,1,0.8735411686845276,0,0.7567594440203538,0
1511.4015835704029,8,0.2770693317210159,162,2,7.259866739651678,0,0.9851553393312408,0
1136.2569595956872,11,0.0592878435318761,455,1,5.33597152608258,0,0.7542810890858863,0
3574.5510763428797,18,0.0463774447678409,670,1,0.0374511690330886,0,0.8868159728880782,0
1266.9696449943142,13,0.271539293451319,392,0,5.972375495717355,0,0.7914256008964173,0
1795.0952662690404,10,0.0850656309605661,30,2,35.795487179548005,0,0.9464717746321146,0
1025.1684477711794,11,0.3332674285703115,491,2,65.80212794365798,0,0.866896807572302,0
796.3951959045648,14,0.2602051435095932,106,2,5.651204100532215,0,0.9177973328287544,0
1033.9405979665162,18,0.2713412663926502,389,5,3.301227166317168,0,0.9360814305527424,0
542.8678547809578,10,0.3518673782684279,946,3,17.24758798641695,0,0.9568404870674504,0
682.802208744538,11,0.2111918454862884,883,1,13.858047203205148,0,0.8087686418396989,0
999.242310487839,17,0.0656481872339457,757,1,20.11231291340742,0,0.7834858297298714,0
744.3983152698371,10,0.2449148160174496,41,1,34.20219361874279,0,0.4563821748787949,0
2509.425087455497,20,0.1325847023248902,960,1,8.555913608494636,0,0.9190164732705544,0
1670.4512764157585,18,0.0717106109274726,457,0,4.822270930871971,0,0.947143675985244,0
598.2082550374859,7,0.1605774887290972,837,0,16.62786589133931,0,0.7803149691537404,0
768.0683180107529,14,0.0904314359314434,886,4,17.79575035242573,0,0.9083423559751456,0
775.6110667483274,22,0.3873781059551944,425,1,15.338585632480772,0,0.9560670812520026,0
1066.6894406463043,8,0.3654030504697775,804,1,16.50838801919253,0,0.91202467245589,0
973.0463894548532,8,0.2510978864735665,598,2,0.4520711962401248,0,0.5777878022555276,0
1022.3343524610124,19,0.2970279213538547,834,3,2.811022067090084,0,0.9101230264786992,0
1226.240968030051,20,0.2822821781893355,354,2,10.188212256138277,0,0.5807040422694558,0
580.032741753208,20,0.0947426004842305,619,1,25.76970125221645,0,0.8196179573672192,0
1683.052261901961,22,0.2167332451824074,906,1,24.2012397554636,0,0.733429284622056,0
650.7608231869651,13,0.1160266814004032,379,2,2.288871532761142,0,0.6702136668811892,0
921.5048078394418,11,0.2511942799205082,404,5,15.673163611083227,0,0.7579415497337505,0
1684.4661781083,15,0.1012490825767855,967,5,15.131856317687172,0,0.973473003497828,0
583.2678220102512,22,0.0580317805002805,451,2,2.0642035756089734,1,0.93030897835855,0
809.2785368191494,17,0.4536275193049239,856,1,24.709295468978684,0,0.8204880103028855,0
856.7643314082833,16,0.2801186257037484,515,6,23.210514160106005,0,0.8823105008430557,0
1180.5722447612886,8,0.5651959806498414,263,0,56.55577613801293,0,0.6587169310712259,0
665.8441936894804,9,0.3207847245150703,953,2,1.3519319290698677,0,0.9355727969616232,0
748.4752340205217,8,0.1246459692732362,122,1,13.219542470463027,0,0.905418228679749,0
1960.402023389265,22,0.1068197087151982,224,0,9.77290107468561,0,0.846700145911684,0
383.3482734137618,0,0.710125728904693,176,7,443.4434219674049,0,0.1538994671675564,1
1580.762374100023,8,0.1346336640668747,964,0,19.481527761029135,0,0.9556032045454638,0
1039.5012507760691,9,0.1055802777861339,280,3,7.738993789761474,0,0.9078435781284684,0
1511.466038677311,13,0.2504301848072727,951,1,14.707534695222996,0,0.8119989989276591,0
1031.6989478099374,10,0.1676141643438227,849,8,1.339969383059607,0,0.7708783080472293,0
816.4719547768054,11,0.0820422411462219,468,3,14.383064790894984,0,0.8770052336259755,0
621.6015532486296,22,0.1308301935302915,715,0,31.518752122356815,0,0.9504843664136972,0
799.6178377262595,20,0.2793881843804848,106,2,3.2513412606042396,0,0.8769143504438535,0
736.0885258901495,14,0.1320683050188444,87,1,6.045640315595094,0,0.8567773139166291,0
1261.5826295918782,20,0.2579869590405821,295,2,5.505914389161069,0,0.9242754682061328,0
1424.3696152983684,19,0.0606924407998969,756,3,3.52232185162878,0,0.8169369521066173,0
1105.8417596105878,12,0.2263594477989246,129,2,11.508371723397865,1,0.8909310335880875,0
1114.6216940871086,14,0.0978986793733353,493,1,37.12062096027514,0,0.617651090438365,0
1742.8940151106387,10,0.4857145224250741,410,2,5.953031031297407,0,0.8058419983166828,0
626.5247652332492,21,0.260813757044964,62,4,3.20331621938902,1,0.7312634312872452,0
1323.8095344035596,17,0.0999434240053056,772,4,28.83055366144601,0,0.9488429969688492,0
1578.0922954131258,7,0.2193566936956534,288,1,22.319265630417437,0,0.9548117043162466,0
995.627014734344,17,0.0551497004716485,421,1,21.807271156057897,0,0.6960448999706799,0
2864.499322962007,10,0.1398111288647675,48,0,6.33227428175369,0,0.6347974372785689,0
899.7796237065198,7,0.4262371828097752,381,1,3.912673217810871,0,0.5934713113500439,0
1485.0042438986509,16,0.3057869493644474,558,3,14.131543136068776,0,0.5406973978175902,0
1990.56584531628,14,0.3971458024834208,563,2,13.310556105677378,0,0.8315017411042859,0
642.6386653556161,13,0.0917945079211271,390,2,23.154686518250877,0,0.6764267535434206,0
1083.9628615946958,13,0.1105823094669646,585,3,7.229092196482492,0,0.7985559315784195,0
1705.2519964890553,20,0.2427067182696316,283,4,6.152346834580145,0,0.7814661804057135,0
1340.077926214452,21,0.1923162881189086,294,2,0.998022948315362,0,0.8292716988897462,0
757.4370752265638,16,0.0727896144562328,399,2,20.754931211516578,0,0.6341955397939945,0
963.0421783741232,18,0.1496090652185823,211,2,19.901404456260476,0,0.884140849403188,0
3539.342523137953,17,0.2574486097001862,401,2,3.1640077997517277,0,0.7832928374282994,0
830.8917777043876,9,0.0977789826016706,612,3,7.583834084789734,0,0.7333612642892084,0
83.62753092272179,22,0.6599489481269667,69,12,289.46089509177517,0,0.1038696761212287,1
935.1932829390184,12,0.1283222351275297,750,1,10.73396245336144,1,0.616270530858814,0
65.73013368325132,0,0.3847126559783711,191,4,28.4742486840011,0,0.2856337449076928,1
3412.4179444568326,11,0.1623591904819977,551,0,17.682996341341195,0,0.5697706489225195,0
228.61493916264232,22,0.561906064170908,709,1,26.968126366648992,0,0.7080640122943626,0
999.1293013165428,7,0.207901152104674,223,2,4.803280052327262,0,0.8775333777905376,0
732.7906399108045,15,0.4876220306961176,254,1,1.727803009124867,1,0.7663899511091711,0
721.21279551478,19,0.07873812239115,470,4,1.808883171389262,0,0.7512069614994515,0
715.6947773435693,16,0.0798242333278518,245,2,6.614289868759269,0,0.8399611530416395,0
781.6592638641806,14,0.1020259361936505,89,1,20.92347214207746,0,0.7382111945538925,0
1339.9564618062775,15,0.0352200960371333,177,3,28.74750840115689,0,0.7627180687626625,0
405.6537874453287,10,0.0766294525570683,534,2,34.671274578015804,0,0.937064876842225,0
622.707504098593,14,0.1528815509283858,121,3,8.886951209347194,0,0.9137117258266704,0
361.6789386748855,22,0.1462512596792069,148,6,28.513234850158423,0,0.6843776122238726,0
1751.0635708875277,10,0.4212558147029653,479,0,18.182750211217066,0,0.8284611509056657,0
760.1772514347279,9,0.1809403927385193,923,3,6.225845853315548,0,0.8712137399584053,0
1538.1095128844263,13,0.3108146957945888,363,2,0.8202306612446584,0,0.920335712562112,0
485.58518128460565,20,0.1404698350085597,436,3,13.364205511725558,1,0.807917912521801,0
978.6682223185236,14,0.061005425900706,509,1,5.313403262103053,0,0.7436637474473801,0
1057.927388579429,15,0.1200004949902663,177,4,27.79831611548162,0,0.8641726402851936,0
1337.035630642178,12,0.1366783409668773,656,2,6.795919673251133,0,0.9203609699521024,0
521.5308105911457,19,0.4436209108347909,344,1,10.06608332842012,0,0.637683236126521,0
297.58359216828904,16,0.041827486773786,479,3,0.3686344788533279,0,0.7794696210135283,0
674.6257520914667,8,0.2068656945090813,650,1,17.62935279538197,0,0.5569452324354617,0
592.006455031663,10,0.144810646582561,985,1,22.40904833614245,0,0.9297196903282272,0
1750.75744239067,15,0.0534323897396873,146,3,28.885805724442307,0,0.6687925461613261,0
1375.3088932121254,15,0.0503348090556145,917,1,34.422549066957764,0,0.5789179094068874,0
541.4697192469482,15,0.1435913241279684,445,0,3.739805377350777,0,0.7673899543102366,0
833.335985068702,17,0.252446403766891,449,1,3.2394406921629955,0,0.7875285536541633,0
822.7224868717742,17,0.2513976613346553,439,7,4.8090330134632495,0,0.7400952980580515,0
1477.055854254413,15,0.1497618174797655,326,1,19.013295360831364,0,0.8964952331765127,0
500.9719058075924,20,0.145791077860183,190,4,12.764253443445533,0,0.8425902455131273,0
1493.414240058692,13,0.3178663252364333,581,2,3.0181679277269637,0,0.8761914363132389,0
723.1842404426848,20,0.1024141045194363,102,0,71.07209836917427,0,0.9567438355137744,0
566.7965497833778,21,0.1605758662630927,187,2,2.0227306599180896,0,0.8017618843697233,0
997.8379364234409,10,0.1708353226763983,902,1,21.68120440863622,0,0.9255138527707608,0
251.54820182030932,0,0.8769585545802671,145,10,37.89507210430693,0,0.3295312657259469,1
827.6717286386236,16,0.2365302073464401,743,2,4.5381346378709715,1,0.7696772522561386,0
2228.3771935775935,18,0.1489591831974224,699,1,12.26766136027862,0,0.9263658411038428,0
1911.940033819576,18,0.2066388753999453,404,1,7.121872115929714,0,0.770954470361153,0
246.75033574459115,5,0.6539084384051349,175,8,95.6625195611323,1,0.3251290952934585,1
465.8839905039539,22,0.0396136488349273,138,0,14.017360043940185,0,0.9064690557205642,0
1709.0250485812624,16,0.2141541034036307,728,4,14.803566824704788,0,0.9562379794190174,0
1339.3977310632977,9,0.0672902140003383,678,1,6.428035134995006,0,0.5866491566029184,0
707.904168744592,22,0.6345290931605874,138,9,8.523353713463306,1,0.285391190577705,1
1611.8802406797174,12,0.0472940019058374,655,3,6.357612948008246,0,0.9587502446716863,0
755.2488222121535,22,0.453027945226187,79,2,36.23833328236559,0,0.7417469960696474,0
1001.6697013192676,13,0.1471153138727856,294,1,15.334838074292774,0,0.7485259443807869,0
614.0713392000016,16,0.5742787786979082,339,0,4.310906116921574,1,0.941973983044375,0
486.31849450035537,12,0.1256655160819272,729,2,0.0075837832159045,0,0.919814284828741,0
1039.8658147778583,21,0.282747475940099,205,1,45.51480530839144,1,0.712097847597691,0
832.4015288968782,16,0.2214118648162724,379,1,19.826867142841028,0,0.9949081600440722,0
886.1384573168898,9,0.0559293944969173,244,1,0.090688046322966,1,0.8582007985682585,0
862.6470533233053,22,0.130896939647382,789,2,1.8599358689333008,0,0.6419313531581294,0
1702.6329698372504,17,0.1888480588083011,557,1,0.1385757518052424,1,0.9103390936909056,0
695.1129670981873,19,0.3433510799545902,898,3,11.480363584215322,1,0.9223093880803642,0
713.1773672039835,17,0.1572444156869089,461,3,32.958267481402764,0,0.8781094603634245,0
158.81366373512947,1,0.8601518581564316,189,8,60.3596012899687,0,0.1176458323466037,1
620.8209337651239,19,0.1884492304480608,642,0,9.232224973725836,0,0.921349972105906,0
1196.1969753209992,7,0.3852256375085947,897,0,2.313055082381831,0,0.5533679425021826,0
850.6965270151013,14,0.1429510305224022,181,5,0.8545577656480768,0,0.793109633569539,0
3637.049105571747,22,0.1758280629800145,507,0,17.135582429826687,0,0.8282066265868934,0
977.46340399531,9,0.0959648725719905,848,1,15.64577087810951,0,0.7560826706204755,0
717.4336536887735,8,0.0863257311525963,69,5,40.72873330077759,0,0.8511581108421442,0
1934.577464912556,9,0.3021116426340912,395,1,2.137677601561841,0,0.7883093774728788,0
517.6611783662997,21,0.1849353757520557,842,0,21.984409537227233,0,0.8948216478714034,0
1430.4152626178145,18,0.1530174048214981,731,1,19.292806395019305,0,0.8639723203004054,0
464.1408228040693,19,0.2087763910910057,166,1,10.022786634271435,0,0.749456792115774,0
504.82367821454346,21,0.2011603542289732,700,2,8.145470984301483,0,0.668313868715728,0
512.0376117843388,22,0.0592515657031793,995,1,23.172161608562114,0,0.9096154125975876,0
1276.0979798506862,20,0.4702948190205196,116,2,13.04582897325072,1,0.721515141019423,0
800.5140529577488,9,0.1923140773831246,937,4,1.1928734841381798,0,0.9084877573955754,0
1124.354779019509,15,0.0463964181223061,376,1,1.46203980805259,1,0.8937696245471524,0
581.4791243822742,17,0.1805312144005494,128,2,6.137904621970718,0,0.9278585766291978,0
1121.6803149164605,11,0.2940832803624958,219,3,0.8291412816260699,0,0.7443527008391756,0
1324.139106727842,7,0.1828077812973833,305,3,22.52983427347384,0,0.8365931261541998,0
549.4792659650936,20,0.1605685529411116,243,0,6.492253610775377,1,0.8339720939069961,0
1025.9122696553372,8,0.0701922600535049,628,0,10.465117766680564,0,0.7770758807696961,0
2071.01316008155,22,0.0361124150625495,700,2,12.9413473159799,1,0.4246589281600845,0
890.390800338221,9,0.3532259097687847,468,3,5.985009813147002,0,0.6808527932854281,0
2594.595736379064,13,0.1875829092344953,123,1,7.606750363541374,1,0.7381125058365033,0
1158.3336222992004,13,0.2545853281471497,800,3,19.230845793933863,0,0.8341093676848864,0
1271.8483883422202,22,0.2889420788957176,939,2,21.77419566221087,0,0.7366633390821786,0
950.962049244052,8,0.0635946007558379,751,1,16.280777862603784,0,0.6621393718898532,0
876.7064961862803,8,0.0528882832291186,381,1,6.851351920115283,1,0.942250902586098,0
1068.3867665235691,15,0.060220857270927,475,1,15.395764457307012,0,0.8788759969756296,0
2932.1290661143253,19,0.1200506740262035,613,4,5.997729141249731,1,0.7270549471462874,0
1538.7976675219627,11,0.2915167166789402,644,1,6.640184646304202,0,0.681995958887356,0
701.222740566386,16,0.3704440443755524,68,2,4.549302415823105,0,0.76146719853561,0
1883.3150007505608,14,0.0372187636207849,503,0,0.475807117204049,0,0.8449470663271658,0
1234.478319380656,10,0.3048998857301842,831,1,6.7537656978886496,0,0.8193401697393472,0
243.20878504402287,0,0.5944599707510546,38,9,182.62139161046375,0,0.2005846508180583,1
631.6619847481048,13,0.3156288199361179,364,4,38.11552534139032,1,0.7754512951545683,0
1001.9218279056092,22,0.3168657298539883,75,1,11.356540361045154,0,0.938421910116567,0
847.8303866954997,15,0.2148964250873158,307,1,17.97879396944904,0,0.8738967449790217,0
1211.332761080639,17,0.3463934507935743,688,2,0.3358994256510207,0,0.8786713336214425,0
2206.0181174948184,21,0.4196726433002555,575,0,6.705063719523421,0,0.5343122941350132,0
977.6406407032724,10,0.3170622170721737,256,3,5.391993109222545,0,0.8315519837447086,0
230.07835955820883,2,0.8250418660414399,29,11,119.3781627804304,1,0.4719523673217943,1
1196.635481032534,22,0.0832325353237214,823,7,37.50411609431249,0,0.8284777441770963,0
2376.5249431755133,21,0.1102734778379146,898,2,3.2336673666330733,0,0.5434679528431201,0
1087.550310872941,19,0.6822095134678845,311,3,3.1969870769431004,0,0.7011294483058759,0
987.4978989224091,13,0.1418455080953349,789,4,5.151744951095008,0,0.678835435099066,0
1013.6851554448982,12,0.1923469709049903,606,0,0.2649841477607024,0,0.762392084131194,0
2271.9599125270806,12,0.2412807187357538,273,1,9.40406546447678,0,0.7732774427974762,0
1688.964911608237,12,0.0716157652555552,799,5,27.85733585503647,0,0.8130496085949224,0
828.3929611079428,11,0.065635919637813,166,1,5.1896170033906746,0,0.6459150142196874,0
1133.2517565665164,20,0.2523222183858334,752,4,5.407767036521634,1,0.868898132771778,0
1618.4606374806413,19,0.0709836276666833,405,3,24.574116245848256,0,0.8783476355136108,0
1917.6745769944448,19,0.1672579431904913,189,4,10.36139747561003,1,0.8458133929740604,0
1230.5640534862453,15,0.2484135029641852,815,2,23.013481427741887,1,0.8448352238330826,0
1504.9514615943024,7,0.0455537908855373,464,1,52.71405645052844,0,0.7611027403442042,0
1119.517527325855,9,0.0878387664872188,723,2,1.202037858804608,0,0.7620370029804939,0
1344.406561659684,22,0.3675923604201441,802,4,6.1814806692961,0,0.8127352083105359,0
1814.6840312056347,10,0.4094030586048163,602,2,22.515306923617217,0,0.8795566152468153,0
470.864488403224,16,0.1622513484827308,954,1,7.5469111862343246,1,0.8357580028637889,0
1315.1653100044823,20,0.38639720064286,490,4,1.8946275164888189,0,0.8655551878222837,0
1069.649087529805,9,0.4977288303379055,557,1,43.12887129745563,0,0.775689609537098,0
1028.6570670856247,16,0.1237110838378578,231,4,37.31194793091313,1,0.8677815865803173,0
1082.7990963489049,16,0.1239486771885913,828,4,10.3069039912486,0,0.9164828682543578,0
673.7857582137453,17,0.3292425553766412,299,0,7.258266079908299,0,0.5180460529751549,0
825.7107467394155,16,0.147587293060402,501,2,9.313397333685918,1,0.697381993245339,0
921.310747924203,8,0.0031319063010313,422,2,3.578556113383946,0,0.6759027049837438,0
173.21766501659164,23,0.943978430643778,168,7,245.84431198139464,1,0.0756690099532741,1
965.7809702115136,22,0.2189543519216646,823,3,17.936061609465636,0,0.6724206714687843,0
879.7673856644902,12,0.2373185083453677,844,0,16.41330038231355,0,0.9140783944551012,0
676.8548719630103,10,0.4124217371733175,53,3,14.328285207029886,0,0.8402618926939439,0
619.8018733822573,11,0.2011403957727744,222,4,16.29033833113053,0,0.8650378246789501,0
1097.504505339994,20,0.1118174645965323,358,1,20.285100000258844,0,0.8286944073982717,0
1368.5695983014086,13,0.1618485335604812,46,2,7.318651084026544,0,0.8412598921019049,0
4281.697113429283,9,0.2717311520061667,501,2,0.4461544625888851,0,0.7567098956050605,0
905.307994835006,20,0.1806102084191102,79,1,2.2207714486840056,1,0.7070600629954842,0
811.1482901564972,10,0.2356783213235929,441,2,23.313986260322377,0,0.5456353190019572,0
633.3012116237925,10,0.1792960636594728,124,3,71.994950735705,0,0.6894503333939745,0
738.421241649271,10,0.1205806294986302,681,1,23.37605854850232,0,0.9171408443320904,0
1277.312109120793,18,0.1723147974328311,218,1,10.353835041961895,1,0.9274370605186586,0
1222.7436397601011,21,0.397529011907701,491,2,68.17280315749291,0,0.8477512499854332,0
1116.040349488386,13,0.5265262653645639,146,4,10.03094371295707,0,0.7414466259040948,0
2659.0384430709637,22,0.1005480735578449,869,4,37.00095144186788,0,0.8756388277602677,0
755.3813621526798,14,0.1572627199042357,966,0,18.040329207057223,0,0.9563986772616868,0
432.5002467185923,18,0.151793570143365,80,0,11.808422880286027,0,0.4098020829998807,0
1203.894085560275,13,0.1271859804710167,645,1,14.868922103880523,0,0.8922229579213754,0
2224.154607393306,12,0.133256954373217,172,1,19.103800612237546,0,0.8823594603698406,0
1033.0028478898437,20,0.0446623311916218,62,3,5.885300689788312,1,0.8322335340319055,0
935.9129926443628,16,0.2624694873076725,904,1,5.202445951676048,0,0.5862432298196896,0
2297.072236397549,17,0.1448772055360581,280,1,29.02700367724831,0,0.730270535679185,0
928.3250919356466,12,0.3028779121985244,932,1,0.3567052022668901,0,0.6968627347452363,0
694.4473229789006,17,0.3876300131877822,549,2,8.240868833322702,1,0.8558873357058697,0
2236.244597160838,11,0.3465989556743049,501,2,3.9224877708050623,0,0.8697442608719097,0
510.730327652953,22,0.1312086697884569,621,2,17.926942050169185,0,0.8861470646998242,0
386.18305019008767,9,0.1646313692808394,959,3,7.417608662775268,0,0.6543698394518164,0
531.56244900978,10,0.1165559912387441,350,0,0.7309626342115215,1,0.906903291924547,0
859.9955094092888,22,0.187410313038379,247,5,8.81466915330536,0,0.7063341504890228,0
222.31909611123297,3,0.7545596502567936,172,7,301.8529887601935,0,0.3652746862697446,1
1006.472440932044,18,0.1772477801406695,153,1,14.137925283518069,0,0.930401672015684,0
2421.6325068027127,11,0.0275889275034899,188,1,2.7067335756523287,0,0.947428394418116,0
2576.104316438926,7,0.0910102646139077,432,0,6.459600882358374,0,0.7544386469177949,0
438.02622265428255,17,0.0600095337811493,694,1,41.092006366525105,0,0.9256791031015426,0
546.8690680419793,15,0.2036152500576355,565,3,4.330787323619542,1,0.8587335848622482,0
454.4852998468218,7,0.2468250294380177,219,1,26.17676086506922,0,0.9627256834795594,0
1289.3153151096128,16,0.1721940910934716,411,2,13.338208548951544,0,0.8878592332323874,0
472.19152955999505,13,0.0798691484649114,541,0,4.321319746397359,0,0.7798706414851453,0
596.9522185167311,16,0.4593846507550226,574,1,4.363578624280957,0,0.639950388701036,0
681.3804366742669,13,0.0743877874637049,425,0,4.717500199976939,0,0.6602516523737991,0
2947.007312787238,10,0.1257724606331218,697,1,1.61462692987986,1,0.8400813307843876,0
628.2550705870376,14,0.2890174780265317,991,1,2.1093976872129447,0,0.8950397651918441,0
1092.0512136588648,19,0.3094192664069212,859,3,7.251942371240664,0,0.8936644113423263,0
1105.546473877462,9,0.1206495909577954,192,2,0.0418710948879144,0,0.7817880635142432,0
1075.1211666559034,15,0.1093237228966493,789,3,5.793526940565951,0,0.6226607514405857,0
850.5920722103207,8,0.3026968826480868,475,1,8.55480500773127,0,0.7976536096405928,0
1202.4295743979474,19,0.0635527056167818,932,3,47.63414984353164,0,0.8202823085034088,0
2000.6215761452895,20,0.0136093822335041,852,2,20.75761633822626,0,0.8894226923031476,0
595.9958912866493,17,0.0953220138288375,644,1,28.692933009441145,0,0.9660376216108906,0
1613.8775185509687,14,0.2876741958764005,87,2,10.838816668247402,0,0.8876079899511795,0
976.1075190736432,15,0.1574093536171286,100,5,22.58785320652389,0,0.9082170257347972,0
796.6777550746733,9,0.2147307890389984,970,3,2.488577708168268,0,0.8367854071305516,0
371.81210708717595,0,0.5150470562907525,45,7,303.1179822359218,0,0.0434916998780443,1
900.5418663194706,22,0.0804255695979717,573,4,3.018355221543082,0,0.9313712624777348,0
754.2613694785889,18,0.1705905022956166,173,1,8.947687310923513,0,0.8577228732198235,0
951.46396054267,10,0.2150910340570224,990,2,9.992933458037404,0,0.8984129142343734,0
883.7365609809635,8,0.4886539343942834,70,5,3.1284139802765525,0,0.8848333620442758,0
159.6612353474405,23,0.5494901007084837,112,10,83.20836916622643,0,0.4425785631740647,1
803.4597381753298,9,0.230309829746948,665,4,4.196750830908358,0,0.6959282553972522,0
1631.9945294954573,7,0.3121279571229575,835,6,0.658083267416225,0,0.7826877396152122,0
1565.9336429293703,9,0.1419635592216311,236,1,0.1269240088337986,0,0.8782268434278508,0
1606.301114993245,14,0.2954794659568501,786,1,32.00811878520403,0,0.82988644015976,0
823.8505257326567,19,0.1066704499978911,906,4,94.42039924972404,0,0.919434905480007,0
753.3240823015834,17,0.1475867760074007,392,2,2.390506910227244,0,0.8935008136996775,0
321.6260411472072,7,0.0440790532442128,56,2,33.96998504769507,0,0.587992057633191,0
841.6020678646596,14,0.3229747660930928,894,1,76.01600824672583,0,0.9528408592683464,0
2203.239232357091,14,0.2167402109728449,924,2,8.052824833376015,0,0.8494966268685662,0
488.51780138975454,20,0.4662251374136651,885,5,62.47178417439188,0,0.8714629121537202,0
1360.493905772878,18,0.471015323641291,891,3,10.029652894745205,0,0.4444178566457687,0
762.6163973438663,9,0.114438659952793,640,3,1.4678348226350733,0,0.916631647522683,0
923.9215420758846,18,0.5175510093232065,840,2,52.68402161928853,1,0.730371288869084,0
674.7244441872647,16,0.4653482863130646,506,4,9.204728811656576,0,0.9698933304063246,0
882.1311764064517,16,0.0698358558501401,388,3,1.0407878090719775,0,0.6662168353338072,0
929.080353509767,13,0.2422374739139717,92,3,4.007060818702695,0,0.7055612172922111,0
842.1471738790593,15,0.111329035984687,606,3,8.734469345056874,0,0.9545905003964922,0
1385.0807238172436,11,0.3321271206697477,211,2,31.929463727199373,0,0.7742876309798016,0
753.0644959363626,22,0.080841842659584,675,0,21.0417939623284,0,0.9707622641757968,0
2211.7017082283587,10,0.2480396337762536,912,2,12.51429250966257,0,0.6667087952276454,0
646.9961880114731,22,0.0734564749570717,892,3,20.09657183524339,0,0.913553303543812,0
640.6125061206434,7,0.0542255554498099,532,5,8.440334250086918,0,0.8891757346962387,0
751.316280975334,19,0.1203583760971257,286,3,44.36446337630117,1,0.7364662184394716,0
2645.7084018288683,15,0.188209553651876,681,0,55.82880069230868,0,0.932513673027624,0
668.8661240134234,7,0.069914165242686,394,5,1.8789316664647493,0,0.8690869272697598,0
916.1016323072884,9,0.3064892891816153,523,0,64.50174362620552,0,0.8786484232020807,0
2558.084164293529,16,0.2323909836584507,659,2,20.161414831898018,0,0.8080828479280129,0
1634.595128882117,14,0.104864715224176,285,1,29.24677271491877,0,0.8059538736549368,0
360.03911031059255,15,0.1259303994942627,325,2,5.073537159878927,0,0.7729789228197009,0
401.7499215051533,19,0.3001332625865965,211,2,6.923362274430615,0,0.6204471369110455,0
436.9058548695129,11,0.2570886315071436,54,2,0.7474481675648276,0,0.978446030607692,0
878.1703802211715,20,0.3221441242312909,945,2,1.8880879409145064,0,0.8353448737108079,0
610.9013907230026,17,0.2022415059388406,410,2,8.030385958772777,0,0.6871632344615144,0
816.7606020990365,21,0.023548092895899,512,4,25.001300888539145,0,0.5795733209731946,0
619.3645669884258,7,0.0975614568683962,76,1,9.069393742923651,1,0.8186775187042176,0
685.8979499753821,12,0.2158659614113489,906,3,5.91944097315427,0,0.8791888381861808,0
1434.0247241617992,7,0.3797536867800101,725,4,17.807551765752457,0,0.6492470899397751,0
1970.3687221082232,13,0.0795270896092177,151,4,4.099038060057906,0,0.8716689595937787,0
409.5816731515011,18,0.2283081616283062,957,2,43.06965931253875,0,0.8633087194451977,0
617.6316610164669,22,0.2753121520169903,682,3,6.512197085913109,0,0.4633935888062801,0
1117.3958662479245,18,0.131002667805339,595,2,0.6849264477663419,0,0.5542699186448001,0
1411.9508606744826,20,0.2011597220912687,343,4,31.34181866358198,0,0.651721692077224,0
1270.495965675554,8,0.0852726039615832,215,1,33.3142134344089,0,0.928484236741456,0
1384.6068735362517,19,0.1308591046556607,200,4,14.634840496178978,0,0.6855638389316387,0
1209.5774020880074,15,0.0259113662306743,214,2,1.1118077402261923,0,0.9716358126584198,0
446.9426191236857,20,0.0942462644537589,747,2,6.446043816446035,0,0.8309354583130651,0
1443.1055623055483,8,0.1631165307389974,405,2,4.179929275274904,0,0.8447457317270499,0
495.4086203892916,10,0.2045163034299151,969,1,3.9838993582680735,0,0.9399409854336678,0
740.3798537712983,17,0.3355848368697207,868,5,15.935453696389132,1,0.812523478045618,0
584.3898933202067,10,0.5572994464489313,282,1,23.93781007470729,0,0.8787313405901966,0
1080.277998179071,11,0.1545689027294219,88,1,2.6571294521428075,0,0.8479751112022719,0
1391.3833968836054,14,0.4583680947247515,198,1,4.534289446899437,0,0.841525252319936,0
1540.0879902050692,18,0.0736456617973762,909,3,0.7757528930980961,0,0.4866466566866916,0
2098.848048354457,17,0.2787049180288241,274,4,19.268447360765908,0,0.920802168913636,0
344.2333262673894,17,0.1498126162037063,783,3,0.0782832321892324,0,0.8580080073385986,0
1314.313522083133,17,0.2775675702044764,806,2,0.982851599576864,1,0.871036266155719,0
1447.7842738093634,9,0.1815420244491483,503,0,16.770433324189934,0,0.8912686256663078,0
1776.9497132708932,11,0.2411896673014233,377,1,19.02052195356944,1,0.639769298368198,0
626.0056797815059,7,0.2262269332757478,361,3,1.2569346337102765,0,0.6169191512131496,0
682.0567879880851,21,0.2363978570369128,115,2,3.8230698325852672,0,0.7113505706209964,0
689.512318941245,22,0.0914230706580213,426,1,25.021238007249455,0,0.9506717579561024,0
636.8684349690725,7,0.1235750800781161,716,1,7.585533570161701,0,0.93201795103839,0
730.9921912924657,22,0.2991669297604413,904,3,7.152017777841339,0,0.9123616571708392,0
765.2937918723956,15,0.0507724880244968,457,3,11.599393324219433,0,0.6663225674088441,0
1093.5695572470815,11,0.2254709021884792,563,3,15.60759242595996,1,0.6991860871166532,0
1195.308163479849,19,0.1922357589607896,325,1,10.233405236957896,0,0.8916391452708641,0
640.1931573391654,11,0.1006408288696449,250,3,5.930308042986816,0,0.7495712759422022,0
882.9546507845921,20,0.1345323488834553,462,0,14.653009453204705,0,0.9341354491899058,0
887.6824513621099,12,0.1160676004022171,892,4,43.61488690871937,0,0.6601167645765649,0
1410.1102852515703,7,0.2849701403741072,183,0,1.9081314337248116,0,0.7851212589994785,0
1389.9730224534294,18,0.2609586941223624,291,0,0.8414795565506918,0,0.6612591333451002,0
910.5498583314238,15,0.2178836341188231,963,3,3.434856450815703,0,0.7018832574238023,0
780.2360980669577,17,0.0472096939885397,653,1,20.037237931850616,0,0.903371190229279,0
1826.7500996042609,11,0.0664432507356894,168,2,5.638640230397683,0,0.8239933796942754,0
767.4262499750403,19,0.1669361718904215,117,2,13.531801195743116,0,0.833645212540515,0
3039.1550038672653,17,0.0563561979984845,119,2,23.289485998033584,0,0.6766940896193618,0
1318.5504902661814,22,0.1410310375549983,325,2,5.045998186422868,0,0.7797739781917314,0
758.8746760835745,21,0.2957025558874244,141,4,30.931137861500932,0,0.4581766160101108,0
1262.4670689154375,8,0.2246188992712412,946,2,32.51617296421443,0,0.8321377982411772,0
227.55341840037363,9,0.0381622439961419,944,1,7.224366230704939,1,0.8714168285909794,0
659.1534431940695,9,0.2089704975509971,62,1,0.1249688415043177,0,0.6322867673478695,0
1082.5247408966964,7,0.2674577756755057,349,4,6.849856160762686,0,0.9013086462295276,0
861.4844644891325,21,0.1955048776205124,983,2,26.168668004093114,0,0.9462373656497568,0
1037.544375206023,9,0.2544250378993849,590,0,20.454884209208057,0,0.8902104761214437,0
575.2216223977474,11,0.0852715523639343,817,0,20.078580169254195,1,0.810856825261834,0
795.3530646691526,19,0.4666782382928651,256,3,5.937161341328824,0,0.8145624140333676,0
723.7892714349535,10,0.1001968205271706,284,1,1.3720955230763967,0,0.6697568220409177,0
244.7646616144831,17,0.3464647325186248,256,2,24.166774272925235,0,0.4225282899824607,0
1842.8469176924248,15,0.3677660431117129,230,0,8.399886544352366,1,0.900689875339162,0
794.6732806196806,13,0.1635215375400989,560,2,41.890857823349506,1,0.5507418634664765,0
216.5443575265056,19,0.355610234742104,935,1,11.142324803842246,0,0.915796127014172,0
756.9503955626103,11,0.1300495370789588,812,1,35.08433703840819,0,0.7455023949327563,0
760.5912611898435,16,0.2221422143259342,791,2,0.5853371847862596,0,0.7128368200224763,0
1069.2990835730725,13,0.1987309542681357,129,1,39.746834608358675,0,0.9090651993496808,0
1249.1250759057648,21,0.2548291820497967,102,2,4.977619556324966,0,0.665894962422645,0
2285.8487616495427,14,0.2563366901133742,455,5,2.1668093240221373,0,0.8341946079644555,0
356.9592210683739,2,0.4460514481960227,19,8,125.07550313547794,0,0.0561376359232637,1
973.622821581576,10,0.2041462729963147,903,2,12.141702563927105,0,0.608754414974376,0
976.3437498904714,16,0.5054262499453306,651,5,29.87471866883863,0,0.729259471001687,0
590.6480558648209,21,0.135265192993726,417,4,8.836138246714905,0,0.8299923215350058,0
2430.685600066341,15,0.0193921164520605,834,1,38.543992795665275,0,0.6324441474255683,0
1114.9223509318886,12,0.2277542498781336,733,2,12.548767755219142,0,0.8505401950262829,0
2373.900246520008,12,0.1943537371735351,930,2,6.562192891736015,0,0.8574356769008422,0
726.7408697292049,22,0.0703602121842468,760,2,38.5062584768779,1,0.8093200317296304,0
1143.2740604209157,20,0.1691546312574589,203,4,16.870817357755854,0,0.8663739147129379,0
55.57736796257455,2,0.6747127045099511,18,4,33.68934954770813,1,0.2184588371312329,1
569.873898634429,20,0.0855990652944772,328,2,3.910748020084752,0,0.6329795218873455,0
693.6242913070427,16,0.5199672503473387,779,1,51.218986033985864,0,0.8573087896128895,0
848.5097463436344,16,0.3383030816807378,171,1,1.5417763376555988,0,0.5905879490229564,0
1006.1953096081684,20,0.1801150041859495,80,2,26.162505597017702,0,0.8158427675670517,0
2176.13199230695,12,0.1955804058980161,643,1,9.109423444255658,1,0.9028042573135536,0
1009.946359158686,18,0.3315060988962927,493,1,5.768041559189641,0,0.806363112676507,0
943.8659631499584,13,0.1817602785455278,593,1,29.93903333189067,0,0.9165343165920364,0
937.0906930854006,3,0.6346000881303133,189,10,251.4185947473536,0,0.3867935809321375,1
1069.466231919504,16,0.1535528278017088,41,2,39.24468137751138,1,0.8873997715399365,0
1549.0156599697152,8,0.209023912460537,344,2,7.622276024388819,0,0.475531314321344,0
1268.331517000908,21,0.1418576252521652,866,2,28.38858878862704,0,0.867405217003829,0
1346.5034862962916,17,0.0181033999656042,674,2,11.42208095338252,0,0.7628066915336594,0
1276.5901644613734,21,0.3523390151552196,696,2,1.9124653454253084,0,0.8759901135371891,0
509.8643302007003,19,0.1609658748938626,434,2,57.33056128575062,1,0.8740131734328144,0
1987.6446781349323,10,0.2667590462260356,657,1,16.56041259630582,0,0.6920841107881547,0
1161.6802586009874,10,0.3290347404197597,129,4,10.11364664964908,0,0.6375352274219667,0
134.12103162447903,23,0.6487411577874431,16,14,104.07776175092776,0,0.1767428607274619,1
1062.3895495702557,7,0.1394702789435431,959,4,7.104932236448235,0,0.9242355568715171,0
888.7698304032335,20,0.1097637277331002,298,0,78.23268709910741,0,0.8797946436991742,0
1453.9730925162198,10,0.2349060694008123,179,2,66.36404178150717,0,0.8692466423779452,0
874.1811400596825,12,0.0457261758610468,92,3,14.56566549454441,0,0.9536438099580148,0
929.335551998048,11,0.0392426979372915,824,7,12.99263616590126,0,0.8828640679619686,0
1329.7447344022994,19,0.1996485884959798,647,1,14.108837166214968,0,0.8831824818966332,0
549.6268666252817,17,0.227597883046315,921,1,4.062034245233826,0,0.8847841393429099,0
1043.2226529905995,13,0.2106144365605142,242,3,10.892083511530052,0,0.8940176982734686,0
631.9617620845551,17,0.17485956651107,994,1,3.276984732351716,0,0.6098658769115862,0
821.7212883369114,21,0.1011584847896445,208,1,20.64623789768668,0,0.9007533659919944,0
530.6007287026245,16,0.2999073079196513,505,2,6.975703345935763,0,0.4845778017913921,0
518.4030199393279,7,0.0875862011569427,467,2,12.6696464691958,0,0.8061753465827658,0
1686.9252022942162,13,0.1196975865492818,418,0,55.38293605253438,1,0.9044707396588754,0
642.644004858451,20,0.3239586988078612,702,1,22.714409647641684,1,0.9435313097011352,0
330.8699940814364,13,0.0435184847997635,39,4,26.708270125435128,0,0.7747177433095968,0
1094.4206357611229,8,0.1897486453830628,315,1,19.805294293966647,0,0.8352100093811872,0
1661.4023647285162,19,0.3325560383898873,314,1,9.114490254819575,0,0.9042484714499296,0
1710.285431694598,14,0.1076017550314348,951,4,57.22399991665442,0,0.7563117891588328,0
783.208084155151,18,0.0429165999751222,943,3,29.80790831876916,0,0.8015147381596266,0
656.1424162041773,21,0.0973495904360986,290,3,11.613650904576966,0,0.6890884913408098,0
3092.5291222831615,10,0.0555923670548665,602,1,28.76487038653134,0,0.951808701660851,0
736.9441324287408,15,0.2492257271486006,392,2,89.71585183594372,0,0.9787953748968748,0
671.158258362463,21,0.1311599825492236,45,1,28.882381549463283,0,0.8246667530646009,0
581.4314887742738,18,0.3212115648916034,481,2,7.237323878734514,1,0.9426913528996766,0
1039.05538516569,11,0.1517798714453761,942,3,12.715026041517635,0,0.860181398543773,0
869.9621085404746,15,0.0735577804519716,77,3,5.785808775969015,0,0.6494650714050797,0
933.8336421136828,15,0.5654537457969823,727,0,32.380416638953314,0,0.8304366157356073,0
1101.1943776876728,22,0.0713169260356599,760,4,0.6219561587473413,0,0.8248687479690546,0
672.9372725669808,19,0.0972845634830553,590,0,22.6579394173743,0,0.8974019287376663,0
883.5673693658143,18,0.2015387425766474,514,3,10.706486073137732,0,0.9919223155782,0
1088.0130774875356,7,0.1049869826181543,537,1,40.21933430225302,0,0.7629680147018378,0
2574.7816189106684,15,0.0911114772118279,924,7,0.1979873693425917,0,0.5919874867436504,0
883.4567587284774,9,0.220298586032177,420,0,16.506877490317596,0,0.7443096945604349,0
1748.6900377604377,20,0.5437338561178405,977,1,5.434536797832416,0,0.8181013765248543,0
1556.5177671097767,12,0.0919860774867553,728,2,4.040647391540592,0,0.9225111970014664,0
515.6683897402371,17,0.0294673808020063,96,5,0.1125209586128925,1,0.9750568337167722,0
1418.9327226748696,19,0.1352475575448968,334,1,6.464651296456356,0,0.5866000087345505,0
1620.540721977767,21,0.026602122195998,235,2,4.55250999882478,1,0.6507795170921904,0
910.830087388409,17,0.3612798921279984,603,1,8.406986543049841,0,0.8185308174420457,0
1078.0438860330123,11,0.1277332434165734,438,2,36.879383190190026,0,0.9407200686832128,0
1179.1327277130815,19,0.0179974561995497,966,3,4.139456449223214,0,0.7533910780610714,0
1062.589346103605,22,0.224525647790618,831,1,12.861366861411438,0,0.8760661374430225,0
369.7757556490811,14,0.0806498205667861,251,5,0.2223484439705697,0,0.8844083565859219,0
1256.8283604082942,17,0.2275139543191571,330,2,8.320745773809467,1,0.7559859797408992,0
1706.236731930382,7,0.2182849225000484,90,1,8.25771361035259,0,0.8854247203211683,0
980.81325476118,12,0.1115329910323016,288,2,22.753053143817617,0,0.8142603545666744,0
1201.8729722623657,11,0.25999361839485,317,3,21.23170594273526,0,0.5251931694903356,0
379.9764894822461,15,0.142906812923753,733,0,12.930242697115506,0,0.8695618526116641,0
910.9817426851464,15,0.2822904951588109,240,1,3.945440408672372,0,0.8056439601293668,0
1364.941682516907,16,0.2888636199189276,322,1,8.170348553103876,0,0.8510558524403851,0
764.3766272454823,9,0.1037308848473538,435,3,4.1969555272305765,0,0.8505294391833532,0
448.3319944998279,15,0.1502311272235859,959,3,4.412700137041323,0,0.9291547556359406,0
1225.609059111276,11,0.3379463604808527,593,1,1.550509644565261,0,0.7887383293219626,0
596.2379417131656,18,0.0653971798524298,982,0,4.073613372523752,0,0.7617337645539601,0
338.484346572169,19,0.1427570911109526,214,2,32.79834533492728,1,0.8149359894765154,0
1383.6043475563674,17,0.0571373961455644,183,2,1.5529861645464027,0,0.7967739032746176,0
933.9661355713364,19,0.1175560852474337,67,1,9.39587232622368,0,0.864558742372565,0
1893.6458310575176,16,0.086971701916025,168,0,1.3257338735255202,0,0.9062777502352134,0
556.8566305182524,16,0.2891731170018902,384,2,0.4427601172793464,0,0.8007978889523385,0
442.7621743983297,16,0.2901471830400393,718,2,6.4765099879290675,0,0.6602246613171711,0
1125.8120804720315,7,0.1184238697294093,727,0,6.025719015960047,0,0.798617115683568,0
971.1547189045629,18,0.1414503846001357,877,2,7.74141228915776,1,0.8871666992526005,0
555.7282575275734,15,0.0998716167832727,357,6,5.853787008295013,0,0.9176673718016096,0
529.464598225133,14,0.2813917082508854,388,1,7.518669448761978,0,0.7410302214675926,0
1287.5785195312442,23,0.7165186557087492,187,12,195.24878285234095,0,0.2175994230437905,1
1778.9914654215336,12,0.3609639929010704,114,2,4.190852159871963,0,0.9856342485381324,0
593.7021468504768,16,0.449401413317997,269,0,35.33021786990961,0,0.9333848807560432,0
937.4229682615916,13,0.3773756482782619,458,4,27.45969233054335,0,0.6336549245053723,0
1531.3234690688655,16,0.3745163451627512,537,7,2.9220393355475243,0,0.7959869015148306,0
510.85851340775497,11,0.3013250814013795,337,0,21.53028484477243,0,0.8819774482569287,0
512.6999988028556,13,0.1479165880761266,737,3,13.723562544789162,0,0.7940050188520223,0
1972.930748391536,21,0.066741475766736,817,3,5.0559701444494936,0,0.9075322609676176,0
1486.7883456463958,12,0.1288570076797179,221,1,39.939874347396184,1,0.9618361190438948,0
2035.0445882361037,11,0.0463824059083318,437,4,0.5738420169309888,0,0.7630030180207472,0
966.2680162283494,8,0.1202480519721195,239,5,10.816431586564054,0,0.7175709333908444,0
646.8228676327811,15,0.0939936405204205,862,2,50.87814668082349,0,0.9013491707793034,0
709.2009175553083,7,0.4581476482553989,260,2,7.3876330830408286,0,0.968268809758937,0
403.7309942924111,18,0.1960094035993553,996,1,52.47779956126963,1,0.9549628617547952,0
1065.6759041659188,14,0.139725465001028,552,0,38.2928830649301,0,0.6330738825972357,0
842.9835889115295,11,0.1653408413374967,486,4,5.42041471720523,1,0.9209720595133212,0
878.8707332874568,11,0.2036466254281999,439,6,7.700940171638986,0,0.8241218364252917,0
617.6994006741733,17,0.2228887174253244,398,0,5.434460274216454,1,0.6321217503077192,0
866.3536294430145,11,0.1068591516631261,527,2,9.388148507596515,0,0.8503623021204593,0
475.7391796150755,9,0.1377588707167172,884,1,25.280839551948056,0,0.6652510977673318,0
3165.3042693604084,21,0.1181411734621677,372,1,15.636563825802403,0,0.9354072477645548,0
1462.9626575131165,12,0.3008707739491963,402,0,2.9210694610515384,0,0.8990060032384632,0
1123.7497389152084,12,0.2452192125887352,185,6,65.66688066736216,0,0.7915874571196081,0
181.1522525326837,2,0.7539303007623742,52,5,5.6943845642622355,1,0.199246274902106,1
538.9409392070115,9,0.1937819715136368,940,1,21.506994395804018,0,0.6923161533299373,0
1139.3382999535158,17,0.4215354010259305,334,1,15.906473305815958,1,0.880239007620283,0
847.0132031667096,12,0.158579631543586,101,3,7.992989080153795,0,0.8989061500231678,0
829.2060741561083,21,0.481557637830304,459,4,30.93613349048338,0,0.8940834543381856,0
1828.055419846252,9,0.3543466827835784,798,4,9.801569850489642,0,0.6270768375292574,0
2328.3574704377847,18,0.1684782050768657,814,5,21.002757976048933,0,0.8555862973339922,0
831.2860111487613,11,0.7066398108909063,744,2,2.0700986286669725,0,0.7441421911882534,0
1679.0326551777,12,0.1947798333480851,167,1,12.57542272019618,0,0.8977120103651268,0
177.5788018195411,5,0.637656933001612,168,7,54.65521896185581,1,0.2525441553350657,1
1164.1006956628491,13,0.0595346340860821,836,1,9.034698349116908,0,0.9162615230407524,0
2011.7711921429532,21,0.1346605911849622,815,2,0.2685766550566122,0,0.8865817622632077,0
914.2719364962526,12,0.2315385750723668,453,5,12.150947055946974,1,0.5712462734318067,0
399.85059702575074,17,0.1594408701606391,648,2,1.2768959640631223,0,0.8260156575185643,0
706.2900408380493,7,0.1878842952026589,602,2,0.6603429313718713,0,0.9256308248010836,0
3341.727211112846,16,0.2858203422937758,336,2,2.9019738333163994,0,0.7864627697488815,0
506.9738194550235,7,0.1611126850791139,402,4,17.750611298461813,1,0.8146634401148536,0
795.5994618650146,12,0.1849538703762975,467,2,3.0462179530948843,0,0.8573628134805084,0
521.9971848921208,17,0.371407784396135,525,0,6.630186135700123,0,0.7949290774451688,0
1329.827772367219,16,0.1075037515462509,595,3,1.5229531260985187,0,0.8311019865303015,0
303.3765899935153,8,0.2031231900995465,685,4,21.036314644118445,0,0.8702553592243747,0
1195.4804190436537,8,0.4553867102377873,821,3,17.973957711029225,0,0.9209653886065958,0
1931.6559880130192,22,0.3626154044107848,276,1,78.6990226043129,0,0.8817148698403777,0
304.92011368914325,22,0.774305181948657,60,5,222.16605877973024,0,0.7938939530806605,1
878.731264937806,15,0.1334244918652833,190,1,63.26478074204656,0,0.8857481744567509,0
3246.681446838731,12,0.0135949654970991,470,2,43.880922189427054,0,0.7917132942541504,0
402.8661220450939,0,0.6610061631452235,62,6,105.05071830969143,1,0.0966936201154929,1
1662.34277923925,10,0.2845639314952342,191,3,22.359874595141054,1,0.6201500015042957,0
450.8360740266524,19,0.2079046941828138,380,2,45.724614896539016,0,0.6621006633379528,0
886.310509860529,19,0.2232579176670103,892,1,0.7553732957819015,0,0.6651367715153209,0
1008.6937547511762,12,0.0807904948917237,318,5,4.570177102016758,0,0.9254646350691248,0
556.7511259215272,19,0.2251760338427441,440,2,4.855723667007793,1,0.8259941958206736,0
1179.7539274883677,22,0.3306387942419146,481,5,0.1454643100439637,0,0.900896512878306,0
741.5086356665835,11,0.3033524007224319,578,2,7.104727769241515,0,0.884848894171435,0
1847.8561937701447,22,0.4011012777254754,446,2,4.059771099033791,0,0.9111980298577186,0
936.397847065959,14,0.0458951150094117,618,1,0.9480839524268156,0,0.8982322857056011,0
424.39595418934255,10,0.2056598286503503,362,4,18.510677939408243,0,0.9067117334218548,0
536.1681125317938,20,0.0899309274672152,210,2,10.293227286468037,0,0.9050265648862742,0
1154.3343425750409,15,0.2175558950841986,870,3,6.685049972290919,0,0.7189347463148211,0
1101.0701167743632,13,0.1217672157175133,604,2,8.009736088721708,1,0.7624575103722215,0
825.9122122282458,11,0.4300142996005361,879,2,8.01238578718543,0,0.9602135816806296,0
813.5787536004699,14,0.1987811583333772,267,1,1.668792189039212,0,0.8194768523077554,0
859.0188680842186,21,0.2043880250877824,81,3,1.348184245336221,0,0.8446954265279256,0
887.0977031007013,19,0.0225726339413355,439,2,44.134578957202386,0,0.8316097240516093,0
412.3102965272181,10,0.229224817388204,353,3,8.662152345552219,0,0.6952178139564483,0
1350.110655572233,14,0.0560138905677349,855,2,18.228982882846125,0,0.9072736959938068,0
924.6194998670916,17,0.114109154271403,900,0,2.7596382160683604,0,0.8678324403188785,0
490.6843132113985,12,0.175148903345185,570,2,3.134375513856034,0,0.6797850719307803,0
1804.634076409203,15,0.01968465150015,628,3,1.5938044931362143,1,0.6923823212067751,0
1895.4988825075736,8,0.3981973457491859,857,1,15.204256841000594,0,0.9439184811075272,0
1326.9718993828867,20,0.0806251718220695,971,2,13.3991215135914,0,0.9088700594738534,0
842.7221472721039,10,0.4150585605525002,976,1,30.039520698829488,0,0.7961722730300032,0
2057.7678912192814,11,0.0880253664619726,384,2,10.516498076479394,0,0.7906417304923227,0
914.0545024833004,14,0.2527770146675131,611,2,11.033394467563957,0,0.9547882389713492,0
709.223672293966,16,0.0597723013877912,659,1,1.2547254444345852,0,0.8225771635005313,0
397.3708333101303,7,0.1951572650422736,288,1,3.182216847169942,0,0.9170053441071582,0
2500.246539216625,13,0.1510573952902695,430,3,7.791360825504563,0,0.8268094442826159,0
865.7937239233834,12,0.1824931684691949,648,4,1.4303520027998244,0,0.957167167971088,0
846.385192222756,13,0.0974124078525107,976,4,14.053809450013055,0,0.8611695544701533,0
832.8119068188494,12,0.0665039436962223,576,2,6.742364003240417,0,0.848670094560142,0
1163.767822353273,21,0.083914941176086,922,5,8.433926576536743,0,0.8723612975789686,0
620.0896668484444,20,0.1127800991005056,589,4,17.178826150934235,1,0.7795876144166595,0
965.2394121351576,9,0.2146013774541956,612,0,31.825417450775785,1,0.8690842432190152,0
1091.0871810356034,18,0.1318294124563339,322,2,10.90328704643626,0,0.9327025602452856,0
1267.1959834333948,20,0.3319564827357076,454,6,8.051395279169029,0,0.7039177370432528,0
1136.2016614598913,18,0.2784885674371828,144,3,3.692507264017859,0,0.9160360958618288,0
584.4544203107328,9,0.166182046803811,472,1,39.21065103459773,0,0.795850375744663,0
1583.3258079132063,16,0.0883458549382073,914,3,32.53523700590129,0,0.815799421634832,0
462.3238107760634,19,0.3201562075730704,39,4,17.721299365482526,1,0.6045544482793137,0
915.671888680197,21,0.1540309873237227,882,1,39.25734826656441,0,0.7175839754778585,0
557.5796192637027,18,0.2614709235074053,238,1,7.0674475056999055,0,0.8592811517403427,0
1322.9140597202193,16,0.1621747789485021,874,3,1.6043963354136968,1,0.95031058296795,0
760.7227156140507,13,0.0173185671892727,641,2,1.6187380397592372,0,0.690009003981288,0
1349.216709098103,12,0.4150915150965202,929,2,11.084055316206426,0,0.8898996542426212,0
1151.764022237729,13,0.2409384302612427,966,4,33.15759205643968,0,0.9420403788051614,0
1462.3696710570202,15,0.0229171295849292,354,3,24.460663950611742,0,0.9547028289729854,0
1044.8658397419615,8,0.1559956188980444,74,1,17.513435644260568,0,0.4602988688554666,0
953.2317932153748,15,0.2022241149433161,45,3,1.5835076034429991,0,0.8068914950491508,0
993.3784756563166,8,0.3329817361213406,359,2,0.5120432391334405,0,0.8050548469848015,0
1434.4510386412712,16,0.1235665488768212,361,2,3.0933454868841146,0,0.8137189289815283,0
289.4536782073145,19,0.1663012964151485,309,2,24.037579121474277,0,0.5981050574873827,0
305.26056482855995,15,0.2630831100765181,708,0,34.022847653316845,0,0.5424916828342069,0
819.213280602837,22,0.3310912497471256,361,5,19.0928249756963,1,0.8845451700319619,0
171.43664807928408,1,0.7046427569617142,96,10,140.5689795480218,0,0.0174765942033371,1
929.5252763952756,10,0.3588154654150611,528,3,40.05572996027358,0,0.8951975114394267,0
350.6945370708004,12,0.1588027154631104,513,3,5.096790772819801,0,0.7779169037819829,0
982.572477010752,18,0.1206575892203075,828,2,4.731894463142081,0,0.6908786267939804,0
1336.0427678205358,9,0.2514952260022164,963,2,19.41066504942908,0,0.9153516301565896,0
638.8684775510749,9,0.144671848555616,562,3,4.574924055971607,0,0.7882122814753073,0
385.37912965794254,21,0.1711596255793558,731,0,20.063186843372392,0,0.9513034657084336,0
2196.030841863307,10,0.3574427204233364,599,2,4.469309198141624,0,0.8591205081933754,0
835.0995855615741,8,0.0689504171729585,756,3,6.6802893400049985,0,0.9451237764943052,0
1139.586833197425,8,0.2724436033253656,438,3,5.836721704396913,0,0.8778029132038234,0
1602.5864088195533,10,0.3060576369076399,992,6,20.784569967911008,0,0.8530597797845293,0
641.970730749788,10,0.1066169312266291,251,3,18.004860752224058,0,0.8500359155756327,0
1454.8431789786257,12,0.2596644073952692,616,2,3.183943451419093,0,0.7304266754246488,0
391.1163846894611,18,0.3994852259313606,671,1,0.8342167952533911,0,0.8419813787543328,0
2535.3966516604355,21,0.1141837499034748,88,3,4.7322125394854355,0,0.8819492995071273,0
1075.736019211795,10,0.0957498102370171,257,3,1.5669457458727638,0,0.8382133500214534,0
627.7287015776957,18,0.1808594331227971,978,6,11.806525974548958,0,0.7522014521026426,0
1083.8811436488372,9,0.1256099806215498,185,1,7.815697845440329,1,0.7015782216650018,0
668.9093693881109,11,0.3874121534288504,422,1,13.045014028671677,1,0.7899844306151451,0
1830.524602598878,17,0.3623383599435483,402,0,25.7814627704018,0,0.7864009974570443,0
2208.66213522204,17,0.2269286833497368,501,3,1.681507973456125,0,0.8766077249582204,0
1955.7666604954463,12,0.4682593703464168,412,1,17.307230278234908,0,0.93316684158595,0
70.0658651970857,5,0.7779416635528688,117,11,116.71907670501342,1,0.0125893788343095,1
373.9349083993769,20,0.3049556310216578,533,1,4.446887677416029,0,0.9040475869262838,0
1385.5433202404963,22,0.0666026944839758,431,5,8.887365872176966,0,0.8093757716268907,0
1244.031760943714,14,0.2108002888886965,482,1,10.58136205066906,0,0.8843919841297634,0
637.0514179720275,14,0.3719065110991473,886,0,4.591091451458564,0,0.8121778992957926,0
917.2795711036866,20,0.4216608623467118,846,1,65.40772304256087,0,0.8044493281092185,0
1549.271177169778,9,0.1202938745764842,942,2,6.792783324401203,0,0.8197291513093636,0
1261.423549276893,18,0.1546316031719382,552,2,6.261923906536602,1,0.712000700473276,0
435.473468029227,13,0.1677741024967636,519,1,20.24537220438175,0,0.7151156066988332,0
384.5332993698582,8,0.1041260225299874,909,1,8.460089647326097,0,0.8844714321158484,0
1708.1884171874922,11,0.1247258928344808,758,2,16.53483708757622,0,0.6913586959894225,0
818.1914334010874,19,0.0388437783959815,405,3,6.634222539761703,0,0.8553699742661762,0
806.1248373696862,21,0.1013121513300518,243,5,22.52364709133782,0,0.8340784565027146,0
603.6550074807765,14,0.2390910498911195,120,2,21.9435575973789,0,0.937480321336248,0
607.9323154018746,19,0.1743991912559062,812,2,13.305019071771474,1,0.6451533783861516,0
1959.8177628707024,18,0.2093493846233537,970,3,12.934428521639324,0,0.8305465264323332,0
961.4767265865428,12,0.0969444930401471,893,5,13.520082585348128,0,0.7090781299217271,0
940.403120955602,11,0.0800638800299587,49,3,3.889076750086455,0,0.7587960175830367,0
491.3469047098184,20,0.2155240816730271,356,7,63.82953878595673,0,0.7440133257832047,0
1157.7091711513644,12,0.2048893048361304,307,1,18.149886671935505,0,0.7999359215424079,0
873.3679319685125,16,0.2927959601720573,551,1,18.150844331526173,0,0.8144599900013287,0
1742.783594490708,19,0.0995907625415216,445,1,15.710997886774855,1,0.6302644023396271,0
1003.3073488332132,9,0.0226965040384499,304,3,8.625032422622255,1,0.8549966633681932,0
462.44818256366136,9,0.0299547097774337,421,2,2.5830930783804753,1,0.914925054030404,0
445.39711514357685,22,0.689324343965857,165,6,12.388911991774863,0,0.3398394999849037,1
616.875247899163,1,0.2880069179665572,161,10,497.1813479739978,1,0.4373825502613737,1
1621.7321784528322,20,0.1591062171185609,282,5,11.681498145649844,1,0.773247841543588,0
869.912917051121,22,0.1132536556393211,263,2,8.843085811636708,0,0.9630689323334845,0
1363.1541514513488,20,0.0976388424503965,698,1,10.340650234389887,1,0.7990517871225771,0
1003.6346478881426,14,0.0892823644418302,943,2,8.032974420523832,0,0.7230537555350803,0
565.4390464970891,13,0.2061736623043157,649,1,30.624630257511292,0,0.7737511476616983,0
1380.8567184865765,9,0.2123456313667001,427,3,11.473430405471726,1,0.5966341063382912,0
1286.02854084387,11,0.2105219549892544,940,4,39.0915601625733,0,0.716218844427205,0
658.9686378176623,15,0.1574159008900913,839,2,27.829970916173497,0,0.8602643478479666,0
938.1859324723672,17,0.1392579988812181,253,1,55.57043278404325,0,0.4922141905512368,0
826.9317929394367,12,0.2051679779468102,690,2,11.868036936858353,0,0.9174267171060012,0
1790.036487017862,8,0.0840399392136112,208,1,6.018511593512689,0,0.9269223875969942,0
510.09683194646874,20,0.1802366297619979,307,3,34.623586406147545,0,0.8219577856788567,0
765.6272767583365,12,0.1556258802178604,655,2,24.744604153884325,0,0.6524764429536927,0
1124.0069764014872,20,0.0311976082692911,860,1,1.199871899140306,0,0.8893383037985426,0
674.7770413134461,9,0.2055117030841916,761,3,2.5952490187359554,0,0.9755535677418624,0
1460.5821961865008,10,0.0241640646082349,516,2,30.616577846485782,0,0.5052978132116395,0
459.36254674121386,14,0.0591293865691368,991,2,7.091684716869835,1,0.6315739581168546,0
592.7605854124239,13,0.0748383159288551,892,5,12.889632745449122,0,0.9215785270591254,0
1371.8105126155513,7,0.0610129073669213,272,2,7.1230461363750415,0,0.8493456118928693,0
1382.6385503976596,20,0.214805893542521,252,0,2.486068264509136,0,0.7396578539909366,0
221.82164184284903,17,0.1953394813820592,796,3,2.712966574421808,0,0.5422119732194668,0
480.4062305816051,21,0.4320171022929035,726,4,12.765989599742358,0,0.8544334307513686,0
505.0645738586345,7,0.2071110848341689,70,4,14.720846346092358,0,0.8802811661047716,0
78.31912122749192,2,0.7695596442694863,108,7,48.18220208503913,1,0.2671649565501865,1
621.8736441948306,19,0.094153340929545,632,1,2.9357898254136807,0,0.6993907587758029,0
409.0869387206132,18,0.0319781390106957,767,1,9.695204223278042,0,0.8401350428481801,0
1900.8636484793708,7,0.2545673148493784,155,1,5.106845232628012,0,0.8429454523759656,0
983.7185778136146,7,0.2595346201557841,941,2,3.53325329810296,0,0.8654589156466015,0
957.887724281322,22,0.2171551961155222,745,1,31.567803410735426,0,0.8285132282008788,0
225.1947062113911,21,0.1944414607334516,781,3,0.3506934221920518,0,0.6494973534083303,0
849.1331637241179,9,0.2090858218165645,482,3,1.7915804191080635,0,0.9615179780020884,0
723.7129617250008,14,0.2836373516270447,83,2,23.364806526926795,0,0.849352645979683,0
955.0649009363124,12,0.1320949695125238,441,2,27.603470870696817,0,0.87508004668896,0
272.12076095033234,8,0.3508076152451746,851,2,2.0755152081110873,1,0.8831793145501563,0
1150.8050227928254,18,0.3100121344995328,732,4,5.914166047035277,0,0.7777866611564741,0
2663.772561367875,11,0.154911001385769,381,1,11.8699071590728,0,0.822137052357165,0
1963.5365821520977,15,0.1894509639924182,634,1,23.32862861492158,0,0.8275162950751938,0
431.1412688066308,17,0.0706384003296455,136,5,10.64594847322322,0,0.884501221828973,0
2139.875794002056,20,0.1757269876854658,53,1,28.667870093245305,0,0.7636497043858081,0
614.3774107204358,11,0.1481022855954703,614,2,7.228929235380377,0,0.8778633361192465,0
1142.6426720674874,11,0.1248716117792417,485,3,11.667630903438091,0,0.8821341553211941,0
225.82124304277144,8,0.0449529920440627,304,1,1.1531607374326018,0,0.9134621180549078,0
628.2121401925773,20,0.1614261039071038,613,0,0.5046770509712878,0,0.721949242153217,0
1063.9077704717886,11,0.0404574372118871,600,0,37.17416525271209,0,0.9070786873019296,0
1373.1748637410135,16,0.339808243855412,868,2,25.283354887249978,1,0.9497381737708986,0
393.89942681575417,8,0.3193992267232696,386,1,4.103572429517455,1,0.8893364953288412,0
764.7735993853045,14,0.1794924518676522,926,1,19.244937616590192,0,0.5850583746481747,0
473.60571767101067,9,0.2081613237057865,579,0,80.83394429624842,1,0.918199134629308,0
556.1122184789357,9,0.1010432443145303,687,2,3.529478632156213,0,0.3855952651603465,0
1355.64943464207,12,0.1683771294505698,775,0,11.58814551888861,0,0.6283240235780024,0
607.3669961684426,12,0.0858117106507411,142,2,1.5771571328990064,0,0.8230874791592668,0
1278.5547298317365,16,0.2341191699901625,694,0,2.199804690532491,0,0.6120912303894847,0
1602.2404867864802,22,0.1791979040812363,31,1,17.014209722773916,0,0.8873052895732588,0
783.9542137099319,11,0.2438508832558555,440,0,0.6571803190877719,0,0.8917759749991806,0
1249.1037753620028,15,0.3140956543532437,111,3,10.40700862584583,0,0.9135500216441198,0
628.9979763020998,17,0.1339809333651076,410,1,11.09633646515884,1,0.6345956449099297,0
2589.7563653057487,13,0.2175304210488526,377,1,32.236886096202504,0,0.90467864501959,0
922.186142878529,19,0.1214454468020381,837,2,10.416184907975875,0,0.7964328315059122,0
1529.7704132213214,12,0.2944964824748683,378,4,14.866310660814248,0,0.8610024260821507,0
1184.155084264945,16,0.1759554043512205,656,2,6.425096275456591,0,0.8546319555882194,0
586.6474356305251,20,0.1618483321950205,515,1,21.00087602986808,0,0.8431252827044038,0
670.9312521354985,17,0.0968257867813851,270,1,2.766950869397301,0,0.8427051336901212,0
391.4709947045482,20,0.16314255572439,893,0,7.829339944771023,0,0.9753761633656716,0
959.1108959183912,13,0.2999366629368478,54,0,16.345378613910206,0,0.8216758282304814,0
1785.2249342008995,9,0.1530422844140677,625,0,6.805235573267226,0,0.7679942900344282,0
1925.696620139464,13,0.2145373687541873,480,2,25.099904804166137,0,0.7518853533207849,0
1073.719738052064,22,0.1904269670165794,893,0,43.52030555315349,0,0.7299499918247593,0
1648.2437862071567,13,0.0732268015949596,919,1,25.877671568887692,0,0.9430059958651524,0
1994.8670201883351,13,0.3921883095740311,899,2,6.73388540706851,1,0.7909502587299657,0
1247.0976415995135,21,0.2381539482100281,801,2,23.075164126612684,0,0.8622976436630698,0
890.5038213504545,10,0.2929026679079436,106,3,1.986640350582621,0,0.8854060260642856,0
1296.6005550781254,7,0.3936971649378209,89,2,15.034666820654506,0,0.6022563262439612,0
888.2862042566511,20,0.3325327849967974,564,4,12.972254923576712,0,0.9051741865842,0
873.844615754112,18,0.3469425589177585,682,3,9.696169035489806,0,0.7277674617354756,0
880.7317786451277,17,0.2787469936087492,424,1,0.999813226516879,0,0.953155090873946,0
592.0581263980956,20,0.2174393683713924,349,3,8.697298206086892,0,0.8263016256958308,0
620.8735912635266,12,0.0272553460036751,804,1,59.82378310943802,0,0.5566768621244378,0
512.2396367071178,22,0.2217930761924594,787,2,3.99148399984624,1,0.915229865364658,0
1008.6247845290784,17,0.1239540810385609,997,1,3.010790916739997,0,0.8976288008778036,0
1073.6479168003923,15,0.2582016337715866,357,4,0.6922548687846034,0,0.9883418286991534,0
572.0900907299508,15,0.2436964977625512,378,2,3.3019102821287794,0,0.7918177784435922,0
1748.7902184111767,9,0.1277639921235936,581,2,20.08534929673725,0,0.94116257185437,0
826.1329517111186,13,0.0181741758123066,974,2,26.993058504157805,0,0.7334370219868119,0
630.5886340248109,17,0.291945823124871,206,4,10.658136303518026,0,0.9285715845932786,0
82.14560304103662,23,0.5875538551539297,187,7,117.070344591318,0,0.2223353206663728,1
1046.8330496759445,13,0.1213798946525039,561,1,29.925943620931783,0,0.9528921844824044,0
686.9205333004933,19,0.2078173293480106,325,4,35.64764351609762,0,0.8011020456395315,0
1440.236488813912,20,0.3057120765255477,34,0,63.49491345811518,0,0.8582127960433369,0
2314.893317926103,13,0.1987562557905643,895,1,2.3060710383477865,0,0.9111636216727508,0
357.6758108100139,10,0.1024962225674476,981,1,12.656863700604132,0,0.6935544526646259,0
1763.9320865463264,7,0.1197972120920115,749,1,1.1680971565166405,0,0.8370259883715963,0
1418.189251465046,22,0.2315873287968849,627,3,12.310882015526028,0,0.8627968131673418,0
896.9181547797386,17,0.2053007887229028,949,4,3.23941732753353,0,0.6723514515129386,0
1036.9141457358628,17,0.2147752147320275,658,4,16.381180826253672,0,0.9022872262805908,0
993.5508341230268,12,0.0423410442660548,986,2,0.8451180422652765,0,0.5890804309919598,0
1174.2208882355353,9,0.1115281767158281,363,1,28.881818610288313,0,0.8398653963634044,0
757.5516771268436,9,0.2910794370024795,905,1,3.786606122013078,0,0.7723129937542734,0
836.1806319982988,13,0.4981844593434113,459,1,31.46457954741679,0,0.6904104377017829,0
501.1788295268853,15,0.1434556802963683,370,2,14.828703056490314,0,0.5408384133839268,0
615.7762388848914,14,0.0841694722563536,644,0,20.851117502222984,0,0.8911255022057496,0
1389.2358014703857,15,0.0650726681192642,785,3,11.750511453839518,0,0.9856747197981688,0
972.2962173675268,17,0.1626767880166993,801,1,6.457487208258209,0,0.8841852617499867,0
240.05721797439017,20,0.1428095782400522,50,2,4.227128650945818,0,0.8779646338478795,0
2875.4972204921232,7,0.270651959100035,35,5,9.79538428792294,0,0.8739068968813235,0
1609.642933781033,20,0.2396806862548744,481,1,11.375078861576036,0,0.8343712951466657,0
932.341291627679,7,0.2835279882039667,956,1,0.0765105550916119,0,0.918589669204987,0
877.1886139321238,20,0.2749880279997884,106,5,25.61275480814984,0,0.8600731518292785,0
1341.4872475666734,22,0.1290193467351457,214,2,47.16878848848741,0,0.7240946138786368,0
1456.312228778848,11,0.2007532368193021,743,2,0.8971901490326155,0,0.6539753650031556,0
1189.7479225022428,18,0.1805760139564581,875,0,37.9836017888432,0,0.751255372778558,0
620.3609613328952,22,0.3401286429843897,497,1,0.442981964849938,0,0.5147592992192892,0
923.7978717659964,7,0.0997995349688182,225,5,46.12491603334508,0,0.7541548399507839,0
1385.0408058610528,8,0.1834101150990826,209,3,17.601757308652626,0,0.9732113762072692,0
777.2674276887664,15,0.1106835033606129,324,3,12.684990637051325,0,0.9826907003859712,0
1221.3145257218082,22,0.0404400033941116,831,1,20.194099174670413,0,0.880092603264456,0
686.6681202468008,8,0.2781905426500254,232,5,11.434619295474572,0,0.877977665500542,0
579.5738792211713,9,0.0306971949455647,440,5,14.76362512743496,0,0.6147633297901871,0
1246.373652822257,22,0.3320939275804292,735,4,75.65633708025571,0,0.5643636326915703,0
826.1857466754234,17,0.205188945360495,379,2,10.082837139527255,0,0.571649899057705,0
960.4669474015976,13,0.0174335950802435,911,2,0.6898111441858054,0,0.8672417953336008,0
883.5749226006437,2,0.903365484300826,52,11,260.80226241710034,0,0.3602133225953515,1
680.3828439632032,21,0.3614260231507472,510,3,10.193022219171969,0,0.9743331178353974,0
1002.6233313738952,15,0.1194243100765394,216,1,7.61504034422603,0,0.6260750723100631,0
546.6109756954638,9,0.4188892604988096,646,0,7.229944637162623,1,0.9053321881042412,0
1335.9280265658929,9,0.1288011639574631,896,1,8.53188557990279,0,0.9286482436591876,0
1066.3906488502607,16,0.2575890207420643,338,1,12.075378185760794,0,0.6177565896618791,0
3189.121910230737,15,0.2946469276522488,357,3,19.494998498859136,0,0.7508086985597859,0
1432.844655185799,8,0.1653921489419214,319,1,8.633123096282823,0,0.8332337741760373,0
887.7323804934397,10,0.1795210352741424,919,3,46.91008703422124,0,0.8597336733207217,0
1588.403605597853,18,0.249394863348117,740,1,6.1791003457738425,1,0.7977046431194916,0
2466.048189994152,19,0.2530209020614929,93,2,10.010611615121263,0,0.928873634445612,0
804.4413684106402,8,0.1642746342278286,119,1,1.0613554839122594,0,0.8917446418175786,0
1488.7470634990896,11,0.0343771138793163,206,3,10.068911052397256,0,0.8399185416714358,0
699.8867116397294,19,0.0636955085673281,970,0,11.03638949974988,0,0.7958394961583573,0
516.69736930992,18,0.3183023637746708,119,2,15.516151667994537,0,0.820748090681172,0
400.42671721095326,16,0.126201782937847,560,2,6.004210546425962,1,0.8329831477968049,0
705.3051997907191,10,0.155951610236544,618,2,14.09968858468394,0,0.5010559344191322,0
728.7415848684299,13,0.0231156329513557,530,3,5.226183105487046,0,0.6410324183388068,0
684.7333383847703,20,0.0817457173955995,241,3,1.9541861308163555,0,0.6941039483962885,0
1021.2199157562056,22,0.4327655320683189,659,1,2.134317339366047,0,0.8157019949277217,0
2089.8260094375228,3,0.73144127298139,66,8,136.63427427474056,1,0.0852373472108746,1
1317.6442293113014,14,0.2573981639118154,163,2,2.7661932741247988,0,0.6461274427243011,0
1167.0490201284458,8,0.1261413062570632,894,1,15.792438947367645,0,0.7998141452622437,0
333.96590059916787,9,0.2018964315610475,501,4,36.66239583649174,0,0.8561596547824782,0
591.234272899622,8,0.1538878148568179,390,1,9.688106759875671,0,0.8630378897354377,0
1822.0749890775032,15,0.2839947508305895,928,1,31.182833597488393,0,0.7603805409362364,0
1017.801676299128,22,0.2181951318728776,449,3,4.837448880615809,0,0.7226824697185084,0
165.94243574558533,5,0.4824463891494875,103,12,236.5869227802075,0,0.3593585664434146,1
797.9335775550585,22,0.1181897676585592,159,0,10.033743944370665,0,0.7051262174967887,0
603.1380978970994,8,0.1494807459594301,780,4,4.52639858323147,0,0.8213584104387721,0
1530.6824738778907,22,0.5407950155037283,35,2,7.794063242956426,0,0.9829753593870654,0
1254.757682150249,18,0.0277136339180887,312,1,2.777938812341064,0,0.9222366037417808,0
697.0785981028134,15,0.1276426888484509,55,1,25.19252516219322,0,0.8259916502516568,0
735.0949981238919,20,0.2083821415362395,462,2,1.9404347948985017,0,0.7642362638995321,0
1074.7669511115284,12,0.1129322017356245,429,1,1.068916713246452,0,0.9654972934035608,0
612.1175117437303,9,0.0944885457861749,90,3,4.996111020133543,0,0.8536924832704837,0
1707.0091539547943,10,0.4873549623541728,46,2,0.1659044789309036,0,0.8749217456203419,0
363.7714134608452,13,0.0942781554596511,797,3,20.304623326198872,0,0.9235443083769006,0
1535.4457173555809,21,0.3046943549546662,177,3,8.237154196054568,0,0.6622259207394127,0
310.7346277052085,8,0.3166316364271632,956,0,1.1248179263634444,0,0.9027520822513058,0
3593.2190222858458,15,0.3580509855966329,275,3,14.830724115689351,0,0.9462056250827956,0
1135.9202589710503,21,0.3072844033027418,813,3,12.959666386649616,0,0.7561576605481979,0
914.49695474056,17,0.042476672538802,186,2,45.574513756811236,0,0.7327903509585555,0
895.1344534377528,12,0.3190117477164192,239,3,6.563088590805404,0,0.8977112711789856,0
1143.2384123190675,7,0.1279532232134207,193,1,3.148176179852782,0,0.7201906073494725,0
1060.0938227223546,21,0.4093339851570142,372,2,53.70743003383876,0,0.9247442389425912,0
2350.9521803508537,16,0.2868599577607372,858,1,3.439279549725481,1,0.6894918109465091,0
600.0167279582396,17,0.1801251146692049,241,4,2.8758300926990703,0,0.6821232647859816,0
1528.1270280056865,11,0.2237297516871017,492,1,5.413146105221645,1,0.6338221352007536,0
389.6428348837606,1,0.5124736079978078,51,3,153.06758785769213,0,0.3891348964896743,1
2985.0369632523652,7,0.5712388426531084,749,2,15.001382826232089,0,0.7399369837889679,0
1389.2957949113884,9,0.2330808136508487,776,0,2.299995574842866,0,0.6859814789105484,0
624.933826092362,5,0.4578694417756174,132,6,3.7980712585870138,0,0.2860986080900515,1
1864.8212732490224,8,0.0349211050949504,709,3,9.91207453550418,0,0.7090727283818155,0
804.9296953094098,17,0.2381236653402983,80,1,23.417371113289956,1,0.9203531631372792,0
858.2019533316903,21,0.2751623764304269,870,2,19.154644556151965,0,0.8640834276325947,0
1571.426471090299,14,0.3080837103134528,838,3,7.621741833168843,0,0.852957210892062,0
662.5519415006883,16,0.3574653799143272,313,3,5.429797911308046,0,0.921432928968631,0
2118.9166538603163,18,0.2025678083572755,290,2,6.318489381946379,0,0.9889063605995372,0
1024.2576545943975,15,0.1628499221044529,368,3,5.6014424009938715,0,0.904553417025642,0
997.7743060350364,20,0.3782120213789484,370,4,10.601188050538168,0,0.946177354292868,0
912.2502244868532,20,0.1757039952104968,900,3,8.43202739400692,0,0.9216355344248036,0
1357.4964219137091,22,0.2918473980993151,788,2,14.191888165697032,0,0.8213808911526007,0
990.0057953278877,10,0.3277642670238566,922,2,21.604610018078255,0,0.8766827347752686,0
458.7899983148406,11,0.0775502125548013,45,2,3.2965458806577925,1,0.9544648552598904,0
684.1174128399615,9,0.1246615669249424,106,1,4.495728857830762,0,0.7087013298143936,0
1157.803004677482,17,0.2513217299793943,649,1,14.544748273814138,1,0.4855920867725558,0
1156.3432907433962,17,0.1716637146732428,953,1,6.338720385424392,0,0.8931616802150492,0
1492.2528162746182,7,0.3843471483842154,161,3,15.954001337326298,0,0.634448670661805,0
1022.9948994983234,10,0.1719790398086102,504,3,11.913335762294414,1,0.8948670029087356,0
1467.654892104548,8,0.2574922213285122,475,3,2.7541514515788403,0,0.976874606050879,0
537.2754896920883,22,0.2457517689434171,589,1,3.224969517216204,0,0.9172462067101508,0
676.9058987713179,17,0.1671885996212905,477,1,33.26340758397143,0,0.8493591483942137,0
989.7003522727746,10,0.1925544351360236,925,3,22.052067175528784,1,0.9775967764664628,0
558.3566544257743,20,0.143876682595665,243,4,5.413701318509582,0,0.8371609994385358,0
1046.7882367730715,19,0.077093465121662,244,1,19.890763176366573,1,0.7550429384686346,0
877.2469280144945,12,0.0589546722281198,460,0,48.12944704149219,0,0.947536358585618,0
1267.8098186998031,15,0.2131003709332651,560,1,6.98705640132328,0,0.8014054801933972,0
1409.8180204702558,7,0.1111894365424578,226,1,10.98525692888021,0,0.6123943206114633,0
720.6098404047314,9,0.0219659531782742,228,4,2.1643778582034874,0,0.8421407220187753,0
2252.6484578890536,8,0.0821829680549786,944,2,30.078172752038565,0,0.7682308352440741,0
1254.8449248759218,19,0.2783145208040086,974,3,5.216634290839965,0,0.9272201814973522,0
763.3600426064077,16,0.125037257889842,380,1,16.488177930980857,0,0.6598580940658652,0
638.4196454830549,7,0.0601370059348312,835,0,29.699972637302235,0,0.7229746144231586,0
796.8626398262838,16,0.2570100349892246,431,2,20.04057977365617,0,0.8617336385825867,0
486.06497053426506,22,0.2845008145336999,741,1,17.437787965677632,0,0.5794247365532892,0
1146.6306704157955,17,0.0545124979885035,919,4,1.8860339945645457,1,0.8886911936992277,0
667.1774622599193,17,0.0654779685929692,859,1,10.004623733638644,0,0.7524152829590787,0
360.3094527122702,5,0.6159464074529611,184,5,371.4844086600751,1,0.1999072013442735,1
410.0082393314128,22,0.1201397070254383,354,2,27.50872599496147,0,0.9617228049926392,0
2455.4901483162485,11,0.1805510919796722,536,3,2.0004527491492157,0,0.8748320259343254,0
1473.2493619107038,9,0.1019088339730259,697,4,7.533882201316185,1,0.879470807545727,0
2454.720595937534,9,0.0562074769001869,880,3,10.527682443289509,1,0.7101146969817638,0
1580.0619506761846,17,0.287980367618539,265,3,4.34031518306761,0,0.7819260792451275,0
406.4760771617992,12,0.2632904359840819,888,3,25.34786532903745,0,0.8581357461756262,0
1662.6525764527337,8,0.1481148074281655,81,1,11.143943933160168,0,0.7298792548007985,0
883.2331956504432,10,0.3956325122867208,648,4,23.028298082591505,0,0.7401531942234121,0
941.7800959202488,13,0.2022334743321219,469,4,15.871180220778747,0,0.8565408320823811,0
1140.6167366679235,9,0.1111656205538935,541,1,1.018020555512314,0,0.8278811045234754,0
1069.9056982053398,17,0.1271280845648279,670,2,0.7916805557217854,0,0.8551303573913349,0
797.0643714259594,11,0.1741888757049053,47,2,5.715761268762723,1,0.9485512297656096,0
641.3784160528467,15,0.2928651956610292,668,2,1.1428642705254344,1,0.8034648096965582,0
922.3144939731852,15,0.2186357426334286,870,3,3.707880656451138,0,0.9113481902426565,0
498.5877050732655,8,0.1974889949017363,387,1,4.832032269636205,0,0.7479372854442062,0
1516.5502191235594,20,0.0839520793046334,640,0,7.776470974864554,0,0.9512597901415736,0
829.1508517010857,17,0.1794860971117808,705,1,12.019482867160349,0,0.6734406090282812,0
1098.1123972687385,17,0.3412473758295792,823,0,17.593863919534513,0,0.8414973433825221,0
564.9065887118264,7,0.0350959178031519,172,4,13.638685381234144,0,0.6078624347392888,0
1006.0325883766608,8,0.0220483233800216,960,4,11.25713697372442,0,0.9839515124445132,0
1040.1490808282974,20,0.5281236662847667,479,3,20.60295469092366,0,0.7428638519361143,0
1197.3579833232138,19,0.1412760510729373,163,2,5.890386344139998,0,0.9791477186910263,0
553.2428849859583,18,0.2209529395568714,712,5,0.9285124321633712,0,0.726576413097319,0
394.595155248204,18,0.1402249756760655,264,1,10.13390029826116,0,0.9191263420415852,0
1052.3200738215362,7,0.2037632997442574,171,2,29.54139903444055,0,0.609886342773088,0
155.4986426635516,4,0.3875495321864439,38,9,39.99742066591149,1,0.3924070516759814,1
1259.1403124509577,17,0.1274654823757875,282,1,5.977725583896184,0,0.8984364708977399,0
1345.738085553157,7,0.3058222967834395,521,2,1.7478946716250048,0,0.941533994414547,0
1412.74006492527,19,0.145154916098361,921,3,29.973873643675127,0,0.8210227715160513,0
736.4365201867425,10,0.1145162221737889,809,0,31.177927917212845,0,0.7917134985867974,0
150.9026348700367,22,0.8676088090995263,160,5,134.32274681357194,0,0.2337294384612258,1
1891.1577884175929,8,0.022532680706605,87,3,19.91191616515457,0,0.9074319545063232,0
1428.7950052390531,14,0.2313515858372727,270,2,2.2136224395308037,0,0.4269636158406609,0
685.7537128738803,20,0.0163214365714355,914,4,27.27180401083306,0,0.9197085855258308,0
862.395949000806,20,0.128760653582511,177,3,8.477017503671163,0,0.6597163712053393,0
1232.9176602073142,7,0.0802890370544588,436,1,7.308665194190898,0,0.9326085861973568,0
544.3773399868713,22,0.1314192669437576,958,3,35.2212633976934,1,0.7878027371296379,0
890.9234330581157,16,0.4030670111382915,524,1,32.217702146849575,0,0.9310723290998516,0
327.2698486439347,23,0.4783818389234167,87,10,5.8202830940460775,0,0.0259063804067481,1
298.3043193525282,16,0.1658916947594559,201,1,54.156308248713046,0,0.6620066409296379,0
562.5687220116295,16,0.2445697537261103,345,1,13.567976913415157,0,0.7578293703141138,0
875.9113354992108,14,0.4659664014079319,126,1,15.697839351769677,0,0.7665156296184513,0
508.1938606447353,9,0.1020765611378413,763,0,7.211100401598973,0,0.979631036387141,0
727.0332105343514,20,0.3074147015709612,663,1,9.210650897432728,0,0.7802782495971963,0
539.6938831473002,7,0.0303846453539785,255,5,16.014835610346864,0,0.9339379585687558,0
892.1795450447321,10,0.236988862678417,606,0,47.77990109704477,0,0.8037758363605615,0
943.5342643043864,10,0.1197579256019926,207,5,4.078793467353904,0,0.8093003880820434,0
1584.537979720052,17,0.1457808684320223,613,2,3.5024985950889693,1,0.672717417873523,0
385.39211844918594,22,0.1263494047320341,75,2,6.826927820005468,0,0.8196449721684553,0
184.9300301418364,1,0.6831080280118543,77,7,203.3089759464558,0,0.1711429770799805,1
1357.8966549866968,12,0.0257045344986431,558,0,12.637027341193628,0,0.777735179096915,0
506.402565325114,14,0.0547264905694201,590,2,0.0838358528035572,0,0.6523059022677338,0
710.4826854221288,7,0.5642698689021078,32,3,9.519311694292185,0,0.9064764521804952,0
2048.3631685696178,8,0.5852876087928788,993,2,32.09911644601076,0,0.7783267278761655,0
611.5775421576064,17,0.1460594402290179,732,1,5.148920919283336,0,0.89601097076693,0
1118.4653753441892,8,0.2418168316554918,367,6,1.924336430907865,0,0.7234597747167846,0
929.8601099640022,7,0.0238757469607983,433,2,11.666045395828933,0,0.7970974995601895,0
854.2691800647214,10,0.2271664058656561,177,2,0.2691665237083632,0,0.8124172895926922,0
501.9463820062179,21,0.3902144466499185,109,0,1.1357874092628355,0,0.657812962225106,0
1159.9226467381384,16,0.4034224119906903,330,6,0.5708639483015098,0,0.9187552325450636,0
915.2417980994604,17,0.1026749048275033,805,2,0.0439738609209029,0,0.7819138264635843,0
501.4492216159286,13,0.1416851752150441,174,2,18.89183047843537,0,0.9171240346534708,0
1160.2362355155826,8,0.0827564015893325,840,1,13.696515921867755,0,0.8690840232412795,0
1023.5158873167306,13,0.2898942139626095,204,0,3.8546831389753016,0,0.9313322954646024,0
857.0080435003106,19,0.2160003570736821,413,3,22.232690930531696,0,0.5388755926326422,0
703.9763156688765,20,0.2671357911366607,614,1,8.458180203581977,0,0.7172558681205427,0
1349.3456397738548,12,0.5914869387870165,359,0,4.836860358660511,0,0.8722749142749476,0
1015.0443911331816,10,0.1569087745837639,223,1,37.86832064481124,0,0.8932128261517676,0
991.72307916197,14,0.1966201669266093,47,2,13.887239915154112,0,0.8763063233739513,0
597.651371675411,12,0.1225961986265671,374,2,9.758051578452504,0,0.9814067714249912,0
338.55852352340645,19,0.124010317827116,446,0,38.34371617651835,0,0.8361424053198729,0
2700.151976790176,18,0.1958543058134203,80,2,36.15088964780171,0,0.5742348701157397,0
1232.1204536888524,12,0.1434174618849958,725,4,3.493186175816335,0,0.9656942502493108,0
1501.2430527592546,11,0.4549119208009042,931,1,12.959729055165138,0,0.7346253452189185,0
1069.4180780369668,11,0.3622418572692506,631,0,2.19746397271353,1,0.5746837068128183,0
639.5638424529191,7,0.0053438922590934,416,2,4.999308270882061,0,0.9193061236011788,0
974.0166733835944,15,0.2429567134300667,42,5,3.4843679383818413,0,0.928402625739514,0
1262.4224112319305,14,0.002384669694442,749,1,43.188946596095406,0,0.8477730418066411,0
921.0605248423316,15,0.2503327213511641,665,3,29.530793957110433,0,0.8110222928077685,0
673.7052222621957,9,0.1859274687783274,588,0,44.37236904454698,0,0.814530248067047,0
2315.698111774055,18,0.2629040370459543,86,2,1.8445941393270688,1,0.7783297347314362,0
1360.550523942199,8,0.0732594007979442,348,2,6.5470678446079935,0,0.6341631971405532,0
913.1885457739868,8,0.1220930731273168,577,3,14.264310261623892,0,0.7877462099476088,0
530.4137729440846,8,0.0949045402134334,515,0,16.745256164569216,0,0.7944767260664469,0
1119.6943620301986,18,0.1120637024314602,107,4,2.899451117309836,0,0.6079846774483006,0
2477.956078724053,18,0.2078715699275445,822,3,46.40967486708117,0,0.6494905365934953,0
90.97776668842782,22,0.6952316771375019,138,7,176.50785801233087,1,0.2151019889745919,1
887.4905031557288,18,0.173082555034935,620,0,0.3505094193688575,0,0.4994170479467339,0
86.2327328078852,1,0.8957694716550141,108,12,24.12640116333723,1,0.2291352549002084,1
1075.383065665972,8,0.2390372875784209,608,3,1.2940944109303254,0,0.8732066201246133,0
654.1135314290997,11,0.1046139375118556,512,2,20.375530466353908,1,0.8093850753498005,0
873.1954916571141,12,0.1100149713150639,730,2,0.0673194870376133,0,0.7344360828904295,0
395.14415797566414,17,0.1151068457561595,237,5,1.8176438059329985,0,0.9271933735545655,0
575.4757013386603,9,0.1948242016032511,50,3,5.647444235605422,1,0.8653795784659012,0
546.8675242154883,16,0.0508169934082883,621,4,18.100184740689233,0,0.9244002542810694,0
900.0890276745216,14,0.017521002392012,972,6,0.5130791076424335,0,0.9053995139309892,0
979.418412314184,17,0.3909089528392487,541,3,2.399133395400079,0,0.8847648166005391,0
1329.388341693862,15,0.2957749436865806,792,3,41.56448250856058,0,0.7942758128828361,0
777.9975443935735,12,0.1347651462935843,975,1,21.05342720314497,0,0.974707451189501,0
622.6880708001104,12,0.3127204016625011,85,0,30.005170094520057,0,0.8718751746180494,0
1976.4761986522433,14,0.0990949675438492,354,0,16.39652709479139,1,0.822043272674937,0
1947.120417004454,14,0.3666212089442521,680,1,9.437671931611714,0,0.7447809200858883,0
1086.4486079358553,15,0.0846283624969214,208,1,20.68248100451808,0,0.8980905783052013,0
497.3156330728796,14,0.3121869539886812,919,0,12.961257389741244,0,0.8294199879112066,0
358.6131485295605,12,0.2278219936745106,736,1,6.071711845818984,0,0.8892991114374866,0
1458.581301047604,9,0.096875644536136,896,2,44.30874803652938,0,0.7218830234215557,0
2222.186287242289,20,0.0372646904594718,292,1,22.120850577349163,1,0.8346250038913765,0
489.0211142451452,20,0.2627405405415118,240,0,5.789342937758231,1,0.91222615835043,0
570.7026731144798,19,0.0717382366207162,85,4,1.9040985396475147,0,0.7558502776697621,0
1139.7124990197572,10,0.2602965285780764,650,1,19.971404597111988,0,0.9719686273182012,0
3820.374162614434,16,0.1902047613882696,87,0,6.913672100166155,0,0.7584474047249583,0
689.4163701938453,10,0.3810872729822132,850,1,11.266274971632487,0,0.9622396574480248,0
125.75201200739122,1,0.8127614347623889,144,8,150.11802709832102,0,0.3198419329892607,1
1244.3237100469348,22,0.3055898361214898,891,2,0.9948202340536468,0,0.9345804103774048,0
699.8980391779709,8,0.3601611880977169,527,5,19.77607911559283,1,0.7071229660809345,0
821.3071851255996,11,0.241930443615478,230,0,1.47559753547052,0,0.4775284119851145,0
2491.395877879677,14,0.2019847216505579,405,2,21.890391898352547,0,0.8256285389764463,0
423.1629396651792,14,0.3387511916623354,964,5,27.642344209047664,1,0.8038025505323472,0
1138.451301744656,10,0.1350393447633981,874,3,8.724767077497006,0,0.8356943203875102,0
1791.6002171850237,16,0.1886577397647649,232,2,8.472566107669799,0,0.90486795141422,0
690.7425309520895,17,0.1983248266382666,441,5,5.499014997640391,0,0.724518904248693,0
664.7488434783075,22,0.1091533012531257,580,1,2.324075054371704,0,0.9309643590801407,0
516.0673566756499,10,0.0529575356416222,132,4,23.20582143063345,0,0.7679100805333721,0
773.4465416687641,22,0.0682131215960014,284,1,47.83477936251888,1,0.8431617362953799,0
1268.209895463313,17,0.1529103305032971,171,2,13.995402208811797,0,0.7477996406561336,0
1458.5922243852583,19,0.2261916800806153,215,1,4.423907768381528,0,0.6401932166892348,0
1088.7355808965374,10,0.2319617235934826,979,1,1.0598929072367,0,0.976839640956962,0
2339.139845823858,21,0.2999862479103271,647,4,11.789952181253506,0,0.9445639365776664,0
432.39591026627,14,0.0843118295703294,441,2,13.492481490662218,0,0.7678049912833106,0
613.952432375903,9,0.1734166740836308,572,3,3.061039233471436,0,0.9468425147984976,0
863.8580616799768,15,0.2604150205930401,751,4,1.4391603943565645,0,0.6797989991379552,0
898.9055415382599,15,0.0369561981418421,387,0,5.482723343035277,1,0.739501643549129,0
1135.7692984452208,14,0.0910006573330891,592,2,12.487474247102115,1,0.8095302315525629,0
963.998187902964,12,0.345086946033581,676,4,22.76656340693949,0,0.8460668461874521,0
581.1498060036713,13,0.0802710957051912,829,1,4.96316298271866,0,0.8106351138548895,0
1556.3227858675048,16,0.1632013549140482,549,0,8.613867389184065,1,0.8114077327006187,0
989.7750500181204,19,0.3635790344876367,517,4,22.104047855085355,0,0.9274939481858,0
1548.0057167969578,18,0.4102543615764715,804,5,14.79468320637221,0,0.8940927170307602,0
666.2796593207754,18,0.011910641886127,888,3,0.5749335644474631,1,0.7139932245334105,0
775.1579871080647,7,0.3837274794077351,238,2,5.904808044407754,1,0.7533987966992909,0
1351.5520074389262,10,0.1145361610243676,417,1,19.81371540102362,0,0.7269540844520764,0
1700.3157668115496,10,0.1866677149529681,743,6,20.53592006721498,0,0.9276898326405087,0
1008.873885495609,12,0.3178212472703767,997,3,14.233124714299802,0,0.9473542577506108,0
1090.9692298573289,9,0.3868394873530176,880,2,12.205017252714503,0,0.5943049819133369,0
973.2663959115928,12,0.1377653661229874,679,2,48.149469699466,0,0.7838302557467175,0
612.9473075789766,17,0.4084288105780236,993,1,19.24434218514201,0,0.4679294035694151,0
1111.7633836476043,15,0.0333634104620324,833,1,10.864117478429764,0,0.819910588861652,0
669.4280160454946,11,0.1149085641229133,428,2,1.2110819658906882,0,0.764425843394342,0
930.1187588291804,11,0.3866520173729943,508,1,7.492208710506214,1,0.6655463241756248,0
851.7327244979685,14,0.3964150412881666,918,1,16.838444219497447,1,0.5491020088300193,0
2375.6432721286524,8,0.2167489087122486,933,4,10.797579912980163,0,0.6417675366579386,0
1197.0862789382593,11,0.1933354951631069,473,4,38.21409687580923,0,0.7271144701396267,0
738.584733453178,17,0.3726937669771382,312,1,6.226807949332086,0,0.7508331562040682,0
1197.2515389661662,9,0.0956738034181252,773,0,8.943464081574875,0,0.83311954589224,0
139.8856637807074,5,0.8078145532202721,115,9,8.564944939065091,1,0.2107371670097863,1
876.5382104054669,13,0.2610033037640891,339,5,1.8888538622889697,0,0.9412604239763872,0
500.68049994391816,18,0.1034266162636286,124,3,3.2256749946498213,0,0.8234070341610182,0
845.2758410165064,8,0.0354034151117947,83,1,30.920406548224165,0,0.8164334009812599,0
169.45134720471805,3,0.2613550763621003,16,11,197.06702052648555,0,0.2750983823367748,1
1252.757930878499,22,0.2480713431310482,277,1,11.040197741428129,0,0.9537367870504072,0
606.9737359046956,10,0.212013791669816,971,0,1.6475348004398565,0,0.914545029442907,0
1050.7303098966015,7,0.337988948262469,607,2,1.5962887677752735,0,0.736427520025388,0
791.5891911950137,8,0.3325049800238625,668,1,11.405621408116344,0,0.8072299944842426,0
551.6969108794298,12,0.1906111396236171,292,1,2.184607694118609,0,0.8982188532628568,0
97.94005986006972,23,0.8161627521966738,105,7,142.0708131516599,1,0.1019972558760664,1
593.5680393491074,19,0.3335310125326852,763,3,8.386486243123136,0,0.8105712235650664,0
220.89014804679775,19,0.2182489232424231,621,1,7.175330718498966,0,0.8490176009425888,0
737.9426566539809,20,0.2390456265914603,153,1,1.4906847675893011,0,0.7538664996499156,0
400.3644900391667,19,0.2739268353900102,904,0,0.9410400327270954,0,0.7227048121361261,0
1369.802216643173,19,0.2866675847959969,789,0,23.079299953380808,0,0.9511358232939146,0
1058.579339265768,12,0.3023219439460801,853,3,9.042757084803332,0,0.8490430754640171,0
771.2419723535515,11,0.1896256009412812,929,1,26.306356172582113,0,0.9526669479477404,0
942.091409410032,16,0.1387967862974622,396,2,2.3333723465144276,0,0.7837608810524178,0
665.9695351994867,18,0.1197994215838899,148,1,24.48290429863913,0,0.727512669800794,0
658.3032731593031,22,0.1280239927236005,637,3,1.9477926260429277,0,0.6101165024121729,0
723.4995099525134,15,0.1049924466222941,442,1,11.486608924578585,0,0.9318864798483414,0
905.1378667768224,15,0.1181292410068385,681,1,3.1556667050629024,0,0.8496159734895371,0
470.1030159342551,7,0.2787696766432476,411,1,1.3970930630301803,0,0.8791094346955718,0
719.8440172484183,20,0.0878503165640069,577,1,29.21270927032987,0,0.839099335949669,0
765.4930888336349,13,0.0836429687878207,371,2,25.84561691667266,0,0.9421214046469634,0
465.8999900451629,10,0.1691988550060709,596,1,41.66108824498566,0,0.7962199624782536,0
864.796042276471,13,0.0498575177129481,193,2,0.6939468525201787,0,0.7834476752735705,0
782.2431528101653,19,0.2587537065214331,885,2,40.59550715922827,0,0.867024497273923,0
826.2048229945414,17,0.5522684027142248,376,3,15.118197483397882,1,0.8543403394956426,0
1495.3925627265512,16,0.073450262142502,125,2,17.37693529518877,0,0.8705342642984442,0
472.42524152576976,16,0.3805239645476888,884,2,5.82913904776674,0,0.7532947732716485,0
571.2114529213319,14,0.2412186936548117,388,2,1.7362138875107531,0,0.8552537823375927,0
1776.7654051483353,20,0.1678779150605531,946,3,16.24810537960336,0,0.9738446396328564,0
723.9405578686949,19,0.0373289023899062,942,3,34.750733487665315,0,0.8303673987212958,0
681.3089606186458,10,0.3146843483660012,892,1,4.529007432829763,0,0.9181601969052224,0
933.5577318106028,9,0.3139093822314755,616,6,3.1091842653710784,0,0.9329760587075152,0
566.2328721682944,7,0.2496275161200851,397,2,14.275542672750182,0,0.8780001959575375,0
198.35717722741495,1,0.8920707073192986,151,6,17.035149769832934,1,0.4195619572163098,1
1990.2494738182031,21,0.1982864119124696,675,0,1.825804626829694,1,0.6156285381318105,0
2028.5316429419984,12,0.4400348493367376,221,6,4.874674318056173,0,0.7784359981292267,0
2040.936667310268,19,0.4554648707205915,372,3,13.794185715441008,0,0.8478026728724897,0
1210.4705453908489,13,0.3634540521351262,474,0,6.12179731680462,0,0.9878852800500276,0
404.7082186494998,18,0.1408451561824847,375,2,2.2711111684505827,0,0.6289647131057536,0
1392.6904591323748,7,0.3416460288160231,56,3,3.5719606008633464,0,0.6394087480520695,0
864.7708873288283,16,0.0656728129883963,723,1,6.784610251126368,0,0.8945524760111129,0
1217.4619418383816,17,0.1516806476351732,400,3,39.078172181887155,0,0.7572756015876039,0
1074.6943133751115,17,0.0674792449822795,451,3,1.0868111323682328,0,0.8362247316263458,0
480.7871578113187,14,0.0495634610476836,82,3,7.570740107102221,0,0.8503408977123542,0
843.5536605033456,8,0.40235167090677,332,2,2.882560822173773,0,0.8169780597855596,0
997.4328927583256,17,0.1795983031260651,319,0,26.897900419445044,0,0.666492108877958,0
295.2160289973081,16,0.2504553122992926,394,2,9.256527284590849,0,0.8402969825211242,0
1104.4019529069765,16,0.4802892507792764,99,1,7.001012157980648,0,0.8584205520626971,0
2147.331372182435,11,0.2568304208616472,909,2,1.0249449804828867,0,0.8505162939679608,0
763.8115536275441,14,0.1983883535044034,217,2,13.322599285255084,0,0.5518616789676711,0
576.4344071210629,12,0.5756464984163978,674,4,41.55843305529729,0,0.9332739800176512,0
173.36462934918018,23,0.4678868525487657,37,7,95.09940093349812,1,0.2101122351861816,1
940.906600771596,15,0.2725756398810774,478,3,8.472572520135701,0,0.6405120453162637,0
382.4318699687112,15,0.2563346986824672,32,1,9.241592763950049,0,0.8414268318018547,0
700.5113898244418,22,0.1003805843823568,37,3,2.293363503071149,0,0.4045394223400044,0
498.4128940933422,18,0.3475453478165246,77,2,0.2275116518825665,0,0.9379843026822744,0
727.1691400011587,20,0.1394407630701654,30,6,2.621236076563712,0,0.8498985339467283,0
680.5387719691523,10,0.1723080733735943,776,0,7.150062660078113,0,0.95967886172937,0
1664.4456713515283,13,0.3782512240673399,437,3,16.042498860803722,0,0.8347437454906484,0
587.8329200391574,14,0.2526692401839996,837,1,1.0726528802645032,0,0.9192599424860178,0
674.3137414136265,15,0.2913492137001215,488,3,2.5445624445124917,0,0.6467878965682103,0
980.5203450090056,7,0.107567680978847,583,0,0.0492674644101265,0,0.8462783774561429,0
512.260262592602,19,0.3635046501421886,98,2,37.20285434577726,0,0.811815529090254,0
858.5046012831699,9,0.2184169549639835,808,2,6.938220715459416,0,0.6509675387260274,0
888.1331105647008,20,0.2758338238387787,323,0,0.2453793418195392,0,0.8410906151902832,0
1013.9458436807012,9,0.0933900134634385,545,1,0.60914099418689,0,0.8231481141033161,0
345.68647214944093,21,0.1287689242747236,672,2,23.868249648359004,1,0.7305412020628499,0
833.2452721234757,18,0.0565539043756262,233,4,9.176623732939296,0,0.8564046857264259,0
578.0879750370665,13,0.0196997051114012,398,3,1.5828203781992864,0,0.7711822310127532,0
585.7033414641978,11,0.0984801869141902,292,1,16.54849990918174,0,0.9743342442706112,0
881.6865699141114,9,0.0719615006572066,378,3,4.527850618907703,0,0.7731576228469569,0
1322.3570663774992,16,0.1332548844110236,873,5,18.740019946857853,0,0.8875637989313423,0
1078.9527679358691,11,0.1449177532025853,218,6,6.525560689219659,1,0.8946095628130891,0
860.4715808475524,21,0.1422243916533556,356,0,21.001735667462864,0,0.6223126847735613,0
488.05301856223326,8,0.0717173056004837,564,2,4.8580275342327175,1,0.5807971831414332,0
2823.5300050007336,10,0.405801457918409,814,2,10.447584963016247,0,0.8490339240575179,0
855.5410776355526,17,0.2382292021084645,475,4,3.580968643072919,0,0.7908483918158069,0
1958.2676532432388,21,0.3270949969510752,587,0,8.56236876266932,0,0.9020718405408312,0
1045.725235623558,10,0.0583292340111885,187,5,13.24430816131096,0,0.7574299320611767,0
480.165440891108,21,0.2719871493313333,775,1,2.5945350796644897,0,0.7594077863933565,0
575.1206098090083,22,0.1302181130555251,750,1,0.9312482369655818,0,0.922469038006764,0
1437.233997880971,9,0.2620344756454927,882,1,1.096048569123684,0,0.9265094363983132,0
819.3957182715351,13,0.0757220976122385,213,0,3.673558375880452,0,0.9453190939117374,0
982.8965002643198,11,0.2123265897710733,929,1,4.579728366976005,0,0.7356170474153455,0
581.2425322305878,22,0.2352053180646295,87,3,1.972292114790168,0,0.722294304970332,0
722.0100961901139,15,0.3693449041291855,65,2,0.6680728426577477,0,0.9657603406434088,0
1370.0816203817858,15,0.2496714641068548,343,5,22.209269517515807,0,0.9214131331776492,0
1792.9716412178284,16,0.024318744638479,514,4,0.8913920927082257,0,0.9343341633971112,0
307.98241249927736,17,0.2266251103971447,652,1,2.0853716046496737,0,0.9445788169371024,0
971.9309926658352,21,0.1079884679189943,90,3,32.87479998234392,0,0.7825877298139592,0
968.321529533382,17,0.0885669817225462,244,2,8.36703047298604,1,0.5997378439999141,0
420.1136895441967,9,0.1690125620119069,57,3,10.74561000098943,0,0.9231765440133846,0
383.12414327934937,13,0.0519165508850531,199,4,6.902362433755151,0,0.5818757820377024,0
582.6032381846807,9,0.1447705611752824,749,4,5.424485763546231,1,0.8072630427230182,0
1264.354692371778,15,0.0719267292026324,917,0,0.8492416920488126,0,0.7128987131172412,0
453.4089046045918,12,0.1872863617773537,669,1,0.860181022643997,1,0.7353002342585171,0
604.8352565970997,11,0.1728946030240727,718,3,9.48328031107345,0,0.6971373615111254,0
911.3697774783394,14,0.1414254494949337,741,4,0.4728145813908154,0,0.6393941656225254,0
528.9168753237444,14,0.3141938672460116,956,2,23.790083803730298,0,0.9957078608181784,0
782.2051896830536,12,0.2005223984596642,125,4,15.557024583003477,1,0.7026497830839464,0
421.7277612706993,19,0.0824928183990524,997,2,4.017056364059628,0,0.5829421921500103,0
1219.2775082429566,17,0.1592185770127114,856,1,0.0639343991670558,0,0.8256650100152557,0
1092.1177318453783,16,0.1091704680089728,139,1,39.35171874638281,0,0.8356745027612905,0
1572.3922095857256,20,0.1611243171220456,360,3,2.17880622564184,0,0.9295556210139718,0
314.6332597354804,8,0.1952129336930354,94,1,3.65571578840538,0,0.8758090038670459,0
108.35010829610631,5,0.295872390869819,21,6,72.24838111863522,0,0.286198128989893,1
771.0050747184371,15,0.0612645257721934,420,1,6.091588935195173,0,0.6327172077523815,0
1404.8788289718157,22,0.2314791349506116,870,1,15.505120311003749,0,0.5772775873187634,0
796.4864142237802,7,0.4718675974976854,550,2,7.978357044273594,0,0.7774510020459711,0
446.3535073562945,10,0.0760495166007591,872,1,6.340292243855256,0,0.8522862375705059,0
1978.555128292529,17,0.0382891033090722,496,2,4.176899431174231,0,0.9659062520229164,0
1132.4984893036435,8,0.211159693538235,435,1,8.569343368674812,0,0.6829055226499152,0
797.0165109199007,19,0.0418382593462811,644,3,12.311509556524168,1,0.6950407203132387,0
854.5337179083441,22,0.2606621386297026,128,1,5.495504727238838,0,0.9182752584611914,0
632.7939524159259,22,0.0608122456223424,219,1,2.641015918202392,1,0.5557289736984902,0
1471.4788196031182,16,0.3007893437315024,134,5,8.101297772435151,0,0.872345773136474,0
889.4699649257634,12,0.3122354750650546,813,1,8.519620060609148,0,0.5814211258289923,0
1192.92400006434,8,0.1693086335065758,51,2,1.025406280135946,0,0.9553719298319192,0
878.0183688718087,11,0.0873713877429321,297,2,3.1260096569550972,0,0.7226095178827429,0
567.9739388993887,10,0.1074865243931997,882,4,1.3387173585862326,1,0.8979320536375589,0
638.9108241112004,17,0.2490919198991085,205,2,4.879091700015497,0,0.7233642109430289,0
677.2411034185716,19,0.3483281947055386,417,3,30.59102699885458,0,0.6281719075942095,0
469.3731314925891,12,0.194018976859369,199,3,11.714045335632528,0,0.965868691818836,0
571.4495360466148,12,0.1238751461777978,75,1,24.38014180740402,0,0.8712193400466169,0
591.4509853607442,9,0.1571957810570387,617,2,4.765531839249431,0,0.7769526163211815,0
1011.2816708777729,12,0.1351918952816849,948,1,1.806958306160519,0,0.7417101479533421,0
884.6925116349098,8,0.3571093998872081,808,5,13.502349129203086,0,0.6565350966426767,0
1634.7803128659068,7,0.1019961142155295,161,1,10.147401691268678,0,0.9293686329175748,0
1028.2473185578513,22,0.1456192621788053,270,1,6.994479012189363,0,0.5266553073256722,0
1608.0755803580637,21,0.1807551711862408,401,2,11.826734126320844,0,0.4369530301182155,0
442.1111324759727,11,0.2310923365486034,475,5,43.57855937412844,0,0.8994756881621417,0
1009.7218205193324,20,0.078970905575667,608,3,7.500551207889123,0,0.6354243806227239,0
556.8777656660324,20,0.1202146121256412,828,3,10.894441838468836,0,0.739735955021672,0
1180.6329683908812,19,0.1142511647768734,702,6,18.89524750315462,0,0.8492722772852161,0
2274.451578669357,15,0.2706830681060795,96,6,34.99529838980507,0,0.8377128331793634,0
830.8797566733322,21,0.2776394062008099,139,0,1.3933594690418218,1,0.8710637064045041,0
965.9503891482608,14,0.1225070827660804,636,0,25.850125898723945,0,0.8183389069748755,0
1182.3275308099714,17,0.1313701874443198,410,1,24.2729197182329,0,0.76202361420855,0
2223.9421528549024,14,0.1468201049587665,825,3,32.04178773321503,0,0.6375572881654844,0
526.274909275227,11,0.094031862642724,184,2,7.895252447475221,0,0.7156391920089522,0
706.7304853139586,15,0.141615985883827,539,3,8.836148318652546,0,0.98741417268379,0
680.7425589049868,7,0.1951930153520972,358,3,14.731748144231856,0,0.7617847693506534,0
607.3650097214708,22,0.0765089947641748,715,2,22.635774093138007,0,0.7510697556540248,0
110.2767232131857,1,0.4494516768850993,119,10,143.21093517553848,0,0.3264134636377388,1
1205.8630295364176,20,0.1327897334459008,482,1,7.1746175387419155,1,0.9306057557052582,0
65.60143570201346,3,0.4106247237077161,131,3,4.88682860333617,1,0.4895949081589038,1
1386.389548229797,22,0.1899756211889043,149,2,6.802843727395824,0,0.5191754489603125,0
564.1971531949356,22,0.0695676980161395,361,3,1.5058819702141295,0,0.9598417115250996,0
421.7226809680432,13,0.1676896161166742,55,2,25.90566721291661,0,0.903070221219167,0
1367.405602753251,22,0.1037050546252607,943,4,38.92219004951664,0,0.7480852006869089,0
859.5273156894351,15,0.0945138346492901,635,1,33.13030762143505,0,0.8460959058188219,0
1482.9245320915772,9,0.2041529688493832,532,0,1.6398768613630077,0,0.6427371322852938,0
714.7475501156022,9,0.2814023666680061,854,2,0.0374846422268897,0,0.9039984035534968,0
1319.8733039771569,15,0.0596316136788866,403,3,19.949898983580173,0,0.6240584544936264,0
410.3283880453523,12,0.1676815926167296,297,1,18.62798375032358,0,0.7694372315058295,0
414.3518592175432,11,0.1650307665484168,85,1,3.5554187145492135,0,0.7098155636950112,0
1319.0129090848775,22,0.0278401929994809,501,7,12.424671823747778,0,0.7035977466070082,0
1490.2125738437094,16,0.182521178577116,79,3,5.993125884091699,0,0.6332016011562395,0
2876.8542067061953,7,0.1583803577461546,484,1,17.678282786564857,0,0.955811711742492,0
704.2399885927754,19,0.0759496616599167,930,1,17.13172497947752,0,0.940767909938704,0
629.5697391995786,8,0.3836181764948679,950,1,19.460193174450428,0,0.7199958992907365,0
776.1986660058443,21,0.2411679443118081,778,1,23.388970879849296,0,0.80335340008843,0
423.1409300682608,21,0.290731939559823,387,1,0.7059547440363962,0,0.8211657493885387,0
3232.2005785485935,15,0.2987841899864377,937,1,17.307778242191418,0,0.8061050456777352,0
1229.5551413713142,7,0.3444031837997592,422,2,18.726671556739262,0,0.792641576823844,0
947.1410448735528,11,0.4259763793928555,43,3,4.381805933351056,1,0.6117964017921099,0
1449.2783119736628,11,0.230152926023361,510,2,103.07978215533646,1,0.905195148803186,0
619.3844137235028,21,0.4131752313199167,938,2,3.4201796763370655,0,0.8262289738630461,0
482.81780703761586,17,0.0970707537385258,939,2,0.1436166843543533,0,0.7286398613371242,0
2361.6709780405326,15,0.2037339764686712,480,2,0.4323691525500491,0,0.9228324629346438,0
1087.7824566692414,11,0.2232155435079717,204,2,16.457346310578536,0,0.6598348548024529,0
599.7779003007295,12,0.2141250551785628,219,2,12.160615036823582,0,0.861303610985803,0
590.7793399445463,22,0.0731157971262044,727,1,1.2212300073966846,0,0.8977977896826398,0
1031.624612159242,9,0.1761757055225387,370,0,19.014947775863547,0,0.5394425694125495,0
608.1693995995525,8,0.0791315339629525,108,1,12.619784890079677,0,0.5551691982761391,0
1240.2993339873256,13,0.0471986736144926,721,1,34.22234374912596,0,0.8944006485829022,0
1100.6074604149164,16,0.1456371183987264,920,3,14.671554384702723,1,0.7441496794192627,0
416.38134053929207,19,0.3360131017383337,196,2,8.711448494081509,0,0.9467705986433056,0
873.0273562108149,12,0.2582332532630292,874,3,0.0697962264753129,0,0.9435048888053232,0
1916.1875510225432,18,0.1186972418861527,312,1,9.36871145985985,0,0.7597353424817512,0
1355.950952500714,18,0.0434041695738742,779,3,51.87246172275218,0,0.8240467798901359,0
1242.8596880721527,22,0.3531097314897615,256,1,20.875839132970334,0,0.9578749737717176,0
1652.0980976389435,8,0.3422652623561663,982,3,11.811303087954622,0,0.4679261846643328,0
1075.5517874028512,19,0.0905990528694593,962,3,17.636696381487685,0,0.8209537829261202,0
548.7194061093124,7,0.3985602668838703,992,1,1.154991717359424,0,0.7619582707962994,0
884.4394287654516,19,0.2411751164156553,63,1,10.543351740396014,0,0.8171074570442624,0
1890.0724916050592,9,0.2521697845985332,293,1,32.099933439786405,0,0.7785688475363587,0
994.1076344183898,7,0.0954882206485567,452,1,3.708242205981765,0,0.7179946755556802,0
1378.410339048227,18,0.2111400206081436,454,1,5.515021798305229,0,0.7819135347265914,0
196.85211206728337,0,0.4842569109049062,24,7,380.0531615571461,0,0.2002047741468738,1
2652.0808986057045,19,0.1526801714782924,530,0,21.65048154634273,0,0.8947934677700036,0
1043.6804571818384,20,0.2038400154690811,438,1,11.098838400178405,0,0.8973307317299674,0
885.704104023334,20,0.0372594626734015,896,2,14.428875131196987,1,0.8477010624450086,0
927.0375646552394,18,0.1544376896239479,578,0,14.582573407404947,0,0.7351504602301017,0
1161.7099375834734,9,0.2331343917147259,125,2,3.2682509617810505,0,0.9487685376470888,0
1248.6386490145453,10,0.2535153995018884,680,2,20.615757074732468,0,0.7754449498677203,0
1512.7330486493352,12,0.072023186602328,255,2,7.214467110435028,0,0.8375271061531183,0
735.4439081116449,10,0.2169930394730856,47,5,5.880111713791508,0,0.9203231765050018,0
1586.252859322888,12,0.2221513393947146,49,1,8.467669236773546,0,0.939263932032165,0
2201.3933814466686,8,0.5164520992184317,150,2,7.973724789870357,0,0.8347165451036297,0
734.2080550887721,7,0.1083180265582208,689,2,8.62517340909014,0,0.7899899551045338,0
1598.887215035896,11,0.1527751697741576,782,1,13.791486964367175,0,0.8347744989922229,0
427.5161042358189,10,0.0965461764697457,332,2,1.0605834357982409,0,0.9590653513312908,0
597.3106726619245,17,0.2651159768345552,992,3,13.287612569141768,1,0.8848377128589489,0
1292.1212204596427,14,0.1554140460935542,592,2,13.464248815503993,0,0.6781413984308468,0
1332.654281735328,14,0.1241657024218218,958,2,3.8813230180422966,1,0.8051201957830327,0
798.5772451793779,16,0.1099108312497793,676,3,10.010653834510336,0,0.8475456231783096,0
659.7375840719601,12,0.1359212622301064,51,1,6.23740215358237,0,0.8283885850939289,0
1605.1957173780024,21,0.1112323140112102,404,1,4.185524690743774,1,0.560483805123163,0
1460.3212563925404,11,0.3558542981734145,164,3,3.2239207453331225,0,0.870675338760526,0
1082.671614093426,7,0.2870389096648096,101,2,17.598111613911424,0,0.7167978137792164,0
4188.568312994316,22,0.0717528800042956,281,1,27.22280325591773,0,0.8460380225612997,0
918.022008670732,7,0.1805889853793381,830,3,15.843062104404405,0,0.9340483102259092,0
1530.0226347003006,10,0.2871387867646858,438,1,6.8588068258722235,0,0.8290925525258162,0
1562.3300124826012,7,0.3107783192564264,394,0,10.455234835600978,0,0.666853947837597,0
716.9026225369873,12,0.4403796790084082,319,6,37.47903176577273,0,0.9169732734964696,0
898.961793753461,13,0.1533146923157282,606,2,6.315806153749244,0,0.6783358795200423,0
419.3297721707965,22,0.3961115507188451,523,2,4.679817030123455,0,0.6935874546266291,0
661.8513170072465,16,0.1664928359906592,891,4,22.324425214729615,1,0.933799772939602,0
1930.943221821866,18,0.0657219757903542,31,0,7.078043842426061,0,0.8290452582790382,0
964.708100877986,8,0.0355785837728387,725,2,5.343042796775973,0,0.6881650132099904,0
642.7231407309939,20,0.1997550422700653,874,3,58.69302653220437,0,0.9091324471379464,0
2265.3287851820605,13,0.1384763133976133,324,1,75.62994670197101,1,0.7389914123054541,0
669.5074349651659,20,0.0468609479965772,678,1,15.10201489113381,0,0.8195345582037608,0
777.9675346634983,16,0.1486835079278737,580,2,0.5246370525187113,0,0.787723338865767,0
396.62762340079934,21,0.1932572941183821,891,1,5.826642536381225,0,0.8915353685193942,0
1235.6951476601116,7,0.0826073016396534,831,3,11.869900385026568,0,0.7037575134395672,0
1465.9612352362917,7,0.1667193486500372,785,1,5.138793021720926,0,0.7720803938562324,0
1195.8884512907314,13,0.2589469743318296,86,2,9.198059901546818,0,0.9427988870867644,0
1410.462084013944,11,0.0459774577336345,805,1,24.083246304935273,0,0.8400545589689979,0
904.223569089488,13,0.1484603954161593,449,4,37.14055293007502,0,0.9110480589518204,0
322.94631352222575,0,0.5582435248667595,167,12,406.87202296078465,1,0.4117454740928196,1
718.9461250087418,17,0.5366502515060484,392,1,1.5321892047960648,0,0.6805326687240819,0
1312.9541461293034,13,0.1039917425587929,139,5,1.512824279569965,0,0.9397205584094476,0
642.5175446416347,18,0.0906132286423372,243,0,54.01389255907084,0,0.8826042221399112,0
1144.3239365441934,16,0.0637166876839517,130,1,15.43935835281376,0,0.839939140944939,0
1119.2345707061904,10,0.2073521121899314,138,1,43.29405040170225,0,0.833776997345854,0
527.0093893355481,17,0.5650814399400956,227,3,12.863297527057853,0,0.727898474093284,0
1177.5601644763,13,0.2533562528501979,232,4,0.4312230332155141,0,0.9098549393738868,0
957.8771650904096,18,0.4104196385298965,618,2,22.600397815004506,0,0.7578487164251937,0
728.7344721158212,10,0.1884681604457542,309,1,1.7533938205481543,0,0.8255477767334385,0
893.8077861628926,11,0.202180521643413,82,3,37.101854900002365,0,0.9323968199291072,0
956.4245920396908,10,0.1159788036267629,687,3,3.3579412869961613,0,0.9658392100599223,0
1124.5181654528797,17,0.1531582468593733,113,2,10.737157293116914,0,0.6374312119052253,0
1450.3010614381544,11,0.374252827914902,958,3,9.986318629900136,1,0.7274369090586406,0
1035.4749027831058,8,0.2674165123713236,985,2,19.216224981759787,0,0.7657988672005727,0
1577.879667901831,13,0.0702326483360163,362,2,1.369272226633406,0,0.5962744416102426,0
2147.3017734744344,10,0.1543926946976413,766,2,48.798845333918855,0,0.6803359724754523,0
277.6010104164666,7,0.2118430850745563,934,4,34.879882906181884,1,0.7700055782713724,0
597.5169506236429,23,0.8815905264567045,72,5,26.375236603555535,0,0.5667158479863883,1
1751.6806016580424,7,0.0433291579729346,627,1,0.3631960454943149,0,0.8098665077508524,0
1218.9915026469191,19,0.1768054644163463,672,3,4.376248728623041,0,0.8601150512356805,0
1854.4638793345327,16,0.1930551293024563,136,1,7.61908480999118,0,0.8749797401349952,0
331.12771205214193,15,0.3761380735103176,234,2,9.224579831185231,1,0.8260956200686503,0
1712.043197611887,15,0.2983552404946032,446,0,34.83790607770494,0,0.8618383537497948,0
704.9061150331189,15,0.102155753877159,87,1,25.005984086083625,0,0.9466789731949944,0
1028.5266294322462,13,0.4274325051988846,289,0,13.206596767838668,0,0.77432125383366,0
509.10692168972736,10,0.3324998152774108,364,1,38.31840682244654,0,0.6538654799596587,0
938.8117200582084,12,0.1701086536874132,125,2,8.6178468269892,0,0.6553275749711678,0
860.8078740532217,18,0.1741112036337015,105,1,20.10496182661549,0,0.9545560492852504,0
1578.8601934709675,20,0.2419996805307711,472,0,39.433068774078166,0,0.9103718000656432,0
383.4721539734335,20,0.137201304768847,415,2,12.842844070444343,0,0.7830385744075564,0
923.287327393602,15,0.402750268838132,831,1,15.103090605912158,0,0.9306443913565454,0
1365.5701014108806,10,0.1712676248081079,812,1,23.171986298105367,0,0.8598978425298975,0
729.904920556653,18,0.0603351710117191,234,2,0.88415727139677,0,0.9743975333728032,0
860.1543449790462,21,0.1837562420367727,856,2,8.692587789609526,1,0.9090048781758954,0
722.8121329935219,16,0.2517667972351547,822,2,3.180001847625577,0,0.6482190340396725,0
564.3153874485296,12,0.1086214886575732,52,0,11.2941829805947,0,0.6279777242679558,0
1035.9217142411903,20,0.2369118278532339,475,3,1.2372579827956864,0,0.8799661030009636,0
857.09363872073,22,0.1412629519946413,657,1,15.83103254820397,0,0.7360325364651009,0
752.7714927617967,21,0.232499837199225,599,0,7.569202102602814,0,0.8174369063965192,0
735.830228268281,17,0.2916299124644775,494,3,11.580660451723832,0,0.7397655639409401,0
716.2537887184614,11,0.1481378511071033,239,2,4.365022587433892,0,0.8919719883042805,0
1177.3694573248267,14,0.2761996084523413,963,2,7.11616687157666,0,0.7880092238863955,0
1055.0745326547185,15,0.0664333327296427,490,2,38.57891002270282,0,0.8972054633761491,0
486.2792345210061,20,0.3331549554926631,914,1,24.996271775985015,0,0.7227008259118374,0
698.5958970805898,12,0.1971341227485233,289,1,11.149888205110432,0,0.6212811299169376,0
1578.1445156298128,12,0.1911611136866037,741,4,13.118392488229482,0,0.8053867756789969,0
665.776120552248,8,0.1744463314535393,462,1,1.5937391773395433,0,0.8821459366030617,0
1207.231293617264,10,0.2973813292346057,181,1,23.69096826427848,0,0.8934320237849313,0
1713.4503199246076,18,0.2287756039885589,395,3,31.77441093183663,0,0.7519756408094922,0
850.0129881762184,12,0.4996836181899902,536,1,25.2420324564352,0,0.8905889358639683,0
614.5942829652147,22,0.1220777961119777,441,2,19.746346319550305,0,0.5761021305398575,0
757.6266384079813,19,0.0496651076092291,277,3,3.40173664339731,0,0.8601690603810198,0
1549.2075958316882,10,0.2010987331565605,635,4,27.339191503305404,0,0.5728758891445179,0
562.0461262700404,9,0.3396520233055921,683,3,26.002027624741725,0,0.7202250952088559,0
489.0968972136986,14,0.2202529670491331,365,4,22.856334955042243,1,0.8143316074443198,0
1805.59552344713,8,0.1617720359413832,754,0,5.88904338204583,0,0.9268158685982156,0
659.2315535392539,13,0.2351027505908047,841,1,31.60078385892809,0,0.8583008824831354,0
799.1148800914116,19,0.350260383316415,819,1,16.836920051199932,0,0.759658798220194,0
658.9384419034333,12,0.4707307358842788,596,1,27.956847926649484,0,0.786527227149623,0
897.0942682343654,20,0.1143335048164486,748,2,10.055195225426456,0,0.9350823351183476,0
1208.8592874716255,9,0.0840634195674955,729,0,15.611702405713531,0,0.9624434739806238,0
1284.9989853912598,12,0.3408788603591847,67,2,4.461678771474982,1,0.8677938814469128,0
919.295330889902,14,0.1872370663602864,283,2,47.13821437508285,0,0.8585301376018142,0
414.73618340525354,8,0.1900426803051874,441,2,39.456444086094784,1,0.7352453329690946,0
1199.2280241442577,8,0.3293385360797507,59,1,13.295839274015911,0,0.7336750177750655,0
491.5156545539419,17,0.1799790142506438,224,3,37.44549615000257,0,0.9098830322349504,0
319.55952679964474,21,0.0957441238742202,386,1,46.5641343955758,0,0.8038686416931725,0
886.6326751629755,19,0.0801970659440789,797,1,0.7579607752054692,0,0.93157206268265,0
999.8279253488056,15,0.0845318022658528,530,3,12.948819256929085,0,0.9015404500362144,0
1290.6010333378915,15,0.0576790850279645,634,2,10.921650360713526,0,0.4247816492136129,0
1764.65100983529,21,0.1325527320904136,453,0,20.97222579224464,0,0.7714605087842727,0
1483.1768755536118,22,0.1348750417357926,992,0,0.2339582895204887,0,0.7480803362153442,0
1975.2983313892369,14,0.2396818136917298,829,2,12.32331783371362,0,0.7025548564481631,0
2150.8632797979144,18,0.3479585240740484,319,1,12.114697281270669,0,0.53112111804017,0
1671.9172766348267,7,0.4620598546510083,227,3,10.220973367606032,0,0.7989859371393336,0
2725.5941248469485,21,0.2227369078860792,51,1,7.619378584068193,0,0.8424090217477406,0
1098.2911311216203,17,0.3878385859662027,336,5,38.951044157632325,0,0.6700971111787798,0
1209.546607395381,14,0.0654982048327553,260,0,14.559866096003876,1,0.8964646476247947,0
242.66716273552044,12,0.0907418904175735,956,0,13.437417618522623,0,0.8402689401510444,0
2632.970446192473,22,0.2774651426187136,83,1,20.963839264496578,0,0.8790959055692886,0
1010.7904297270076,10,0.1407488685987091,650,0,2.4271133194539796,0,0.8424964282407004,0
884.0990535715188,16,0.1696908366904353,528,2,4.753472632188974,0,0.9334725575064892,0
1118.0657717598158,16,0.1005774361678692,370,3,63.088833322444174,0,0.9734211969638676,0
1540.6953533665403,12,0.2302026487749877,536,0,3.968264670832809,0,0.79046696141385,0
320.9609025793046,20,0.1665442713365794,249,2,10.777827675634851,1,0.876341166918078,0
985.1824160731312,14,0.2241715621181394,349,2,1.9109766696444936,0,0.7386878161493331,0
842.5772927259578,18,0.1619962669485924,833,2,18.795614273950243,0,0.9350196120127114,0
2714.637144579725,12,0.2319424100717563,762,2,22.526708946330352,0,0.8618356908873434,0
248.90682504632483,8,0.0745178245657668,569,2,25.898875160125655,0,0.9219293008626191,0
1057.3668708234095,17,0.087131453672566,882,5,16.486606467137992,0,0.8106633644206562,0
336.14009145770905,11,0.1836745013984548,967,1,14.402893659757702,0,0.2868592819625136,0
691.3244945738865,17,0.0962563313992564,226,3,19.136130046204386,0,0.9150549022898976,0
1195.3355198015215,19,0.3880985639189034,593,2,4.237885242202888,0,0.9341479128422044,0
926.1672005261164,16,0.1218454132073578,115,2,1.811678727765497,0,0.8773654085911803,0
900.1492905040151,13,0.168339558313869,66,4,16.119911445548098,0,0.8346405794596851,0
645.5005455336604,22,0.4843305528240852,598,2,6.843997607949421,0,0.7831114771854173,0
520.8913769400907,13,0.3038483082415626,696,3,2.512508178950717,0,0.8528416092850374,0
714.4951531191748,9,0.4102603940915684,202,2,16.27815054418948,1,0.7098520233523533,0
533.7490903512078,17,0.1448323060184058,629,3,13.757888740598236,0,0.7410132279744381,0
888.0417981458155,13,0.1872426786482052,797,1,46.89216660910366,0,0.8718121378350489,0
1117.525620654961,11,0.0644928363285748,564,1,3.792952929113715,0,0.9307237087666216,0
810.9441585818042,18,0.2801032972358869,842,2,24.890857800510783,0,0.8694428146999592,0
744.1866629758991,22,0.2133339236883082,659,0,17.003426324292665,0,0.7192193719866712,0
126.26863741088933,3,0.62290703821426,2,10,46.92778099185261,0,0.4107839811010894,1
1251.5803582174376,21,0.1354302281253873,58,4,22.351404590073408,0,0.9133392037031308,0
1274.3135336189537,14,0.2085769937026848,87,3,11.0226218099181,0,0.7087744791518859,0
584.600239010682,9,0.1730339187328513,857,2,48.02917175032782,0,0.7845739979302726,0
612.7278992789826,13,0.1076870193237198,880,3,6.365008934766228,0,0.8399931206717661,0
529.9325726045597,13,0.1599714920038254,303,0,1.7522888667068974,0,0.7112672245532959,0
2531.1175254854043,12,0.1757023227735472,293,2,21.798222603226012,0,0.875144160226252,0
1563.519529413607,12,0.3069747121730463,84,1,43.63272824404657,1,0.8985763349594167,0
507.5979631036604,7,0.4395683404885042,716,2,21.00821719197088,0,0.9442437128801444,0
535.785713154229,20,0.1406810298193732,877,4,4.906090321318695,0,0.9283220880107036,0
1767.4753068795112,19,0.4509510914157104,209,0,2.544379534016292,1,0.8586561238562831,0
1026.8330911544556,7,0.212697182146252,34,3,32.20169805400687,0,0.8539758807716413,0
1833.9485538108715,13,0.2734313638619242,830,2,40.87275037786643,0,0.689532209999373,0
2943.1031681147297,11,0.1284578289812284,85,1,7.302957847861407,0,0.9324114054675688,0
617.3197614434262,12,0.2584793638967958,344,5,7.697682095473192,0,0.9677566129791466,0
400.9789061279854,10,0.0498287028347587,280,2,3.7992561368747015,0,0.9668194494259824,0
543.9691699177172,10,0.3456869473273865,574,1,9.727257016557186,0,0.917972573361258,0
1047.9410320395489,12,0.324752120403893,352,3,6.168553943561534,0,0.6367867102094805,0
1624.923307461995,15,0.2844577723541991,359,2,3.282464335219747,0,0.8605510470674993,0
608.3101604218276,21,0.0163881738043479,773,2,22.134569582670068,1,0.7606735965176725,0
1388.5555497284288,8,0.3396064036759356,951,3,4.444597830725798,1,0.7078396543734822,0
546.9905675047037,7,0.2348931169422397,513,3,12.105965690309382,0,0.480548779494305,0
812.2069867952165,12,0.1232579502871994,303,3,29.649390983187622,0,0.7648952487500669,0
736.478611263821,16,0.3870864388972043,772,2,0.1813654552465373,0,0.7733820102294214,0
1040.3798252874872,9,0.1296571060762091,154,1,1.8232529483239477,0,0.8078493443420605,0
552.3897014357611,12,0.2198895745329599,605,1,1.9717424216336432,0,0.8805757180333259,0
1778.524623491928,19,0.29580977363131,314,5,12.565865486045965,0,0.8443400435848305,0
397.91420081597937,22,0.2288431049996583,926,2,12.66736121352157,0,0.6753416786331011,0
3922.262789410645,19,0.1228720051166487,420,0,1.798939532615512,0,0.8078827755862549,0
531.5223475916838,9,0.2286261474407068,113,1,10.235107385624593,0,0.8470250126059371,0
705.2527700588843,22,0.2128416876587116,951,1,11.010229500146696,0,0.9490786951934276,0
1179.768233297904,16,0.1839763856741315,669,3,7.92258066555535,0,0.8377277879088968,0
745.8925482401368,12,0.4671802831086816,76,2,36.230081282725536,0,0.6242914048957299,0
667.5445757540532,20,0.2811662749321312,880,3,14.87244912387689,0,0.9307988435272968,0
795.0048224059452,21,0.3961623213809235,517,3,5.47400190035665,0,0.542723230054685,0
1589.4221596449645,15,0.0630869640873619,63,5,3.995450164998008,1,0.944060229645,0
500.3474980673327,16,0.0605011011869472,32,2,16.36934213262668,0,0.6769727382038572,0
3295.1806811901984,18,0.2403904710194686,796,2,4.068775937869178,0,0.6871113239045583,0
609.9825512734759,18,0.2282393655070291,495,1,57.02702121779702,0,0.4480679973017584,0
568.3684909688312,21,0.1085766066125685,890,2,14.969995778195129,0,0.7733895722007007,0
1468.4962850880922,8,0.1417549319514109,735,1,37.481384923488605,0,0.8525647285153608,0
2602.6784792848043,18,0.227718923217969,495,4,5.749406718403585,0,0.7252433087179706,0
1206.700154844661,15,0.0980857685524906,648,2,21.541719707799523,0,0.8217415947070706,0
1190.8500006089585,18,0.3573304539687829,477,2,6.260288025472056,0,0.6451822883542049,0
1624.2515980541652,13,0.1464873192255688,652,0,17.328925725789357,0,0.659978334105412,0
504.8757868914213,16,0.3896992330059665,936,3,54.79045451984458,1,0.5031119580042848,0
80.84188516062736,3,0.4972859048361013,93,5,140.36127287156256,0,0.0962208682132625,1
1341.6681146513724,18,0.2566915256991569,350,2,6.582594617946248,0,0.7018866874749943,0
981.0999649687374,7,0.263638259265658,552,3,22.53962356091884,0,0.867158283682236,0
606.1195705594104,7,0.2452600469296623,152,0,54.41200664070622,0,0.7579188506641381,0
896.7764333728002,21,0.2182369984605527,743,3,0.8777784316568882,0,0.7859725411437868,0
386.6330947811521,13,0.5281883456998918,273,2,14.445187528716636,0,0.9121738829436542,0
1239.7640240271662,15,0.0851593303192667,597,1,9.387864314743066,0,0.9315947538213598,0
775.2059148939389,8,0.2779559157895842,520,0,33.499271698448425,1,0.7961740866529742,0
1340.846840740595,7,0.2004976431921631,580,2,13.497502305005288,1,0.7371498063264027,0
1020.610446387298,8,0.3896483897262847,429,0,34.366575493267405,0,0.849423849362529,0
1049.30178615566,9,0.0671093702643313,774,4,77.26997584163152,0,0.6849792657533118,0
1287.5603914178532,21,0.1241923806569531,730,3,38.71786859014411,0,0.852026472472888,0
445.71018231335114,10,0.0349301729989579,926,6,0.9285110190545354,1,0.9092165110229112,0
1103.8867658348156,16,0.1139375401113817,48,1,23.63371747230868,0,0.8488171671683042,0
1834.4786180641236,19,0.4461384046103011,239,5,4.2964315883851265,0,0.8900813591578319,0
455.7444081430746,22,0.1150856525932331,763,0,40.451466013472974,1,0.8950556830756657,0
655.0390216147281,9,0.1013228661469566,668,2,12.13007116936958,0,0.7702102621826599,0
1587.327445405317,13,0.1682607216803676,165,2,1.3832053730578229,0,0.8670761643118104,0
1190.3288970298695,22,0.3535837464292592,661,2,9.148441726068588,0,0.7999978120399243,0
484.130817627221,13,0.1423196914037928,735,4,9.767437704669629,0,0.933378253791,0
489.5945565573357,21,0.1471807053873294,183,1,5.707174070157835,0,0.7696799125424316,0
383.0975069678092,11,0.2331113192916896,343,1,20.663623467515283,0,0.8023331771731901,0
1469.8093704098094,19,0.2673191422989808,53,3,12.714223841141068,0,0.6432252416615312,0
1189.047615461891,7,0.1313144013850409,526,3,6.5709548599598016,0,0.7707616732063951,0
543.2873413154975,10,0.0775647590854464,177,1,36.32127086841999,0,0.8452327171188894,0
1773.329554902698,19,0.3256479915467381,389,0,40.92439253469966,0,0.7361459196896343,0
2007.6073642432143,15,0.0267850618936229,622,1,7.704629811827392,1,0.8791257907103118,0
1769.7175688584505,20,0.1341148902843874,283,2,9.820116276386733,0,0.952336644666353,0
306.5196528462142,17,0.1246553471584163,931,3,18.211378681513413,0,0.8062242052616472,0
104.20932562997142,22,0.4208260098774498,55,4,183.4943905470257,0,0.3418037662247624,1
671.9857304495454,11,0.1566808709667932,428,1,11.27830740976134,0,0.6353507145593521,0
519.3969769601271,13,0.2314770470675822,577,1,19.772154810321876,0,0.629398318381988,0
574.0012079495682,22,0.267152375613103,38,0,11.362708271915832,1,0.9577852034910194,0
444.91048709046805,14,0.1280572408634051,514,4,9.367776447985834,0,0.709700694362649,0
913.921981776342,15,0.3430864957143645,437,1,0.8630309059650036,0,0.7376659013447789,0
781.758851785244,21,0.1090059413380351,994,0,17.988664389696318,0,0.6886416241500076,0
1332.8251042523718,14,0.157922511907767,812,1,2.997730155044491,0,0.7945363786289664,0
1397.019688234429,19,0.1727429322731893,775,3,28.11835302017774,0,0.8996922450787003,0
1612.2411753498184,10,0.0906505134865829,452,3,3.5835087846528584,0,0.9125268627293148,0
919.620335762756,10,0.0428590500806709,647,2,40.30268374275164,0,0.8940429646104551,0
229.53605784582356,0,0.6207952891739394,170,8,7.80013436146343,1,0.3590822789148332,1
363.56488130055624,20,0.0740736010323144,603,1,15.877359213004032,0,0.8325507909848978,0
881.9677455007823,17,0.1701442477469741,619,3,0.3996640145938057,0,0.6017540332241089,0
412.9535438143998,10,0.2328835011408094,742,2,19.95967926551071,0,0.845745346506205,0
646.0504867584802,21,0.0907145138616107,562,2,35.81874009566122,1,0.8294268372965622,0
1216.9468836558813,7,0.2280609412367938,222,2,41.21306174653213,0,0.8783767423876641,0
643.513098504009,16,0.286540250031066,555,1,15.949259629867248,0,0.9442659594206704,0
1418.814932043398,9,0.2941982637055,512,1,9.925792917605383,0,0.7377999010713147,0
794.2502978290496,8,0.3392473664553498,90,1,1.8577009988148871,0,0.2639501609358949,0
647.731767360512,20,0.4121578466573155,770,1,17.39603302886359,0,0.95904696792045,0
582.1406896319495,19,0.2604083283680943,299,2,3.634333657514909,0,0.9380746097611729,0
1012.9775235876745,19,0.4058176125012666,203,2,2.3682918057675435,0,0.7108313407289485,0
496.27991494577225,18,0.0995107208633604,503,2,0.3327605168691372,0,0.8654101088450616,0
903.9134826843148,22,0.071027628223753,387,4,3.0213184419586203,0,0.861813110795657,0
1004.835373399488,22,0.0548327807857778,533,0,5.37528875754901,0,0.8553457640897792,0
3041.792036025622,21,0.0532177353960787,836,6,28.45525738719475,0,0.9151220210495812,0
3211.798046715842,8,0.354472965893559,682,4,7.217530522590815,0,0.8288123687337752,0
605.7923824033338,16,0.038496814006953,281,3,1.8957597250981153,0,0.7037989726999699,0
1513.621756581472,14,0.2863716560406956,302,1,28.068089553411955,1,0.6142800186648294,0
1396.5514023722324,13,0.2107542929218524,457,4,5.681726239325969,0,0.7013313784855166,0
566.1911381922785,16,0.0745111504042704,557,1,3.38104040381213,1,0.771543457522882,0
553.323741883692,22,0.191286048727203,990,3,26.2524154926043,0,0.9378529867673192,0
3086.0443665445173,11,0.2979546652866818,451,2,2.2124618066470134,0,0.8430276075153301,0
1653.2870040424443,11,0.1416438041717307,924,2,8.89799988727551,0,0.7969259408554432,0
874.338807082076,22,0.1235605574741535,856,1,4.318551449131035,0,0.9500504450971976,0
888.3910978628126,22,0.1861053653858049,133,2,1.199147994532055,1,0.6337271631964846,0
822.96200374146,10,0.2313451284308804,831,3,4.0937987495618975,0,0.9168495739310456,0
721.9449170820728,18,0.0509490260487378,853,4,37.73175685836675,0,0.885006486475477,0
2183.006640250906,10,0.2177183389046154,861,5,10.900081254918804,0,0.6745534136604595,0
679.5757207800415,11,0.269635237608922,771,3,2.9579128272821964,1,0.8377441395950237,0
499.717566085122,12,0.0640328404060108,993,3,46.794698458434304,0,0.8956449224157436,0
541.9056913157052,10,0.0503696408862929,59,3,3.914665822254522,0,0.6032907723758435,0
468.2771318944898,22,0.138412888495079,501,1,20.7635131614727,0,0.8289034435156781,0
542.3624079805838,11,0.2277228001026678,278,6,1.7780573955789578,0,0.8698550318459543,0
1171.5240721399307,18,0.0698903618193666,894,3,5.474414082262806,0,0.9256596320794378,0
504.0724250942385,18,0.1459617279390316,429,2,0.3573292754737312,0,0.9217274365323131,0
649.0449235981846,22,0.1003080601493597,102,2,15.474454252074088,0,0.8272533497139992,0
1120.3333758106105,19,0.2801645686229448,816,2,1.2370878773057077,0,0.8933303286923926,0
719.2372800884904,17,0.1996520941616646,606,1,8.247169110804958,0,0.7778999432374718,0
786.0400789964563,9,0.1965876914744536,354,0,11.092979368872818,0,0.6327277819413749,0
597.9757931428908,22,0.1458125373108673,125,1,37.76902001916885,0,0.8507203251309748,0
863.0440826971058,15,0.1177606299202946,435,0,0.1094614716396712,1,0.6321558242612638,0
2024.9893213093856,12,0.2203355912167928,269,0,4.543296797725671,0,0.8879239392482052,0
1294.2327032867472,21,0.4039760814313363,350,2,21.50113482253383,1,0.9683392281488254,0
1976.836105713192,20,0.1119051074821479,720,1,69.42916325776382,0,0.6900777654361612,0
899.6389023701448,13,0.2480505622298085,810,5,7.139697642201515,0,0.8563515920363621,0
960.2750213058212,18,0.2003537851198419,413,0,7.723105553123749,0,0.9376296741337982,0
1234.1878660735367,11,0.0609816117369197,86,1,3.5783586986971794,0,0.5542926965077857,0
426.6898998122107,18,0.2703611196643528,647,2,23.945396051941216,0,0.7894377502063061,0
1774.0518969619066,15,0.2211169544078531,153,2,33.86153481189698,0,0.7828805306353048,0
1249.4911365256944,14,0.2417478902517856,385,1,13.406825190289853,0,0.8853215260125173,0
654.9994758468284,9,0.0658536273489013,85,2,10.827064958290936,1,0.6009764146750742,0
521.9941303827942,10,0.2367790879182633,376,4,24.578488487613942,0,0.7138321493071327,0
529.4302453797686,14,0.0811693909518302,227,3,4.65152480235097,0,0.8533440100130903,0
410.51297651547986,14,0.4041898842739385,380,2,6.194972075580437,1,0.8702634551186084,0
1450.8769144464973,13,0.2461642396005747,262,2,17.021892841994656,0,0.9692231308540702,0
378.2575428708003,9,0.1321433105464584,355,2,0.4962303484990297,0,0.7958159810983378,0
306.74745637600677,22,0.5947770371423204,8,10,124.67776102565183,0,0.683227351543269,1
887.136383475937,8,0.1056480872474625,692,4,1.6358621645476377,0,0.9454997004141864,0
540.0246154539858,14,0.1151536918587484,718,1,12.445855853832049,1,0.7772545551456465,0
515.5712801060263,4,0.5517725982288626,131,9,437.83401897746865,1,0.5410141311252361,1
447.96165430930006,13,0.2766118171948962,910,3,3.6007065856295517,0,0.8810727165133062,0
995.3212390585818,15,0.0538828297452882,517,3,15.562130278808016,0,0.9487144391476228,0
874.0588500777808,15,0.1215181525223382,832,1,25.6576969627843,1,0.7198704616894345,0
130.7029778851176,2,0.9379114205287226,49,5,180.02919167860455,0,0.165743997811037,1
291.66976876545294,9,0.1783025658190708,327,0,1.960533733772457,0,0.8924465446826835,0
1355.5308722011505,22,0.424108935230921,952,2,8.62565114176381,0,0.7410835246657494,0
1432.2329153301414,12,0.0965109004353363,576,4,1.8957662333102008,0,0.5959363281960238,0
243.76145836956604,11,0.1466272102073852,601,0,10.677415892516944,0,0.7943981077168597,0
217.0489853437632,2,0.4301005406356144,188,11,390.49432046994855,0,0.2377245050569097,1
2235.8922024527046,13,0.1795281883470992,716,1,43.98048584121036,0,0.9334094782231724,0
510.72176525547377,18,0.3227119332807102,407,2,0.3669052254588466,0,0.908393677294146,0
252.23363327808096,20,0.1905804718590331,496,2,7.322555433046734,0,0.879506346594009,0
1172.3482905105295,11,0.2033311681807755,904,4,27.74540095473294,0,0.9017734927893024,0
3162.836647797893,18,0.1204942451615828,916,1,1.682023306735597,0,0.7869507730616507,0
647.5168134596395,11,0.2238629373297627,749,3,3.3947022320171083,0,0.6156240102709337,0
515.0118527711606,20,0.0869026381176536,556,1,38.56866226532093,0,0.6574612630637295,0
585.5402112377988,19,0.2389564365010207,550,0,23.127945068741862,0,0.7128242080638314,0
1012.6891677054596,8,0.1633515143850548,248,2,2.4347525595664643,0,0.7698622106919296,0
623.919410426671,21,0.1167758179247656,121,2,5.251542201917458,0,0.9770599212611352,0
820.5839525216055,22,0.112450407884611,728,7,3.7307514392204286,0,0.885566289551929,0
1855.3974115026715,9,0.4468783367528093,507,2,15.664715495212093,0,0.9550636727869796,0
598.1197022193236,10,0.1772008503633459,964,0,52.763262135967594,0,0.6112472035710392,0
1548.0284922650274,8,0.1930738077323948,809,4,2.3331372409648723,0,0.6515544829244625,0
721.4630600500053,13,0.4420078068898659,850,2,14.578673318040543,0,0.7728170109676045,0
1168.3692065433274,12,0.3557971019150622,305,1,17.79850893014387,1,0.9256534793228416,0
1185.8794775986992,12,0.1432341037756121,572,3,18.260535522852894,0,0.9316951382449136,0
1271.3605941808949,20,0.5740004515551647,69,1,8.400754055394785,0,0.8845672696847225,0
1729.4943962866832,7,0.2208104952347722,318,2,2.285877194706825,0,0.6603138571058847,0
582.9588571447035,12,0.030485939177329,933,0,19.825040769952913,0,0.8779017744902986,0
209.47192256602668,12,0.4450105927107224,903,0,9.115245813372946,0,0.9007213448961716,0
3289.028511527593,15,0.088684379793907,952,3,37.001124159686306,0,0.7389357654188891,0
869.3840320022708,13,0.4275987910261949,371,1,84.70764316836373,0,0.7854863958776076,0
907.9700307400929,9,0.3435298682403596,470,1,1.7630753160976536,1,0.9490670474238944,0
1008.0432918626698,14,0.1532708719644434,423,4,4.715118042742615,0,0.774849342574196,0
536.7324203531513,10,0.5002615320949881,373,3,30.49323487213372,0,0.9298044185880784,0
1562.7759649893055,10,0.1919308243052889,663,2,16.929871918977206,1,0.8136170356263424,0
2300.404127192059,15,0.0669126470135119,60,2,2.5200017521214293,0,0.9636233688815032,0
863.0946306826042,10,0.1519123695975039,822,1,10.45531995455387,0,0.8979451771094912,0
1141.2988521644745,9,0.2581206476110713,570,3,13.438493765322605,0,0.984411459288156,0
2436.693049181283,13,0.0636742981906126,334,1,21.063892258815883,0,0.5942763849371101,0
1659.8553343461017,17,0.3006618112698906,820,0,2.9901441345439896,0,0.8352787371542407,0
925.2644778262852,14,0.0682900027693692,39,0,5.950314963205084,0,0.9491407121904192,0
736.6691741095044,22,0.1328810609267417,371,3,24.98661483093305,0,0.9570231735000662,0
942.97966363638,11,0.2241952602014994,721,1,7.993684087959322,1,0.8024786809057995,0
315.5774539966641,18,0.201499396219769,343,4,23.14094865381128,0,0.7628737385012224,0
1499.7026673345863,20,0.2467549438988197,261,6,19.48168042057475,0,0.5824380850257971,0
706.4674062889628,16,0.0555491435136024,513,2,13.150529545414908,0,0.8472242394941427,0
966.2449287736348,10,0.0466051319338136,749,0,7.766283104534997,1,0.8981396901184118,0
1180.0653708413538,18,0.1786624502848765,330,4,1.9206147886248448,0,0.7548892739396256,0
979.8882367230094,15,0.0901689989271533,337,0,1.3418353179264573,0,0.9414402163598397,0
805.7059226727325,11,0.1389955414232317,727,3,13.127216796542578,0,0.6484317757490003,0
728.8456648025817,22,0.2216778640553477,670,2,29.769622320078923,0,0.7905188971723377,0
676.8351736334822,7,0.2702410512540937,308,1,38.992929308718914,0,0.6100386667169788,0
692.7002715150346,16,0.3116214091215196,443,3,1.1158606497733363,0,0.7064669307718343,0
678.0072257140312,15,0.1681012835993649,370,5,0.7969665411152069,0,0.9740791154550498,0
1500.1873170683962,18,0.1408481570363413,749,1,48.77526832304424,1,0.819327323814938,0
738.4905656846329,20,0.1671644380415738,257,2,2.043117230497369,0,0.8550178889206089,0
838.846126930997,16,0.023723552040809,702,4,4.633953045442852,0,0.866416248941514,0
1301.4656052934145,20,0.3314453227112411,445,1,2.431006631671642,0,0.8526353828132476,0
1407.2820819190897,10,0.1339417843181218,848,1,4.4145816936782625,0,0.6634438933240084,0
77.17097836492295,0,0.7105338986269838,117,8,3.5803078544292672,1,0.2291480515902665,1
827.527806779949,7,0.2901420767237777,903,1,9.4561811949533,0,0.781165964648502,0
798.2570724075159,9,0.0715113000023324,933,0,11.665341964995998,1,0.7824234673357423,0
779.0412758608122,16,0.1841725762919522,161,4,15.450248877256287,0,0.9353807283960736,0
931.771836958036,17,0.1907939413689627,840,1,10.35182146991792,1,0.6066070308785223,0
1307.874945473297,20,0.2327880756892006,757,0,5.880621210022083,0,0.7520101301389595,0
803.211863303954,9,0.0503163990878822,469,1,17.82065033767123,0,0.7391313592949207,0
776.2505871204095,11,0.2013717602571616,362,5,11.532251745077977,0,0.9156332963376732,0
480.19661939150967,22,0.1906370828524781,527,1,17.3005658464833,0,0.8180032706768687,0
718.9292569810325,11,0.1468510460612688,552,0,9.538517959664892,0,0.5691279869584361,0
1070.612096801263,10,0.197197212891656,771,3,5.946600224503685,0,0.8167107047265743,0
817.2865020726323,19,0.2167919064070992,923,5,21.42973485496547,0,0.9057431295162208,0
683.3794751763392,13,0.297478150957161,938,1,30.97105696113113,1,0.9148938235944748,0
1947.9616075050517,9,0.0512550465391711,846,4,20.70001579761666,1,0.9177572883465098,0
573.2153820029835,10,0.036850700777568,758,1,9.583941464746845,0,0.8486140941053183,0
1221.764669471597,18,0.3427063131278423,642,2,19.68212153277432,0,0.7484222076802503,0
571.1150303225542,20,0.108730765977069,904,2,5.172682475146859,0,0.918613770945758,0
729.319198664184,9,0.1604734912339136,298,2,32.15815334106599,0,0.8501526507808845,0
723.115432689544,8,0.1847056286650214,924,0,35.66985516726159,0,0.8632941168376658,0
1854.4412537170551,8,0.181866297529363,999,2,4.1478813172038205,0,0.8237453328763085,0
1039.570849796076,11,0.4357493080504947,758,1,33.395692715849016,0,0.8171112870065241,0
1369.0470146695675,9,0.1393599460624848,619,3,21.18665247302196,0,0.8028122811482512,0
822.7953325671216,14,0.1610973330285847,703,2,0.2403159038777732,0,0.6333831943356556,0
1314.0841876808036,21,0.242432115411001,377,2,18.786675862921076,0,0.8764920912206562,0
444.4564811331567,10,0.5320377926560994,769,1,2.2033581587611906,1,0.5630839892920393,0
1029.5465474611112,12,0.074486934741342,532,1,19.77059715233689,0,0.9654373978612976,0
570.1565025308105,8,0.3879576110242563,291,4,44.90629157750011,0,0.757946727104934,0
935.475255862023,22,0.1464227641257222,634,2,17.817825439938915,1,0.7818552355940742,0
619.6264397346381,14,0.4439243146696295,681,0,6.524225271246236,0,0.947956261084968,0
825.4784688756195,10,0.3926372445822719,697,2,11.677626004920318,0,0.8783662974614451,0
1009.2088357195034,8,0.5217507154880744,982,4,3.468947303849712,0,0.8117601563196459,0
1783.070676237149,22,0.3747500979467751,125,1,2.347854078635813,0,0.8674612389210206,0
417.5267308645013,20,0.2859797208622016,757,3,23.06449644140016,0,0.8673361645609869,0
830.5311305975118,13,0.3353624936062992,888,2,5.577670334391604,0,0.6759919804741812,0
1854.325623575201,11,0.273921391067246,291,1,7.068035859735651,0,0.8318589988852405,0
1040.2505798223397,20,0.3471914456099044,560,0,5.2917624202352815,0,0.7418268063489146,0
790.8457081348398,17,0.0912771649040267,826,3,8.007683479810833,0,0.8209726051443256,0
1124.619230969004,18,0.0726118008993424,353,0,7.539305494037968,0,0.8841138977181503,0
420.0137319087976,19,0.1676714624558615,686,4,1.470437315724998,0,0.6414419859097213,0
903.0381608375172,8,0.2369688837791338,611,1,2.7407134143731136,1,0.946265135795706,0
576.3557763121793,9,0.2241227140214048,472,4,8.467994457841733,0,0.8073725905538245,0
898.5321472087343,16,0.0336982031874904,734,3,8.545331963907332,0,0.8634692244425598,0
1318.8140138371289,16,0.3867465598264661,161,0,12.150307123665922,0,0.80469453447941,0
1007.145153449862,13,0.1414673639634768,850,0,11.645055056885887,0,0.6995839713532598,0
1021.4643551473132,19,0.1150006574805017,162,1,25.20993372722054,1,0.8585801029238246,0
822.8803270739636,8,0.2966515681260404,804,4,16.912239236030015,0,0.7014077386200881,0
1640.6435610454787,19,0.0632744054967742,653,0,1.530874885784372,0,0.9200765305135674,0
606.846507794144,7,0.3472213318706876,462,2,0.7698745809807683,0,0.9352781425644788,0
356.0741336614439,22,0.0905887191991383,926,1,1.7149825638698264,0,0.643306921794939,0
1851.6987622452325,10,0.3843953076357754,942,5,30.18979487712088,1,0.6566376407167862,0
314.41076580992336,9,0.1290360684829741,649,1,30.571808561519216,0,0.6418663995780594,0
767.8928095577556,9,0.2200280072440629,648,2,20.024830823884283,0,0.900330649725025,0
705.2500299379178,11,0.1932397343530563,149,2,0.4504382122928704,0,0.9429149765946168,0
866.2495273460372,8,0.2289540798206174,452,1,13.957340512819702,0,0.9129320537240662,0
799.7046604777769,11,0.4323013353469709,858,1,13.842886296363863,0,0.664487366485897,0
907.4805960205272,7,0.2350500603257891,458,3,11.211683196866389,0,0.9394949255110386,0
778.0430296891515,9,0.0962202039032266,843,2,6.56532696777314,0,0.940973742344142,0
420.177988175946,18,0.074301455986136,724,2,9.902242389304735,0,0.7605810829590207,0
1087.3321474910465,7,0.0828566259654542,644,2,6.087797081599653,0,0.9840410175710808,0
1536.5899146004024,15,0.2632531433860207,406,1,3.0650736141676895,0,0.5382037348023719,0
828.8928400021149,19,0.0736884826798034,685,4,2.1138015412433364,0,0.8956099295487304,0
1172.2672724384977,13,0.0946871720224735,202,1,34.56962281925016,0,0.7345072116593964,0
789.5923915641122,20,0.0908963737538336,252,0,7.039351548483703,0,0.912217067560536,0
1054.7991182709904,11,0.5487870122484749,899,2,10.450062677507647,0,0.7660792289915693,0
198.83354189605944,10,0.2171866176804835,668,1,23.78476464126348,0,0.9694565012042584,0
1406.39124871955,21,0.1782848277799539,965,4,6.12313961687783,0,0.8538903055413185,0
2212.150852852778,15,0.2493965667065187,904,3,21.028890604553652,1,0.8123819569505538,0
2370.069899616054,11,0.1184692726587853,894,3,51.5788773393265,0,0.7863349447336991,0
1073.4249855532478,10,0.3297731064914642,423,5,15.486130537458308,0,0.9675545518960812,0
437.2579058282535,16,0.0968896803608173,358,1,0.95853003143091,0,0.5568527906349252,0
1221.3864456129654,10,0.2484741127530078,442,2,29.944896134971156,0,0.8129044443126234,0
1513.3139721810846,15,0.2476300863981045,962,2,10.605406386742018,0,0.632952611622336,0
1122.8411661922803,16,0.2215670939305999,327,2,24.499346356647727,0,0.6597377784689661,0
1276.7783987503026,16,0.1351933490213705,134,0,2.1303636557815935,1,0.8405618972255291,0
758.0803317242994,20,0.1354139766232352,709,2,17.477531380741233,0,0.7473103944632286,0
642.6334889171801,7,0.3562056960454574,769,6,27.32118707449781,0,0.8216100121203145,0
304.9309030400185,5,0.5488159514999031,60,14,78.35355463174223,0,0.4975685325151158,1
960.4117104161036,9,0.1661491957460831,371,1,9.221641300688226,0,0.6524611656159733,0
629.9137485839972,16,0.2845594769727031,336,1,44.05155675956134,0,0.7001071677081107,0
878.1248411426211,14,0.3800361611756241,276,0,30.542338170066095,0,0.9161873584171016,0
1173.7291281058065,8,0.0699897981730991,283,2,3.4829820044066615,0,0.7164536333568443,0
623.1596767099525,12,0.2879503867831433,928,1,14.020559863971854,0,0.7417566256176774,0
558.0730037645941,17,0.1109748664797489,96,3,11.277168439069518,0,0.7293322512339566,0
513.6929836576795,22,0.4567986085220023,561,2,40.68748245954844,0,0.9280123367204884,0
1480.8459524240868,15,0.2844121939109533,804,1,16.025127849484523,0,0.7507294371194515,0
842.7701187867083,21,0.0863824496310497,768,1,26.18789440079301,0,0.748311035795239,0
482.3185288633446,21,0.0349011177988953,237,2,49.22298304263593,0,0.8808897810027765,0
358.1436279413556,13,0.2548184530479166,993,0,28.19711737857881,0,0.8583829127618291,0
958.5965862386512,22,0.1041868988514473,120,1,3.305031613960397,0,0.9237903655165816,0
1074.9967844332466,18,0.4656806383597817,338,0,12.704323987484608,1,0.6822651283630519,0
172.02055378509064,23,0.5747760941784261,46,8,122.40746753626094,0,0.3806218637995412,1
737.6969649133264,11,0.1249283661616977,885,1,2.6575087133346185,0,0.9606867435301636,0
1173.4545237673135,19,0.1110222588687237,766,3,11.660513602844167,1,0.8617744123586536,0
1005.5230972804852,11,0.2267892189571813,716,1,1.9765116888792431,0,0.9642314072642604,0
1143.1149194982015,16,0.0521575460924921,743,1,1.0363028402746646,0,0.954598816637868,0
1384.6057750637287,19,0.2482284028992548,242,1,0.4592316286474661,1,0.5798251934093912,0
591.8837150531664,8,0.1191187693668608,753,4,65.11663828789601,0,0.6318544975200098,0
1320.608627371582,12,0.0713288434038053,582,2,18.8060514047926,0,0.9512767355498356,0
309.9129428281216,11,0.285611526647908,155,0,9.965610925477076,0,0.9568139598373482,0
1235.2338657554303,22,0.1799621987811109,910,1,96.29673551707712,0,0.7849491118558608,0
515.7103544145118,10,0.1336330028448204,568,0,24.66989432147213,0,0.7375980260198558,0
1469.49996800715,13,0.0906769426425191,910,1,6.3692988045514465,0,0.7942771269043118,0
1640.3824674902971,8,0.1064667294375433,966,5,16.606463568659287,1,0.5182741880959638,0
1046.555182605034,10,0.1518674550760702,367,1,25.976645777640968,0,0.787651191997096,0
1111.39344040448,9,0.1021415069478917,993,4,49.44570529966448,0,0.7736298160941629,0
1511.0002194031392,21,0.0106384637488578,568,2,3.180607612387832,1,0.9643701876520028,0
1061.9352877931065,20,0.2099900277813624,67,1,0.2438385361193717,0,0.7650038782801151,0
732.9419812083154,17,0.1518690214750114,151,1,9.700307829192042,0,0.8321604946501403,0
854.8389854689724,18,0.3622802386977398,187,1,24.994445680920993,0,0.8374262001076925,0
399.9767408722751,0,0.8434967436097036,195,8,16.226908310428875,0,0.3804539336902847,1
771.0457143139251,18,0.1570821958097887,44,3,8.302663481441865,0,0.6799697171562229,0
1481.0801601978965,16,0.0402415415720954,414,3,17.874747287024036,0,0.8358761510785169,0
770.3277438772803,10,0.354820141923004,586,2,10.50320072550072,1,0.7956650383259463,0
830.2062217166629,7,0.1994085087242491,505,3,8.625800060484504,0,0.8342371864614642,0
635.8233377213168,14,0.1981070598713153,392,2,1.0226829744728998,0,0.8156965184525555,0
360.3457629148599,14,0.1885285674002162,207,2,12.229436345754795,0,0.8414778491217622,0
1066.750909360963,9,0.4501153201992738,163,2,0.7236490082258109,0,0.8634906129437895,0
1453.198639381001,7,0.1110141821662793,629,3,17.848196275550812,1,0.968872673842396,0
355.03490575817847,7,0.1307930607146989,31,0,5.987741314219863,1,0.7990798336012777,0
894.6076278976074,16,0.2152710203219982,784,1,12.004933463216242,0,0.932840675121532,0
941.3448687798898,12,0.2439536232510522,609,3,25.81190870448329,0,0.5929682691326522,0
1375.2103864879057,10,0.3306553670999096,564,1,18.984896475774647,0,0.9364758638565406,0
913.7657320034403,16,0.0925020821209709,451,0,1.5173162724245222,0,0.7980316481997055,0
567.8230893709881,18,0.1112645072130599,683,1,12.771106886092404,0,0.8415522298513619,0
1056.2412512905971,20,0.1561653128582099,957,2,1.1108746309233897,1,0.9680082082447944,0
1346.394109550897,18,0.5250952398513915,866,1,14.741007027634184,0,0.961719744870308,0
1165.2107817731862,18,0.249041389180247,288,2,6.195524771825018,0,0.6861031200790023,0
622.2668840458022,7,0.1730001864746526,94,2,38.02578955149093,0,0.7987788370389641,0
834.7899234888044,13,0.1238717862531173,791,2,3.2902843409556146,0,0.8769594687178743,0
1286.7434991172029,17,0.2031790140907978,770,3,46.37964057998149,0,0.871919704514994,0
2082.97796716792,17,0.2556807141638652,157,2,7.164321484139952,0,0.7979455038179275,0
1347.4217019115056,22,0.0978622611325667,375,3,32.961594250340326,0,0.8667371486411144,0
918.3730158812598,11,0.1640256037782139,707,1,21.589857678505172,0,0.9312966106411126,0
1697.4950305659231,19,0.2347246405891536,800,5,9.281548447605232,0,0.856851998846438,0
1921.2243228130424,7,0.400152643819152,135,2,3.876100399320329,0,0.9699056878241736,0
734.8261468225005,11,0.07707222772204,942,0,18.06668511374608,0,0.9153736811667904,0
453.0243356332751,7,0.0861387050589534,225,4,5.195803620860064,0,0.7032772320547326,0
479.5462905088057,21,0.0756521059450606,490,2,2.7488816377393586,1,0.8278597320152997,0
433.8626991739676,16,0.1978470926327289,40,2,3.963781468195919,0,0.4365330933170891,0
500.00135318757697,22,0.0650445383245448,390,2,0.5228154103585148,0,0.7660049933363733,0
995.7692041755748,7,0.2500527793745353,82,1,23.849393783910937,0,0.7735177291589194,0
465.77740418222055,18,0.1154956488727064,158,1,3.367853741866107,0,0.9363393654202654,0
734.7725362397523,12,0.1985071086044491,956,0,0.331961168194268,0,0.6938499542033824,0
763.008170456163,15,0.2127243459510732,252,2,0.1437166234312684,0,0.7801114902429239,0
318.7160289087227,14,0.2733601347803613,275,1,1.9962213811876557,0,0.9176370292154994,0
1008.2451951777616,11,0.1225846120573387,232,3,12.889582149221336,1,0.830231516218799,0
1404.175904176984,22,0.1692508664024906,810,1,21.681999145705284,0,0.8364374226505752,0
783.6459912933509,22,0.1153328642503667,954,0,5.20730175062248,0,0.8942283906414341,0
363.19626900914034,10,0.1554531015482842,79,2,2.5844022656487375,1,0.4714248773500161,0
805.1967078525992,7,0.1960349156380045,334,1,6.8835469605561075,0,0.888407535380682,0
2038.4517600151023,10,0.1185043886415318,201,0,15.581611514717649,0,0.6636012141630128,0
838.7916461969788,8,0.2273232095168705,892,2,2.7068176403419533,1,0.6628664561348435,0
943.9050109660084,19,0.0995636893515815,427,1,13.963850059213696,0,0.761719428174461,0
798.6451786479035,7,0.2591429739531336,629,3,19.12785757624378,0,0.8658278034066356,0
1228.3681938471254,22,0.0144197359786685,171,1,25.321781386826636,0,0.8702497318702044,0
1085.372231383005,17,0.0509454227901878,971,2,27.31115680384476,0,0.5584069624181446,0
1728.5482128442277,18,0.0439495259852651,349,3,22.275748663095715,0,0.7386026088221271,0
965.8671227032244,9,0.1285932809932443,53,1,17.97377014583387,0,0.6620131450247972,0
1034.818842026746,7,0.4232205952226018,591,2,20.201737817141925,1,0.8119868612333556,0
928.5170264761672,22,0.2679485513067843,336,0,5.6401823782038,0,0.8757884059358557,0
1135.564443567493,14,0.0648666893971328,342,4,42.262410821965936,0,0.5571950974380161,0
697.2337289186651,8,0.3927911751919942,649,1,0.8631968683736164,0,0.8749056178835406,0
359.34907993401333,17,0.4730007222139098,160,2,12.247168376133596,0,0.8531296963187914,0
696.6066771948379,8,0.1413934148256009,267,0,14.931671484572965,0,0.6635120883811927,0
427.717586303094,15,0.1609713411348386,267,1,18.436625735964043,0,0.7261669924987949,0
444.44643454256345,15,0.1163590259643806,99,0,28.52032748286926,0,0.9699423069393662,0
2401.31499788427,13,0.3111793472139775,89,1,3.70560543548391,0,0.8653201791008455,0
1212.1466309699615,21,0.3063049474286595,622,2,10.951511884942846,0,0.7473314108105545,0
757.7246787863614,17,0.3051569671645473,166,4,7.26248002505803,1,0.794785601523197,0
721.6892089517403,15,0.0891034438033178,749,0,22.808167975527734,0,0.7901270702175358,0
1270.19572031306,10,0.4137447839811638,230,2,9.09045398711896,0,0.6998440462703798,0
1111.5692841969778,16,0.3465997804502448,153,2,8.107680380658525,0,0.7904126109698358,0
757.5651214549647,12,0.140056161802803,73,1,26.42700687016404,0,0.6788986109084444,0
914.2130896402552,11,0.10444559288703,996,4,1.6425354144723805,0,0.6878341906157227,0
1399.6832590702932,20,0.1025695193191478,745,2,27.958052482729514,0,0.8259317784928917,0
1491.5598764801878,22,0.3676191138539676,820,1,18.554908559142373,0,0.8259801197861951,0
458.0415435484298,22,0.2690957397910718,335,0,37.42087672325864,0,0.825113040432715,0
740.680574405491,11,0.0700398723390072,764,1,7.232405677333803,0,0.6156125895099689,0
1186.8401969505517,20,0.0842633619348131,219,2,3.0195389307619105,1,0.6609210781728336,0
909.8565066017478,10,0.268377963569654,760,4,4.088750692319269,0,0.6028684044445264,0
797.4275784736602,19,0.0588035378444059,303,0,4.031592873216024,0,0.82623796813327,0
1372.5840645062965,7,0.1796225136071632,466,4,4.1738644705564285,0,0.9680134010318092,0
2009.1959652556827,19,0.2939487139218583,385,2,5.943835264279847,1,0.9308898457967708,0
1355.3960143763115,18,0.1720892869803191,153,2,30.535388653758204,0,0.9513438112335324,0
825.0890648085533,8,0.0392547107640087,658,1,17.96695297230048,0,0.8451010825443978,0
926.5629994696176,16,0.2122750141180038,164,3,13.710863161920056,0,0.8235456418660215,0
1478.11582089176,19,0.0438011666301279,314,2,25.2041997441633,1,0.8544169588135313,0
902.8388902570052,12,0.0835411956351699,455,3,13.993928697777218,0,0.8782619163992141,0
803.8115701622294,20,0.169983800308099,430,0,32.84378745068455,0,0.6519605254790933,0
592.8490287504827,18,0.0539351815945677,865,1,1.3870506526488504,0,0.9783592269307748,0
583.2929696522638,19,0.215507562635188,492,1,0.7937983806201834,1,0.8365259569262601,0
888.9726981494453,10,0.2015905523191239,342,4,4.5839745321118786,0,0.91568726873858,0
609.8300052062024,13,0.2429680229038599,310,2,0.3894070036496244,0,0.8870972769521513,0
720.5129232861036,16,0.1382176227300641,472,0,1.5883712828948746,1,0.7110003808229413,0
815.2798911579138,12,0.0916151691390709,835,1,23.949126770684213,0,0.4706274101720825,0
615.0118292003967,11,0.4413077005480433,960,1,4.203446565306453,0,0.8830392064414345,0
467.81938106476184,16,0.2147304191739123,46,1,1.46327989117845,0,0.9034405688115456,0
1082.2587346693504,18,0.0937437578774048,525,1,0.5276096557919094,0,0.964226862395342,0
2854.8598015491557,13,0.2042431540788277,307,1,12.618737663886026,0,0.9521140008512768,0
871.3599350148363,7,0.3176055547821713,479,2,3.9156351230418904,0,0.5899694382613578,0
416.6803226929052,9,0.3870527463839823,254,2,1.8945882368541385,0,0.7604682174705011,0
1574.0496884277245,9,0.0899397898747058,202,0,12.09441631453442,0,0.9646149183904908,0
670.3635042140908,20,0.2233171401154015,760,2,1.6338423325666165,0,0.6190487645497756,0
1440.5414632854092,17,0.2638426234994557,213,1,4.092045695036755,0,0.8833835835133738,0
693.2360336724437,16,0.0620830377668913,527,3,6.703436890928136,0,0.3202062892271962,0
2451.473329472398,15,0.0665708841100646,818,2,1.4542323578693015,0,0.8233066142128919,0
665.418930250537,20,0.3237650978943087,593,7,27.219167766949337,0,0.8360457839783645,0
669.5192645351711,17,0.0886937111363346,550,4,27.05072228262,0,0.8934979472187607,0
968.88297481834,11,0.198996495439684,969,3,19.86668623639264,0,0.8143238129850375,0
910.52179742279,22,0.0586347574812796,236,1,5.914263368972802,0,0.7043793074032362,0
617.4320863130413,9,0.3325481716985978,123,0,21.068838939676223,1,0.7568129470153934,0
904.4563998880228,9,0.0178513331114004,775,4,15.933694262773455,0,0.535559971798733,0
565.5991862063712,19,0.3041384747200301,394,2,1.053884576151735,0,0.9011718273646492,0
1083.4811782900942,20,0.2180916163197547,618,3,12.3176075629877,0,0.6201042114056337,0
692.3560562412263,17,0.1179629625773074,825,2,12.921307504114951,1,0.9593344154621852,0
804.1954640731902,19,0.1856601799160668,517,1,1.2872589087378812,0,0.7663800287544484,0
403.3542932942927,19,0.424092928518208,778,3,3.0962473491879043,0,0.9243412067568492,0
867.0696686816055,11,0.0963409702895179,328,3,9.816945677279582,0,0.9121552925194774,0
940.0971877349126,10,0.113564501113788,786,4,6.3980015290543655,0,0.7530103858643,0
663.6253934636898,13,0.1447420825313383,696,2,35.99710102811043,0,0.9383023586659064,0
598.9320811007578,7,0.0839983871637813,235,1,4.550815787769096,1,0.917670638207721,0
617.6055173835689,7,0.2677761056317492,768,4,0.9445480754275434,0,0.8328150891962699,0
600.4747752736597,17,0.0653526850240903,833,1,11.3995425478543,0,0.8655698583295098,0
1481.5610850389794,10,0.0866495698024513,661,0,6.869039643153298,0,0.8300187559756799,0
1647.7460779963926,14,0.1860697740627461,88,2,37.56423676179666,0,0.8326030768067041,0
1919.0375408455575,14,0.287442794306926,759,1,18.65380362876537,1,0.8634174508425191,0
528.207206413756,8,0.3455249538751078,214,1,6.459405018069065,0,0.5349176604361742,0
969.8328043996452,20,0.3436965173752445,798,1,12.021832575755823,0,0.8651578102610676,0
977.8115971591428,19,0.0691742609958474,411,3,38.6641390308114,1,0.8333932408209523,0
283.64677267628673,21,0.6543641751111503,951,3,19.36594524600252,0,0.882107305160667,0
873.1533932995562,19,0.176426606987194,693,3,9.093749126149088,0,0.6711322019237466,0
1185.230700766817,8,0.1307255803959861,581,0,1.3374415440235148,1,0.7295808864109953,0
729.250397016819,13,0.3703659550963292,525,2,9.529219396903532,0,0.929451167206084,0
979.5208060515424,16,0.0867303394960931,749,1,17.137510525378918,0,0.924400428336656,0
1160.949103264731,7,0.3036586595328765,842,6,18.497717116032632,1,0.8988625711202541,0
905.2497034734172,9,0.2354283646832704,296,2,26.0194787758998,0,0.886308980616008,0
394.1371494824254,10,0.0903547096366649,201,1,10.463334030692511,1,0.9114018484199669,0
992.2765116551052,22,0.2114153292868956,987,2,7.875228314620017,0,0.9270814460478938,0
1184.7520471601026,13,0.2011972904218414,148,1,3.46728153973972,0,0.9608460811769384,0
639.8222072302493,19,0.2274060133101914,413,3,6.099600116041719,0,0.8854909262237161,0
839.8290546194245,15,0.2890753197815939,798,4,16.88928027961856,0,0.6730007915242826,0
1098.6396281891284,9,0.046709350162482,96,0,0.4831673165750434,0,0.8108037775984025,0
1800.0023962869989,13,0.2109950621900793,655,3,29.275819817639075,0,0.816288296428489,0
1043.4640880842703,8,0.0155013835014765,231,2,8.221117674265125,0,0.6631958508201701,0
687.3745819784617,15,0.1063077423088381,57,1,3.885010477642951,0,0.9788614213198068,0
1387.1362719956046,8,0.3399362007891026,76,2,8.019520386779924,0,0.829496850963138,0
392.9032394640809,20,0.1619179611667424,135,1,37.4771805713273,0,0.8992924495921801,0
744.3767770375381,18,0.2077040611095458,421,2,3.2711677440069615,0,0.8784187118200547,0
1557.7126466491284,19,0.0904857673074568,332,5,51.64054365711439,0,0.936066828003164,0
539.3422762018469,13,0.1009692812974254,801,3,4.586832012804471,0,0.8958494210821072,0
1206.7497554999588,12,0.1188712475587046,972,1,7.606213840720066,0,0.6171943442758533,0
283.4944558430166,17,0.2513744982940535,546,2,36.8973755019796,0,0.6505290168285054,0
742.2363810567982,8,0.1958710391953325,873,2,0.7596107576322044,0,0.9327419010306244,0
1048.8272604756194,8,0.0719353797021538,844,2,2.069423302833409,0,0.8549848072562202,0
296.96460663407663,23,0.6896306680050859,167,10,118.21999947500947,0,0.857475199039693,1
610.7631347297398,11,0.2117337062045127,205,1,1.6414210960872009,0,0.8128320429204338,0
907.2653650232968,15,0.3826088623811582,76,2,11.906911278811434,0,0.8579396739869348,0
749.3132392316231,8,0.1465868316610465,730,2,7.190923400322899,0,0.820653480266666,0
1115.5171430358168,14,0.2376262251722471,77,4,17.330891517420138,0,0.7671825759431548,0
611.8568510440638,18,0.0453572649241855,340,1,12.391821782360813,0,0.6076696403762968,0
735.5130477137906,18,0.1575215706310899,775,1,0.62496119565109,0,0.8019086243203856,0
1244.2609748975185,11,0.2160964817358743,652,4,53.964813817766775,0,0.9280057881927312,0
1582.9379729421198,22,0.3417580173873631,327,4,24.578736931110367,0,0.7074657924700934,0
855.8990223361063,12,0.1519828545346064,832,4,23.124343680842458,0,0.819723421412198,0
652.5382977221789,19,0.2538086603290617,701,1,50.08942430257598,0,0.9043984843583138,0
1301.0514707877053,22,0.1673546531942619,621,2,1.321311888512552,0,0.8323936689301916,0
1253.9002842765542,15,0.3844462310883897,257,2,2.2679919631571543,0,0.9334174468766312,0
1268.1176241980447,11,0.133922739322694,327,3,16.748477119095657,0,0.7716220800185913,0
1489.1136696830508,12,0.0972643227992344,841,3,17.611623775652173,0,0.5790397495180251,0
1365.3274630311698,19,0.2686904860466578,352,4,28.964611579232137,0,0.5464125565625336,0
647.2514350163042,22,0.1663196441791497,353,1,3.75101315282473,0,0.541167834525846,0
298.69231101760136,18,0.2480051310112196,717,5,22.68684129989546,0,0.6735376248971756,0
1175.9265264027551,9,0.4253052975538144,764,5,83.22041076793906,0,0.7405838939263946,0
1240.5278683089216,10,0.0384802120132307,185,1,15.478739305251237,0,0.7701604537350912,0
824.141056749982,15,0.3597262503980127,189,2,27.5315880646049,0,0.7236350265996487,0
1090.4907715809425,16,0.085095348019581,126,4,7.337505755701844,1,0.8569488158813392,0
789.65043153793,18,0.1522360921587433,414,2,30.390514689846352,0,0.89317008751157,0
825.0304820935388,12,0.1626641695071468,666,3,2.27726445780875,0,0.9056640331030396,0
413.7154272636557,15,0.1928251854639628,398,2,16.727838299706093,0,0.6807572512092797,0
1805.144890964049,19,0.1830178616814285,302,2,16.30930462027092,0,0.926246038718188,0
415.8209139285716,3,0.7167086233811198,197,6,53.44964686672477,1,0.1583822189439774,1
1516.4693867536448,13,0.1949619516021173,217,4,17.632832860819715,0,0.6607246047207673,0
907.910593956078,13,0.1107190331797585,177,2,20.405937409042476,0,0.8822370208234486,0
1132.177717586693,17,0.2811362691241946,976,2,10.215687652438696,0,0.7306348639812564,0
1139.573230713022,7,0.0644618100931298,344,0,3.0720998834612416,0,0.6995242226921733,0
707.8560852616661,20,0.0887400567172439,152,1,7.533946532536881,0,0.6052792668961294,0
464.86707426983565,13,0.0248381927547071,697,0,4.9399396064123815,0,0.7630812570136345,0
1305.0826277978636,17,0.2114219678147788,397,3,16.466405217222324,0,0.7656710369431348,0
1852.348741794608,20,0.0701982216069591,617,3,17.586985750114902,1,0.7704447935737726,0
1642.959582026583,19,0.3464737521515002,492,1,24.489044085839183,0,0.6242875518567937,0
981.8287270024044,7,0.110275097711882,519,3,3.308475687208725,0,0.8469536356219489,0
837.7255843704278,14,0.1251856042650723,400,1,33.617209004576516,1,0.6367512559501083,0
1698.598220739815,9,0.2672573253552486,839,2,0.0798840147994549,0,0.7516885863690074,0
1067.2724706352928,13,0.0549447074494822,815,3,2.7286686415272468,0,0.9332224856526964,0
552.4806337253411,21,0.0578210080081729,146,2,4.870237639974276,0,0.7347191447928042,0
913.1274814227628,16,0.0853112431324766,351,2,26.683669974286857,0,0.9674943029659836,0
1578.4376423930603,22,0.1927577760658265,921,1,24.450067391040584,0,0.7595793149495744,0
577.9720054494594,19,0.1842402820790681,116,3,11.596849608737571,0,0.8928415246882837,0
1254.7811180099827,9,0.0867163062801865,172,3,5.4364193824141465,1,0.7835779866004633,0
632.3377667658066,11,0.6004213397483175,773,2,19.034429962342447,0,0.7185783796332,0
1160.318413490219,9,0.2093869955621773,831,1,7.770525415089013,0,0.8563997201760388,0
1765.3278748764756,21,0.1669454385124294,515,1,1.4607460651468662,0,0.8079498766241932,0
1634.0363041683013,7,0.0719713670069145,810,0,9.12198825328836,0,0.7030095973919152,0
804.6205035568779,18,0.2113490019071807,672,0,10.428646643473549,1,0.8499849553224658,0
464.56253405601575,19,0.0890714611832388,955,3,9.1587174454473,1,0.6719430163012636,0
485.7992518397429,13,0.1373090211287761,861,2,46.52331378466339,0,0.7447601877569138,0
1007.8172946124232,18,0.4152321853680576,787,4,20.338050871467026,0,0.5541179567576855,0
898.160036955353,8,0.1575589792813997,337,2,15.253275141180588,0,0.8045385631534461,0
723.248135341729,13,0.3578178360342803,777,6,1.9064716457224864,0,0.6816174235873026,0
381.3428762829151,18,0.3540378290974956,809,1,22.460201873635132,0,0.7063552965795672,0
899.6623338875729,11,0.1589863886514179,37,1,35.0363640515227,0,0.8299452285384248,0
1086.2231041001403,7,0.0549895488418365,833,2,4.8073397971847385,0,0.8623617188139203,0
649.1958073607974,12,0.0369406191465796,766,1,15.81271041884849,0,0.805351372822352,0
621.4597744541322,10,0.3555111602849796,388,1,12.247982136347764,0,0.6943865998235371,0
1355.050671881452,19,0.3873865135510745,866,2,18.000836712166187,0,0.8052050926195983,0
373.54097704613616,12,0.0675372914791382,365,2,6.6741983228078015,0,0.9848152449217524,0
1080.40324667263,22,0.0944270628921052,771,1,22.963412597448087,0,0.8049429794456385,0
314.02527611243335,11,0.0951817100816479,186,2,20.63570543054469,1,0.9266607445740238,0
1093.9459362737118,22,0.0347243561052328,940,5,27.716776561944727,0,0.7559061250313767,0
677.3180200769763,14,0.1681886517610591,624,2,7.261152761345766,0,0.9624315037618792,0
952.100958573246,18,0.2315814505265017,804,2,12.703812610649802,0,0.5954849522614191,0
547.8327505042241,17,0.1735890675220254,756,4,18.708946772611903,0,0.8453582930770073,0
1358.060318085134,12,0.0591281200256599,518,3,3.3454546604518343,0,0.8098135017424531,0
1039.5256409289875,15,0.0437236530171401,666,1,5.724198169606247,0,0.7414057176382818,0
367.4137366617024,14,0.3640850801131973,49,4,17.202300573311323,0,0.7621953291470666,0
638.7509904451514,9,0.235668819995571,324,1,6.05692961509539,0,0.6037274000488903,0
1232.0612034581377,17,0.1392215134242799,489,1,2.540882796420463,1,0.6582532782903129,0
952.0067947234894,18,0.0705575681485079,258,2,33.17143193630471,0,0.7586870739363938,0
1127.5372211313447,19,0.4261674806162624,774,4,2.2785117870377283,1,0.8104227091720694,0
921.5494194849128,21,0.5123506382964458,492,2,2.417965999041764,0,0.647487159708123,0
845.2154400649257,22,0.3686876158008944,290,2,147.29397156703618,1,0.9014767350049064,0
544.0851227823243,21,0.1855996138224896,670,2,0.4724100915989982,0,0.8501269224229308,0
1183.8207193922603,20,0.2804835455940951,744,0,0.2594142795275777,0,0.7962012853749063,0
1129.087441211561,16,0.3912219402019197,366,2,24.85515005639682,0,0.8081432343982694,0
801.7937342209005,20,0.0965517433245831,454,2,15.68567157118695,0,0.7877373132111811,0
697.1182799427174,15,0.1396153455009024,578,1,2.4837212390406256,1,0.6823436413484695,0
546.2084709838505,21,0.4922913775794811,152,1,15.291725151780572,0,0.6956825436333444,0
1871.5255172563036,14,0.0759772714930063,383,3,11.03592152677242,0,0.8214718707190951,0
841.3252154339359,19,0.1694475423828049,866,0,0.9641937792744576,0,0.8681106365037412,0
1496.16484345572,19,0.3023828429727743,291,1,6.478555076170573,0,0.9170333694949452,0
1881.7237652917113,21,0.0688228562495138,245,3,30.756757682204753,1,0.8441959614299098,0
811.2452314807459,12,0.4732299862407282,619,1,7.6805204436161985,0,0.4278071073250725,0
704.2359915913756,17,0.0962298827023224,997,1,2.317290849612427,0,0.662558231526732,0
2376.9122722234342,14,0.3926481371190519,698,1,2.954581138886441,0,0.948212608817209,0
1180.5633779256482,15,0.2975649975339871,831,3,4.810415632579123,0,0.8343150489025907,0
1608.121662270229,17,0.2468989434808361,877,2,4.995744820359029,0,0.942444683294654,0
644.2025676561396,19,0.1862832499555017,152,1,17.670546744608377,0,0.8241787504244161,0
527.280055217802,12,0.3998495221162292,799,2,21.037751528882872,0,0.7762375733190501,0
1397.5113390378554,15,0.1097272359821453,645,0,10.898312565149553,0,0.830387796254195,0
957.3167622953436,14,0.1192710310125664,407,0,32.82352942890015,0,0.760108980436405,0
1166.021354968394,22,0.4479356493280499,491,1,6.673747966401527,0,0.7313366289413917,0
1991.223228855595,7,0.1251652544941042,363,2,33.24778213063384,0,0.9400945913105572,0
1111.0116440114869,16,0.1492634728458212,533,2,12.64711953403971,0,0.8064777775075344,0
918.547431775072,19,0.4647037575265659,215,0,16.22884130834354,0,0.7725219867879723,0
778.7814206835094,14,0.2225649764001804,139,2,4.7637358660152,0,0.7679109438122593,0
1306.808519236681,19,0.2023391209673433,415,2,9.92691966010156,0,0.8433837762807399,0
504.8555620647533,8,0.1301123852489991,853,0,14.977540573857231,0,0.8495696354265496,0
244.57550616114713,16,0.0950376972822658,630,4,12.03450438102928,0,0.9502830058515254,0
1217.547402215533,17,0.6242897525830532,476,0,15.498858721020556,0,0.5777628905126632,0
975.4811324401908,22,0.0858337318182623,612,0,0.9671706119495184,0,0.765484426606366,0
594.8232723618255,14,0.3368825521516738,341,2,1.4306761689808738,0,0.8592757069619033,0
421.99142752897217,15,0.1577595615197352,446,2,27.186447138487775,0,0.8616341597269381,0
688.5666759807309,8,0.2339253266710708,993,1,6.837970689499654,0,0.7854452359397935,0
1076.0069668080007,7,0.3958533685709387,921,2,4.66016707961735,0,0.8949314118959963,0
2774.674638083138,22,0.160468030127121,564,0,28.362906186584897,0,0.8535896191308154,0
597.8828420656786,21,0.2261182576758941,71,3,5.0290325163960015,0,0.805430305853972,0
877.7549605389474,12,0.0122472327278874,219,2,5.5907519016888205,0,0.9167631273063336,0
468.84858768959225,7,0.0812509536310471,634,1,0.3998326492949525,0,0.9566569089255164,0
384.0566685066825,12,0.3586816774100203,880,5,7.392006383124595,0,0.6770484575230844,0
1017.977905829444,15,0.1146325164553362,38,1,6.2119642337722665,0,0.8913350715532021,0
1093.919819918031,17,0.0766240481121315,387,3,0.588977410520771,0,0.7085870969592937,0
1008.96149100912,20,0.1185365629673214,722,2,14.87452018763792,0,0.7648638011112845,0
967.5534234563532,16,0.1824359937691205,863,3,102.5560035497655,0,0.6613105642760686,0
934.437651909215,12,0.3104947579978659,843,1,15.708861202298074,0,0.4530541050558891,0
170.26673287137223,16,0.2329297577448922,71,3,16.516812898853523,0,0.633647121868494,0
1163.0767112569188,12,0.0838575528459995,173,3,24.17743101224707,0,0.8240712010473307,0
952.1331895835684,9,0.1445424720441556,792,0,14.634469119397064,0,0.7512890392736952,0
1851.613459460885,21,0.1629669019720403,450,2,0.0901983739057102,0,0.5148052905582352,0
632.3587729087235,9,0.1539151269387868,586,6,3.5969611051827584,0,0.7510009404172846,0
741.0917940307147,9,0.1574581319310994,465,1,38.747980034897985,0,0.7518864722566297,0
1904.17101997209,14,0.476836159129213,807,2,51.01043547122523,1,0.8686221925242036,0
1241.6037109613153,16,0.1162113956552089,893,1,8.190534007897533,0,0.7309114414604755,0
955.3469752009984,21,0.0460757749105211,148,2,36.73664710564427,0,0.7451780604216216,0
1121.147466182597,19,0.0604834536109201,572,0,5.6523934656237325,0,0.916509409855798,0
711.0298982313532,17,0.0906909761578629,229,3,13.487544969357389,0,0.9153718045691788,0
795.5809809585113,15,0.1461633271263259,608,1,22.22505905729707,0,0.6247912221064422,0
1616.4817532659183,19,0.2338606460667072,743,2,10.51877190207612,0,0.7689597320250762,0
1454.6294766871076,20,0.0497252680158111,197,2,2.2629724476688,0,0.7444344561160046,0
664.597169921587,7,0.2294282343422413,780,4,39.239519435936494,0,0.8473481426550453,0
252.99008627935672,18,0.2768172866393298,602,2,27.759802616875927,0,0.8166537473062985,0
1220.515650282966,15,0.4948508300577579,595,1,2.470241011488332,0,0.5871756465872373,0
605.3759964981008,9,0.2682141769775895,210,2,3.6848545539809545,0,0.8651955680533403,0
727.8683859795718,20,0.0695256234503788,526,0,12.192642311239789,0,0.8587446295744094,0
611.4398519249308,21,0.353770766330142,325,3,23.94565820908137,0,0.9863977726131268,0
1018.61642281844,13,0.0570014033857613,320,3,0.6565407510293986,0,0.5885678582934312,0
2226.7077708402107,22,0.3317903045833083,908,2,1.4262359625551304,0,0.9879929551369075,0
694.522673551002,9,0.3629195169188985,279,2,3.6354172410659737,1,0.8387493579245253,0
844.0917121059064,12,0.0150786063163092,842,5,1.4889226188530864,0,0.8741096466519472,0
1644.9871949211715,7,0.200307043026672,41,3,14.78136739652154,1,0.8018193810626953,0
937.2307093666396,7,0.0991173359931485,411,3,25.83336464745409,0,0.9429313708148318,0
1254.9683187440744,13,0.1180803302314754,541,1,11.458978311114674,1,0.5069257190075536,0
2237.5359784915063,21,0.3967841951101626,444,1,8.214310467781674,0,0.9081866452864664,0
1515.0905538914128,21,0.4882312745909167,731,4,7.79862493381326,0,0.8329319023051713,0
614.292506450286,18,0.4042918005120728,546,3,28.781714452909835,0,0.774357178112145,0
386.5873412253056,12,0.1839440035346639,782,1,15.522619072116989,0,0.9433850883813828,0
1352.0766150900984,9,0.1581541794125515,76,2,10.463279296649189,0,0.7973430931914977,0
1192.446533984512,22,0.0468334035345989,774,3,2.8527940941193113,1,0.9191402087584616,0
932.4286494854724,20,0.0188443374198272,589,0,7.259532256964429,0,0.8532709042531257,0
808.6289033781028,10,0.0766727340307945,242,5,0.0992901092073418,0,0.6418514043765862,0
1486.8051885536163,16,0.1085141180644023,806,2,14.252773085744002,1,0.9501225967595496,0
1251.129088449101,21,0.2288485063798659,46,3,8.547971294442506,1,0.942470283677392,0
683.6605617983969,16,0.1358148161978786,491,1,13.240968477610677,0,0.8047931386074172,0
710.5555669084835,11,0.1434666414770932,801,4,2.5752874226466957,0,0.7303121486629265,0
129.8088409735513,22,0.816822202001185,197,4,10.215023239617716,0,0.4840677538597725,1
1665.8152844113308,18,0.4075535188416873,507,3,16.182878278889117,0,0.7366256519706668,0
611.5268426813094,14,0.2016519506541181,58,2,5.720946036467829,0,0.7384472635231941,0
383.3387898381322,17,0.0407051393201198,172,2,5.055056784856836,0,0.6609090287363826,0
1164.0167126506938,15,0.3556330940729604,561,3,7.66015405757474,0,0.80957801960703,0
2302.51584437206,22,0.5549042614736935,295,4,8.766666159611367,0,0.9540790875455352,0
1460.7287666642535,17,0.2213632670809429,402,2,32.9061285629177,0,0.825903273119211,0
686.3871238272808,11,0.1118399034913494,707,2,12.514431113528802,0,0.7391981103822305,0
1084.0656331211535,15,0.2410722455691716,396,5,6.811161227586597,0,0.7787408142352581,0
626.1652833226834,18,0.189748023394345,75,5,4.763933961893503,1,0.7215791641425805,0
1998.0366283428907,21,0.2034929569211853,734,2,0.2671342795152755,0,0.5546275836084852,0
773.5678560192247,22,0.4995450447686829,917,5,10.465310355679613,0,0.7673386206063911,0
1451.0618067867365,17,0.3588854236458689,840,2,2.4990608414516253,0,0.646254716832508,0
834.4250751648589,18,0.052370124607769,738,2,28.082104349436744,0,0.9455102089083592,0
1693.366865091374,16,0.3649727994457796,618,1,38.267767552736146,1,0.9321575066461948,0
2603.3915575398255,13,0.1871386028748474,226,2,1.8695605376544095,0,0.6633245533235412,0
731.7524462163951,12,0.303866200172966,66,2,16.20787957255221,0,0.8271632182836979,0
560.6935977805472,15,0.2468200867821517,749,2,2.5849945480591163,0,0.9578462295595224,0
1039.680527568525,9,0.1294347597309913,489,0,10.364466475980665,0,0.9852108578541856,0
363.6888828870116,22,0.0454708086490902,800,1,8.166102735108172,0,0.7113138457741667,0
1408.8150348005734,14,0.214743257497804,463,2,2.719026350372702,0,0.8212627892299085,0
1179.7713831698306,15,0.3433957479577879,476,2,20.072026752219376,0,0.6550503255010695,0
308.8205137094481,12,0.3308702427978627,266,3,13.341293428676536,0,0.6386850413278389,0
1596.4164939095283,9,0.1471639576151691,435,2,20.6178085130051,0,0.9524457257604372,0
751.2154569220743,15,0.25585008169444,674,0,1.8272374682593835,0,0.770573056380962,0
1616.7350159336129,7,0.1254132745255455,378,3,64.17774256068618,0,0.7989871602995524,0
1397.6481294983396,9,0.3039333103030654,189,2,41.83816390361607,1,0.7233277967502103,0
1397.1872227687168,10,0.0202659757457515,517,4,5.904495146846156,0,0.5831308223267649,0
992.262068393127,9,0.0500622634781473,918,2,21.50283520124795,0,0.9210236638347836,0
510.2929404088597,15,0.0679724006612951,736,3,0.9502362974905624,0,0.7474632090381607,0
1114.5777715359072,21,0.1906423553627308,88,3,10.59472465908234,0,0.6671418015551384,0
1184.7974771069323,22,0.2331421259020043,84,5,8.168755845991878,0,0.7249215234349325,0
521.7709877556081,14,0.1030692667046413,501,1,4.349932681413423,0,0.7905041948125454,0
907.5737182231654,8,0.2165000112190883,424,1,3.766758648854239,0,0.9041442457423488,0
1034.7868486550128,13,0.2034416152849167,652,0,25.13943653213623,0,0.8690634642329242,0
1709.5795488959443,12,0.256219479237681,710,3,50.41658206732507,0,0.8370298819513633,0
902.7633208175484,10,0.2384383951890258,836,2,30.05363548014979,0,0.925298645201618,0
721.8724384764547,8,0.3587058647007929,225,1,1.7323529122122978,0,0.827954634166355,0
817.8197093064432,20,0.1836288963916404,482,2,16.143700529500933,0,0.6594513320737025,0
1078.1103966674282,17,0.245541907834169,932,3,4.2434041796419075,1,0.861027865930113,0
391.3971476799685,11,0.3561769960188691,536,1,0.999368352584653,0,0.8115382202271559,0
1052.5175292774484,17,0.1855316191364823,84,2,14.00897358926737,1,0.9304047757770468,0
414.34093155596753,22,0.387789258359806,641,2,18.439375545628565,0,0.3890458542435393,0
1311.6903945922454,20,0.0755994088787727,257,3,4.161200296267913,0,0.8170041526637954,0
1198.4051145222863,7,0.1820531659932521,775,2,2.6084132952795747,0,0.8546052760741037,0
1568.6120273914446,17,0.1372531096735925,735,0,6.1763746777285915,0,0.5995555354937524,0
1240.1482764848172,18,0.2133610163510938,154,1,57.04959162305483,0,0.8432620334463066,0
382.7804033803626,20,0.2623873434907004,68,2,7.773016825827163,0,0.7293660688654411,0
1809.0942974399427,11,0.35311766142961,306,2,0.1532765369825144,0,0.8188106447779042,0
857.8519180967846,19,0.0214278576306918,684,2,22.59016347554343,1,0.6499644190946581,0
1323.212431236526,17,0.0399715142281241,659,2,6.306889317834035,0,0.6235383588236334,0
712.5740011956171,14,0.4326937938526358,426,2,26.019440184203035,0,0.910620209881206,0
2170.581444464466,17,0.0258887574094943,242,2,6.067636034012082,0,0.7932935148690582,0
476.9623140549367,17,0.0225146394795462,847,2,3.962362026656769,0,0.7840766535751093,0
1176.196729603995,13,0.1951881001026643,793,0,1.3405417740885508,0,0.9063643017971754,0
558.8125440942033,9,0.005613573411934,549,0,20.0912654868299,0,0.676876885611549,0
734.7857588796247,18,0.0858929306903704,709,0,15.314081680877807,0,0.8562124617926307,0
539.047337127638,1,0.4297971413532584,99,7,8.373234400205057,0,0.6285288028906566,1
1870.1819577462136,8,0.2278562744501115,602,3,5.6253964746982446,0,0.8905078999760272,0
1131.8487270510434,18,0.3388336824928306,511,3,3.5003241085794308,0,0.7268200944209126,0
3155.9304819814247,13,0.1877281610009381,575,2,32.442249387871584,0,0.6530613970884515,0
1855.2235072075505,9,0.0396920705514266,350,4,3.539571260864139,0,0.9688486241258688,0
808.5630120686498,15,0.1176290231869362,212,2,4.301757223425345,0,0.7822285719318679,0
1145.460682925524,12,0.0917832082003722,192,2,28.62280817264855,0,0.886706596872307,0
1682.7369052460522,17,0.0533375095657637,517,1,21.887989393396236,0,0.919305980835254,0
1239.4333059769108,16,0.1261661742400453,882,0,7.933016321845297,0,0.6398701639986013,0
539.3316833871728,15,0.0442648039435593,747,1,2.1502427545123832,0,0.8593416395189376,0
578.4871978141139,14,0.1751545320975244,117,2,3.0138454840362296,0,0.9753777981863928,0
2234.8865652637537,8,0.1845624823778778,552,1,0.725065507109906,0,0.9138702535552798,0
860.7798751989864,10,0.1006140151315192,387,2,18.269418808745225,0,0.7601711711558795,0
3663.10615066924,8,0.357710059212355,370,4,1.004990202317099,0,0.8382873307189932,0
1249.7576038516845,12,0.0587943432447174,637,2,0.590347070033051,0,0.5857011554306577,0
1011.0988606823277,20,0.4434545864031711,314,2,24.46098292022149,0,0.9276843437548956,0
931.5992021637492,10,0.3296754451522733,724,2,3.023846734194112,0,0.8079366874466687,0
564.8994915036862,15,0.054337478875693,76,2,6.6118536201190325,0,0.8840440496116257,0
984.1844323718236,8,0.1903122922583488,88,2,5.139161345361266,0,0.9457126366463598,0
1107.961600187776,22,0.2446757423479382,323,2,2.256226104943105,0,0.9446440476572848,0
1273.654763326164,20,0.2380580403870937,598,1,3.476377214111243,0,0.515031706658788,0
1272.9141269864117,13,0.4669764748223076,920,5,13.010295962353831,0,0.9243576051375434,0
823.1384642343312,7,0.2193515744272032,493,2,6.804605026715553,0,0.724766370010128,0
930.4961431094264,13,0.0171051500902471,913,1,40.421719863027725,0,0.8920271655592763,0
1544.269734303953,10,0.1741829929589154,170,3,1.9920118903349584,0,0.6685639741112799,0
2514.454093145445,7,0.4081446893211923,403,0,36.07685082714915,1,0.9792215603928122,0
511.42970841216487,7,0.1203005337284811,549,2,17.20918019789478,0,0.8174732858528079,0
976.2381529023348,12,0.2079570567130301,359,5,5.352359919020991,0,0.935279412279068,0
1028.9595827345374,9,0.1635984364399446,272,1,6.584827516421915,0,0.9275296067466032,0
797.3919186911497,7,0.1540920033291054,448,2,9.020265245460372,0,0.8974874549689686,0
712.5623104387936,14,0.1328829802142422,403,3,23.98328907776756,0,0.925955799092733,0
1864.497215743536,22,0.2244281309637499,335,0,34.362800760270446,0,0.7866100401338123,0
1354.0457561892074,14,0.1735374852481529,97,2,0.3615663489528715,0,0.8205718644421709,0
645.1277663381048,20,0.2185736207647343,182,2,5.691768675804995,0,0.8036097267903294,0
653.8470319213028,17,0.3460581640321842,287,1,6.26443351282203,0,0.7145748690041288,0
1063.4488078743684,7,0.2520872500289866,122,0,4.1795562676698,0,0.7124754694512628,0
685.6515517009958,19,0.1298339624177929,825,2,29.56128325465616,0,0.9490050520021543,0
1317.6123618662214,18,0.0990153675680393,545,2,2.3905998247562037,0,0.7295215869300805,0
1193.3296803182586,14,0.1585802332864365,123,1,6.778573734842143,0,0.7389556175199421,0
539.1123111261109,22,0.3093374087199496,912,1,15.689852634157862,0,0.5577255119091512,0
1199.93196616225,17,0.2209102670699101,169,3,20.52381707726072,0,0.8159253318985685,0
436.0137046500912,8,0.1757811474288214,80,0,25.377352602608987,0,0.9587484006806108,0
609.7150499815649,8,0.1623365271560587,741,1,2.0297946315983673,1,0.9604870756001074,0
604.9276753257942,21,0.0241923623204284,608,4,22.76887504920012,0,0.9175986323263496,0
1625.453936943578,15,0.0458120834325981,202,5,4.213476438782836,1,0.8725612302481959,0
729.4654331768822,17,0.0616742168192113,852,2,74.95986921723629,0,0.8604714388077853,0
658.2720026556889,10,0.1665574218739313,481,5,15.613627160391522,0,0.8224184780093639,0
546.0349279773224,9,0.016589880238986,203,1,27.10438559876372,0,0.7530567426408995,0
775.0269990963975,21,0.1283586611710283,546,2,6.140481466149373,0,0.7635761822242194,0
1077.7429469697254,19,0.3618606465660705,47,6,7.681496455310903,0,0.8540372296934274,0
538.372341304529,18,0.0582956114866598,798,1,14.179354067172868,0,0.7729277454416464,0
930.6406973418104,11,0.2117407841757615,964,1,5.399451682287405,0,0.5724750186413444,0
2342.1047992863387,18,0.488697061709288,266,2,43.36348739878766,0,0.8263187548242286,0
1068.4939320980775,18,0.3732839575779909,518,2,13.8019375530144,0,0.8314458986314859,0
633.2741367901192,22,0.1722832633141038,582,4,1.4243640257450152,0,0.9190515385866764,0
679.3018203285636,14,0.1904336162685659,451,6,28.94986084907283,0,0.852740711146509,0
917.8845872667396,13,0.2250288099535971,986,2,18.27791891124959,0,0.8739209182245246,0
1977.996503422878,12,0.1274714817808862,860,0,14.13007676584856,0,0.9168288539413152,0
911.0760774170602,10,0.106537051620993,781,3,8.222184335931953,0,0.5486314119380052,0
615.7072193499805,15,0.336075110343732,144,3,44.246002532469475,0,0.8899044408232138,0
1265.1215033511164,17,0.1327251834721479,112,1,2.1252125642571658,0,0.8233835504985553,0
497.9133574192281,19,0.1957265843803283,506,1,36.055605264537085,0,0.8585692253909442,0
1017.539607285459,17,0.1447974934783238,789,2,10.59964086523384,1,0.917056246804122,0
668.4287891125141,20,0.1265261241782055,270,5,4.4025078734693475,0,0.9230824933435792,0
1391.340699421838,23,0.7543318725235034,75,9,344.982155477895,0,0.2364376870277574,1
1852.292645698088,11,0.2113167420361364,764,3,4.4876792132838315,0,0.7567244348951458,0
823.5835395807328,19,0.1128870468310768,676,2,1.1624521604489688,0,0.729864269116775,0
115.85098943387716,23,0.6758728558936655,82,4,15.022076627681017,0,0.099547645582751,1
727.7598470185426,11,0.1710984292646044,602,0,6.475309942133285,0,0.942207630722094,0
770.9935161975756,16,0.1173512184602571,919,2,1.4188213142672783,0,0.8695247861447408,0
1158.3072138134405,11,0.1852823089593386,992,2,31.080341631127816,0,0.8363656038351317,0
689.4694617493001,7,0.2516424452291036,231,2,18.29000690792064,0,0.7677558621688753,0
903.439128588626,9,0.1763471835038205,96,2,2.0760415690337517,0,0.8873629295369441,0
773.1825305831115,12,0.2299336055985026,824,3,44.46466338086304,0,0.9579851736660044,0
521.4645365573012,7,0.1191659960294394,278,4,9.18945775553742,0,0.720202588683452,0
916.0371341947564,21,0.1185860060023477,611,2,5.407890270877038,0,0.9283303552115468,0
1095.9808760829972,18,0.2003627745828484,443,2,2.79996859224518,0,0.9813188447925308,0
46.16089860156107,4,0.4211079185952051,193,6,159.9517427855236,1,0.0917965204158404,1
1183.3889742230574,14,0.1766352262242141,156,2,7.628019898611101,0,0.7958249564828439,0
873.7924937037778,8,0.226876208024473,890,1,27.991708986298043,0,0.8517394625777492,0
651.6087732655641,20,0.630159921533903,825,5,27.074335628129127,1,0.7820515760894899,0
334.31585949314785,16,0.2799545399783228,914,6,21.033231096309652,0,0.8184557684454984,0
496.1341359414316,17,0.1143096120679375,453,0,38.69454917253004,0,0.8705915248250842,0
585.0874751562329,17,0.1098650269727903,250,1,5.290508202701169,0,0.8483026276426338,0
1409.9575670970314,17,0.245254775254538,194,5,4.369018586887698,0,0.5676392264205583,0
1365.937893472163,21,0.0639950464588795,937,0,23.888280282292456,1,0.6268856950904693,0
1293.645494455984,8,0.1448450372198873,320,0,6.42466547659677,0,0.910619791917553,0
993.0987104097736,7,0.0661073891053128,707,0,3.3324525284260877,0,0.966155174861038,0
1030.516287994465,16,0.0527502515552568,146,2,13.526129518631617,0,0.580507705403191,0
551.8059750365167,19,0.2488288372745098,216,2,4.899484124470555,1,0.9255325382360736,0
1991.3371120072952,21,0.1811199516065652,720,3,2.7555919353982024,0,0.5419224585114586,0
653.1088110054723,14,0.0824041114050089,308,1,13.444953863249753,0,0.6038862234559992,0
847.8545701175593,10,0.1152893504781203,646,1,4.1910607969787605,0,0.9157213877855191,0
726.4272331560621,12,0.1432680292618484,923,3,0.3474004509598052,0,0.7388836788308422,0
995.7520612137432,11,0.1404460688591849,807,1,13.180171776975085,0,0.7904336140093099,0
442.6382133836294,19,0.5432056938574469,776,0,18.848007234501814,0,0.7102732978334243,0
730.1325379019374,13,0.2158236645337288,271,3,65.24390202636994,0,0.7293711354577522,0
2801.0649618538087,18,0.3829582049667337,39,1,11.96590188730472,0,0.6395040787231787,0
656.2706762083012,14,0.3797344273038786,704,1,4.547694768628735,0,0.8347531698515123,0
661.7529564270485,21,0.3328092060500042,907,1,29.1963616973497,0,0.8287955162207113,0
763.392732173012,15,0.2252950072107262,501,1,4.38945838231892,0,0.9167079954213684,0
1246.6857390205687,18,0.1630272612552842,681,4,6.329208149914474,0,0.6901027764057411,0
1175.7670828743485,13,0.1009384483737115,480,4,6.222712883574839,0,0.9055557272185524,0
1455.8496770130962,14,0.2301880746285543,87,4,29.10146554154801,0,0.8702058285922563,0
1984.2199559189312,15,0.0522585805148759,154,3,0.7887439230117662,0,0.6191922043205975,0
447.5495161257754,13,0.1406266550040207,148,2,9.552810962498349,0,0.6352357698065801,0
489.2935741073095,11,0.2911514388297087,715,0,15.169853628686514,0,0.8054741301302631,0
1031.4131566615577,8,0.1997178688479047,775,1,12.596260379044114,1,0.7292182458903496,0
1590.038767986858,12,0.2034946398091634,673,4,1.6380195674940377,0,0.864227609200176,0
988.5854621372512,22,0.1324064225306225,417,1,10.92854635509871,0,0.9116807664848142,0
2455.3886606974975,17,0.1159994036544503,483,3,8.373382785115421,0,0.8772858345486788,0
762.3598915943941,16,0.0636892883805093,234,2,4.346524033197312,0,0.786457180820855,0
1753.351020580281,17,0.2535177420855722,93,0,28.286588878064983,0,0.9645537868590234,0
446.2284441745172,15,0.1799774366165785,833,4,8.91103808181169,0,0.7207626558394196,0
1502.8930959330974,22,0.3303768318693018,420,0,44.57555030716695,0,0.7921265440760318,0
1100.6949122490314,21,0.1080955738620823,218,2,9.472237343064258,0,0.7057975616444725,0
1009.6665720609788,13,0.2433133831256831,888,3,47.78480772591535,0,0.7369524877684187,0
471.60994742946224,21,0.3228469228370448,905,2,17.878296763624252,0,0.7726743956789192,0
507.9663964750582,21,0.435242857985099,211,1,11.136532776161944,0,0.7068795896975982,0
2003.3329128955977,14,0.1327761781606938,622,3,22.252930382049733,0,0.8805442779273006,0
187.12949829587672,4,0.5591257525307852,117,11,348.67796429501476,1,0.2013905400870133,1
1389.062085995733,21,0.1212196861820883,33,2,2.120429420920363,0,0.7355058102705236,0
769.3189889929743,22,0.2708591784344019,697,1,13.485289926673929,0,0.8781346576655364,0
608.9163819027058,15,0.1283276378593909,926,3,2.5741153899444846,0,0.9221192817952308,0
1248.3597075312923,15,0.1530230588664079,962,2,22.402788374637545,1,0.7293414256099381,0
1922.165035812286,8,0.1889491566274522,997,0,10.01682147807461,0,0.9872654605746244,0
914.4207356702152,16,0.2299136128433781,610,1,26.564649970877817,0,0.6450832084855919,0
403.6651318937733,9,0.1619082241212002,573,1,30.874256307465487,0,0.7739002383517618,0
2051.43776906512,20,0.1158424664237713,791,6,8.819151734420437,0,0.9332768324576812,0
1217.3793939050895,18,0.1268493898712785,757,0,28.63737215010182,0,0.8534688223189798,0
2032.9329893538973,14,0.1502052145541021,602,2,22.047065938486693,0,0.8099832714546413,0
648.8262543512634,9,0.1734668443006332,785,5,11.171285489772444,0,0.8740231064681088,0
1046.751545694891,7,0.2054346737133284,322,2,34.88483991361489,0,0.8097433994104022,0
249.59821854137672,20,0.1487772351264616,425,1,7.358077113618291,0,0.9679411113920052,0
782.3115298620168,16,0.0940378124358338,333,3,18.93861611690872,0,0.5048310726732504,0
755.4809232073957,13,0.3475601786570098,142,3,3.672451894896223,0,0.8215729273253474,0
2893.8802195346207,21,0.2456502750220948,546,6,21.664370189993768,0,0.5280294445485808,0
1021.5236491358128,20,0.2232877333401015,562,1,31.504826225447527,0,0.6811768298482859,0
821.8843213412262,14,0.2359976439851357,337,2,6.71581222120369,0,0.8656344614900671,0
840.4445810453016,13,0.2184389114953964,53,0,35.29519408526361,0,0.7184266060788278,0
1603.1527642992503,14,0.3636437362832734,227,1,42.15197948301993,0,0.8386691556193893,0
718.5396082289321,7,0.1131414237943626,801,1,2.956313602020099,0,0.7145744589759914,0
1452.3970309478098,7,0.1166343690610961,221,0,0.4050338462560951,0,0.8971159039454167,0
552.7738363238908,18,0.0622539919255954,345,0,5.255247476158427,0,0.895370200494163,0
347.0836171455312,15,0.369880778932537,276,3,21.35527190689271,0,0.9309664096838915,0
1367.9947149380848,8,0.1442210860896782,130,4,3.4450984057834004,0,0.8182394348346841,0
548.2752396192432,8,0.0277030330717727,197,4,0.368978098263325,0,0.6471324327017518,0
1174.7016122603873,12,0.1631250958281021,809,1,12.162647018740492,0,0.7294305859422714,0
1726.1989533255742,7,0.179832169492948,78,3,8.614566380655065,0,0.5285821273272163,0
1418.2231259256469,13,0.0263083054557908,186,2,3.76818321728992,0,0.7938629619046188,0
1404.6760888327528,17,0.1786759345596958,540,1,17.793789545297642,0,0.7357475626007396,0
1246.1171005590618,16,0.1258107759030487,722,1,6.623132194668961,0,0.826252404951818,0
995.4268081247816,7,0.1700690006522655,969,2,1.6603503333101206,0,0.6125462195988656,0
1262.3302924912305,19,0.2640043304917019,736,4,38.31220245196431,1,0.8645110080952877,0
494.4383327487212,15,0.0777281215373851,626,4,5.638805185853757,0,0.883411232999255,0
1762.7966356322402,7,0.2677366648859738,781,2,50.56833104794679,0,0.8108760734538207,0
2005.943688430296,7,0.215042374389484,160,0,27.05685902377235,0,0.8353943385599172,0
1307.72171554765,18,0.088891201955563,722,2,19.51633079760546,1,0.5920991845877731,0
200.73944266154157,0,0.7434185617063566,101,4,139.03226005830038,1,0.3059201007699454,1
1574.7250757624065,21,0.3523714453108695,235,2,32.32735902598011,1,0.8042207897768168,0
737.9745202278577,8,0.1464315988246778,44,4,0.4352316988226575,0,0.7542391349406923,0
1018.0244450120068,15,0.0607543001455456,610,2,3.196694271243977,1,0.7844987387058837,0
985.0560118848272,11,0.2043076264314686,776,2,1.579722649365065,0,0.9340253285412674,0
783.7424242357814,20,0.0268764718891413,699,3,20.921082652314897,0,0.4267619119762158,0
524.7137313795099,10,0.1506038802055267,659,1,1.1107967340999862,1,0.9245444234774574,0
1245.9063070942648,13,0.1566494542736196,286,1,9.134488951300945,0,0.4584600240986259,0
1024.0239110040957,21,0.1283235807095434,998,1,13.114196092264322,0,0.441812796849242,0
933.151776063984,9,0.0467795778673241,128,2,2.0498838896939087,0,0.9286119974099116,0
1259.4970606593977,20,0.3559972521705166,989,1,6.429194581587406,0,0.8896902329841908,0
475.5534395660076,18,0.2568439046603956,569,0,1.6631172410091322,0,0.8991394197438733,0
2838.3463141174343,15,0.1837227079703328,414,1,3.964281923150746,0,0.7313557984231109,0
1203.7430272670138,9,0.2369104201820861,461,0,4.530120564524261,0,0.8627107495327504,0
385.8627086757139,16,0.3690947209528208,763,1,21.052299520373545,0,0.5152591405717886,0
1024.4256229631562,22,0.2019325704101299,208,2,16.35744991981341,0,0.935994088962214,0
110.40684316101526,5,0.7948198793689716,10,7,95.85501594159392,0,0.1587340655848768,1
1684.2684912089317,9,0.0994407396397138,33,2,33.43295994878686,0,0.6530184653461005,0
1179.3038447187714,15,0.2041197492723958,789,2,44.249837252806145,0,0.9171779173843562,0
996.7680585170094,20,0.0315884942899809,389,0,0.5568184179117542,0,0.7688122529212967,0
832.8316719874219,21,0.1702260919750279,727,3,2.7566128915025967,0,0.8230302816137456,0
1604.870773708934,20,0.1521401194585028,921,3,38.74745439786772,1,0.6628988493314073,0
1019.9854563683544,21,0.2644016239586122,882,3,15.417789817722426,0,0.5222367432453144,0
520.1272672317805,10,0.1364833359780383,563,3,5.351016059991964,1,0.5894726192989539,0
574.803114518595,19,0.0809516260919047,261,2,0.6094575839801866,0,0.8173190453469618,0
1326.377310919588,22,0.2293189575797215,181,1,7.171839245436145,0,0.8849969502861338,0
340.901797736049,20,0.2608670492225092,419,1,19.671903013537403,0,0.8121790340493485,0
316.0674250877896,12,0.3280795811322285,817,5,9.30938577370522,0,0.8899004067522102,0
464.5027196560373,7,0.1083062883509721,993,2,70.03950826775286,0,0.6251315034401558,0
198.80172426164623,22,0.3420780871039007,814,2,55.091874984607706,0,0.3466674791720132,0
709.7670440533519,13,0.2256592690498153,132,0,9.155852958806664,1,0.5060719105691923,0
1183.5541584880625,21,0.1012615972175958,827,0,76.90745062878071,0,0.9327509598816286,0
1169.755267422717,19,0.3663678135909221,804,3,9.635878120015011,0,0.9025105616126594,0
1274.6807342849695,10,0.3683697482440637,921,1,47.59380241506379,0,0.8883706063674252,0
1062.2836399949902,11,0.0838295614540717,175,0,31.38028537571233,0,0.8622888099276765,0
932.5085492363512,11,0.0958343380543403,294,1,0.5949072881140407,0,0.9012840170864496,0
1046.969555395411,12,0.400219505748911,728,1,19.156908308892568,0,0.811883303290566,0
1676.3037785396734,19,0.0676346311216909,530,2,2.979155661998501,0,0.927781748563794,0
1377.609372730218,19,0.234718686998362,911,2,2.9963565950229833,0,0.531998032974587,0
1076.610675590441,16,0.0784100218109644,504,3,7.89211612549331,0,0.8843237657190919,0
731.6078157168556,7,0.1402887115548206,272,2,8.07373354551221,0,0.9434338276090676,0
1072.9636847240918,22,0.2083989672781596,981,1,1.1794011822949304,0,0.8610229866148423,0
783.1756824198487,22,0.1440295342123052,359,2,9.398705140530405,0,0.8884090054178256,0
1265.5189061319688,19,0.0263985146583821,844,4,7.823168769309316,1,0.8733206815316632,0
1878.0945001204568,10,0.284133243213393,945,1,15.896621031321333,0,0.8805923525231487,0
1233.4543715313723,18,0.1131690166484761,413,3,0.924865546366534,0,0.7258330730202562,0
1573.8395224843302,8,0.2177868604629114,253,3,13.63389075264768,0,0.7073649785974483,0
2419.077721042409,10,0.1047353064660594,207,0,17.06993231547876,0,0.7014728140494173,0
283.2628280261206,8,0.1779142874742752,148,1,2.551269709897035,1,0.8234599223452292,0
1240.3671547479616,20,0.1182308966303219,316,1,27.252238546890016,1,0.787501070944443,0
1764.033690487277,17,0.4989750168862275,634,3,7.221337639936719,0,0.8767569838816855,0
1134.3902546789006,18,0.3218330437256917,928,2,1.5408133637374553,0,0.8458052954169522,0
415.2006889748999,19,0.059871450639921,700,1,1.8209838550513855,0,0.8178172568818242,0
959.8476023074148,9,0.1004823623832038,684,0,15.88876437931546,0,0.7650099401730317,0
1186.3187478748014,7,0.3243574004368604,469,2,19.43315202247852,0,0.8881343997058496,0
942.2369725162704,8,0.0358274276304585,926,2,18.019848910093263,0,0.917573350467068,0
1433.735759504758,9,0.1007610050193608,702,3,45.51774293739736,1,0.6603875041797572,0
1007.2264318476632,21,0.5407067562310813,830,1,12.020310183177225,0,0.7959376649062506,0
470.0311096063403,14,0.2363552535813391,187,2,3.201358683055225,0,0.4642449682381599,0
611.1824852877747,10,0.3000675358646201,494,6,7.014015734926457,0,0.9690268623926116,0
971.404408343021,11,0.2543485426177249,499,2,27.743793084818392,0,0.8404209899691044,0
446.59252029148354,22,0.2827670157523477,594,2,3.8758277131395378,0,0.8901730120964537,0
398.9005581734429,8,0.1144561292899945,492,3,53.14859634401965,1,0.8870328638955766,0
1232.297340704528,18,0.2805729755079966,131,0,18.704400816012186,0,0.7279156618053603,0
819.0812333907743,13,0.1233694321585027,886,1,3.280255593558486,0,0.8220949121297922,0
1420.729453804224,15,0.2414069685506016,495,1,0.5881621023075624,0,0.6466669646702828,0
1804.7378980276812,22,0.068156132970498,255,4,21.027775174052877,0,0.5933179257372395,0
1040.250506703899,11,0.4108657419597656,282,3,0.698971000434516,0,0.8916227251168544,0
1619.0140923771717,19,0.3345652739438343,203,2,17.287279630198483,0,0.7405365613624751,0
635.3989258014445,14,0.152287789699222,208,2,4.856472435308885,0,0.8673445506322262,0
1045.4360299127698,11,0.246333767743152,433,1,1.483259433314052,0,0.7062264881656233,0
917.0650726045764,11,0.2629959988238198,904,1,31.22143870029655,0,0.8395133870845625,0
961.3609210814913,14,0.0857442743423993,845,2,2.826458659924372,0,0.8829629199360112,0
1144.5387922282764,15,0.058561930427493,308,5,3.6308398242626,0,0.7446011916684383,0
1379.2477180816306,7,0.4160701769196646,681,2,56.82797818758677,0,0.783306035330538,0
1896.1649579907896,9,0.1297319803696191,347,1,16.690673973092835,0,0.3794112963968784,0
1116.7057316352314,12,0.2625421312909225,792,1,7.164797434350998,0,0.8585939209690296,0
422.62820497849737,11,0.0788745819192186,603,1,12.005076304759314,1,0.906761548546077,0
911.7851280192548,22,0.1296260833228601,265,2,4.441162489264102,0,0.5883571323245089,0
1697.095087069021,21,0.1035857214247103,661,1,5.398680134766497,0,0.8216060448763102,0
1411.6902766810938,18,0.2906336149527582,570,1,7.133264125109914,0,0.9325693120087368,0
1252.980239211686,8,0.228179081008802,457,2,1.5338034752252228,0,0.8699532216717183,0
1313.66924845761,21,0.3826417370017153,312,4,20.016442256292784,0,0.7992209357728544,0
1437.559757478014,17,0.0478254984560291,534,0,10.037386275590784,0,0.8427812050237682,0
675.028748534345,22,0.0920647691823592,472,2,0.0873437573652282,0,0.7423310267253469,0
64.2204273364409,4,0.6978169597772164,51,10,322.66026441997127,1,0.020299641193729,1
1474.9999378041032,7,0.2026720884163966,35,3,6.453857222492366,0,0.8547029353080815,0
864.6913584265959,10,0.0240727038562037,116,5,27.083532968732797,0,0.8164579763058813,0
730.3124663015799,13,0.0823662843701806,405,2,8.063900460109332,0,0.6004778286446061,0
723.8857324214206,22,0.2592245885047164,955,5,41.39236231810037,1,0.9129654495515684,0
1877.9296126221332,20,0.3791501280316744,79,1,1.1514210274206995,0,0.894671832510286,0
1081.2430589458895,9,0.1052267957706011,247,2,25.05807552925212,0,0.6629810425371983,0
1278.357283823062,8,0.3363000730341813,598,3,3.0827555802629885,0,0.8598829139903966,0
436.54800199852434,7,0.1677726565811587,77,2,10.38721281226809,0,0.8776266668969878,0
564.6536443978435,9,0.143521650040033,332,0,14.496387450792346,0,0.7840244413298618,0
620.4306870584716,21,0.0596649765337168,790,4,11.027805805146718,0,0.8963718249409429,0
1313.7850113003892,9,0.0499699319644311,181,1,15.001296238760457,0,0.7768953482671039,0
451.6250699321516,10,0.2531445098826771,571,2,2.1441433653114625,0,0.9139422986503286,0
862.2790305460552,20,0.1878223136929855,688,0,22.355560418782332,0,0.9392519129949634,0
640.0154534079004,8,0.4707879691437561,867,1,16.365187720628594,0,0.791396982096193,0
800.6482714302059,15,0.0956591336318262,718,3,10.40106041525079,0,0.8307373926486697,0
379.7338322619546,9,0.142752207979295,923,1,41.26941058015374,0,0.8891158090902086,0
458.0625546450913,19,0.1029416421607923,405,1,14.00481443959948,1,0.7774001928247898,0
1129.5597198622816,15,0.2059630276593122,639,2,34.81842507378609,0,0.7887873402631022,0
1172.8626561079848,20,0.0310997110745917,353,3,9.32903279501989,0,0.7038782268234507,0
998.926015238704,18,0.2974100062084093,312,3,26.39649758834015,0,0.9238708820140678,0
1361.9732089003794,19,0.2974909445061161,924,0,21.500895362549706,0,0.8362922629893934,0
838.9531355645851,12,0.1515888254019773,771,2,2.528361969652466,0,0.7396328389769877,0
926.74361596448,18,0.5190382390139712,917,2,8.787797354859192,0,0.9045766719928952,0
1290.3162956809783,11,0.2262385604407855,912,4,7.507727790078496,0,0.9507565824357236,0
425.39605509856887,15,0.0671140536218186,638,1,2.818423463631083,1,0.914036976058398,0
1235.1838939069185,17,0.0725932655227796,109,1,5.15860859062473,0,0.869471445216073,0
3313.4121105901477,8,0.2894771567408211,481,2,9.109161899252689,0,0.7242462514918684,0
690.5809662800973,15,0.0940747236167216,575,1,1.9783525971772469,1,0.9715725030144152,0
342.46949477613816,7,0.2848682226760456,702,0,25.109211108054343,0,0.9118156226008872,0
399.416659947638,16,0.1941321313725813,642,1,18.17016677788036,1,0.9194534549753488,0
641.8288973758246,14,0.2346748759371261,603,2,2.6625058105540873,1,0.9416228039742216,0
1017.1150824014752,12,0.1717459644859341,78,2,14.716154531446138,0,0.5333699620499684,0
1098.562450252432,13,0.4134534793637234,390,3,19.806012083067905,0,0.9538763441905368,0
624.7642813678005,9,0.1597125746662351,804,4,90.76296104600496,0,0.7016881370505902,0
1117.72287112539,9,0.0433409300883813,702,2,3.671748693530645,0,0.892355626766796,0
726.5141325072275,9,0.206957062610552,706,2,18.584944091672543,1,0.830052689140537,0
765.7812432774721,18,0.6723131314176245,55,4,7.411765213822664,0,0.9769089760599362,0
294.4229256924081,7,0.3298814918051443,869,3,7.36320085670384,0,0.8246024635328216,0
745.0054087375606,20,0.3356146054892211,312,2,47.32701112591489,0,0.8172057461361864,0
593.9125330314308,20,0.0809030859965318,666,2,25.128269850364163,0,0.7641060435788086,0
668.9820435447657,12,0.2023955849280789,474,3,9.682173225192257,1,0.9534526857839764,0
1067.86294974631,11,0.2332127520390246,684,4,0.2499318415333283,0,0.7912214564562695,0
950.1988214846522,13,0.2640616763371981,645,0,23.889123894037848,1,0.5936128626073701,0
1055.281682999857,9,0.3246873645579014,923,1,1.5194776306731987,0,0.94527096257842,0
722.783319415522,19,0.1331590899350241,632,4,1.0416206901540102,1,0.716559682547321,0
872.6557952336826,8,0.2336902935541354,879,4,28.588758791716835,0,0.9221975732677836,0
530.9860019344284,20,0.1578958960953495,556,3,0.8943443437364442,0,0.9504543134893704,0
891.3449440780239,16,0.174866970472319,249,2,15.496505767064216,1,0.8994885270517862,0
1132.56254181768,12,0.1130038751551097,544,1,11.372774391093946,0,0.7850052712738464,0
1096.893415699442,11,0.2146661701651626,140,2,39.22462692562296,0,0.8495085227412605,0
1172.7406762770722,17,0.228955405853793,983,3,19.989566828429524,0,0.764983860715633,0
428.33428428257264,12,0.0766346742480634,849,3,39.92639268000383,0,0.8073701293424446,0
1232.9678103844983,20,0.3939916035831508,666,1,0.3057054542404465,0,0.9122387277188356,0
545.2549831249279,17,0.0978051710950715,796,4,4.589439491636803,0,0.7946870769739186,0
179.61842318038688,18,0.0275131928824911,831,2,33.13719555639197,0,0.8947576232953236,0
1937.8180083148068,16,0.0416635324918922,294,2,2.11255414510056,0,0.9388326320893904,0
1493.263793823135,16,0.0848745775575569,824,6,5.0691858015698985,0,0.9448658045252802,0
458.2435312688706,15,0.2526952241744085,352,3,50.93119277179715,0,0.7876193643341602,0
1067.3638675990508,13,0.1502658847393045,187,2,5.636298109256405,0,0.8741603226087098,0
475.0616360463356,22,0.0818871631417094,742,2,3.9964636920239553,0,0.577473921137689,0
530.0920317835901,9,0.3396033784611199,614,3,18.36129531637225,0,0.8183606275246545,0
570.3914178007109,11,0.0520895509175087,864,1,49.69301982782133,1,0.7947620447739712,0
3656.0550075160127,18,0.2673722013060522,301,2,23.889138142233566,0,0.6581688707142849,0
1743.9072314078364,15,0.2287376640573635,585,3,1.022591916318466,0,0.7633585105610712,0
1517.369495363464,9,0.0729901788332064,46,2,5.226233959632317,0,0.8101497429108045,0
1857.5889435706213,13,0.3879241496338666,170,2,60.82287767221561,0,0.906514609272466,0
993.7679505882008,22,0.1888213674755191,149,3,8.425605286354125,0,0.9165549710390456,0
885.0160390890493,7,0.2445039031828537,843,2,41.89041119582559,1,0.7424792578393632,0
1729.3861368150374,7,0.3155320767688737,960,1,101.26964050149644,0,0.6771879315778878,0
1300.4612035674045,22,0.0709888709576734,543,2,0.0083219798300731,0,0.7698990599902152,0
329.7576461058754,18,0.1902206310163343,299,6,5.65576873670787,0,0.8143931925878337,0
600.0557774623961,13,0.0221540026740503,545,2,7.475535056236118,0,0.764787465887357,0
2235.19769078922,14,0.3274672125862791,322,4,7.0109404212497655,0,0.916874481221164,0
942.7210500800152,18,0.4386054329608748,962,2,14.50560172940515,0,0.8569536345166916,0
1047.28446826285,17,0.0680808069022656,396,1,13.615083975517248,0,0.5738053021158591,0
756.3915064455019,12,0.1281274046932419,34,3,13.270873382236768,0,0.9094698701981844,0
755.284404483006,15,0.0663100811708897,314,2,5.619476744466322,0,0.730575289857434,0
1177.3105945232464,14,0.2714842579207444,975,2,26.820838111330858,0,0.5897062145031882,0
2076.742886565419,22,0.3189830012044534,988,3,26.495289908144063,0,0.6209064122055472,0
412.3897206197063,13,0.1431014038248396,540,2,9.241095092228376,0,0.6396109156051759,0
609.5012283094412,7,0.46114638130399,350,0,17.360517515141535,0,0.9367520280548324,0
2690.977541599602,13,0.0890485598668822,423,4,17.39776441093319,0,0.7415324040262988,0
1175.7146264551336,10,0.1979006652256509,638,2,21.90342656727055,0,0.8459536701211805,0
749.5524009584425,10,0.0603765044225135,345,3,5.898422351749421,1,0.5943044323604486,0
1768.8039561922976,13,0.1529345624357798,676,1,11.446490242392263,0,0.8894249905198705,0
1158.6817220959135,19,0.2993393935520072,883,1,0.8300888189028947,0,0.7747093277048632,0
989.1355060012536,12,0.0510950979014396,477,1,10.117511755080969,0,0.8392521693214601,0
1531.231843692217,10,0.1750966715007395,618,4,5.099721620226813,1,0.9043131187073372,0
1354.2973401661695,18,0.0319732488958606,369,1,60.04446540319694,1,0.8724825487706312,0
796.0428069380345,8,0.3374808447990841,788,1,10.761143034808825,0,0.8672253257804298,0
1395.8667139136012,16,0.3005241521172546,255,4,8.193159929353875,0,0.6724535844367973,0
461.1655772455523,9,0.3735694207449819,673,1,5.566822452305576,0,0.8603626764277752,0
840.5464554391518,10,0.0219497610386174,531,1,17.35906026793056,0,0.8360976445092735,0
1226.7302615954718,8,0.1302478916912691,854,2,3.997979440031796,0,0.8571553931107543,0
702.8605835981222,17,0.1975681774070113,551,1,28.87993261406455,0,0.8376704249244439,0
542.3548312649241,7,0.1632834068367374,316,0,28.208263905314396,1,0.8768574369041395,0
845.1566111405426,22,0.0979735345573895,907,2,14.650555129423823,0,0.7127529313908451,0
1456.0839265133757,11,0.1527920257834375,598,0,2.709433074184047,0,0.939332858053021,0
860.3578686131943,17,0.1282322112553887,836,0,0.8326839189042811,0,0.8979752703938774,0
764.5921351101192,14,0.0890878301060592,795,2,9.593107194917422,0,0.817450219034139,0
797.4484936120197,20,0.5743061556421457,765,2,1.1209928950310906,0,0.8946236017505633,0
1995.135916194073,16,0.3015729522837355,459,2,8.881948611467974,0,0.6350223879259326,0
266.3071669480613,19,0.0188762718325222,940,1,10.000347178013902,0,0.7879095827158626,0
1207.786681494624,20,0.2846024178529259,320,2,5.474411380699171,0,0.8006351265878817,0
821.102468864609,20,0.1007491220911156,662,0,9.158204686361136,0,0.5877641571957771,0
1677.3159834347955,13,0.0737135939576397,758,3,58.471637732368855,0,0.8494681316769587,0
1328.556404488602,22,0.0760849429487293,152,4,4.158902657953653,0,0.8168721580049892,0
1021.089463575027,22,0.183379851503575,964,6,28.983474877260573,0,0.9194455723184762,0
706.0903966256822,10,0.1930933102566286,553,0,2.287401380911982,0,0.7696430210960064,0
977.2593896095406,17,0.1121786900242678,370,3,6.691969798472264,0,0.8760315245713935,0
882.0427987998349,11,0.1883683097755424,898,2,7.372661073596799,0,0.6601656600604868,0
902.010959375426,19,0.0258482965148947,790,3,8.088107485265597,1,0.8380763429347364,0
730.570428932119,9,0.0858337190392752,59,1,56.607674674494326,0,0.7972179940478946,0
1499.1455684648736,14,0.1553001555374379,182,2,21.81182044403228,0,0.7019270569033857,0
982.6791163002896,8,0.0777797413851323,203,3,11.802286006417225,0,0.6650257330669004,0
765.5870824516805,13,0.2492970602115729,75,3,10.323043156176649,0,0.8059616347254733,0
596.0563531772106,18,0.3137855371083644,658,1,0.6002868949068076,0,0.5402474192059729,0
595.3694986051659,9,0.2963494048708318,90,0,7.449670637572702,0,0.5900686357644414,0
821.6726392592935,21,0.1417409353334462,978,2,3.0668671246775356,0,0.912168232568178,0
842.2206087670185,16,0.0233604852392737,281,2,8.337660817597806,0,0.9013542770567836,0
245.41153903586095,5,0.5883359852776564,88,12,23.714663622392987,0,0.268676719102765,1
1209.561087400813,12,0.2716097493166514,652,2,18.815899128263037,0,0.6367332402455421,0
572.9842211298067,19,0.1234101291691353,864,3,0.952868250953196,0,0.5979481535791842,0
1257.821517282136,9,0.1414958148095907,594,0,12.4264568337663,0,0.6278062176780785,0
497.0565786993169,21,0.0578579706052297,384,4,15.873326301181097,0,0.8952646299744099,0
2487.245183472359,22,0.305474171974841,193,0,57.24602059838142,0,0.9352177695072472,0
862.5313554855287,13,0.2007254445413331,193,1,8.499905917029666,0,0.808916716194144,0
2014.465024239835,20,0.324042992730048,936,2,10.227732708210652,0,0.8384257370810316,0
366.20321362556376,11,0.1780322386177898,412,3,28.305292987992782,0,0.905631996850337,0
242.98000298271197,2,0.7832770666943188,147,9,220.3459451024149,0,0.3280567916385466,1
586.0228783040322,14,0.0963823395097447,280,5,0.9037322134278564,0,0.8495677380828053,0
494.1837836904927,7,0.1793448068873769,422,4,12.531373415319871,0,0.8984165615572246,0
2197.5692182576136,21,0.2535461618873432,750,0,17.32449037571594,0,0.9563624209033086,0
2267.7763718577294,15,0.294059090660052,923,2,25.573846875054997,0,0.810385447169746,0
2074.296855019946,9,0.1887360903856457,906,1,14.386325044307922,0,0.6283314670938477,0
512.8785829528102,11,0.1066860671454682,370,3,6.201070666684915,0,0.807982929421038,0
811.7309556791303,20,0.1862892453881553,117,1,0.9511519029427288,0,0.7988853169873316,0
480.38008715764863,11,0.1569185585746231,208,1,12.996290141012436,0,0.947444077646322,0
1468.2736142731635,12,0.1197077860294481,907,2,47.60941386470952,0,0.586928047547598,0
2768.382870901736,10,0.0385865071269841,636,2,3.4326008836950286,0,0.8863278523336124,0
1297.98573135669,15,0.2482100249889586,731,2,16.299803267373985,0,0.9926107222392232,0
1037.7131074870767,9,0.2918412024341806,557,1,5.380557945112798,0,0.6574764100176824,0
696.0731616537421,20,0.4724882034523386,860,5,5.8151154898111,0,0.7861671728417108,0
697.4561298741266,0,0.6233675087380639,94,6,446.0484414503597,1,0.3554240271048092,1
2071.928046605879,20,0.0915811031201777,591,1,27.89403916998901,0,0.7851229005990498,0
774.8041269805842,22,0.0221684347334698,383,2,10.742109287715314,0,0.6811983427873829,0
499.1099097197286,13,0.2947747378358121,417,1,3.5078961368064108,0,0.902031281034896,0
506.207719789035,15,0.1371469095462537,333,1,8.635081356094227,0,0.5224405921272824,0
786.3593153713374,22,0.2112917735225523,601,3,28.55620605773769,0,0.8852738155835456,0
594.080535238403,16,0.1477115379016682,199,1,23.52697439630513,0,0.7002936126529894,0
2926.9104518439544,14,0.2324520747972817,583,2,1.0605734356750358,1,0.5915616715068889,0
1912.9105869912137,15,0.1776020674028387,357,1,11.0861784137661,0,0.8892684630923327,0
1280.6095889251264,8,0.1277282205485109,784,1,4.930617490529925,0,0.8073952641671431,0
1277.0149244550798,9,0.0590612176946655,759,2,6.050632570830127,0,0.928567553036192,0
1278.340080570522,16,0.0865947938574641,828,0,0.6105401515758196,0,0.8057594836482086,0
670.4879843642027,18,0.0621490233962459,698,0,27.833896941563637,0,0.9050742293535164,0
1075.4935590393593,17,0.1891390218472635,732,0,2.586986283520143,1,0.8187166118290071,0
827.325102631498,13,0.1213016310544135,929,0,6.948575211176382,0,0.4796159516751292,0
2761.813195306376,18,0.1626476574755611,470,1,14.470697259352637,0,0.9347334502096016,0
729.8474671545385,21,0.0854697918028815,36,3,0.3563663461220859,0,0.7869577467194863,0
49.96410172709775,4,0.636791701595441,47,5,306.96941294687264,1,0.0924881994963904,1
909.878222242031,11,0.0179896650274065,375,3,4.212608491429359,0,0.9348993737293788,0
689.6086460540903,15,0.0216803033361154,741,2,17.112119167485158,0,0.7474567251146786,0
1109.078628860031,19,0.2826735369088161,141,4,4.934644793839442,0,0.7801214429618168,0
97.713659449077,23,0.9023646488823756,84,7,60.12019478245959,1,0.2652538026014997,1
1026.548000532746,7,0.3048059769403015,76,4,26.863432598703422,0,0.8649111135356979,0
972.4511619964178,10,0.2650105624090621,30,2,7.053822560554666,0,0.8857025040830162,0
567.6245636695517,9,0.1775684919262092,87,3,3.0140747909464283,0,0.8959476756533092,0
765.3988503975366,9,0.0846630562916193,610,0,1.8002231857271125,1,0.8176928637489677,0
601.8405229062372,22,0.3748220872414251,585,1,19.86883993959859,0,0.6233595142028701,0
1632.164210558008,12,0.0897543100180169,217,4,31.021192586039778,0,0.8210429057690807,0
807.4917475701475,16,0.1721930686993329,90,4,3.4131949394503587,0,0.6596685925420694,0
1093.1079329634747,19,0.1805182891594781,114,1,20.153709815882365,0,0.9299375300103968,0
1136.6058855641652,22,0.3921279950495256,823,1,22.840919925671702,0,0.90554301953863,0
431.1334222997695,8,0.2183794727767301,751,1,0.0675284872383354,0,0.8647989953940141,0
1213.628214755387,7,0.2127872061069468,484,1,10.22951252497239,0,0.7456762751574878,0
654.6002316379103,18,0.055707400861786,83,0,0.451493913167535,0,0.7562007261186947,0
1079.1165368182565,22,0.3054080338333472,993,0,9.876233357585004,0,0.7986638443772398,0
491.7727467196668,10,0.0649610072824227,890,1,22.325947877863232,0,0.9746570028304352,0
1161.915524217599,14,0.0763382820940823,204,3,32.36305473880834,0,0.8131376809219782,0
988.685359540628,7,0.158409161607785,380,3,5.381418502988657,0,0.9498236632256606,0
1803.3432872853896,7,0.3163197431988098,175,1,1.531467501511913,0,0.7233078809926012,0
1025.415081586774,12,0.0781854264837825,895,1,26.03477381552825,0,0.7823986320234031,0
1594.2221481763142,17,0.1067815595558011,559,1,1.57919078613302,0,0.6697781353384701,0
1642.6473501127298,7,0.421272062350578,359,1,17.92673963877337,0,0.9332279853219336,0
1412.8593788889507,7,0.1437353295311522,186,0,24.640540035714295,0,0.8866538317377205,0
490.7324593086147,12,0.2892850207933518,408,3,19.62753194987135,0,0.8252062617646307,0
1461.2701170188252,22,0.0938144292968592,665,0,13.216606394754168,0,0.5577122170703382,0
796.13947976529,21,0.2406505820748198,747,1,13.658874630235964,1,0.7498878298719212,0
724.5624343865986,13,0.2039989393977708,536,1,20.733329484009666,1,0.8949226886204482,0
736.1222867759583,15,0.1896608327705796,351,1,3.2059645900637466,0,0.6321281099085049,0
358.10506053461626,13,0.1120731741111549,573,2,5.777804886442992,0,0.662172047548355,0
840.2807884761967,22,0.1858438278263854,600,2,0.8096288994899823,0,0.8860199744781072,0
238.79333640403985,1,0.7359160112473194,150,7,25.08033068380228,0,0.5045275032354058,1
1089.5812217616458,22,0.0478630491426279,758,1,61.54406158289484,0,0.95139040496481,0
1284.2953711928817,21,0.1161346699700349,671,4,30.77510775993867,0,0.7998283260194797,0
690.9812131894626,8,0.3010401034309873,729,0,12.44142148763972,0,0.8713570216851038,0
963.3712836822576,13,0.1314731666765092,345,1,22.997324789198732,0,0.9222421268818872,0
983.0640983566155,19,0.1058663987808055,449,3,2.554673290738187,0,0.8283859503102571,0
502.49761171495874,19,0.1613682642973716,197,3,13.00273989029422,0,0.9223478069528066,0
951.2840444114038,18,0.2493637626416028,865,2,17.97330269397091,0,0.8959949608142148,0
1422.1387611923867,21,0.2379186053993721,338,1,17.93832280481714,0,0.9303084629225682,0
1117.116465950013,12,0.3809629358439358,282,0,0.2779953337068322,0,0.941695203370414,0
623.5474976511348,15,0.4576055714891461,853,2,6.512182526139962,0,0.9512042997645952,0
389.2023669084899,14,0.0370063488106027,570,2,8.409912988773048,0,0.8467986563019845,0
1059.516843325649,12,0.0592468307987178,984,7,44.565198071340625,0,0.756194871700804,0
1484.579534736283,8,0.3098211922719899,443,2,14.38641158236672,0,0.9402212464202512,0
407.87453981888547,22,0.4081214011679822,35,10,553.6101901928067,1,0.1177946354282771,1
1736.128050996684,22,0.2817910954520349,226,1,6.251448332076235,0,0.8424814409458162,0
1983.9457761307208,10,0.2486580974548836,462,2,7.707183067134276,0,0.9308050851318972,0
752.7045137556908,22,0.0801694536621932,141,2,13.57378466455224,0,0.6792885947825259,0
704.8854400351975,10,0.4877913219551839,81,0,11.486693041470737,0,0.6749748117106946,0
994.7472191282023,8,0.0998379102172636,430,2,51.67997753053089,0,0.7742401693921315,0
956.7606940175468,17,0.1138694052515501,384,2,11.017622042703625,0,0.9910136666147636,0
467.1424388142512,21,0.3453158064638303,43,1,7.736075161687326,0,0.8918721714440329,0
754.3632251959676,12,0.2306012949827528,214,0,47.83621324626615,0,0.797348493819693,0
1453.0997313975054,17,0.1436245420499774,788,3,1.934720321706153,0,0.6576167095360624,0
528.5547056709128,9,0.1620538785984832,924,2,8.408921690135815,0,0.953904148077048,0
1793.5720824747252,14,0.1012982881254125,684,1,6.54250977624991,0,0.9243477391490555,0
310.3722000130755,23,0.3647634741374948,188,11,50.04224829122462,0,0.1210397385880641,1
386.8455673647117,17,0.3528180341664124,153,5,0.126469734825991,0,0.9421575497434682,0
789.9431156043303,14,0.2476719140626253,647,1,0.1403244728138398,0,0.9359779877156053,0
805.2333395974352,19,0.1832661103571471,290,2,14.998863181169789,0,0.964401281666042,0
1206.1769405406817,7,0.3919108146851527,725,1,20.39079500463769,0,0.5879045451653666,0
748.4806927485173,12,0.2128141445443998,504,6,8.97830631785894,0,0.7734007301587658,0
808.7435381737668,11,0.2986595298660149,521,2,4.544114269306241,1,0.8320996593558172,0
237.8498940970533,23,0.6035940481426159,81,9,163.74293303908908,0,0.2923211258645118,1
613.3275969750001,14,0.0970845274187868,454,2,11.763169894715046,0,0.8945030304818845,0
859.1631911881183,18,0.2796922032697341,897,5,23.78610293374344,1,0.688081275112762,0
602.6415611240607,15,0.2232277308660492,815,1,40.390838524664936,0,0.8646115899396587,0
626.9629150257749,8,0.4962386963167492,666,2,37.4998944814573,1,0.8187472025408773,0
525.6570190332181,10,0.0280042172710055,770,3,2.3994031059934224,0,0.9571943945534536,0
637.2665258820637,22,0.2433160442254179,691,2,68.16877401377981,0,0.8553273799016606,0
1769.5651322085948,16,0.0424705103516664,596,2,6.348850518493826,0,0.8858373019326923,0
1945.11534463492,13,0.2521642889629349,107,3,13.616407885892569,0,0.8883970518881936,0
850.0161221066512,7,0.2878341646699056,69,2,23.858407056415075,0,0.6836302606673955,0
980.9040693367008,22,0.1544333134745121,883,4,8.051253743234499,0,0.4420580180660165,0
713.1363977666232,18,0.2374885514540558,959,1,22.93546466120632,0,0.914553386922652,0
997.8852195768412,11,0.1105526052508052,565,3,3.211906208957974,0,0.8295476683027607,0
520.9974447172552,9,0.3887911623994996,470,5,35.34816958134677,0,0.902176354646171,0
1383.1646980366086,12,0.1556851633366544,979,2,26.71129263563261,0,0.5752479834099212,0
838.8785367154939,21,0.0799062477707642,340,1,6.495171334183598,0,0.6984726359732052,0
529.9795096079064,10,0.0230637522622859,183,4,6.766482990144341,0,0.7388723297715917,0
1167.533392262876,8,0.1359807094496696,869,3,2.3468184517310164,0,0.9358882360870536,0
649.8329539757144,20,0.3588702839283715,592,0,18.67114411349041,0,0.855681530469609,0
374.5017476383144,9,0.2217379727416912,694,1,0.2965356148452586,0,0.6486389881101129,0
1625.056308471226,22,0.1385321542222667,462,1,1.5202236793069843,0,0.6321633672081689,0
317.43628471420965,19,0.1823818393384035,974,1,13.228917222693696,0,0.7197462732798316,0
2577.4235537132927,12,0.1387885332843965,89,3,6.4572271726618835,0,0.8096070291493702,0
870.796209926177,9,0.3176060959850801,48,2,25.233852164063208,0,0.930778311586819,0
1290.0966848447135,9,0.285746714075473,55,1,9.779089203459614,1,0.6811866147180575,0
1233.5223084428828,7,0.1347189994828431,798,1,1.791446954046901,1,0.7927107196436247,0
728.8982657425829,14,0.1826984383998466,873,0,8.031258723597947,0,0.8924108420493685,0
506.7622376600889,11,0.1161136045270458,903,1,6.095804757775188,0,0.9081600634590092,0
999.475261173218,10,0.5501442983356418,391,0,55.9711244416964,0,0.9083274928240448,0
480.2233757424622,22,0.2330323357713196,342,2,18.257545820369224,0,0.9505833388992664,0
615.8100613784801,13,0.2286813085944304,442,1,65.44942449721056,0,0.9147160944821308,0
803.5404464698985,18,0.0765349956615964,234,0,0.1688900225658319,0,0.947638798910361,0
1274.9840287608254,12,0.1441545646563344,911,2,10.548305542205304,0,0.6553553182234542,0
733.2719700037527,8,0.1650826096653178,718,1,2.3591667488296144,1,0.9589851601643412,0
819.4543206477967,16,0.4296532766506787,688,1,54.12119239311268,0,0.8714404372187029,0
681.1313220504288,18,0.3151651408855909,723,3,0.5578113505287392,0,0.9175398241002012,0
1076.3835098494792,19,0.1085974828072335,546,1,16.0813676969672,0,0.755446863269184,0
1484.069985957878,14,0.244189595334164,697,4,6.185096927658413,0,0.9571501843624508,0
823.4965083177929,21,0.2325983928488877,898,1,8.04056313094584,1,0.8102642811742865,0
606.3016283079229,15,0.2636693965621015,414,1,20.657270294070827,0,0.9230252095473332,0
760.5974771736451,18,0.3947700847878232,34,2,0.1685265683992774,0,0.7641720012130153,0
1396.3543950481612,17,0.0685559287928935,976,1,12.170571370672668,0,0.6594601716619533,0
529.33116444307,16,0.2375026566393119,997,1,14.445484817115595,0,0.9059655713527144,0
1300.6627031775938,20,0.4759814176974428,376,4,14.870874135981031,0,0.8234617502447934,0
1059.7416261476692,7,0.2438208016332537,695,2,4.175985783693197,0,0.7723013701380856,0
1217.3566363916884,12,0.2504520526064952,239,1,5.174314955878007,0,0.8484274774556201,0
798.8258369553913,11,0.3784426602942726,158,1,0.8186258487566775,0,0.4452689908782344,0
1290.2624824760385,11,0.2945883639586845,652,3,4.1385559914294365,0,0.7520639934916357,0
782.4816911366333,17,0.1462661612765482,991,4,3.55215735987405,0,0.8168659265840459,0
1099.068267065108,15,0.306144599610563,237,5,26.97421717910213,0,0.9123876838630656,0
412.0798590741254,7,0.1193248198991728,656,4,17.118282072530462,0,0.884218090711849,0
1878.482859544131,19,0.2418581465105465,557,1,26.199165812719396,0,0.6961999707619159,0
833.2179093537266,17,0.2108012803183365,140,1,4.126113184203511,0,0.7165038952538688,0
1614.7591714990251,11,0.1672538643040708,117,4,1.4502703140432285,0,0.8239717586386909,0
842.1904330286003,9,0.2414508225610337,702,0,7.79604286007321,0,0.5733199531005589,0
293.46803691325454,17,0.1968217573363854,739,2,7.871779245568544,0,0.7343052743629107,0
1154.3628777049369,13,0.0962800916664086,418,5,19.83173420173937,0,0.8042189143458751,0
1578.7203620605176,15,0.1759079355508063,166,2,10.244740084666304,0,0.8004920386744209,0
793.5916690515069,12,0.1657718148218031,882,3,19.131412461183135,0,0.8341264681351821,0
1205.4207028628375,8,0.0092336903102591,617,1,8.925576823793946,0,0.8054758652769256,0
1384.8317525006037,11,0.1469208481670103,757,3,31.56219790520032,0,0.7882006987245195,0
900.0312656506247,13,0.2214731279608529,862,2,13.54192336467176,0,0.8965845680025174,0
1156.119179369507,17,0.361531253110711,561,2,41.36348192214591,1,0.8796601003186824,0
989.9026977589084,9,0.1126022122904434,156,2,5.830620381903466,1,0.8162553879678597,0
475.8488090074765,16,0.054453007533645,777,2,6.3854776821823505,0,0.8960465602291161,0
397.3528958300747,21,0.2858070478255258,993,6,3.462146261267391,0,0.893330940350323,0
631.6659535467068,9,0.0494886594131021,126,3,1.857995470030799,0,0.8529294484877631,0
764.3765755439618,11,0.1711106649236303,360,4,1.9519514329525984,0,0.8627381355542058,0
1134.293472428714,10,0.1512443564744112,625,2,9.33807824347914,1,0.8554177575715382,0
777.0600657056085,20,0.2112053733763778,644,1,4.692476021777106,0,0.9399210270735352,0
1812.2868401606283,12,0.1887911360230591,310,1,2.3345593469137444,0,0.9559477105174412,0
1026.2937695791666,15,0.1256678171947031,943,0,3.8034385332324714,0,0.7320077220433867,0
1917.4216053246344,15,0.2301911992625034,884,1,22.482102667560888,0,0.8835210886895476,0
619.1154536420289,21,0.191533766744194,595,1,42.413539820778794,0,0.7581118749026653,0
1037.868887573051,22,0.1831465236111397,594,0,12.984139977198122,0,0.8111191730850456,0
514.4225436983714,10,0.0982483530042056,207,2,11.923795561555425,0,0.5576326205234573,0
1828.6008394060764,22,0.3591466114632107,265,1,1.3319487650705502,0,0.7255538878283562,0
1235.4048329280138,18,0.3538093841028848,869,1,54.861995203632375,0,0.9343250831740244,0
793.0841614865907,21,0.22540608972879,929,2,18.87698798521387,0,0.7996721549310515,0
633.1983233963972,7,0.0494985488900008,819,2,0.2621355632860904,0,0.8314236898986602,0
736.4505926874187,10,0.1316564557213521,853,1,8.05057944235798,0,0.9102469817590436,0
1218.7295640357122,19,0.1975287903212141,781,5,17.014574981368586,0,0.9769589512887548,0
965.249280880292,15,0.1589256594819983,921,1,10.367074125245896,0,0.9329639781805588,0
1284.460881310284,9,0.2186833178229441,523,1,58.23227012138526,0,0.8185666110015316,0
1071.3421886601702,7,0.1218235427460838,587,1,40.21601382390722,0,0.920941614006996,0
1087.5564376411207,8,0.3510504767747155,497,0,2.484331062170338,0,0.9191355294344185,0
1485.8853217209676,17,0.2031970235233273,935,0,35.61796046961328,0,0.6955305346169731,0
563.8183105088083,19,0.1227352424557062,32,2,35.502678283620135,0,0.7694983398624882,0
751.546529562334,18,0.2374790958745192,67,4,12.791132498455749,0,0.8624561207256481,0
1398.649835413456,18,0.1124141299388136,288,4,2.299646820128537,0,0.6147867688778329,0
731.5790780321955,20,0.1010890382553318,805,2,3.35287023759651,0,0.9118258493994084,0
1726.580461484391,14,0.1591187838170111,797,4,28.636372658261987,1,0.7027630514550736,0
707.9503526776737,15,0.2923892240601916,940,1,6.031452293599083,0,0.8449089754658091,0
777.6266597170722,18,0.1870767780909926,160,0,19.712211970762173,1,0.6859935947455833,0
1304.1585706982594,11,0.0589046407776074,344,0,6.830869089209995,0,0.9141628151099748,0
1117.844627336333,12,0.2061757893605167,438,0,5.146245887008051,0,0.7820432610715933,0
1038.6668258332688,18,0.1691097020936853,616,2,3.251919375781078,0,0.808035851712766,0
1947.9997855247457,11,0.1671404044557055,750,1,89.31221263881578,0,0.9449179100881948,0
86.0119514727006,4,0.590610264601787,172,2,50.42001227406896,1,0.1352671056410538,1
554.904228627035,7,0.2180204186101914,483,3,99.75174490761746,0,0.9279687710168518,0
634.851119422524,16,0.1548632955003852,535,1,38.50126153416056,0,0.8619703134284388,0
1507.9311600257763,20,0.1925820009278183,955,3,4.499456246305918,0,0.8342327867724859,0
1711.4367166553038,10,0.2638853797827399,417,3,12.1557009871652,0,0.895980645247686,0
581.9057105307884,10,0.1531571572032812,397,0,2.014945654560206,0,0.8207412721980256,0
1701.6334009338502,20,0.2234367180407412,438,1,8.169072303044988,0,0.8708072369830698,0
557.3906517310594,11,0.1971042512996987,114,2,29.03334883138555,0,0.7872447214329457,0
2623.338428340501,15,0.2262229706245801,594,5,7.319819568823118,0,0.9666691247781456,0
934.4561814751536,20,0.126777066744688,385,2,4.393397050638003,0,0.676721549816249,0
777.7808077534519,19,0.558432469483329,275,2,51.98568656864342,0,0.8446802198842367,0
541.9634242071386,16,0.2655666704966916,256,5,4.856968745567751,0,0.9011620140706,0
1638.2822296100333,22,0.2332262824350556,130,1,5.931387516203371,0,0.9206853499276356,0
699.8488625513241,12,0.0848684978079479,895,3,8.720929680640563,0,0.8963248714162646,0
2216.996233258102,22,0.1447898029488764,592,2,3.349767378311233,0,0.7572570264358569,0
916.1630296346192,21,0.4123261020405497,120,3,6.260166607668489,0,0.8006864839878097,0
818.6857850779178,18,0.0009140966825837,822,1,16.21196621628906,0,0.8370544378574296,0
1236.984619098767,15,0.2766783035298438,717,4,18.0857279511621,0,0.5671622434385554,0
1388.301106959118,16,0.4435773079318265,595,1,21.051544079770075,0,0.7357283167923988,0
781.7349824620958,7,0.0929522029100709,519,4,2.727598526819639,0,0.8190463888183427,0
411.5226703295219,22,0.1374833718373837,280,3,3.9482307684223743,0,0.9052059092050652,0
528.3726902857285,10,0.2773927209401576,539,1,8.460442608163227,0,0.4943296222686643,0
392.1587263213638,15,0.0542107800212622,343,1,23.43374076922472,0,0.8074967271374156,0
2769.0746699083193,10,0.1665120501223387,696,1,3.1142387896298693,0,0.7257515162801222,0
993.9164729988728,13,0.2523854208543519,219,1,9.176871173789838,1,0.538966130776287,0
656.5274701679663,12,0.2121088321716723,195,2,6.2067190305506905,0,0.8661634812221937,0
636.2375249254475,13,0.2923296009707378,688,0,12.179514221735827,0,0.7872989178744794,0
1540.9311634739454,7,0.4255717988715827,505,6,5.033338576409656,0,0.6318247711584905,0
1683.3426816070237,10,0.2337346402596056,105,2,0.5196465608188277,0,0.9774986546978828,0
916.4604972233576,20,0.2375556829766089,336,3,16.62958382266208,0,0.5714564304765617,0
1138.0689910556669,9,0.2923768901790129,190,3,34.61212647554911,0,0.7205948901574285,0
900.9146200999214,12,0.2833428333403496,652,2,3.1838745623650895,0,0.9437258501700704,0
1500.178773372304,19,0.191191821764993,683,3,9.592551472118831,0,0.8535326793764844,0
998.6950797449002,12,0.1009649270219964,797,3,10.435784260951625,0,0.7336254288571389,0
904.1209220017748,8,0.1485657674814995,69,1,4.023066182351472,0,0.6387088122355311,0
843.3674106818023,15,0.2714530190746195,487,1,6.306147795291097,1,0.9031102318952242,0
685.5678682000425,8,0.0589378066222873,859,3,6.344044042027386,1,0.7232548125291329,0
469.3021624331557,13,0.2297348988983314,432,5,1.2258881556957617,1,0.7647488991418693,0
1033.6573527095431,19,0.1875375627224583,646,3,6.806832058708647,0,0.6953431463396789,0
763.6557570928654,10,0.14219026915296,259,3,10.13679453630276,1,0.8616348698960783,0
1910.0639227457389,12,0.1578755131705555,828,1,13.486354847764558,0,0.7236264559276947,0
1310.7046807136628,13,0.2355692852033234,209,0,15.498955076983131,0,0.5904314265356163,0
672.4467207098031,17,0.4136114836647918,747,5,42.57721939224451,0,0.9781240630568344,0
586.6091894609131,19,0.1852277047723941,328,5,2.960969710107176,0,0.584732020139656,0
1175.688868082264,16,0.1761414246060874,996,5,11.491536888707287,0,0.9380908473803954,0
870.09715934422,21,0.1943908351076966,140,2,18.97856090485616,0,0.9296654949295784,0
500.6126995052389,0,0.7924721120921422,155,8,222.11737699476132,0,0.1899204987125331,1
818.1604951386182,18,0.1117553136093867,119,0,8.402546299237695,1,0.693501695018351,0
1477.2962586772785,13,0.1619848210891571,740,3,9.11085826289652,1,0.8549636037588569,0
1157.347000753779,20,0.1014653278697294,683,1,24.70604873658951,0,0.8253272574184674,0
2054.254142860984,12,0.1584549090683813,735,0,5.451810955328319,0,0.779413586591598,0
976.352440995712,14,0.2254538779108446,74,1,7.420241624859938,0,0.7713651609719853,0
707.7840150643177,21,0.3334880294659223,457,2,24.681089195533097,0,0.5749254906394725,0
741.5641893244755,21,0.0843167113984731,871,1,30.78003471983746,0,0.9499410088410768,0
1632.9584360077392,10,0.1501732961367062,68,2,3.258388353787294,0,0.867529228986062,0
1272.7912508928566,8,0.2892431825281385,562,1,22.99024536761645,0,0.6985527342478431,0
293.36973756582665,20,0.2555660097950772,224,3,6.215580969227399,1,0.6842657880132513,0
1125.1729164407288,22,0.2663049735184202,109,2,0.1383013587051695,1,0.8500851833979944,0
803.3513935260329,11,0.1349342175712845,688,3,3.0088026587680057,0,0.9005946086616574,0
391.83432380504456,14,0.2690224735626365,610,2,12.320739511460102,0,0.7059805957115092,0
1127.6162409865176,16,0.0921713981815261,740,1,16.170488334135342,0,0.799017945925918,0
1338.6693858845813,18,0.1503306140246415,379,3,30.87826184910887,0,0.8186703872136084,0
891.3768145765756,12,0.0580211312932004,874,2,3.267359386217508,0,0.8733171464855195,0
655.439981579729,19,0.0504528338386449,904,1,23.19932239606571,1,0.6370827428548972,0
1927.7929765909128,13,0.0559073278813468,889,3,6.13751778120758,0,0.9351435778349434,0
1023.5107579508144,22,0.1257802058503647,630,3,5.689417337297191,0,0.726486848568175,0
28.294346268989052,2,0.7641295584465925,114,7,81.68829398382195,1,0.2170956050327573,1
582.8358357453957,9,0.1843205051599458,644,3,10.90424177194746,0,0.9672540979156468,0
1273.7821619384083,13,0.1939644364400684,434,1,12.888532082285574,0,0.8069564781363522,0
1491.6947336906842,16,0.3857331063006204,808,2,33.494308269599074,0,0.9216518356585331,0
700.5865942107732,16,0.2368697418476947,77,0,6.711798065288007,0,0.5512555898720227,0
1639.7305007683608,12,0.2591986403162312,52,3,63.79775699499584,0,0.6286046886846318,0
1235.9595717856553,7,0.1187687783408036,162,2,6.317787697404476,1,0.5678767788896039,0
1258.0967173060917,9,0.1751570941587262,371,0,47.078569738039874,0,0.764886216080483,0
1107.0283065006267,16,0.1904220253450689,557,1,0.1125326567292291,0,0.8477252417322174,0
1012.1067589772508,7,0.2191501971304418,612,0,32.08441217500497,0,0.8782184576624549,0
1123.1988697623651,22,0.3477343140048389,59,4,0.4929154979618371,0,0.6018836196974012,0
982.780070580286,8,0.1413590314632452,390,3,14.722439976559851,0,0.7323641059900173,0
1539.1522303844167,18,0.1552184151909094,427,3,15.40526539364747,0,0.7396404728682259,0
741.3897600639909,15,0.2835385572017074,501,3,5.654787511854402,0,0.8939392683486524,0
1302.5463763494297,22,0.4151322100875729,107,2,4.661879300796361,0,0.7923289523992763,0
744.248833595648,20,0.1542617377450859,276,2,3.863580313371468,0,0.9546975749891682,0
1241.8166958397464,21,0.1327786378721118,489,1,24.251806917327208,0,0.6427705344795794,0
644.788255914107,13,0.0209642358011184,615,4,0.4831716054686963,0,0.6779231592160516,0
856.5063660448026,21,0.3892275900409206,131,1,3.8848464042878863,0,0.920330978663329,0
364.0162452421655,22,0.1421140412760051,866,3,13.87394207173901,0,0.6664732177442687,0
946.6285726889184,9,0.1068610345909891,251,1,35.10867549381213,0,0.8973100965581701,0
1857.6221962184015,7,0.1966236149353825,701,5,4.881725154230316,0,0.9718887848411836,0
947.0779368741794,15,0.2328610947480869,245,1,11.096855893790512,0,0.7051611843989022,0
1248.4674519408325,8,0.2670224612987896,885,2,20.583028784300655,0,0.580603471338027,0
733.3076322295971,10,0.2579117833458816,514,3,5.500749172130722,0,0.5782055759949524,0
694.4922187794816,14,0.2167068269697739,125,2,25.643139381891668,0,0.9470638185662852,0
1926.410995153316,8,0.3323240342982303,212,3,0.0633088302255204,0,0.9106719119418156,0
1411.689311264391,9,0.1859695230035536,872,2,24.49541052824383,1,0.8161259518900696,0
951.615220678882,20,0.1916756437276229,64,2,9.799004098059708,0,0.7077594571285567,0
1148.5875023175895,22,0.5319842692549949,801,4,6.856835844757992,0,0.7449402837380645,0
637.5401300932303,20,0.5929170239414053,228,1,5.514454075998348,0,0.7093901354646454,0
1382.2512847113817,13,0.2492724527949677,970,2,5.813124855144333,0,0.83228058229162,0
1379.0489784232657,14,0.1542219962506662,528,4,6.774263635724722,0,0.5932817302971845,0
1213.1409610191686,18,0.0767011481685837,292,2,5.968301082002949,0,0.8687016972158926,0
591.4772329298984,15,0.0935427466404308,167,2,12.833037811395542,0,0.7846045713540981,0
1113.3267602272435,18,0.1832527863542814,858,1,4.73915195452241,0,0.7074176281910404,0
880.6612277511388,8,0.2889404624054032,44,4,0.4423547457448574,0,0.4266990751865883,0
747.4946178975589,21,0.3170331377971935,677,1,8.144962561030956,0,0.7846782816012264,0
589.7861043354635,19,0.1814172510500661,244,1,26.190075365150403,0,0.8296859940145118,0
1362.1965861786605,19,0.120896091026483,431,3,21.917951558651907,0,0.5487908759617756,0
698.6981233048285,11,0.2627972496100059,386,4,18.51562255000631,1,0.8723878656027307,0
1861.7883162608923,10,0.3799223232466056,439,2,0.5736959954258699,0,0.9761428025157406,0
963.036614962228,10,0.0927155107184554,308,1,12.74009553796239,0,0.8851716166287429,0
617.2549541759623,12,0.4316815395328786,944,0,0.777904892723215,0,0.7627059470011356,0
1253.4185092408604,21,0.2358424294484002,280,1,24.978827397784126,0,0.9545582191025344,0
710.3414675174947,18,0.0296299083886431,751,2,27.379863863432075,0,0.8474836176009408,0
1471.530873698225,16,0.0270018828200174,142,1,1.698769755584229,0,0.8114462464318539,0
528.0599503188074,14,0.3361743676649636,910,0,2.6401608063658486,0,0.9032856924951804,0
681.0944558553108,10,0.0326776310459981,951,6,42.303827992673355,1,0.9507564945776348,0
636.8183207219272,20,0.060605532581925,101,0,0.6007808229793509,0,0.6421984848267175,0
659.8251933620528,8,0.2068404670168153,887,1,8.194960505064634,0,0.8614311309000796,0
642.690478457792,12,0.3135892266899624,908,1,20.76900416619939,0,0.9263981284750196,0
1146.9427387870348,7,0.1170608809744967,372,2,11.911513698484404,0,0.878444839039554,0
370.8966041331883,12,0.1499228557591618,818,1,36.84687123532502,0,0.7412814870609168,0
918.6794511070404,20,0.2272338649538594,862,0,8.022431618054476,0,0.4027254095527019,0
1401.8484131716568,15,0.0740893746729352,882,0,30.46549912245024,1,0.8661460812732737,0
648.1193986212039,11,0.2001579972909864,929,1,8.338058178148328,0,0.7400458850800751,0
582.7189485063515,7,0.3452575708266222,393,1,3.9243403783301662,0,0.8027676864539968,0
678.7656983661602,19,0.0696167491876907,874,3,14.809110637662869,1,0.385545163598837,0
932.8825176499748,17,0.1300552204457628,160,1,46.86590542702085,0,0.9217740421031444,0
1196.1899658094435,18,0.1125255180593334,44,5,1.5777085229465175,1,0.8997284528736831,0
525.2192600516997,12,0.2739664289423786,559,1,2.937016209898185,0,0.8174689292581734,0
1058.5330791911174,11,0.0673846948832743,596,1,6.488140577226379,0,0.8637649268405396,0
734.4125782144159,15,0.1344826367929013,518,0,8.82833052232846,0,0.6052074193083328,0
1642.0193544635256,3,0.6630781722488447,37,4,48.082840914934174,1,0.2181147625707267,1
873.8636491100463,11,0.2808274409701237,342,1,8.818429917116953,0,0.9279211633561728,0
838.2191285049265,16,0.3309937288478716,750,1,0.369636013050697,0,0.8615210004690569,0
741.4855265421062,9,0.247973556181813,834,1,15.372230888058317,0,0.8711143989739846,0
1346.3065607273222,17,0.1003406213166803,266,2,13.629553955326656,0,0.8510685842876835,0
597.9990492768768,13,0.1874553308087183,712,4,3.8661599044107806,0,0.5843863192745273,0
1373.667224809206,17,0.2428186502769877,199,3,33.74513509004206,0,0.83511601603233,0
606.0091587945326,13,0.2516724101588728,945,5,2.366348740924284,1,0.8523468883382629,0
850.8068928059552,11,0.1759730913625752,715,1,54.393817505754505,0,0.8494190889493465,0
1320.9805026128065,22,0.2730482608476886,977,2,4.757046458211844,0,0.586781384058125,0
1263.8048477849825,14,0.0727557855532739,663,2,4.142108327703546,0,0.9361034100411586,0
768.6429447942335,11,0.0509757232267509,79,1,0.9546015269348092,1,0.9320532275130534,0
921.3899342740016,22,0.4255782774370159,262,4,0.0185287634467858,0,0.81647289381405,0
1294.7756759201245,22,0.0624467087800598,39,3,96.0468055645873,0,0.3803759858651007,0
1364.1052970194762,21,0.0865240819272137,629,1,26.917003112317943,1,0.9154940941768644,0
366.3738950385021,17,0.094237969342796,406,2,17.490002694426423,0,0.6838041823847981,0
1045.1957349744623,14,0.0968852118966208,254,1,0.610873004102714,1,0.8283309492145757,0
571.7185673166904,22,0.0531614096881195,859,4,24.287618389052053,0,0.7041027388199859,0
947.4814867900368,12,0.0806709334325877,182,2,10.052768630843932,1,0.6485342324723811,0
819.1839610248235,20,0.0977423501737977,627,2,13.16848600204536,0,0.89776673935588,0
391.5016137375399,19,0.1988680393341435,624,1,28.484360384269863,0,0.8872355788717701,0
441.48108892272967,13,0.3185894303243752,243,0,22.94276525611164,0,0.9213712807602836,0
625.8484639436163,19,0.1228334299529814,71,2,0.7421914825516431,0,0.7420916091608429,0
1335.7939048961714,19,0.2400891826097938,376,1,3.1571296013528767,0,0.7224794884478366,0
1164.8454969334236,20,0.1610446954772296,222,0,7.3275500453804066,0,0.9620553944467956,0
4690.199265794499,16,0.1172078699350507,551,0,3.3691054440509656,0,0.6639308910316221,0
2639.436283031994,20,0.2244322072397642,132,0,7.100997616599318,0,0.8485697324955986,0
748.3278246237836,16,0.2547506159112652,830,1,49.674087857527944,0,0.8654647447239066,0
2018.7124383809928,19,0.0623246443347121,835,2,28.897703257898097,0,0.5832786772543044,0
567.7048784709343,19,0.3386515026490794,718,3,1.312296766013121,0,0.9598539270409407,0
1337.9053300867304,10,0.3537833273909405,589,3,16.942963771695556,0,0.6662800719979028,0
640.4077156498906,7,0.2526611952830514,815,3,17.333822176042666,1,0.5427631758430975,0
3677.2408789608057,7,0.085663433572375,364,5,54.44617795639559,0,0.8164801590693347,0
2566.6001851791375,19,0.2781170917019901,873,5,8.393226503364842,0,0.8811125570948872,0
1567.3061727741317,12,0.3132261502644818,589,3,3.5332416001652076,0,0.8485359105812252,0
545.439523607266,19,0.1665291537726242,663,4,3.979557691657015,0,0.8541585684461342,0
813.6824389709609,16,0.2433427245245812,240,1,1.6729454480507395,0,0.6575458851159076,0
871.5241901188509,14,0.2443774666400512,542,1,2.9418314275180624,0,0.8983667948456845,0
1107.2457899843205,11,0.1837659351968396,510,0,19.99425694899588,0,0.6213749661677807,0
660.9699304893556,7,0.1184339867687742,663,1,24.645251435609833,0,0.8022008495424908,0
775.6382454339923,11,0.1783902207213914,225,1,0.8216108561971682,0,0.7821722161590943,0
901.2071823480264,14,0.084467311621405,75,0,21.142750570755695,0,0.8596683825653163,0
1002.2922050714576,16,0.0791131298002674,703,1,0.6304364652960601,0,0.6042598046870165,0
713.69814846844,19,0.2431218460501677,845,0,6.720392372892066,1,0.9225156312289888,0
1034.5875696033968,14,0.0975482628327258,635,2,30.48642906121104,0,0.7206766067120907,0
836.7205400969605,8,0.1177618386876857,731,2,10.066254534929648,0,0.7595702991123587,0
925.219931093786,13,0.0235978269416378,805,1,2.947663988373169,0,0.5993770054916759,0
1199.0184925611604,11,0.153125283322936,821,6,1.8729914840583504,0,0.845233163258596,0
1265.5209187482535,13,0.1671972678176078,201,2,8.557971174540958,0,0.805329942411502,0
547.5782124601518,8,0.1551350589337594,514,2,5.617943317460481,0,0.9090734246340636,0
1669.6213692106114,7,0.1178499231025077,38,2,4.826503548640499,0,0.903889971807772,0
831.7552789771989,8,0.3601173878579093,32,1,38.464481473368686,0,0.811609584541233,0
831.3347267240401,22,0.1468585840707987,868,2,3.0696372724862684,0,0.8071745618619243,0
609.9331831363933,22,0.1361075593940865,580,2,0.4992829716212207,0,0.6081857340275526,0
981.5908900206437,12,0.5550785736044925,97,2,43.68894670299537,0,0.9085151224197068,0
987.3289481653956,9,0.072681454643076,702,2,1.2925412360554078,0,0.641780138079347,0
521.3509099224016,17,0.0617100314391885,300,1,40.891918476991506,0,0.7609217700128416,0
147.4452592370401,1,0.5369628176984416,45,13,122.43258470142594,0,0.6506492934181619,1
2488.560039502275,17,0.1970592899380469,685,4,23.612599941310563,0,0.8974817278285558,0
670.7016834855917,18,0.1146485062769575,714,2,0.8268168521313982,0,0.7621243945930529,0
738.8431633051744,17,0.2319578744865974,461,1,47.2232520052509,0,0.9233719425612252,0
1553.1483280422126,20,0.2505488071419461,195,1,18.46262454123373,0,0.84357550824643,0
266.6308954947569,2,0.4960625170894255,30,4,19.31719893066347,0,0.3703262685446381,1
1131.9320198350242,22,0.1109189735754811,956,2,7.998293466005055,0,0.9118202645275304,0
2461.169595051044,14,0.0510545924352451,693,7,39.321603437496314,0,0.9329765340962628,0
791.8391384594354,20,0.2136568931814834,107,2,3.142989499956197,0,0.8872892701977574,0
679.5375670795866,13,0.1995426385357006,921,2,19.41872213367659,1,0.5167864310505168,0
1960.496485415253,21,0.2387404293416828,760,3,24.18020045411184,0,0.7969435680860154,0
952.1379138917864,17,0.30594046955654,126,1,16.329200669814238,1,0.8547330711843943,0
795.0570885174564,22,0.2726156653928161,101,2,10.745277069691989,1,0.9429882176486758,0
1474.9003193683684,15,0.1073490781358972,291,2,17.30852704327813,0,0.956005226412164,0
281.93501544224694,21,0.1639984627795625,873,6,4.230856293855693,0,0.87175622778093,0
1392.3889385213397,11,0.0980352718845361,157,0,16.38702724414286,0,0.931759695696938,0
748.8038125139286,7,0.0998653074996126,370,1,11.571337742679194,0,0.7854327289734003,0
823.4174739871945,12,0.1792009527870056,514,2,10.17741695486639,0,0.905287772046774,0
1013.3682880323408,21,0.4720947644695236,82,0,15.832060136460486,0,0.878115141784101,0
3837.2135737462977,9,0.1710156847465535,363,4,2.457685588627499,0,0.8829292288091932,0
1319.5806796127656,20,0.4141574311732613,871,3,1.284995122447601,0,0.7770413821505201,0
905.034301553529,14,0.1213876017549996,566,1,0.6413926596868627,1,0.5947206509494695,0
467.07429940109665,15,0.0756106622371756,683,3,3.2429156452153,0,0.3504033569190762,0
713.284926669365,16,0.348312270984386,62,2,1.3828085828753638,0,0.8252488268218288,0
772.7380825795761,21,0.3075118156234518,673,0,4.653080566199213,0,0.6561000500154777,0
457.80507022572147,15,0.2799266255523464,995,1,8.6821336834481,0,0.7322077927787987,0
355.8433193281158,16,0.0710981159775699,971,0,10.958303785203546,0,0.7279602261996908,0
2124.924808201649,18,0.190562612556452,652,1,18.55665667816652,0,0.8409752836310103,0
900.0752165862086,20,0.011613622490226,509,0,20.974421855788353,1,0.6398562407967106,0
954.9123996856248,18,0.0923910279175886,494,2,12.042522996554634,0,0.9468050543526184,0
972.1170653294054,11,0.108569255248684,235,0,16.879584771444744,0,0.84582999808199,0
582.5157252066598,9,0.0836081518755295,633,1,17.269495279341612,1,0.6505604963579098,0
1143.5360147306544,20,0.2446777715765657,317,1,2.265026330005908,0,0.9825723771177288,0
997.8802855585884,17,0.1542438255131732,548,3,5.27468750137566,0,0.7676886716290181,0
671.6703713497263,18,0.135325494750482,210,2,50.5329137459674,0,0.8534535535747158,0
978.4925146006974,9,0.4390422905987407,894,3,20.04099024706324,0,0.7172943124371814,0
575.6159071097667,8,0.0701113246793756,651,2,9.547706634176029,0,0.6825101305894012,0
800.0321737125907,11,0.1546832455761681,788,1,28.56074448589325,0,0.8037607814761655,0
581.5088302003365,22,0.190819883259333,353,2,1.6860565104747098,0,0.8933687481966207,0
869.627548854515,20,0.3450945931616726,949,0,4.510657291693892,0,0.8847075754667647,0
2904.660470053837,12,0.1663495680644113,979,2,14.427498686814314,0,0.8188106614900426,0
1692.181485151824,7,0.1475879485665817,995,2,0.4748640492080576,0,0.7263786650070969,0
485.6938150074196,20,0.318784298566921,931,3,0.5935438776831553,0,0.635379507480441,0
368.3309439490272,21,0.1671717828080483,958,1,5.061396873666944,0,0.938148932724982,0
520.6142493227178,21,0.0406551675967139,398,4,26.238929960274692,1,0.8655458881343434,0
566.2135069245443,15,0.1561782626091794,709,3,2.1030094312854084,0,0.6133136914383189,0
2237.792177139389,16,0.1613015505446159,385,0,29.325054439951824,0,0.4937544111599554,0
704.8907062345994,8,0.2357179546656172,829,0,15.290708245190752,1,0.7714372051145796,0
451.91725227539587,20,0.3874947921490326,38,0,62.265878228372195,1,0.931036582854204,0
1022.0714083033772,14,0.3241212474647817,203,5,22.804202457324728,0,0.6683303037607258,0
2227.9193684249585,11,0.2261230768127663,388,4,18.360531836710912,0,0.7696931034499656,0
643.704551757941,13,0.1726073613100497,938,3,1.4388967077756345,0,0.5288600259083092,0
1273.9144874529495,9,0.190305682805448,667,1,9.623587747489758,0,0.6398542691440846,0
686.21544912471,21,0.0277591948714897,702,1,17.087862803779583,0,0.7444529634303333,0
887.9030405106325,10,0.2512969167554228,353,2,1.5018849792278888,0,0.7629770398355166,0
716.5892091355934,13,0.1475892521509007,800,0,4.24098599081301,0,0.6183462135866074,0
218.83883949299724,20,0.1219045748958167,335,0,23.782260910022664,0,0.7378952854005825,0
579.7927725915829,19,0.1269714316542831,109,5,17.93281725267607,1,0.7799325849204741,0
776.5092017166332,9,0.4951454447704581,835,2,3.612716585925974,1,0.6023004794164372,0
1118.1241860372338,17,0.102412986052431,85,3,9.897084611664027,1,0.8706410871083807,0
2783.971643634774,11,0.461994922592195,417,3,7.493058957502114,0,0.9015236667809386,0
1897.25356645824,18,0.2150973071160516,91,5,6.189285715200012,0,0.6183274024233467,0
764.2672287270981,21,0.1044803646474615,70,1,33.83053995295112,0,0.8082935740761645,0
854.1692041388831,17,0.205491870080289,982,2,1.5495060658280184,1,0.6437022195230651,0
954.4493635504546,14,0.1167744823002946,163,1,15.265108609804324,0,0.7315830136514965,0
590.2176795678264,21,0.226484976903358,379,1,6.83542024925436,0,0.9671454709622422,0
795.9440338277984,12,0.2157877690585338,563,0,16.763815337723514,0,0.6732604872990501,0
669.0921347262636,18,0.3467034912218169,612,3,1.176959142215848,0,0.690313962004887,0
1940.1011960422964,15,0.1274663963611876,790,2,35.716700169323616,1,0.8815101096709083,0
1160.3188166625234,21,0.2251489430861324,683,2,32.728367547069574,0,0.7950885050024589,0
3017.284407905269,13,0.1918271466796378,987,4,19.948597296874873,1,0.9396390926389558,0
608.1236656730713,16,0.0964549493237432,697,2,6.286978877872858,0,0.7759109753016259,0
3863.368591086633,21,0.2601740882584508,231,2,9.379153864452876,0,0.85231101065574,0
298.7991462121727,7,0.009375294159281,885,2,25.617424487312405,0,0.9918299733706898,0
705.4362675407799,19,0.1553802950640408,716,1,3.11006043562132,0,0.6659063106341553,0
656.6584921940525,14,0.2156896979471687,949,0,4.161309205596977,0,0.9500882405594558,0
362.1403331384589,22,0.1394911780665155,762,2,0.1604103713446802,0,0.8039987893823306,0
772.8624801217646,14,0.135203325553512,527,1,29.315885986217577,0,0.3991768309263048,0
1043.5456181753666,21,0.2253227631892154,445,3,9.969816674063496,1,0.8461736366692753,0
721.145090018524,15,0.1215664002927126,431,2,1.7980026797547657,0,0.6272204288953515,0
524.4936781730314,20,0.1055223757490271,590,4,26.079475541065825,0,0.9755207374734808,0
1172.3924589624037,9,0.0698517979137541,207,2,2.0809746370420172,1,0.6202561798153085,0
567.3662036815708,14,0.4275915575764111,203,2,4.669840385682892,1,0.9107177076882936,0
812.1209131976399,16,0.0554786490683116,314,3,3.7500649462155864,0,0.957895151603012,0
329.7157469732906,12,0.128073781634612,563,3,2.5270533887161735,0,0.7550132391722296,0
813.5967903404926,23,0.6066270305114759,176,10,75.923669255226,0,0.7601175602439041,1
1017.6427284788584,15,0.3425540344464123,137,5,8.002058340142579,0,0.9076077215700056,0
1391.8148354200175,12,0.0161227208888949,470,2,3.3560248892690163,0,0.727196222440273,0
760.2921712216452,14,0.1334303310684466,860,1,25.149868147238564,0,0.9545062969820964,0
1120.362752556803,7,0.3967839546175589,253,1,15.75294212467644,0,0.9450395926844096,0
647.7100306853777,22,0.2999250321051315,606,0,20.632878648887704,0,0.9079888866957844,0
680.6636232278263,16,0.1073318022653204,395,1,3.506672736638933,0,0.7649864431773463,0
1107.5573470729532,14,0.3590003541521461,570,1,18.422542815583725,0,0.4836140872692616,0
464.1297051936181,14,0.203178699082567,377,3,1.6415020701587946,0,0.5134081220353874,0
814.0307941539535,9,0.0634096945812841,385,1,2.0798379812330636,1,0.8773146753521135,0
1116.9272728620165,19,0.244626070176078,724,0,15.766044273311008,0,0.85947758541867,0
932.7422741929888,7,0.1802779412513944,983,1,18.826172700644793,0,0.7776876386956789,0
528.318277211485,16,0.158526825672744,887,1,2.197823170626434,0,0.9096206066496838,0
648.4832765386838,21,0.1681980666884915,251,0,10.069666843812891,0,0.922945826023764,0
668.6448452755421,14,0.296160976185305,382,1,25.067866527167016,0,0.7286768211541441,0
1440.4786896670507,10,0.2267205852332214,827,1,14.40430877609977,0,0.8953652171306015,0
712.9375427956356,9,0.2062045104143061,52,2,2.6785522943054016,0,0.7547668553003968,0
813.3120420928717,9,0.1741681122159089,572,1,34.136310861081405,0,0.943669210108268,0
696.1011025302217,9,0.1600006598054959,126,2,15.24403419466151,0,0.8604545295317781,0
1251.967481832504,10,0.3586760511689695,301,0,2.6281219511888643,0,0.8958874891904549,0
1237.316050058514,10,0.1595871277311002,57,3,3.9003434068773863,0,0.689310552335132,0
1249.306681923381,17,0.1020878389452669,780,2,1.329564847711984,0,0.5787901183418587,0
676.3796062405115,13,0.1796474085227456,942,4,54.64826581190244,0,0.9165487797692092,0
491.0655216597165,1,0.3678024986270949,6,7,34.07682959119503,0,0.3126485079221985,1
563.7664378821179,11,0.1432790702294688,676,3,7.976704623840851,0,0.8398388773384532,0
548.482390740934,19,0.3218095713566315,395,1,6.190372163468646,0,0.8512811808121117,0
482.8010732031989,15,0.4422675372415501,798,2,4.1376711069254695,0,0.7397439168768343,0
1038.880082314305,11,0.1743554175551442,555,2,25.94521629515174,0,0.7361542365211909,0
342.8121463078164,19,0.1200114793466321,210,2,54.708716317533295,0,0.7380856422868136,0
471.7911441899574,16,0.0531988258358979,643,0,5.16327050674468,0,0.8340170588512344,0
733.9649228621853,14,0.0641877829468702,54,2,5.577826651364325,0,0.8081654389852204,0
1573.8808562793824,10,0.2119485668248024,950,2,75.36405104319032,0,0.9138215370220416,0
1445.7667075961708,7,0.1335167699991211,889,3,9.6299270536343,0,0.7809369760601801,0
1287.4075593920004,16,0.1829580405528263,117,3,3.857387276990095,1,0.7915909024654786,0
1437.7278570637045,19,0.140087550378404,317,1,18.74853818654411,0,0.6998822159763142,0
2109.0328619821184,15,0.1211058127676058,969,1,14.450124762362076,0,0.8993779439668673,0
406.2922545161495,20,0.5856600396637097,97,3,3.6804902536103663,0,0.8198422819683553,0
743.0529694175714,10,0.1382315713528907,208,4,7.943115789597938,0,0.4192953332751435,0
1634.056218355487,21,0.0943879039341551,490,2,0.6080509153695308,0,0.887975235735663,0
851.2821563999319,16,0.4584850992943352,494,1,13.234230809613832,0,0.9689020328970231,0
992.0751970216694,7,0.5719244318668911,103,0,4.642469614767947,1,0.7738323727722828,0
1066.0240417644975,21,0.3143472562873292,239,3,24.03689364178899,0,0.6827703659414681,0
1311.3920709352287,21,0.1356619614293352,317,2,12.66553497386407,0,0.5618107436212214,0
2382.329335062694,8,0.2610545929774224,668,2,9.782093771115768,1,0.7175867971312484,0
412.7926973236433,7,0.3467001580036558,178,0,17.226974486380062,1,0.8515564925810378,0
1303.8963375196352,10,0.1719767439948396,757,0,16.608919261664912,0,0.9173335501982256,0
483.8003915588236,14,0.394512838466287,472,5,31.46041933485179,0,0.9377096580401544,0
710.4174703870713,17,0.18786265011903,401,5,12.880096799457512,0,0.986099538662102,0
1594.886017545182,21,0.3427265227057759,872,2,38.405485792289255,0,0.8334160488367117,0
787.2340308921346,19,0.0976670152942636,212,4,2.1730526399041685,0,0.7086554880111864,0
745.6406813418325,10,0.223040832488896,917,2,45.89284008106106,1,0.9550503432967568,0
930.6056765777034,21,0.0971145647663423,167,3,15.709181323789764,0,0.6396462183422111,0
460.03379407183746,22,0.5980781954171818,59,4,30.13201857897073,0,0.8158000148390564,0
1558.00009194484,17,0.3130441198719808,644,2,3.15025310691156,0,0.8389671997772175,0
875.9087255014051,8,0.1129042021742225,623,2,0.6631992322802165,0,0.9432979851555358,0
1064.15735499875,9,0.1129809040602621,371,3,11.752696831623185,0,0.9485342576052058,0
1047.0320049604836,7,0.3301753336617082,698,1,8.649692245924188,1,0.7691107857821647,0
719.9530497129633,16,0.1821480899163335,651,1,18.180224961418677,0,0.6060094745244753,0
644.1840182852906,14,0.0225008124301274,994,0,70.79815295244758,0,0.5685468635450721,0
402.3815588212331,18,0.34924129495168,450,2,20.097965591842517,0,0.7552982332134013,0
1106.1353553585195,14,0.1723802632881393,77,2,9.0558556001165,0,0.9039268190231295,0
454.07157790984667,11,0.0746009031647906,226,3,7.387999088555721,0,0.8914602634946899,0
914.2013893183198,16,0.263776801110557,528,2,5.413638010912027,0,0.7651794894384362,0
2155.292568574027,13,0.0531812988835133,588,1,4.904753728369768,1,0.616616364975854,0
46.889393809709496,5,0.5846462035639309,3,5,241.3270484199059,0,0.3135012305494616,1
916.9346143643496,9,0.2050870880617933,739,4,22.66775675092757,0,0.8678944448234274,0
699.7197738328667,7,0.2222245884316319,454,2,44.483969742695166,0,0.647787400113016,0
544.1095951254464,12,0.0460245252955544,668,1,3.043344942592149,0,0.932649880022432,0
2273.123985533034,21,0.2551762853845252,30,1,15.46496283932237,0,0.9685695936625192,0
381.4978006271585,8,0.0596730277971744,587,3,1.2231093965536723,0,0.9278781975150736,0
2206.7312604368917,9,0.0855171667052128,384,1,14.958217836945824,0,0.9503805836779105,0
641.9097918889206,16,0.3389682251401671,629,3,3.714014348665194,0,0.7462973055202657,0
1000.3028231911992,11,0.1238198833622861,90,1,1.5169962932471963,0,0.9527064522339408,0
759.6069382332403,12,0.1657003193564547,373,7,62.44198446279877,1,0.7866706532266294,0
854.2977172401072,13,0.1853824292354715,801,5,9.148466519171844,0,0.8730273793338372,0
1194.047195068195,12,0.3407806405976989,973,1,1.0511827134536615,1,0.9257129803178268,0
950.2429845682188,10,0.1354531902915297,952,3,7.644958840136456,0,0.9485540712925744,0
1429.61632109971,21,0.2179932050401033,844,4,10.07613271790444,1,0.3943995354093829,0
299.8835398550939,21,0.1727278264738765,180,2,15.260208717359689,0,0.93948695435032,0
1378.6495288504238,14,0.3714207802231998,398,2,0.0975511276775463,0,0.7602611338000572,0
835.2036425504468,22,0.4120934369461942,791,2,8.403365598745719,0,0.874676151341254,0
529.0020867632855,11,0.2202088598738057,662,1,4.64265246070986,0,0.7587358516133519,0
1946.146979817208,7,0.2307711171456535,388,0,6.131460198746404,0,0.9600974886405996,0
990.886419283654,10,0.3091207174940493,935,3,3.844210026422115,0,0.8509990567762873,0
753.8789771223862,11,0.2317373945837742,365,0,27.738312555546585,0,0.8869034407682077,0
829.0285689281781,11,0.1025450158936649,706,0,16.85123308917452,0,0.7650520901620206,0
1104.2427991137251,13,0.3650657932547326,356,5,14.517166555332084,0,0.9745359624824,0
635.835385560644,12,0.1228778384959841,686,3,18.34298214413895,0,0.913257725184092,0
722.7058616438256,17,0.3696433506917808,948,3,4.4416594807877186,0,0.8074320595934956,0
718.7085530215624,17,0.1879226104826718,404,1,1.6579588223672728,0,0.8473403549026335,0
1618.5049929608929,11,0.0967584239124039,569,0,7.883180971285984,0,0.8915314458729136,0
324.6941319246423,3,0.8165907905309652,32,4,13.676409639553674,0,0.4963244227298526,1
446.03794547819587,8,0.4065935329422265,498,1,13.14909240745243,0,0.7755689142344486,0
785.8239946518701,14,0.2039142344077682,128,1,7.891426058665159,0,0.8823835256287048,0
1904.8704048718207,18,0.4192055728914783,978,5,5.322900616077007,0,0.6904628176860608,0
624.257107037198,15,0.0242806333925942,634,1,12.251734802532209,0,0.6578030885122829,0
948.7494510390122,7,0.419000755371856,146,8,8.224674093098312,0,0.7241246488399518,0
1303.2696888162604,18,0.2331967018229249,444,0,26.21948403257953,1,0.7997937227050327,0
591.1552679842896,12,0.1970973430018958,429,3,30.94665421598438,0,0.9000968691110425,0
941.2955475019712,9,0.1620467118238934,50,2,16.492311993378394,1,0.4213335164103709,0
1000.383817113208,21,0.120602476909782,884,3,20.56153467210032,0,0.751129527761357,0
539.3570333708042,8,0.4421996901338283,53,0,5.127858316062712,0,0.9345288017200212,0
2339.1678716283063,18,0.2471826277317965,982,0,3.5462430601220545,0,0.9468752414105116,0
757.3839132436228,15,0.287456198439438,891,1,7.178383237406371,0,0.9677311550043624,0
616.431698377726,11,0.4823833520163029,420,3,0.3807400872882175,0,0.6786701768056176,0
1810.4368442013697,21,0.2782749392634251,990,2,62.013341602400445,0,0.8248515985694771,0
1496.4222697527305,7,0.0461370028273543,999,4,12.432725728930468,0,0.6437496218706245,0
1354.6286084521562,16,0.3618678125026687,660,3,0.9083764546079104,0,0.7589439443436488,0
1006.804578809584,20,0.0824741873012807,549,4,6.777004716817525,0,0.5703277708809182,0
656.486899648148,10,0.1449206275753272,141,5,4.70795941506099,0,0.7365526617214866,0
1456.6492248538177,14,0.171080292897332,179,1,1.6671156311870394,0,0.8147265408790701,0
993.7613126809553,9,0.0836296201462538,658,1,16.551558116591384,0,0.7861025652001672,0
1747.2006556424465,17,0.1884043637470687,618,5,10.046933564343767,0,0.7139055455551238,0
45.07992144808572,1,0.6454481117444189,129,7,62.56697865710181,0,0.2323210031645492,1
709.0613959287097,16,0.1210234895849335,885,2,6.053507354030938,0,0.7610270601079435,0
930.2410188747584,11,0.6498718981553446,227,0,12.775985132240477,0,0.6434471693934953,0
2007.00184308913,20,0.0510052489366432,474,1,10.803914990199168,0,0.925443885120471,0
1857.909298147724,21,0.2498898675090001,703,0,5.117344755389773,0,0.7599890482639846,0
622.3292862948795,11,0.0842735790924254,440,0,8.187890545901814,0,0.9053620714710984,0
931.16950247766,8,0.2746683109688816,576,2,7.29473390517202,0,0.9397030247329816,0
534.43071387548,10,0.3915764147603215,868,2,14.695896769089211,0,0.9633257756377552,0
971.8365942525434,8,0.145454589652948,402,3,13.04791540373086,0,0.8145132514499482,0
369.88763421806647,16,0.1096334761170374,387,4,4.165178684912265,0,0.7996865560213176,0
276.19481345781793,8,0.0878361832258052,359,2,13.946040511468748,0,0.8801909466231236,0
648.5365283530222,7,0.1646799855904669,594,1,9.31755121726388,0,0.8496164817886791,0
368.7932517590694,13,0.5728006839858746,864,5,1.5540902936394811,1,0.6936438699098126,0
733.8909134528849,16,0.2726448425619302,389,2,9.80430690570456,0,0.8919254402649032,0
507.00903211548274,22,0.1312036516975735,887,1,45.40672613161659,0,0.7768672105921245,0
1188.4190759671972,22,0.051702291039498,702,3,20.30472063985369,0,0.9583711101779268,0
604.272933862334,21,0.0582564539676974,70,1,10.786943010877945,0,0.7512631588958383,0
548.3109240184181,9,0.025739395887679,68,3,0.0515325591750024,0,0.710263446579567,0
662.9909984416655,22,0.0554671760221632,629,2,16.4506673230575,0,0.6265652309539734,0
341.7980724795328,17,0.3577795545088482,129,2,4.930351749583967,0,0.9686252020249728,0
587.7343523809759,7,0.5375954024886493,220,3,5.283824356112922,1,0.8812798326621255,0
776.5322163604025,11,0.1957896527807536,302,2,43.881938053653066,0,0.5412374724302305,0
1589.4757006807556,21,0.1496678712341275,718,5,5.8364095401249845,0,0.6425950063840843,0
1862.173424638779,18,0.2819942908129937,193,2,14.213403629038206,0,0.9430763099119336,0
538.1131274221597,15,0.2604397077900109,663,2,19.885773022824704,0,0.8475845152647646,0
1247.057289649396,19,0.0513037427184397,566,4,32.866915948734416,0,0.9360267758866886,0
1529.7118275504747,15,0.1162538787524699,839,0,2.099228620669565,0,0.6157995921383028,0
1056.0722121736026,12,0.0139575461763064,770,3,3.3822123704587432,0,0.81949896353177,0
1919.1696549767191,7,0.2607614925419957,561,1,6.648757858036802,0,0.5534354941126037,0
1405.72916005639,9,0.198172045986016,408,3,9.359311263377004,0,0.897679499754574,0
1437.2979320695854,15,0.1044481180738611,968,2,54.20810880048179,0,0.851466200257743,0
1812.2144584982696,19,0.0656642225035051,536,2,3.693860714944724,0,0.9364235882712482,0
1204.829748180456,13,0.2451561623485572,964,4,17.044700955014502,0,0.6622239806043964,0
1010.0778885112892,13,0.010112585485245,345,3,9.741838559721772,0,0.5525067706046906,0
2003.0184697265531,17,0.3726121978060904,371,0,12.270408351455105,0,0.6427338008366441,0
1184.1860788350343,8,0.2260374208621212,979,1,10.486733439303547,0,0.9541954416928118,0
1089.2839202785624,19,0.08133061993822,489,3,5.593120191226728,0,0.8458544638150102,0
384.79973224886305,3,0.4164359531258854,14,9,185.9459585584764,0,0.1362115233546448,1
1794.4623919025096,17,0.2494438675989064,523,1,25.848352020262443,0,0.8088772006695656,0
706.8791243211433,13,0.0499089130550987,729,1,106.30788182615191,0,0.8982667591786846,0
325.2693597828395,9,0.4764635827742131,610,5,1.9246593425112275,1,0.8289174684053346,0
568.6075349770276,17,0.0404510496665977,886,1,7.382335989972402,0,0.8245570179456443,0
2099.464306986951,16,0.3674159917367527,797,4,29.01832758192841,0,0.9844780080784066,0
660.240799813195,16,0.2395812455402141,511,1,6.030328500714688,0,0.731560400612153,0
813.205066613657,21,0.1408384327723792,492,2,4.077544040826505,0,0.9290099974242484,0
868.8136131913781,15,0.407306543448278,795,1,0.2920054180838395,1,0.7186938706613877,0
900.63666231613,10,0.1483017867102851,102,1,16.156904801747157,0,0.907561035604015,0
1610.8851822781287,15,0.5165681000080801,64,1,6.504668995427337,0,0.7913710078433472,0
835.8356882717478,18,0.322784036812155,296,1,21.351353192280413,0,0.7631114812232707,0
5392.983219650202,11,0.0809789836517178,734,2,3.74015111876169,0,0.7479867611719915,0
1407.8358102498246,19,0.0358176180633739,764,3,0.3616862824421926,1,0.7981644488994573,0
563.6499602783396,9,0.0572463588064509,524,2,58.77107935989189,0,0.7517997923745424,0
818.640595620514,21,0.0582233446505402,76,4,2.607811734705464,0,0.8063035425490881,0
586.3249501820908,10,0.382029395251081,208,3,1.5418980900453014,0,0.824911333785399,0
869.3528250488365,11,0.0138524358862393,475,3,23.47042836988016,0,0.9625567167014144,0
2856.6388295964134,17,0.2720335964180597,521,1,47.77610900395853,1,0.7422153828173327,0
924.8384793356944,13,0.065393038352736,586,1,49.76568398317299,0,0.7397835268157492,0
999.1469828749388,9,0.0157444323585182,416,0,24.80140340859399,1,0.81317882308651,0
476.1820740146826,10,0.0942351330138649,76,1,2.632093861249248,0,0.6525376047801402,0
667.334591591378,12,0.1334813050532384,112,3,17.695058273720843,0,0.6642520964053197,0
1244.3784450965657,19,0.1831908281234514,317,4,27.313350895121896,0,0.8756613428886176,0
1353.7925874474645,18,0.432064933670328,167,2,1.1179313246922746,0,0.600223778633436,0
1144.4642029045144,20,0.3279600116246001,315,2,0.9496014122347176,0,0.9699693123266404,0
315.9960708328127,21,0.2252010935629836,420,1,17.56456322930975,0,0.806492680289862,0
662.7696613274985,22,0.2039972861174254,348,0,43.07119994509106,0,0.92886589796485,0
854.6469484525139,11,0.1247589191270127,74,2,38.70424928197229,0,0.7982654623094478,0
1038.9608278066448,12,0.1501193057601511,443,2,6.593354449091031,1,0.7982954645393582,0
477.8032166512165,10,0.2326328215632344,266,0,14.251640887383,0,0.7724104298708083,0
1770.9232395961478,13,0.1522734184102837,407,1,14.387265778299431,0,0.76204775335035,0
859.3648342411749,20,0.0912514721671853,569,3,18.20800955181491,0,0.8601404898213457,0
895.453589787967,9,0.1596199470351794,963,1,1.0586905124360837,0,0.791538142176145,0
2097.752792488884,16,0.1676046098560862,663,2,7.349222936948796,0,0.6866844574305273,0
755.9680085179946,13,0.0457218192615723,557,0,5.222141853198725,0,0.7982522175734843,0
1252.751726816895,19,0.1464024851548723,453,3,5.0683498182021545,0,0.8682813456826363,0
1588.9871972465055,14,0.1528740191359335,982,4,43.32563032243748,1,0.4873878209578341,0
948.7104300321598,14,0.1031311047315594,793,2,12.129874606896502,0,0.9072037304044248,0
757.4045783760483,16,0.2254928669266253,309,0,11.644487193872818,0,0.8190607068769844,0
545.2216347385048,14,0.1223650172381227,155,1,4.028807530835209,0,0.930298559089237,0
746.3054794047381,22,0.2720563045336384,924,0,27.229389647062508,0,0.8502801312963785,0
946.3150121616136,9,0.2211843084195329,524,1,0.6793992518432389,1,0.7778506652676391,0
988.4281917040116,19,0.1637876424607265,355,1,16.196103654243352,0,0.7997255528255875,0
2719.144979411069,11,0.2535271300931157,208,4,3.4973446754940003,0,0.713805070785676,0
595.1717022333987,7,0.2268060231999833,804,2,34.99783593922912,0,0.7962213118026681,0
1787.8223194258671,20,0.0443598770455616,765,1,39.66792973305716,0,0.9006798922401948,0
807.3197386664875,17,0.1791886264851039,882,0,0.1952780429591742,0,0.8957344227198498,0
420.43287521543755,16,0.1836091744217093,659,1,24.380813065483377,0,0.9457664989788702,0
1815.6063758527075,14,0.2500964436958054,317,0,5.5299859206850845,1,0.8933780505384141,0
595.2306323819896,15,0.1041331365029214,59,0,8.058433055574111,0,0.9540187025154964,0
1611.052665815537,22,0.2904042056481788,556,2,24.071535059215357,0,0.8984716449120932,0
3203.6299802187714,11,0.2096913231358782,314,0,7.498494072767591,0,0.9390435474216132,0
1184.7981971195047,21,0.0605027195759229,659,1,13.039705051242402,0,0.7846093723167573,0
1216.267372395904,17,0.0551881656077387,991,3,12.555065424790996,1,0.9209729917329454,0
497.988257804836,20,0.2950097377958365,43,0,6.459503775459023,0,0.7904305977453082,0
1416.601325269883,20,0.0642958318771628,85,2,20.74404420932964,0,0.9216128414908074,0
1043.979844641738,22,0.3731604152868414,354,2,14.91048809788247,0,0.781034589090499,0
924.1523573120578,10,0.2404193702137572,360,2,29.97436254959928,0,0.8968213910724023,0
791.7672838812603,20,0.1782264744677476,657,2,6.473059738825333,0,0.9625571521258056,0
488.230022514004,12,0.0807761150159838,138,1,5.49780729512096,0,0.9148864660537874,0
1502.789998318665,8,0.2286898543334737,467,1,45.56304316953066,0,0.8753712635221901,0
702.3055139181691,16,0.4141722884514377,902,1,0.2259090271694516,0,0.7506752564614753,0
823.5589561305295,21,0.2359985038888269,776,3,27.712337294771487,0,0.7642698954461423,0
470.1389633037395,16,0.2438757972916977,528,6,1.8779456535069663,0,0.7148802677258854,0
498.9768002578325,15,0.3047726954939774,868,3,26.707918114377424,0,0.8390188483605293,0
3145.475690437033,10,0.2247345111486232,754,1,27.65816517825478,0,0.7777090140233943,0
1059.0599667634576,13,0.3527977684161409,214,0,7.98647973114733,0,0.6458329078102417,0
1005.4456164826804,10,0.0703687127563365,193,3,2.0119262486100253,0,0.950866815035462,0
1693.7877670421549,21,0.1277856491429043,722,3,22.443434973985013,0,0.8026668566271485,0
820.3466585396123,16,0.1006267130914385,153,1,4.315331025906979,0,0.9177923971492576,0
870.6653712628681,9,0.2448172856883655,544,2,7.133761375852465,0,0.8651365925955534,0
1045.108378373949,13,0.2533729206108502,707,0,8.183884948180275,1,0.8497040306151208,0
1262.3094765196731,17,0.117198478453793,897,0,23.37053517304846,0,0.8104745574164219,0
658.3798015982808,11,0.3414853113950635,563,3,24.382040389902382,0,0.6612593499776235,0
748.3032276297555,16,0.1168426451180262,644,4,9.015810617713306,0,0.8838795973192498,0
288.591234273919,9,0.1210492680219485,732,0,2.968292829055809,0,0.7320431913366103,0
1596.269457516303,9,0.2308608212478671,249,0,9.465491329839852,0,0.5864709453892435,0
1497.9364002575023,9,0.2150305868152315,188,3,3.6855146823255422,0,0.7586704087466043,0
487.7016678327444,18,0.130151259126684,549,2,12.759141818198998,0,0.7884761085819251,0
984.3431179858272,21,0.3151246511429439,67,2,10.522348752662683,0,0.8078837547344929,0
696.1758532983062,8,0.1014268757341731,287,3,29.189457337054847,0,0.6877540789273172,0
2640.313519310634,10,0.2081390059149655,76,0,3.6792330006158576,0,0.9248103873276208,0
1008.6174138517432,20,0.0850861539793738,314,3,3.5103894426571527,0,0.8095021998152506,0
906.9883011628452,7,0.1499695960795085,840,1,43.43362821052294,0,0.7689648295209361,0
1592.7270702101691,11,0.2486894721817296,293,1,1.7330158627803915,0,0.5251979900176376,0
1184.768738639686,22,0.2046874251085592,512,1,13.129595754597558,0,0.7661789151286146,0
612.0441565126633,17,0.1623411852180284,536,3,29.61669057141476,0,0.9505882153682608,0
830.4947119023623,20,0.3111428856881761,180,0,11.26865800732779,0,0.9645241265628816,0
1736.686276270718,8,0.2335115624308283,232,5,12.793742867200338,1,0.8675430674976761,0
884.5348896233453,14,0.2559698590177963,458,4,17.552374132391066,0,0.869105094360613,0
737.6927377991444,7,0.1276926295212398,802,2,2.239156179771192,0,0.9014835906553732,0
1412.346953249673,18,0.1317381241780678,348,0,26.4562411728533,0,0.7233731665564637,0
1455.7072930897357,16,0.0942937586421549,861,4,31.70691180193819,0,0.8780544379790365,0
1267.4203710499494,13,0.0892198546437023,784,1,39.093550653602094,0,0.7090677935229603,0
874.3617404921857,11,0.1482931032197152,991,2,50.498604400495616,0,0.6906730993058086,0
1652.391520873165,7,0.2196161440954664,406,0,23.81942319036872,0,0.6352166792832152,0
778.9377055664745,19,0.2172906327480695,57,3,0.8524356331623845,0,0.9009949984769404,0
844.0035453664569,22,0.3673343053579975,302,3,8.917950176759096,0,0.6421948654901827,0
1097.076312987033,22,0.0081462402471322,278,2,17.137988386794476,0,0.7121559765326593,0
1184.1959173184894,14,0.3350944988647706,686,4,12.942297922964643,0,0.7862549979731351,0
2047.2419359044345,13,0.0531275653493213,392,0,36.680701601050245,1,0.8077428609088374,0
1510.5994259387514,13,0.089319110783792,370,3,13.675597070038132,1,0.7567534509070251,0
1223.2462770640675,19,0.224636356303403,602,2,25.594231726880192,0,0.7018495288816613,0
699.7256936952033,14,0.0487559314464318,735,5,18.32202349727497,0,0.8950224332613872,0
1031.734195855445,17,0.0479425690333717,36,0,1.3576674108175375,0,0.528036077911192,0
1695.6267005483471,20,0.3034898749416825,40,1,23.7344394705124,0,0.5399649046388587,0
633.2669212363909,15,0.3747254846381472,202,1,1.3004361452608253,0,0.6584786488707615,0
899.6769032881549,21,0.2133153814291006,52,3,37.727904834737224,0,0.9178780551447144,0
1105.769287720761,16,0.2206097564559445,663,2,2.4934467810540193,0,0.8921524637471131,0
493.6924343248955,21,0.1130000883017159,190,0,6.293248605844411,0,0.6942188501472834,0
1874.3774028654348,22,0.1589428898274875,152,3,16.83399897342965,0,0.9402837273019627,0
965.5817275309038,16,0.1587216680450633,490,3,8.829542826204968,0,0.8837700721726848,0
1151.7025645706317,11,0.5199548563187912,612,1,26.623420200662014,0,0.9841025274020992,0
756.3646921653888,15,0.1809384406698612,889,1,7.063783773437034,0,0.5514671963158528,0
1971.7533408518896,12,0.0638825186889727,526,0,6.094953805629796,0,0.8349593029231103,0
1354.6866931653676,12,0.4178312148365828,190,1,18.213324648377707,0,0.611587186259125,0
3633.6437840788094,8,0.3049759505550593,87,2,24.378855366520575,0,0.912583680763848,0
1133.8250406830405,12,0.1601869535644721,687,3,13.837671752095522,0,0.9661809657314014,0
1142.06693845711,20,0.1066822465202241,699,4,19.541405545552244,0,0.9278093910438184,0
1728.8121350252115,12,0.2978801540244188,181,0,13.988382542525146,0,0.6565605342352332,0
1938.534278655657,12,0.3818999790449471,362,1,4.061176906932165,1,0.7396873923278517,0
1344.2710027590856,11,0.5254378774881102,394,1,3.879465429804094,0,0.9273310642047956,0
516.6558127445559,7,0.1501333709142855,889,2,9.19248373413751,0,0.7455549195857134,0
332.8401633499086,4,0.8494367992546212,179,3,327.50435769691484,0,0.1533422563591492,1
1005.4377702944704,8,0.2265555182858159,769,1,1.104106565848064,0,0.8365471059281145,0
1176.0207986511157,10,0.320315118599682,796,1,1.7123374485417997,0,0.7627140125269745,0
1311.8235746307212,17,0.0880580510354668,262,2,28.06271680139658,0,0.7063985445215364,0
828.795713029053,21,0.333167638165242,822,2,12.145730668155208,0,0.9321579787916046,0
507.2256513630249,13,0.106996507702234,257,3,4.6554016313228415,0,0.9431642789050356,0
1360.8175850470643,14,0.1311058944981644,484,3,8.532009667492773,0,0.8922608315901932,0
1020.6525172125716,12,0.2317522523935035,138,2,6.758055026877615,0,0.9138145888145244,0
839.5981630088855,19,0.0878289160083429,905,1,0.4153014596032585,0,0.7200560370128238,0
1094.8671387327,21,0.086792806354201,61,4,2.8091438789654855,0,0.7220335606954478,0
732.9655889690647,15,0.3809500372516054,912,2,24.438680193971862,0,0.8811237430627773,0
768.2554558630352,22,0.0485214683285893,361,1,6.221784533118659,0,0.8934647611867422,0
871.62318415236,19,0.1299875356729551,697,3,0.0732482739648817,0,0.6512986434790478,0
1820.6133960202849,20,0.2003881096264926,342,1,19.357491448792267,0,0.8709796447070425,0
1175.6395154370505,11,0.0112144277491672,199,3,28.183199122740348,0,0.8207783577292991,0
1140.9874162930769,22,0.1769322958472579,464,0,7.657618593941669,0,0.9449059730290096,0
1127.7533569129794,20,0.072627064120465,263,0,24.792617036514912,0,0.9565611362520428,0
1337.2595185321204,14,0.363459165794977,250,5,8.19078428790332,0,0.819295832529622,0
666.1095268283913,12,0.1947063023100881,919,4,17.371870870116688,0,0.5760496915720096,0
1128.0939968615378,10,0.1047174420298331,776,2,37.10123102943141,0,0.9310765664989462,0
986.139468501284,15,0.0765319309582684,434,2,3.4889317730675686,0,0.9006627286061814,0
1220.7959621774428,7,0.0771951578446202,785,4,34.37465866371707,0,0.870665530645727,0
670.6283900391263,16,0.3077344856578787,43,2,17.791150914395082,0,0.8072267672576467,0
663.0887287671848,17,0.2897557634941621,91,1,21.032609793276304,0,0.7538775710593177,0
1291.4833050740424,20,0.4617610833810606,627,3,2.6503065093078937,0,0.8170641509713472,0
1989.1087026013224,16,0.1306515327355248,884,0,8.344803081508173,0,0.5633540850995041,0
222.86781505629847,8,0.0693200197211296,257,0,38.84311199453352,0,0.6456186436157172,0
434.1628883138443,14,0.0996196617934421,824,1,0.2844147991701027,1,0.5894414347334929,0
300.7058043733161,14,0.3394994602554189,146,1,11.95959299463682,0,0.826408942874425,0
1622.156041272077,18,0.2329243630143654,227,3,8.190274703704699,0,0.4474052370723426,0
3257.4782758292445,21,0.1129531605497271,165,4,8.151026421343396,0,0.7466528918436329,0
636.3694189902856,14,0.1937326482179029,582,1,5.795907354973383,0,0.9863493061587216,0
582.8803528437746,15,0.1879651969178293,130,7,9.471014779856732,0,0.3126238130585429,0
1522.234587518539,8,0.4435991532275622,458,2,59.80979238673307,0,0.9816231252566128,0
2048.22995095696,21,0.0752171275293546,373,2,33.38112673716554,0,0.6521655164013261,0
872.5625937167069,14,0.2490727558268876,874,3,34.5182655027036,0,0.8285495942850006,0
393.2993793320778,21,0.0103666375903625,168,2,25.49850249668469,0,0.9289688944682014,0
432.5467107937706,16,0.2255727299012901,505,4,3.895188131734125,1,0.8663409570928408,0
764.1138309948566,20,0.3725690893406059,82,3,4.004144334117415,0,0.5453609844154504,0
126.63159165175809,2,0.5597242500213213,199,4,138.11553721550152,0,0.1434857536149766,1
1918.645276035152,16,0.0846616702542574,637,4,25.703499673897923,1,0.5675874366104364,0
2673.491260972469,18,0.2779015097168799,666,1,8.69421137935321,0,0.6728554660591242,0
1292.9440713385854,18,0.3383920368712261,388,1,8.577701353742269,0,0.939444028268231,0
431.7513493217672,22,0.0746230910829484,910,1,24.416343311161977,0,0.8743253176624207,0
1034.332651351455,12,0.0791403319694653,209,1,3.332198906920104,1,0.6306123474142269,0
321.1910861706247,12,0.2243788687507726,254,2,40.73231931865501,0,0.9028861247963544,0
1440.4101072479586,11,0.3021616611115366,500,0,25.35164942936539,0,0.7811524704291538,0
162.3256308694393,5,0.7136722345322729,155,11,128.9294795123784,0,0.2519746801338587,1
273.1885714467651,22,0.2270822057536539,468,3,1.7000911918964074,1,0.8531745175078678,0
729.6496059338208,20,0.2503754840175551,701,1,1.8251957226967837,0,0.8161213647810002,0
2446.249765092359,7,0.055319351187651,275,2,10.838973490465424,0,0.7752647488887591,0
593.6314862083249,17,0.3623763062611289,561,2,30.303648538223264,0,0.9452022520452958,0
1654.4609624660163,22,0.1131002120226933,235,1,6.660309760923755,0,0.8951450315634414,0
679.5809295469259,14,0.0980150219839983,820,0,1.6438044830603014,0,0.8313456272692619,0
1528.9317213591544,21,0.1444375391696542,861,5,4.939542175646646,0,0.6385160520162323,0
416.5471432713464,22,0.1087209485753023,108,2,2.2181012675965115,0,0.7297429361144914,0
1436.9010184631911,8,0.040792645284719,936,5,29.082892287495028,0,0.9581191086990348,0
787.6825411133703,18,0.3090754827975209,520,2,4.734188835167879,0,0.9495211675491262,0
1353.5643543550048,17,0.1843690549770507,247,1,48.27591171893729,0,0.416481277256812,0
919.4394561976428,14,0.0241167685238328,615,1,2.0599394031432707,0,0.9538008025662372,0
482.12945116125974,12,0.4532828160549881,192,3,10.601195271346786,0,0.9006897471518898,0
1299.5524932752835,10,0.1266328393111348,56,0,17.18071074862446,0,0.7011941146262769,0
982.4421768813252,11,0.2187556919981263,780,1,15.09083343974716,0,0.6507319701790504,0
686.8609406800155,21,0.2287373250592387,382,0,68.63289221089674,0,0.8034184917768104,0
1125.8736086488725,7,0.0518856781031547,184,2,21.54429938933952,0,0.7926274183656089,0
2905.2812996451953,7,0.268919558251232,280,2,10.285267849262755,0,0.8733031671626159,0
1498.6415263068602,16,0.4039568031066177,738,3,3.1633930722075343,0,0.7679016469047603,0
823.7056216947279,10,0.0271668689875816,827,2,26.50103127628511,0,0.6572402635046524,0
1077.5768700769218,17,0.209759540194802,148,1,1.0218688112748646,0,0.7875695196570841,0
1065.887351861172,14,0.2588369477261724,62,2,35.04508813799586,0,0.8563842389659947,0
1232.2884149999625,18,0.326335186172088,805,0,6.274533833080355,0,0.964583935968104,0
85.41337803733944,0,0.5864632181072693,53,4,129.8791350231598,1,0.3416251251135863,1
1580.0832013662107,15,0.1250492151958684,624,2,13.9853130258547,0,0.895705141941405,0
685.3407763160062,18,0.0507076568907288,642,2,18.636804994252955,0,0.8025155719497867,0
576.5182422142243,22,0.0624132868094631,167,2,4.900652959841594,0,0.929377503170163,0
1077.8563233046732,8,0.3302491355746382,962,3,19.462686204064564,0,0.7018239152053295,0
900.8862724879824,2,0.6809522389535908,56,11,0.3632578052612121,0,0.5268903220246639,1
662.9914707575374,17,0.1243934390856712,527,0,2.825460356905122,0,0.611868409788106,0
1513.5225746168824,8,0.1246586088306914,798,2,9.318336777850254,0,0.8626380911797928,0
1991.448472305017,16,0.3325925590704918,254,2,36.876781666967126,0,0.6998105926869812,0
781.4024150603094,16,0.1156396913187749,526,3,9.032036210848748,0,0.6957052792540958,0
82.24196622536299,4,0.7033486634174587,42,9,36.138586868762026,1,0.1621233604178537,1
1636.4269794776878,20,0.2290801839315515,986,1,13.708797260812746,0,0.6098760051433602,0
1007.1907372939046,21,0.161119690657583,904,3,9.401931847079918,0,0.6520293173971429,0
1993.0581395144452,19,0.1123115057725705,151,3,9.865075221561405,0,0.844900328811997,0
622.2350451631113,7,0.0804398055015165,149,1,4.555587196193148,0,0.8594770374668027,0
561.7733996597772,12,0.2537344209228026,417,1,0.6579422006212227,0,0.875717342537064,0
1429.012459587315,20,0.2422982275841058,554,2,25.83908082505524,0,0.7178748757644159,0
1706.959348249845,15,0.1213372860405238,748,1,9.636949926622922,0,0.87728955110725,0
1306.0137142477088,8,0.0401088475027493,375,2,27.336419117351117,0,0.8801182544611508,0
654.7667147915002,22,0.048530698162154,618,1,13.997816966290133,0,0.944317660667901,0
865.4199630341792,18,0.0463129898350925,497,2,7.9562396720964195,0,0.7847593142780819,0
1569.7550334829857,11,0.2249093566418694,625,4,12.976189618678909,1,0.7027597617427409,0
1430.7465581427537,8,0.2591145169409365,918,2,36.797372806433216,0,0.6361241841274795,0
716.2747580846476,13,0.1448560567088299,784,2,20.637667368170497,1,0.916163159998769,0
1240.8186141784695,14,0.5267502080561629,914,2,0.9578074972766611,0,0.863393656084561,0
782.2372288571962,21,0.1235713909627894,488,3,10.372760063379348,0,0.9556001934766528,0
455.4371500930804,9,0.1215937293736779,464,2,6.541212187048967,0,0.7357228497498123,0
1421.532324209867,10,0.0396091321320741,443,4,44.97629995555642,0,0.8278199861192658,0
721.3323304462006,22,0.1315363058968721,507,5,7.852164660791125,0,0.8641120098708582,0
1048.8160996519102,18,0.0641830544845383,640,2,15.886245250607216,0,0.6883407604606462,0
844.0318563090383,19,0.0771532543795489,217,1,14.796667605549368,0,0.8897803820638941,0
589.0852341259285,9,0.229059888452813,281,1,62.403641606950245,1,0.7826858074223227,0
639.1446125990412,22,0.4597311229970276,872,0,39.80720238815218,0,0.932964915592873,0
1069.3314862473824,13,0.23120813142258,163,3,35.92332395142645,0,0.6153959262199538,0
1820.012530366701,20,0.0995341089324362,617,2,15.518765607585442,0,0.8673636218744555,0
1160.7056078553896,19,0.240692419511013,373,4,21.83222663253169,1,0.8090303294434719,0
572.1464190459076,13,0.3735728847053039,743,0,1.018219233460362,0,0.8736986062355293,0
1467.945992780879,21,0.0796067645088688,293,1,12.872106886362262,0,0.8507205997588175,0
2586.5936746998545,20,0.5251779274969847,117,1,5.655427353708983,0,0.9165776233493804,0
899.6166010485956,18,0.2447498269356919,653,4,0.1709867255683624,0,0.7863615980682784,0
749.8359325715534,18,0.2840456195774158,597,4,42.163171565975034,0,0.8652941752584917,0
2270.6742355650713,16,0.1617796407668443,64,1,22.14451054351845,0,0.6760500917815099,0
584.6183291153834,17,0.3539906782658188,744,2,22.028236226360132,1,0.938972118574161,0
520.3213997807723,19,0.154124043523819,572,1,76.10418400678276,0,0.5975920488010297,0
2022.4154480400643,19,0.4054995384866712,402,1,0.0588856601881053,1,0.7995352029594602,0
1062.1955847676031,11,0.1100420314307554,521,3,19.904892751134796,0,0.827577040450993,0
1131.276390145783,19,0.34120542518786,300,3,45.709078854206865,0,0.703862201513464,0
860.2125033461243,20,0.1753954465877912,546,4,0.6124071021800246,1,0.7790868983666223,0
748.589898588537,21,0.4035594265275762,805,4,6.9779554491668145,0,0.520238328400073,0
594.0380593729973,11,0.2881450777435699,493,0,9.820495244858346,0,0.7750387481901286,0
815.6197641875802,14,0.1380269887978702,631,2,32.180286744583775,0,0.8128839191856434,0
1041.3467667514096,17,0.1126409447923371,335,1,1.4611149587225956,0,0.8283703702705367,0
629.2926811696396,12,0.1083567020590224,185,0,1.4294175829555962,0,0.8487488058132665,0
941.194479322493,17,0.1097703752263122,60,5,13.639067913217954,0,0.8258090056954087,0
322.6276045042797,12,0.3104176674957127,115,1,38.755088980451,0,0.9217816919063454,0
1004.0338569939372,16,0.2064631461008702,933,2,15.207727395764902,1,0.7665903292420876,0
755.584861191107,16,0.2790109851072077,760,4,1.8065602125237132,0,0.9635799480482292,0
1162.9156979308614,9,0.1341649103558776,349,2,27.70909343011281,0,0.7945521061269915,0
568.9969423245606,7,0.1452781651298039,828,1,23.592624528666235,1,0.9237642152593104,0
560.3119741177024,18,0.2403886467483219,68,2,15.213132787731276,0,0.741004895599072,0
544.6777272143055,8,0.2495028845821011,359,2,2.5986892875522103,0,0.8903731167797525,0
1184.3467935092017,11,0.1119903770257589,54,2,3.922847113322621,0,0.949720400003956,0
1107.8016215715138,7,0.3133004377503025,65,0,18.643876353436095,1,0.9327386301123672,0
513.2116098003378,20,0.3623574617551268,661,1,18.58340833618313,0,0.9030325947191066,0
920.284054653518,8,0.0714631741021163,767,4,11.18450277351723,0,0.9591162803732672,0
2011.18806149688,9,0.1164299593308291,270,1,0.8438598458244724,0,0.6776078581282761,0
1564.869468129676,14,0.1908946429537737,829,5,15.835155496958764,1,0.4127254953093126,0
683.604477305354,20,0.1165232849227479,819,2,9.699794277588936,0,0.8226700478222049,0
705.0615791679453,16,0.2291179422461052,192,3,3.6821849350068545,0,0.9617417791109664,0
222.5927421987156,23,0.752286242191711,41,3,124.98704410424584,0,0.3828814751771693,1
1163.0321081949314,21,0.1564068178965487,537,2,15.071603598579433,1,0.928006391933922,0
1408.2709270312766,19,0.2870204933912394,678,1,4.632717540349485,0,0.7460187238888776,0
273.47649471884193,16,0.1522598224934759,670,6,7.541922953981707,0,0.6424610591308508,0
1751.2128538410566,20,0.1812962216253628,957,3,3.5796874368706284,0,0.8649333413148543,0
317.12121413034214,20,0.1783707445571436,927,0,30.72573042045967,0,0.9200202231306704,0
1220.7724173930646,15,0.3220268819306339,51,2,17.442532553406267,0,0.8147837104548683,0
801.7539938515589,20,0.2615243062154756,174,0,3.263414960384047,0,0.504337352969337,0
939.686018730902,11,0.2312730122285922,685,3,5.786509926088433,0,0.8646485190916308,0
898.9377986385555,21,0.1791734029645443,204,4,11.673843602468754,0,0.8823431144937453,0
2274.9125958027607,21,0.0722313094064211,558,0,2.36339380303933,0,0.7957412276019895,0
2654.59718228326,13,0.1979953376748094,561,1,24.660639831125795,1,0.6134969036539629,0
285.12237680134547,20,0.2130949410122871,166,3,12.376154441771972,0,0.9274155663644612,0
1055.0540178436063,10,0.3341411455035029,880,3,19.1519917099086,0,0.9061872094862158,0
1170.056091112398,8,0.3252726422390037,679,2,1.6123546257195147,0,0.8868455792752131,0
1145.2299805530947,17,0.3765075514353029,497,3,41.448335849870915,0,0.934488554216581,0
2095.6625308496405,8,0.1662629698065272,995,2,4.131862175446262,0,0.8756659610086703,0
2163.932878411448,13,0.0438495126870235,244,4,28.680306839788372,0,0.9608372808871226,0
842.3534971163286,17,0.0860126923181878,976,1,2.663733219006984,0,0.7123817431182661,0
458.0282191661112,22,0.1580813860980481,718,4,4.832687984714119,0,0.8228664399932004,0
3546.5638049657177,16,0.1498809520943134,989,0,4.669519245276393,0,0.8720767812246172,0
1041.544933240629,22,0.1232650657826294,176,2,1.0089099534220118,0,0.631781265504037,0
302.0747547005109,9,0.3257655905186129,702,2,13.304990791690972,0,0.5113466592719029,0
1205.489908160412,11,0.1647483578502724,945,2,22.39096872167373,0,0.643966835661695,0
1685.2320798692235,19,0.0903677984347807,375,1,22.61659048845695,0,0.9778488245216174,0
1613.8266267510276,8,0.0610024150708095,840,2,7.763866746486721,0,0.7492285587002447,0
2874.484326669131,20,0.10779080257227,46,4,23.788845425410685,0,0.8638325250063842,0
480.8219679956943,16,0.1601840766502711,492,4,0.7459460545051716,0,0.8845037806685963,0
852.7410742480624,17,0.2873368624124996,141,3,57.899711951150174,0,0.5629845684115068,0
1700.8974932387414,14,0.0678736260116514,189,2,19.524864917876737,0,0.9539429953897256,0
478.4891419846503,7,0.1264314516724769,722,2,19.71482979171715,0,0.8235528922695428,0
519.7131390577326,17,0.2853560219914292,361,1,41.32361073429412,0,0.6858327782822083,0
515.3973069321677,7,0.1941709067658355,322,2,22.893539689250503,0,0.8568700184905036,0
2072.395775299866,20,0.0678860562098059,339,4,6.41384648683998,0,0.8196411801369826,0
1288.8323074671223,8,0.1987636457482879,610,2,18.269292787162996,0,0.7244097403292651,0
442.8908350706053,8,0.1348447213948522,610,2,29.095816002891677,0,0.8540721602784755,0
913.3140098695538,22,0.3663240065873243,561,0,9.633750250659157,0,0.7599122825681307,0
1030.258194253587,18,0.0078426026262077,744,0,31.16717685727519,1,0.9661671579803554,0
1196.954534335737,16,0.1719551989289063,538,1,31.93349484425214,1,0.6872317942815173,0
853.1342911870597,15,0.1840208962605517,626,0,3.736705819899712,0,0.740704575686734,0
564.8295912487364,11,0.1591048088065048,681,0,0.4156839068278167,0,0.9022905745069562,0
881.8985444544522,21,0.0661546312753944,688,4,20.690385763388292,0,0.5807334314080251,0
511.28296162308624,19,0.1100894397152432,307,2,6.463081902930814,0,0.9045105090451232,0
1100.8212745568835,11,0.2788117511942983,745,0,0.7271487749925823,0,0.7710269147084265,0
2231.721032067412,8,0.2978013630456459,833,3,43.58361941219055,0,0.8328465774030597,0
928.3987491342708,7,0.081474787533205,971,4,8.47227036625771,0,0.907707714156486,0
519.0250046512135,7,0.089416313208167,601,4,27.17002279531446,0,0.7673060037272764,0
2041.583542106994,9,0.194705340599696,336,1,1.9049297888546777,0,0.7988997467591284,0
1892.6432833774795,21,0.1107432641954063,500,3,8.946252650647672,1,0.9267282514434912,0
1198.5159742920555,14,0.0255677560907039,980,4,18.745284406863533,0,0.8017845070976876,0
1281.810504021692,22,0.1561682868681724,367,0,39.94343139875554,0,0.8570675023342746,0
781.3431804889846,13,0.2059805599639578,528,0,13.305323620724929,0,0.841808621918289,0
565.8299335676729,15,0.088373906311413,196,4,0.9666079122645834,0,0.9571972596289504,0
453.1168777083124,12,0.0983146999385784,308,1,8.428277480532394,0,0.7367205190368348,0
901.0960654200009,21,0.0435482931841555,74,4,2.49336431076052,0,0.8192120497999361,0
1429.9585725123795,7,0.0286477685217663,307,0,17.83421625693624,0,0.5261876911061084,0
1728.721951547679,15,0.1280657966602951,643,1,59.6534580781577,0,0.8790391928958333,0
1308.059392435802,21,0.245518645614795,565,1,6.696384556123045,0,0.90514870643402,0
2562.457466292185,14,0.3881080058625766,167,0,20.844541043651457,0,0.7704771508962001,0
137.5402444270212,1,0.4346412451464994,56,6,207.36052985703355,0,0.4207599781127834,1
1282.4161439054262,19,0.0176431413035828,226,0,34.10009157520978,0,0.6576786797589198,0
1096.7463550727146,8,0.2016273836483775,69,0,1.0994917844648566,0,0.948758386159309,0
1216.6260981041758,12,0.1562162362910369,576,4,33.553541110735026,1,0.8595883933921192,0
1501.9466647764398,21,0.140720098325346,639,3,12.174667981668549,1,0.8722559833834648,0
1189.3441305837262,17,0.2417185373539566,964,1,33.12035434152675,0,0.8275789648754179,0
623.4538938782326,13,0.1087949240441656,158,3,3.1982253550087334,0,0.8771662424849714,0
853.0571017953489,14,0.2041436162555453,605,2,4.69900966960349,0,0.9250033473201744,0
460.7951582191444,22,0.2116418020749628,999,3,6.4255268155528995,0,0.8058816174337207,0
1444.6718062905884,16,0.2844866910749306,404,0,4.751805560799937,0,0.7135275395438717,0
1448.4448869811729,14,0.030199638224737,535,2,15.420116461097004,0,0.8256258327342223,0
754.9744373796154,20,0.235635368812679,475,0,11.89018966132917,0,0.8772604264948083,0
1095.8065560133996,22,0.1506166247442035,673,2,8.020474072909733,0,0.940391072260626,0
755.2448440802609,12,0.0733641054858666,138,1,38.03754718789442,0,0.8143410404034237,0
1084.6172691706763,12,0.330183011741272,251,4,11.54988256225593,0,0.7690029159279365,0
648.2682611679642,10,0.2066212345994637,571,3,6.03637943073273,1,0.6379951456819157,0
684.2399761327191,14,0.1557328754597026,213,1,7.406939857394256,0,0.6538116405500376,0
719.6214535052807,16,0.333479102706877,419,4,5.166204906868876,0,0.6876163522684554,0
691.9595242096458,12,0.252804574400332,761,3,15.731545778970029,0,0.9168363445043584,0
440.0019176020349,15,0.1177867560828583,120,0,8.59921630947243,0,0.7326909958950655,0
1260.7417615478307,9,0.1393221509331163,790,2,3.2229188916063425,0,0.5010501733091015,0
826.6740902770391,10,0.2811632588769304,850,3,8.142921799363952,0,0.3244389006720736,0
2208.4724900771157,8,0.1890532558737347,511,5,16.839256677207622,0,0.8803817324364835,0
1426.5359932844317,8,0.2035033741453247,739,1,0.8311007017620664,0,0.8755358531972939,0
2743.9866030638073,13,0.3998907727876661,925,2,16.664271285389578,0,0.817408373151245,0
975.3467725974616,15,0.3572925959887327,65,1,2.3154333000549703,1,0.9282951699941407,0
4250.120532189648,8,0.5085120555104584,986,2,23.678314332625213,0,0.7176403282107627,0
1152.7466721753929,15,0.359301906386356,349,2,5.722353231469159,0,0.5855324289532832,0
1216.3389453540117,8,0.0700566724791954,384,3,3.1858799259789894,0,0.6944365623976213,0
1840.108827756728,8,0.3392111860011111,238,5,2.0215020594998117,0,0.8544435029415721,0
791.8927318027237,12,0.3123510616738452,521,4,8.965190947306972,0,0.8283725678073115,0
1073.8162425302176,16,0.1238361265693186,309,1,9.116027647740236,0,0.8043341312772225,0
734.2324526670042,19,0.1887444547425217,912,3,3.1877169297303007,0,0.8255551166674955,0
244.70590057951708,17,0.2110298985747311,755,0,19.80173274255182,1,0.5000923160734657,0
1881.3287879427644,9,0.1095349145645391,733,2,8.823631755731084,0,0.8521237313480159,0
1026.374273952844,8,0.3347538751650569,710,2,17.62000418291724,0,0.780738163241182,0
1292.9857292343215,11,0.2862668821985382,527,1,22.81615982351506,0,0.635928151199224,0
1239.032317591494,16,0.4973610843610663,506,1,15.669089896940994,0,0.944854255085192,0
972.794812617816,15,0.1258947068538556,290,3,5.846453293115143,0,0.6753493144374005,0
1093.7085119352216,21,0.3198558559895631,345,2,42.243692262781856,0,0.8016412003453507,0
414.2264294027949,15,0.4097418731725415,832,2,41.91394889749392,0,0.805006418593539,0
692.7608149042942,13,0.2160064584747593,386,4,12.131628381463624,0,0.9322775321235456,0
930.5986488498288,21,0.1739885543724567,394,1,9.393198510070247,0,0.90292368940435,0
1090.7762264702917,7,0.3200379954982514,357,4,5.192409681460935,0,0.6717653905158099,0
873.6350821644672,20,0.0971974106057635,548,2,18.59566632355421,0,0.9070415387129426,0
1052.5595627801963,19,0.309877068735617,737,1,9.828353803010796,0,0.8480159684856187,0
446.02305429234127,7,0.2059968852032862,884,2,3.349432802921434,0,0.8280030841563657,0
1674.9938256093228,11,0.3169335526868042,330,1,1.0403456175219954,0,0.9767380203414734,0
581.5557999215955,11,0.2074913385171444,857,0,19.526340907582497,1,0.8480298350479909,0
460.4811373665887,12,0.1204489728376803,497,5,10.7220779208122,0,0.9442745920451744,0
694.0869904594881,14,0.0565985207895542,177,0,3.1590261109348967,0,0.7578127871959882,0
714.1235546067617,9,0.0179568181607957,372,3,2.7783697902665265,0,0.9207060709997354,0
1370.358255808203,14,0.40803342652573,976,4,28.920449328810797,0,0.8792725781785804,0
1500.180333755413,12,0.1418140189610807,577,2,67.52934361520319,0,0.6605617824873127,0
727.9557409732632,14,0.2105224515570485,853,1,19.551094821689745,0,0.8026661215079528,0
928.9296600264004,17,0.1542855692628509,47,3,31.368923402871665,0,0.8976374657011654,0
474.2874694482441,19,0.0359086817451429,338,3,4.1538588055922725,0,0.9395945672611336,0
2104.3673306252267,12,0.4759256278932923,866,2,51.417041224701855,1,0.8458836620920024,0
1914.2843644121183,10,0.5162181716802924,806,3,7.028867574094989,0,0.7917998237132132,0
1596.9357865275026,10,0.2364530890437292,742,2,12.001571920441767,0,0.8825212032420924,0
622.1811097806932,8,0.1910360155015659,409,1,50.32486953317142,0,0.8950444872135376,0
882.4441410973664,10,0.1712666686770178,610,0,41.70488345390362,0,0.8653072961782987,0
634.9231042752788,15,0.1326358550164026,138,3,10.651871686502826,1,0.8378919901968526,0
587.1724057037814,9,0.4282883114646199,725,1,25.901861524938056,0,0.7396378502269826,0
985.5545536598402,15,0.0841524367475876,631,1,17.047484688279038,0,0.761699702044063,0
580.202211335323,9,0.308461052546983,221,2,16.896844685895022,0,0.8223536453840051,0
392.3033979134709,7,0.2641547650272937,741,4,0.5803910576024769,0,0.9375914676610796,0
494.864988414967,7,0.5105282917325726,790,3,8.355722078893578,0,0.7080333968148801,0
369.9502352036466,21,0.1089803739400876,937,3,8.240466702670334,0,0.659063590087205,0
1042.5757042208857,18,0.3328406346046804,168,1,4.000483285800049,0,0.766287437896787,0
953.3864191727102,14,0.0837174949890505,886,1,10.548685811958782,0,0.934123029507814,0
1102.5879995084952,20,0.3539593168976129,634,1,4.592621733038967,0,0.8379473053324383,0
845.4889954177164,9,0.2212316357131301,703,2,99.1643348574314,0,0.9400722449606856,0
1226.5498445786675,12,0.134511735105982,342,0,3.7533240157670194,0,0.9050724310464716,0
1232.4908221237558,21,0.2122902596353555,175,3,1.294956135642196,0,0.5595712852316874,0
1375.112456598849,14,0.0818592364988816,393,1,14.903965995380412,0,0.8614593899507844,0
2394.807524615612,14,0.2435627872786441,737,2,2.970017593106479,0,0.7900329134045928,0
425.25885903372586,22,0.2725630138490422,217,1,23.462490046225767,0,0.7220093055980891,0
1502.5527408053515,22,0.1960194079443328,466,0,4.1643290153493275,0,0.8292960451166562,0
1852.9389283744072,13,0.1760011651469785,414,3,3.0159117963958364,0,0.7860121506731503,0
175.08501948754696,2,0.5798614898169413,199,7,115.53260579286004,1,0.2829426933882575,1
747.9590075365971,7,0.3165678294424991,282,4,5.815529613236326,0,0.5821788956386307,0
1098.1238449402963,7,0.1744475046608209,454,4,7.956587616633503,0,0.954618773875922,0
1857.5386405161044,15,0.3969638924045948,136,0,17.0877882770734,0,0.6094754972885214,0
2206.9928594352264,7,0.0463867148244619,638,1,12.622687379366967,0,0.7149880107567284,0
731.4444954760535,15,0.400015395459219,140,2,20.99335355584607,0,0.9110474778511076,0
559.1620254641788,12,0.1208227377045055,992,1,11.5821060627147,0,0.7330381178510689,0
990.2304434331764,14,0.1064662830424028,949,0,7.993725238875841,0,0.7438498079805114,0
630.671173218514,8,0.0955643979848873,542,1,1.9102774692213411,0,0.8121955258129685,0
1559.6162651609798,13,0.4313056151044662,976,2,0.5739582860707556,0,0.8548437174147566,0
822.9940487445842,15,0.1055667013651837,236,3,27.570521862458897,0,0.849811043547588,0
627.1105580457123,11,0.2601358231595572,472,0,1.9457265784587132,0,0.4510714123951205,0
252.6215806597015,20,0.1200977421173969,814,3,5.751930059988714,0,0.8420453834339164,0
562.3525692203164,11,0.186343145284198,744,1,3.770072792668573,0,0.9299454384684768,0
885.2866004652633,20,0.1556194130728951,846,4,7.6403486938311636,0,0.8322851576631499,0
751.9222734403802,15,0.3435238359286474,680,2,68.87268156629968,1,0.9879864831660156,0
3620.9740494736625,10,0.1820601765037205,347,1,12.12737279387258,0,0.8591083919594077,0
2315.570145408483,18,0.2738194268774271,315,3,22.372137409368467,1,0.903550088736073,0
935.0739328967107,20,0.0080762884519377,34,1,9.862489490485116,0,0.6264968598135636,0
1555.487664762535,7,0.1548017688193143,655,1,3.2331196623136793,0,0.8257543724499474,0
574.7087527186052,14,0.058372021078347,30,1,28.12029366548652,0,0.9034980437884856,0
715.4609456230003,17,0.1579144617282735,585,2,9.415841288275164,0,0.7100954775709574,0
742.921025424535,13,0.1199056451170933,240,0,3.672797642728898,0,0.7324215126922545,0
906.435836647687,8,0.0556629687742385,61,4,10.297088903572602,0,0.7051314264029553,0
509.66284223298726,10,0.2971143780258584,784,4,22.35221357163409,0,0.6663876687145007,0
2017.645980010513,16,0.1446596171868508,839,1,12.4256881596255,0,0.792175442842224,0
401.69204517821544,14,0.0818625359152502,501,1,3.04481237457115,0,0.6560828829182465,0
969.5079226943044,12,0.0972471317012881,990,3,26.83613798712071,1,0.6916351333664078,0
1034.6394525260946,17,0.0738171951991,909,3,4.688209365006542,0,0.626600076669764,0
1303.5303713244368,17,0.216123980939699,742,1,28.883415918284346,0,0.5272877980436945,0
957.2490427833686,19,0.1645340694426042,518,3,6.206168313212681,0,0.9975755926566824,0
325.4144435471205,17,0.1191487510807537,486,1,4.0471411509461435,0,0.7511079003708288,0
845.7701698628254,14,0.2374963270353891,183,2,12.519778712780957,0,0.8987884707133426,0
1035.6135431186171,16,0.304672399893401,300,5,92.593279085951,0,0.8997733676820435,0
1247.0023204936867,18,0.2252475254558729,645,2,15.083781690238132,0,0.69438828041302,0
907.9175682601444,22,0.2336368055883609,149,0,3.7316289218050938,0,0.4115802026809096,0
410.3468143844356,9,0.2442723239408174,508,4,91.31601147947455,0,0.9727626576798198,0
748.6047514924952,22,0.07359062200413,674,4,1.4008288427986744,1,0.8033541534466615,0
1460.1816108187252,22,0.4552296799980655,362,4,0.5693995322011091,0,0.6968171627802927,0
1223.0666038452716,8,0.2585911136703174,309,1,15.542250392899824,0,0.8519441383018043,0
1461.6261337080778,8,0.1011664758336581,54,4,18.52893340520044,0,0.6763307656559371,0
850.7925115677263,21,0.2367431455204713,667,0,11.065819414977616,0,0.8496473814389126,0
1281.9337523137472,9,0.2064643613835267,227,0,5.246989237227549,0,0.9445126434610688,0
768.445695500026,13,0.3386895848243879,278,3,14.161141770237084,0,0.5770818255414221,0
1256.8188648356231,22,0.0904850394317599,540,2,40.13118822277578,0,0.6403842489332212,0
88.96974393385949,1,0.6350424562385041,68,12,111.2354677920805,1,0.3464117237819526,1
1526.5433435092284,22,0.1270387255925607,581,4,26.54312713791382,0,0.9435517241699748,0
590.6686150320132,18,0.0844796554454829,965,1,0.9565679901934876,0,0.9556201762560776,0
1773.7872238950692,9,0.0426788926633106,128,1,2.175782100609576,0,0.5122933053848716,0
1365.1949004907328,18,0.162473913849088,416,2,15.221336125132856,1,0.7170743061623592,0
653.2834396110012,15,0.0897161137967969,537,2,8.298958849846967,0,0.6842710196496403,0
1618.1102711768842,16,0.2151230183964309,634,2,0.571255394489431,1,0.966615580630741,0
1109.330795152977,16,0.2660908129186422,904,2,20.8408515411786,0,0.616541534509563,0
441.2497629860881,19,0.1444152221235383,143,3,19.146437856324475,0,0.762267323288819,0
979.3823869898894,18,0.1043947139974962,262,4,8.000562606089154,1,0.7214895956533681,0
1490.7662647239213,10,0.2547361698506311,999,2,44.709240272382935,0,0.9063618624873993,0
505.0100507278061,13,0.2049394678569716,290,4,8.953076384063209,0,0.9190108738766624,0
2538.447174604529,16,0.2830048861396175,380,2,18.13506602916859,0,0.8866736741297818,0
1218.024072164364,9,0.111760012846752,517,3,10.989307190091443,0,0.8201784583506725,0
1035.281255841375,13,0.5492922422268204,217,0,26.72371725260988,0,0.8423093435401532,0
2524.896657568961,12,0.3816551071570478,240,5,0.0794642246225658,0,0.9713483606154096,0
1444.6548863068892,11,0.089296308458987,251,1,1.2832533359963032,0,0.7961818923440959,0
1185.4340075617545,11,0.5208344350608562,373,2,0.132714482209337,0,0.2948993116784001,0
491.0309982571944,21,0.5514212521118329,655,3,30.025002402506026,0,0.9408520995884928,0
471.79922348549616,17,0.0986046117507061,487,2,17.664606523271008,0,0.5811109072103336,0
1534.1161426278852,20,0.5563956064394635,735,3,29.8723612292148,0,0.7373862707194729,0
525.6672560334304,21,0.202279757198041,980,1,16.46146586277897,0,0.8409875274905961,0
1508.544677683837,8,0.2553024595823525,831,3,19.570061862467774,0,0.964660676188749,0
1269.6372883777638,9,0.0502256496622191,494,3,11.803236151258488,0,0.8031917280621043,0
1026.365751586421,9,0.2883441343656265,854,0,3.0955424575443105,0,0.8496706459341827,0
384.0043746810612,17,0.1781173619009905,236,1,82.36088227766471,0,0.6960652933606952,0
410.6846044150528,19,0.2817743908215499,717,2,5.827021615225349,0,0.7877524296126734,0
241.54110224943545,9,0.071119925592164,391,1,5.393578198013683,0,0.8975117635470296,0
772.974184459859,16,0.3751694567284047,941,2,17.87418446783949,0,0.7080382266898313,0
766.7126976626656,16,0.045427940339154,397,3,11.024859665276088,0,0.923956929188763,0
814.9512086875483,20,0.2474477174432032,861,3,7.609274353832237,0,0.9280346419071968,0
611.1148783367886,19,0.2955291351755335,855,4,18.45647750814351,0,0.9659953875985512,0
424.5532208467662,9,0.2376077212827739,246,2,12.039491572776257,0,0.8734480483218421,0
398.6128227412573,7,0.049510218753471,958,1,14.617984900059849,1,0.6914240683102882,0
536.923147087644,7,0.154078559748503,322,6,57.242129544069456,0,0.9089187888624962,0
1104.4308389452854,17,0.2660735034213148,189,3,1.769475125128295,1,0.8462628122806312,0
1372.8675001949136,21,0.2839975779596318,317,2,11.933531655457346,0,0.7984707149325847,0
2051.7162552566265,22,0.2319736153443797,569,0,8.3144460113188,1,0.8164881353588419,0
851.4926427874897,16,0.1073051485761984,723,1,21.266044046533924,0,0.918530925145114,0
1205.2425925119403,17,0.1272005483858306,543,4,12.267928174763709,0,0.9146499281789292,0
414.0506205107339,8,0.3013272619394683,282,2,9.617566765481827,0,0.7186505869361943,0
1870.1208281985985,14,0.3027125928123078,375,5,5.845527051352371,0,0.8505589922309857,0
939.5697871765852,19,0.313222937004638,158,1,26.52628599718519,0,0.8677486134681356,0
375.55321968378473,16,0.1447377578724363,463,1,47.12015373638155,0,0.822924783209833,0
595.6776164347798,10,0.1983113581102022,46,2,4.70567305048726,0,0.6893849037571943,0
1011.0554875839672,15,0.0954270659601957,560,3,23.566704541508415,0,0.7429339847378628,0
1036.4021675372687,11,0.1783161048041338,508,3,26.845129745463048,0,0.8132622450330385,0
1447.0307896554784,13,0.0623804703407668,735,1,0.7258892342764179,0,0.7445802251152066,0
1063.5158101651416,11,0.3616438001877405,385,1,5.531331117526714,1,0.7877586369012247,0
544.0488862043068,9,0.1835748511660131,33,3,3.4037612038366247,0,0.5422138148657609,0
267.9005093417064,1,0.8071096973560075,2,12,89.60140656967324,0,0.3681201341720552,1
799.3144792873513,12,0.2108609320228186,878,1,10.215478875071517,0,0.7077292061569133,0
1060.752423792547,16,0.4220188167010448,691,1,6.292800256595413,0,0.8504124623317426,0
1633.3418346400024,16,0.4807446807403752,647,4,4.682588889187794,0,0.741510189590157,0
1676.286911969315,8,0.2199188034030232,757,1,6.039450526614095,0,0.8057778265213337,0
1166.056783527078,18,0.1778848280282507,71,3,0.555509630911219,0,0.7871225718197143,0
754.113090726829,18,0.0914282188955149,411,4,14.958379642395876,0,0.9550666045114014,0
671.6818432739649,16,0.0809831381745454,738,1,9.760038279301073,0,0.6934045579831322,0
1203.2610039969693,9,0.2745744835453635,594,2,10.307648797259924,0,0.5324123747005809,0
716.5220772832109,11,0.1837875238795376,265,0,9.983196605607832,0,0.6253375083282466,0
2048.556086149261,10,0.3001729775716553,573,3,9.957771864596488,0,0.7941135506215623,0
1366.2105384469091,10,0.053580792311866,108,1,6.186769923162935,0,0.96775335814586,0
1140.443596135103,19,0.0687772770497085,817,2,3.9371638499348767,0,0.8354209736306708,0
1070.3430309882888,12,0.4833895322015586,163,4,7.078495050005468,0,0.8869311478076468,0
1275.5353849786577,14,0.1410963391559113,331,5,15.781461647971494,0,0.8464409336901256,0
581.3689621347988,11,0.1907425051793684,98,1,21.939726415107128,0,0.9571984086494844,0
939.949430418868,18,0.1319496282769753,232,3,6.708813042029716,0,0.8594871041958281,0
832.9344803034658,9,0.3736133904565253,935,0,2.9797707820856796,0,0.8894388335099822,0
1534.0617352392014,16,0.2609002364528173,204,0,13.582357191362096,1,0.9702874195603262,0
751.4546388526762,7,0.1148457383747944,949,7,2.8632379517681636,0,0.923988514185329,0
1715.4407444069218,22,0.2223637309051921,472,2,2.492911793480467,0,0.6214481726138767,0
1053.8156706584675,12,0.1955403206863355,873,5,24.093653531304295,0,0.5946553053997724,0
1525.566519925468,18,0.1472355327978248,398,1,19.009420523103323,0,0.9401028637806746,0
529.2115395263104,11,0.1565604483755702,913,4,12.900770094093344,0,0.8985127164883564,0
862.5593611741846,19,0.1182439523638256,145,3,32.067522167784304,0,0.8100954963857887,0
1416.0014995750414,10,0.3122961645700698,600,0,6.957726159830089,0,0.8590286061367239,0
532.3949681711368,8,0.4201621778160679,385,2,8.034842737862345,1,0.6785633517974522,0
872.2296319409002,20,0.0446225305405172,883,3,16.5552246359896,0,0.6693781703441154,0
505.88831822907065,7,0.0541919475682031,106,2,20.013003768956832,0,0.8670616095867473,0
1017.220852405706,12,0.0586595796637853,498,2,20.88152385194781,0,0.7164751527300718,0
517.6911271485781,15,0.2154442910385586,779,2,11.866466941072549,0,0.8340434784064118,0
503.7576407961111,22,0.166977716514771,896,0,26.53890058048849,0,0.8635967352751418,0
1477.4346968090038,14,0.1092465672256615,539,1,11.227048731299815,0,0.8374170512571816,0
59.32435872574353,2,0.7560085485234035,21,10,268.16457562739396,0,0.1754472602968204,1
555.2362672435729,17,0.2574944760852765,997,4,7.66300363563538,0,0.676800995789135,0
1119.4295325150651,14,0.0960491227428018,445,1,6.628735942592877,0,0.7893480235468405,0
736.253458877515,7,0.070642176313876,438,1,3.740456118902103,0,0.9099162706405348,0
701.7219030668764,11,0.1558161021427795,222,4,1.6383497043366937,0,0.8450736762811784,0
868.9358373173559,20,0.1999109991278223,928,2,50.71148435266713,0,0.9693527562394736,0
412.1884440114574,21,0.3358569590701678,565,2,60.046487782506475,0,0.9538828241586392,0
1218.1772962612397,11,0.0576728249374215,615,0,46.342945049093785,0,0.6039995760629328,0
406.81508421155667,0,0.7921490827280657,150,12,185.4251306775793,0,0.3157424287963132,1
1031.5439378662077,8,0.12137880678357,794,1,6.273766688473309,1,0.8036032074019451,0
1403.0599603175392,7,0.0967634126288474,384,0,8.121616972814735,0,0.7626672643267783,0
1098.8491413948018,17,0.0961862352733106,949,5,28.452751613833957,0,0.7567520306145327,0
856.117209304519,22,0.1925415722595498,138,2,40.69798067542639,0,0.8677680559248926,0
430.36734010241935,1,0.6749824030755683,156,6,156.29256720802044,1,0.2355143568785405,1
1260.4268026833347,13,0.3179599029019987,882,2,42.42388378661242,0,0.8974713823856992,0
1316.014697443382,11,0.3999035489655543,875,3,18.11374965053225,0,0.7045027246035206,0
566.0527572281557,13,0.0609144308632724,729,2,10.968762541809593,0,0.8917689905727199,0
545.963131648522,16,0.1792747474272659,107,2,0.7755638496802284,0,0.7686567183141029,0
1987.6064090252255,20,0.361225809380735,810,1,5.84528721532129,0,0.8550725007818315,0
836.6174938850728,19,0.3043767392359826,288,2,9.620072156294151,0,0.7546050409437994,0
2252.963334311969,7,0.2908054012725805,425,1,12.404317475726044,0,0.8081496723350304,0
2472.58463944096,22,0.3793774416386267,778,2,2.1286877914495284,0,0.9606446889395612,0
969.8255068508684,11,0.2569302455088417,873,4,29.6558352990445,0,0.5874097022179962,0
910.7375935946684,13,0.0809542845450833,576,1,2.062159960637071,0,0.903436855885968,0
615.0002837284193,14,0.2659542663538847,433,1,47.838713762566144,0,0.7405764928430193,0
2100.939784239731,22,0.2494797068692627,89,5,16.06943569309884,0,0.9159286616656324,0
1285.8749125740933,8,0.2928346279634871,683,0,8.408541771728398,0,0.9557952576566362,0
819.161084417736,15,0.0858731991178485,597,1,2.9261875913803808,0,0.971049697267772,0
1647.642547296161,21,0.3433922256690042,586,4,3.166333595441832,0,0.8449024231043737,0
907.677614236787,7,0.316884742783739,757,1,27.84402160647813,0,0.4568176142155872,0
570.8045849534213,12,0.1176898396238557,962,3,16.61883017261259,0,0.7263722947129884,0
858.2771592901888,11,0.06615356767001,724,2,9.420048828721736,0,0.5498016889954581,0
1587.7114128749351,14,0.4658389775178008,228,3,30.81347908491812,0,0.8240441642344943,0
820.1248201045908,10,0.212386864994019,936,0,15.441604292967869,0,0.8220786402993471,0
1252.0069231381724,19,0.1313153355851793,665,4,3.431927238528188,0,0.7436457361293028,0
862.7865021933534,7,0.1361744014415352,687,1,13.539431719030013,0,0.6856598717953719,0
1316.888023759566,8,0.0559041344822985,528,2,3.1795657204610306,0,0.8934534323016459,0
349.45940869914705,15,0.0405057337880595,937,1,5.759958277353395,0,0.7676808037804662,0
1244.58004049374,16,0.0463025440694076,401,1,1.2882251189590554,0,0.7440527398158957,0
874.3739772488865,13,0.2468961249325383,805,1,0.5145283322748856,0,0.9624739790090492,0
1391.0469843852793,22,0.0952170225901375,269,2,12.98867451136168,0,0.898210629847321,0
1219.7920336219645,11,0.3013510695506829,324,1,1.6441866192087335,1,0.8741004438920507,0
1063.02897788437,21,0.1763777391958219,574,3,8.584261351812565,0,0.9167044405392412,0
457.89123773421966,13,0.2077166789867583,831,1,0.6838268504953245,0,0.9054262226165292,0
1702.8637237657083,16,0.2077105076230516,959,2,0.7231503570135399,0,0.8929981608652058,0
2136.028127876704,22,0.0733544224139573,56,3,0.9487885827918584,0,0.9546160445003032,0
582.6754812396805,8,0.2263983630425628,417,3,9.403637913227474,0,0.6259872621479077,0
1012.4140342037014,11,0.3306220317827514,536,1,0.4177608992864667,0,0.6842202366548754,0
1804.39179582189,9,0.1598411991818843,627,1,8.667855581099765,0,0.7258846281316623,0
777.9126176762528,15,0.0366538141583827,887,0,20.24896980494802,0,0.8361036425297772,0
741.2257906835464,13,0.2757409541656759,667,0,15.520283318481198,0,0.7412939690993909,0
3449.429622386471,13,0.2100329256719066,736,2,11.55308944919185,0,0.5972469533188401,0
293.41751892234083,21,0.1309062125493593,873,0,70.29121097859465,0,0.9164558659464812,0
952.5283541297428,13,0.139222533706156,236,0,60.03457570106208,0,0.700359776643732,0
903.26594568728,14,0.1498485787614744,417,3,0.1384722533718267,0,0.9224423828111163,0
555.9433910117045,12,0.1224903384053652,503,2,15.737053604931193,0,0.8408643919736383,0
755.9399475610251,16,0.1090647171664356,749,3,12.744533775762813,0,0.9525056670791068,0
1015.4527373604204,16,0.2333320866307164,953,3,8.305885758296794,1,0.8782369361913916,0
586.3854781242239,12,0.1648269436143199,491,1,24.210061405619207,1,0.7829066712448575,0
917.537506020362,18,0.1258445820458006,371,3,0.7173486731051547,0,0.88362644233573,0
1253.3219928034302,8,0.2312136875658705,467,5,28.57374920337292,1,0.8172595077052011,0
2010.1240591113797,19,0.0437078386510607,203,1,12.66542908285784,1,0.6805107139468769,0
821.9321842016584,16,0.1784267506827922,816,1,23.33248298274,0,0.860166184411345,0
992.6260894945464,7,0.1256239577663682,47,1,14.63683723713588,1,0.9563731709622592,0
1176.5892960912329,8,0.3313209848990076,107,1,1.568377646297822,0,0.6588067582639406,0
627.5765595041831,12,0.1342386921570113,843,4,1.653988092171666,0,0.6285784111275863,0
1959.485933738997,9,0.1417568139911129,45,2,39.60622171687757,0,0.8857464510188044,0
79.53623337636448,22,0.3950054053456194,98,10,99.70637495805568,0,0.3597900316513805,1
1165.2529781571548,9,0.2151337207337325,617,4,11.095590025597158,0,0.8991715654555973,0
1129.3706956431784,19,0.1496282626295122,541,2,8.388441155661214,0,0.8114189113584599,0
1004.5618876655348,15,0.386299046015935,901,1,67.71454771652266,0,0.8417587549298073,0
955.296063353961,7,0.2163737238854491,433,1,8.199079950996259,0,0.6768266473588187,0
3495.817214327057,8,0.2074668865975449,670,5,2.0368064656369302,1,0.7818206344548813,0
685.6992398475369,17,0.2885697086105169,945,1,3.5673644564882823,0,0.7402574884552253,0
633.6922728861841,9,0.0604181895795113,120,3,0.6697287781494399,0,0.8464434133138964,0
829.416062563368,7,0.5343886809927048,562,2,47.67840361782967,0,0.9118148474740826,0
1029.4068865923848,7,0.0666839776574754,294,1,0.2439445114243894,0,0.6970417608805958,0
637.3338950270571,8,0.1366683655001551,361,4,5.932563987613341,0,0.7433696431692567,0
1172.934705796095,9,0.1220151026162098,819,3,68.33683282591801,1,0.6419574000590125,0
1849.3018440165545,10,0.1911213248649148,763,1,1.9846065601362275,0,0.8793986101347112,0
536.4445909594975,7,0.1737853960938038,913,1,33.86053376654426,0,0.6940551186675045,0
838.9180371624195,13,0.6302174708972569,353,2,21.13940330370608,0,0.962196954031946,0
746.8383537262079,8,0.4294360598036251,952,0,36.40527241379987,0,0.9275627732714832,0
948.3240292561752,20,0.1722228341125356,288,3,25.048494744926245,0,0.6897208206047345,0
199.34467422627057,21,0.2886751061857471,368,3,0.8033821070584451,0,0.8900412570709755,0
667.7669853895894,14,0.0522712330300932,548,0,9.605562926231617,0,0.9346720319013052,0
1267.311822397638,7,0.1322198855385734,123,0,19.8423685969737,0,0.6920809081242205,0
193.93135003340652,23,0.6766604712178675,152,12,24.711250518578662,0,0.4525381527379699,1
648.1359530819386,8,0.1050464667504884,679,3,11.69359873206759,0,0.784211539467556,0
277.54483288539217,4,0.6447348625075786,160,5,6.035199206596167,0,0.5880174531741558,1
1201.8484409448922,13,0.0978282754590197,667,2,5.2038916321787285,0,0.926358814644472,0
977.2597014248475,12,0.1059595933107034,177,2,7.009723267103232,1,0.7005930968860881,0
2217.8068379644183,9,0.2053876551667129,483,0,12.48446579006984,0,0.7958794087475959,0
2490.3377973416073,18,0.0347673603651644,481,2,9.48783073389414,0,0.7484950255173252,0
277.4709631582519,1,0.5155228947581597,80,10,54.57191828991586,1,0.1949017995801157,1
517.6344551912596,9,0.3505397716160661,341,3,20.400152075694237,1,0.9330108724480496,0
452.7428428631195,2,0.4067742996498089,23,8,518.8019849000559,0,0.0257070992248433,1
1413.6185843126034,15,0.1116220345120887,881,0,20.161441746040435,0,0.8825464631819722,0
590.3107626258884,14,0.0486534771043584,629,1,22.01663038395831,0,0.7918467271708818,0
712.5705809874173,7,0.1033270463275474,894,5,2.084355694595079,0,0.972340347221875,0
522.9781727831345,22,0.2999311149159385,744,3,1.7856221978324287,0,0.9006377812854153,0
914.3534350038874,20,0.2208872043880735,995,3,2.0242869458098265,0,0.9224045043670804,0
374.8381166679091,7,0.3877502796706729,583,2,8.921847590075926,0,0.9536057883246324,0
1120.4770135098972,21,0.1744886731298114,157,4,11.369261358117535,0,0.769107713860828,0
1145.227793755909,20,0.3342838040322139,761,6,1.8352504523692996,0,0.6999889166313116,0
1685.2870033516006,15,0.0281141298816771,866,5,26.94528636895999,0,0.6438944384256744,0
132.7568583884926,1,0.931651945844782,153,9,331.8739766219989,1,0.0826399098674109,1
580.9194474622841,20,0.4333706257418418,306,0,5.645812752413821,0,0.6885225863134646,0
844.8654170670912,20,0.503665661946984,685,1,5.489022973109952,0,0.9809194371144482,0
815.1583888591877,18,0.0544319099194967,900,3,37.96541198902568,0,0.8390109461336808,0
610.9561766390119,18,0.0540190395951005,93,1,5.441841832049683,0,0.8671571170148701,0
482.8971763999177,14,0.3603983063662254,30,4,59.85249857190558,0,0.5531958147755298,0
933.7718898021036,17,0.1870740240115929,49,0,6.645669559987159,0,0.7631884859675727,0
1740.4189849162167,10,0.1114085378072313,198,0,3.5950977193981086,0,0.7718585000249374,0
1578.8234540406663,11,0.1751435599289771,748,1,7.205925138131279,0,0.8006651427554241,0
612.8476295376037,19,0.2850513690671716,216,1,27.791809701082393,0,0.7473287094447659,0
2156.720892628261,13,0.1656503583543542,149,2,15.959536934452696,0,0.7514539048030965,0
894.4079144012117,22,0.3234018234021441,150,1,6.967675890445772,0,0.863877551346733,0
1165.3067526511522,12,0.2664790839794737,755,4,14.633775265225538,0,0.9372337978280154,0
750.0785214180398,15,0.0939097543089901,832,2,15.548400962513504,0,0.7815551120372178,0
782.8833854853112,15,0.2511790014877962,899,1,16.26300734908219,1,0.8185740996360454,0
1555.0010962184106,22,0.3447528403313584,565,0,19.842153720433696,1,0.697580613206952,0
693.8895236940607,21,0.1003252491584757,532,4,35.44461182707531,0,0.8654080245137724,0
430.2230470313148,21,0.2953525794896252,966,4,8.194015492426718,0,0.7755936666664273,0
223.77083997101195,20,0.0373387267192431,978,1,17.093540322154073,0,0.712006464052956,0
1171.1741101266086,12,0.1684635329855023,56,0,19.96331838962224,0,0.8072646762449492,0
864.0691795063734,16,0.1660344513261988,848,3,1.3778183987750152,0,0.6940287446851253,0
995.2584776299224,17,0.1448209430465949,176,0,6.916365711172046,1,0.9132965633140888,0
1205.8082011134204,10,0.0939307287713216,626,1,5.160903960428885,0,0.7900771313545116,0
1212.168075826725,12,0.1870687350933836,276,0,1.2269600181312683,0,0.8896530916519705,0
1441.900372731035,18,0.2227645166459682,963,0,9.729670227410338,0,0.621987819508365,0
1639.5593801593704,8,0.0546014731257291,708,2,10.756713005684146,0,0.8593259540286775,0
1723.7681198404955,8,0.2091921303835462,169,2,0.2310191692288983,0,0.7421091265339307,0
516.1779990680086,18,0.0237965636657812,981,3,6.41542685059669,0,0.6575103927148721,0
339.6903481973164,12,0.2063235689737198,508,2,25.159535950807168,0,0.889152619821535,0
549.6942810979106,14,0.2882240577574554,549,0,0.6333283140487387,0,0.9854985559676688,0
1116.8716986483505,13,0.2062968757693625,422,2,2.164800302941006,0,0.920301186042282,0
456.27179648115634,21,0.1218420417811851,339,2,16.094548660814926,0,0.8356557039187231,0
855.6793765406667,7,0.3368076245712775,595,3,42.64635587774203,1,0.89351095522117,0
668.7799696919984,9,0.3718626825978562,203,0,23.217127224849985,0,0.943012510119293,0
1212.6795926469638,17,0.0173675522671883,590,1,24.696843271699905,0,0.8744218913355517,0
547.4390849172332,11,0.2945257298150003,893,1,14.718394577822911,0,0.8913438677458414,0
765.239517431392,19,0.30593751663145,155,2,22.777588319485616,1,0.7439829971392016,0
1278.571959381395,21,0.1521367400547929,559,3,3.1074312544854563,1,0.4351311826777168,0
1629.2882899921435,20,0.3499623622564093,180,1,25.37733535658618,1,0.8125080275633463,0
1340.0389047096735,19,0.0908336816341234,275,2,5.784719847283749,0,0.8494639460406718,0
1212.972304074243,18,0.3551289086524867,945,2,21.69795302693955,0,0.6437656793815347,0
1241.0549173963725,9,0.1858445782359915,960,3,0.6374352502628889,0,0.8944909422572204,0
702.8522527548236,16,0.1250202914575007,86,4,14.7377443582018,0,0.902419930828183,0
1943.779112197887,14,0.1154926786642923,239,3,3.5006180920483274,0,0.90484863149215,0
491.5113946517023,16,0.2183485612236516,649,1,15.444603893822716,0,0.9154988307148784,0
1124.1945118367814,12,0.1039166823014726,298,3,18.065907479670873,1,0.8409261124679613,0
1733.087949826734,16,0.2923118853760246,55,0,10.201084143850697,0,0.8956581940683426,0
1385.2920930520202,12,0.2703175259146589,181,2,48.21370638187415,0,0.9488899935085444,0
1775.3181501736617,14,0.2645602085344553,426,2,2.636810477965648,0,0.9384802674209788,0
557.6480397775318,8,0.3669777507254775,624,3,21.600933364310755,0,0.6861465523770508,0
693.6861232815905,13,0.0863106967699021,303,1,7.961128059852293,1,0.9744098585842292,0
930.9402870232998,22,0.1930548488723061,903,1,29.80628694667182,1,0.910825242809978,0
456.4444289610074,7,0.3377447977056252,238,3,12.345212840643212,0,0.6370884257690413,0
840.4032433183845,8,0.1988995486157527,884,2,25.741270676965065,1,0.8812274054037071,0
1476.801899983853,22,0.1698420746033315,97,1,9.38763331309428,1,0.9564263708622226,0
1048.9616502753456,15,0.1748531229209186,49,1,5.281764460273696,0,0.6025392180157206,0
1080.975923067175,22,0.0716731600941205,982,3,10.150654524092324,0,0.7992117088976314,0
655.2575004481813,19,0.394797361457242,933,1,12.651377956813713,0,0.8385092948626697,0
1332.7422688008278,13,0.1826699523139767,980,5,12.212880753139173,0,0.6046264259154857,0
1183.0547083382105,11,0.1596476500475673,348,2,21.05463071222318,0,0.9140718557696776,0
622.3487697457381,8,0.2948216882658436,163,3,0.3315561798153056,0,0.9722842739279126,0
1244.240130041558,22,0.3478640248682417,189,3,2.235698427726232,0,0.6567206510002903,0
1009.8298074066128,17,0.328967540078573,567,4,55.25326975366965,0,0.619429605872344,0
930.463249409619,21,0.2822506192776758,104,3,66.34742718111485,0,0.6341278930443824,0
964.3079401039564,11,0.066772151254641,954,5,27.126124979376858,1,0.759214579642415,0
755.8129413993003,21,0.0402770576738091,610,1,10.107794363506336,0,0.8892926699695006,0
598.2303561375053,10,0.4407315989671,421,1,8.049005873330124,0,0.5024895853179292,0
1777.7205147785546,8,0.0195816090695811,101,2,1.0743540064025905,0,0.8691757879760958,0
895.1029901175813,19,0.0637912327693947,404,2,7.662128664107541,0,0.7403709961307563,0
4104.64353707311,18,0.2368770577622456,385,1,0.6506952806675689,0,0.879927432885102,0
1044.0811529432428,8,0.1621875394932939,184,1,15.831587885801914,0,0.8659567472355278,0
742.9068194139275,7,0.2352074283429519,796,5,26.696220429885496,0,0.8106347215065949,0
954.2807861184164,18,0.1554544284586373,209,3,13.41477809040407,0,0.8104044589887989,0
774.5390186596261,19,0.3916418013240533,455,3,16.331154559621826,1,0.7778631224402337,0
1092.042472494782,8,0.2245981657119146,536,3,11.240579250700478,0,0.9271610516201354,0
1534.523728532834,14,0.4226560916056687,66,2,25.756230708995876,0,0.7479572317096558,0
3454.189289515243,22,0.4034214954904079,934,2,22.44676343996972,1,0.9429488857107384,0
1378.7517492730017,21,0.0210749498559336,755,3,0.5199523222707921,0,0.9446401366572076,0
1763.3493857713063,10,0.2180617941377425,197,1,9.605662685844925,0,0.807629283524036,0
695.2508213089302,11,0.170738619696528,644,1,2.3501574345466367,1,0.7166312329389755,0
917.3789631714486,15,0.2007515361160933,632,4,76.60153342605636,1,0.9772071075235064,0
1968.8110395468816,10,0.2014253957700009,74,0,44.70102397770199,0,0.8085664733216802,0
1298.957148904935,10,0.1048090169763726,467,1,22.775902497150508,0,0.941555964482717,0
1027.065223616525,19,0.2106219705180782,687,3,11.410599334418997,0,0.912489886917634,0
880.2958857219318,9,0.2091697021796366,518,3,1.3151627867446087,1,0.9331894460620932,0
806.1970086832517,10,0.2966065609141483,242,1,0.9524243534886891,0,0.8282194072809412,0
1024.503879704826,16,0.1055554715486628,409,2,10.36754856430623,0,0.945999527156686,0
813.6835065559155,19,0.32181792375315,437,1,14.554819005947785,0,0.837659838996432,0
323.090321467193,22,0.2546109002471442,983,1,15.907195179140937,0,0.9661858750904676,0
554.0368619885878,16,0.2998399595305959,751,3,28.233449090169405,0,0.9422082312059156,0
1041.534077591777,20,0.2180762218745963,628,3,6.963634966273094,0,0.8882074596254664,0
1453.47372850105,19,0.2332195365508005,618,2,14.586859562892942,0,0.7850997829283232,0
1132.8341125834752,11,0.2701580242042173,197,2,53.10076007688336,0,0.441653425196863,0
2636.53218065225,9,0.6259024166805922,316,1,9.955712666771731,0,0.6363125739750718,0
749.4672763569027,19,0.1238154429533353,943,5,2.513550960458089,0,0.9112938933911988,0
1886.2890649541807,7,0.4070952158855714,915,1,25.472418899110476,0,0.7770508723734024,0
1402.0521084144843,13,0.2852489773486136,981,2,52.315628001188465,0,0.7859010389491786,0
525.6352513281672,21,0.2232588141283834,400,0,19.094473466293948,0,0.7552594791956498,0
784.2266776438307,12,0.23173740223907,521,0,1.7213875434644144,0,0.8208349916626317,0
4104.721515033672,14,0.2305425132509956,905,1,38.6556885122881,0,0.68997985749345,0
1415.8284225217149,22,0.1561585224398839,792,5,4.220918008058973,0,0.91376074641941,0
899.3345269630472,20,0.1987845479419289,580,1,4.805121716344647,0,0.957638473542562,0
851.1053911735306,10,0.4186880287221244,251,0,46.78353087958232,0,0.8852493409254484,0
1409.4183831890134,13,0.2988089075016204,163,2,7.583532391825265,0,0.8878932412904635,0
1711.4433697279385,16,0.3723218807111756,840,4,7.923467268138487,0,0.9461009174865038,0
1358.375830073916,13,0.3105849374273183,85,2,6.3354455055904975,0,0.8858597038410951,0
859.3983189114974,13,0.1409874591715848,862,4,4.564437933788989,0,0.7199255492153628,0
943.4090323208396,19,0.1396348392973241,556,1,15.99600914278786,0,0.7891573672384714,0
501.59036223728714,20,0.1835678261721446,675,1,21.609820978262196,0,0.6734137667380922,0
718.1771010214549,15,0.1036887580143674,643,3,19.188633914400945,0,0.829942770457725,0
2093.246718747171,13,0.2389353537870867,716,0,18.23086312666169,0,0.7577321772357991,0
953.3446616033297,9,0.0874342904129808,665,2,17.551083552289988,0,0.7697700568433127,0
442.75104363613167,15,0.2370274290554716,266,4,4.298488382622563,0,0.7280475004588234,0
734.9503918661688,18,0.6098792123772421,512,4,11.866219874894178,1,0.9334433807438244,0
454.8861485298554,10,0.2690187423427892,89,6,23.75699110218016,1,0.912751453880688,0
936.008692042044,16,0.1729636374081913,385,2,34.67465229412447,0,0.8844917096382205,0
1051.3048955877275,10,0.4742573630785636,208,3,8.762718653200901,1,0.6066663296005662,0
984.7273640624568,18,0.4769456723174515,756,1,1.3200539236294289,0,0.8642859449786078,0
743.4885967962123,12,0.4429557721314916,176,2,12.379813618234584,0,0.873049831754213,0
748.682538176876,19,0.3737463602472213,656,9,43.49625084894815,0,0.8972844371384,0
888.9167409669391,21,0.057632817032174,534,1,5.329158302803058,1,0.663564110370471,0
1442.3457676357114,11,0.1150959806783207,685,0,44.05533690832203,0,0.8664315014594491,0
805.296611985706,20,0.0660052443339059,472,2,5.6014418035810465,0,0.7412734503652897,0
951.7407308682948,13,0.045744989225288,607,2,0.2208689683928894,1,0.6825904267963171,0
1244.9751105085568,18,0.3065359277983106,792,1,56.266080091280465,0,0.697327173054764,0
600.501140537426,16,0.0621040926488531,868,4,27.649246965958817,0,0.8581705205321929,0
1115.3706110578405,15,0.0375660283491351,243,1,13.779907922009745,0,0.7684711774554844,0
1604.9028702380297,8,0.1057456556773026,774,3,42.47161795325775,1,0.8410985315701391,0
1359.615234018915,20,0.1887803986834456,205,1,15.211483498489043,0,0.7733146776753863,0
1872.487900063058,21,0.0693373049492032,611,4,34.61862647604556,0,0.8882585924426969,0
1195.3620534597292,7,0.1703217311819185,738,1,30.21853888395565,1,0.8899222337489479,0
1232.5951818121584,18,0.1322885434952105,557,3,14.703359064291552,1,0.9740076129405032,0
934.4455921977402,10,0.2407299826360379,154,2,5.549800311541633,1,0.8303306769381231,0
2347.053844182934,8,0.0844701802967766,587,1,41.30548087823093,0,0.9482928770427516,0
623.7195654728198,7,0.3097059368426306,559,1,5.813803435431842,0,0.4672558555396678,0
1135.2857803437869,8,0.1860453608564683,147,0,22.148897157450357,0,0.8444912987712546,0
1005.2817994929082,20,0.124793886744393,417,0,9.70226275993495,0,0.8695158988218096,0
1507.2941163223647,16,0.121140592283095,138,1,0.9569393800324856,0,0.7238211656808424,0
1496.149748083854,9,0.0787194091441478,693,3,19.804502170579447,0,0.6661115435777808,0
485.0768635146975,9,0.0470173221861188,881,2,1.6109254692472512,0,0.4396460442913479,0
737.7818058576813,9,0.0997350699003781,370,1,1.0244223674126034,0,0.7859980494886448,0
1457.723428367456,16,0.2434486973999392,376,2,1.929507221749884,0,0.8107798832024244,0
585.8428605113098,8,0.3834231655558158,583,2,18.148844344171515,0,0.9485427168659152,0
2698.5188707774214,14,0.3010111976984144,811,1,19.023789534292376,0,0.8369120607423187,0
413.7311644321472,16,0.1519422609601968,550,4,4.547312787473288,0,0.884099997071842,0
449.07133618753926,20,0.4864247351525256,629,6,17.52889369475155,0,0.6944753464214749,0
67.24476212825444,1,0.8456151706153039,125,9,13.39609278040169,0,0.3710422991956664,1
766.0063879185254,18,0.0612183345598164,839,2,2.3299330322135416,0,0.6973661558794443,0
913.8465109611748,22,0.1220122192970898,735,2,24.784417487630353,0,0.960657733939449,0
576.6557292341058,14,0.4433961600967536,44,0,71.27499481009497,0,0.8272552458517305,0
766.6747398403543,16,0.0737850156891297,652,0,2.818704142281357,0,0.6071747900190516,0
155.49958751708695,4,0.7648137305774831,97,6,48.99163326831915,0,0.0743489367826643,1
958.7964711696194,10,0.063431475243329,568,2,4.518188828669862,0,0.7066092345502871,0
563.2830599139671,9,0.3138235685606914,233,1,1.6658700411705676,0,0.5743813819200072,0
1552.1857178156192,22,0.4443239143930975,757,1,3.4612956287462175,0,0.6669719961602568,0
873.9005818981519,19,0.2861101772667968,68,3,50.51789079322988,0,0.7588415833351534,0
1399.7734595124798,19,0.2188505613317141,596,3,0.4522723014389646,0,0.9729049428230722,0
764.4978752887591,10,0.3410778790294873,163,3,17.3188194361488,0,0.8934628917562745,0
325.27026633376613,0,0.6204326739223192,118,14,25.55546515829048,1,0.6236173692220882,1
1466.1662019045705,13,0.3803921847839404,217,3,65.17276017279619,0,0.9146693211754438,0
759.4734860394631,9,0.0389526704113862,687,1,1.438656994255053,0,0.8679573552032657,0
622.6342944511649,17,0.1116165296273363,925,3,6.721488832718867,0,0.8930425790177395,0
1651.2041972445093,20,0.2380532704878358,243,1,26.48846507691909,0,0.6648274206318073,0
425.5882782744732,7,0.126738552976283,837,4,5.8484808144465035,0,0.7734772094222278,0
590.6464776192873,15,0.124114130868414,588,1,11.08648179269325,0,0.8474056120086818,0
664.9604691007614,18,0.293515088081187,285,3,15.375141697821874,1,0.5456427043693683,0
1314.6061167670462,22,0.319358500423491,800,2,41.61419830808395,0,0.9119558627410296,0
1185.2625035564786,20,0.1404650653816511,120,1,27.612779197279888,0,0.8880149212696035,0
616.9940709632924,20,0.2015462439772681,45,3,30.60051427467306,0,0.6421753804670213,0
957.5186328788697,13,0.298856220180754,612,4,1.7279560658618789,0,0.91567618067041,0
2743.4522644178496,10,0.0885343368128962,680,1,1.8622468309471376,0,0.6557290984903763,0
1147.8565536643227,11,0.0561905249441574,338,1,11.374747394027333,0,0.8416228901521686,0
2269.086435313457,11,0.056470813052109,633,2,25.076422633144382,0,0.6425087967265284,0
527.4120820380512,15,0.206734388297987,125,5,9.786166362019896,1,0.978824520142619,0
1141.3035030694282,10,0.2981907411523759,627,4,18.063314081260764,1,0.7305328837624298,0
788.3182835746973,19,0.0760486820325972,966,2,10.072714713560112,0,0.6832618590745968,0
1491.1929361076334,9,0.1101122634240717,105,0,1.4585010423030689,0,0.9433351114855774,0
1237.776221146284,13,0.3913733790963506,847,2,10.878745809190615,0,0.9038739126311064,0
555.4780208996096,18,0.5342811152150749,546,2,19.18114494254065,0,0.7510269717519603,0
567.96659078435,13,0.3481324275243458,918,2,22.982110368758427,0,0.5696620672738477,0
1009.5226183784296,12,0.3821465645104579,201,5,15.080627551376203,0,0.8204722992233435,0
500.88982241829143,2,0.5249185425904364,105,11,30.941120128137737,0,0.3619825658621271,1
896.4969227469769,10,0.151296094504025,722,3,3.7464270138663633,0,0.6924951886096834,0
1787.8385812287224,15,0.3541750296489362,999,1,6.093149896571509,0,0.9730784410364162,0
1284.5737779469905,21,0.4924163502139969,225,4,22.984497245255692,0,0.8203660625530198,0
507.6949500353465,9,0.135755917506996,950,0,29.491142727904226,0,0.9201594498023784,0
787.3836711528189,20,0.1627763122786033,105,0,19.52025767467081,0,0.9764738051053312,0
426.3944071088273,19,0.1581128963344555,784,1,51.57917975981738,1,0.9322532499104014,0
1210.2981068973145,19,0.1543115080856909,253,1,5.5488508949894015,0,0.8609363887712761,0
620.0017219035482,8,0.1018877158199877,324,0,33.06947414236443,0,0.6753222282801481,0
2099.9772199052845,15,0.1619434897218065,43,4,34.94508297085837,0,0.8196514945892587,0
454.4673584654048,10,0.4023956121533381,56,1,0.0135974091130204,1,0.7833868135345454,0
1065.1304317523116,18,0.3346940473585234,818,3,0.2861732799061691,0,0.9135159058918588,0
492.8413969013055,20,0.0507102929363584,717,3,23.069236238601295,0,0.7270918934313896,0
1108.432187577985,17,0.2552296547786352,761,1,23.734926854554956,0,0.602546422150556,0
324.79416492850993,7,0.1055495546387405,611,0,8.894224794106236,0,0.7661564846717392,0
488.3213830491579,20,0.1031051544796309,525,5,6.053677036501544,0,0.8057465367929941,0
151.6576866354929,23,0.7185024775380524,12,6,30.31839223065154,0,0.29751809541184,1
2083.2090592679783,10,0.0923770033510523,685,4,22.776827181419492,0,0.7299874803381401,0
696.0788153392973,8,0.2427359785179238,173,0,36.757130410319775,0,0.8899180288199582,0
608.2847702977191,14,0.2573881384039804,351,4,0.8145627860588629,0,0.9265856026678272,0
1064.837358418316,21,0.3274089313063366,925,1,7.345315298284111,0,0.750196689960692,0
828.539957930805,22,0.0466271684180261,357,1,22.66444615580059,1,0.9441451766162674,0
425.4137231072026,10,0.0943276013300736,952,1,2.882506952540872,0,0.5952278574907298,0
158.80611271542028,2,0.6275047272477041,147,4,264.55561166238726,0,0.0827377920661932,1
645.3475411945044,13,0.0952141100032299,191,1,29.613832706701395,0,0.5313734823102485,0
838.0217394770311,17,0.2949854186281522,579,2,0.0360681760758896,0,0.4880713968939267,0
565.7206115527086,21,0.1073072641157534,970,2,9.751618652340246,0,0.986569825972118,0
760.4315574671597,12,0.2183494005279827,91,2,4.163754536694246,0,0.5154197772024826,0
627.1236897173641,16,0.3741300519289553,673,3,43.31551025678783,0,0.8637799424590276,0
1505.530537080372,21,0.104587582370248,939,1,8.263913142687262,1,0.9111925770159676,0
1093.7119984937067,16,0.3154171142202231,949,3,1.8241613633331768,0,0.8726107785488225,0
487.928876634033,15,0.189522358480693,268,0,3.976747146285874,0,0.8367092047574101,0
503.90349399394256,9,0.3715176908999758,667,3,15.218054890841978,0,0.9397639466452484,0
1894.5853040797504,17,0.1134159275039052,753,1,3.3956963864941336,0,0.7777023351460169,0
628.2181583221347,11,0.4484290891453094,865,4,9.182907731360492,1,0.7428798054372222,0
1104.6641309987158,11,0.1006578680833787,788,4,6.229911209784685,0,0.9314890729431368,0
1210.54253796407,12,0.1041839475192897,221,0,9.130687420495663,0,0.911761744359612,0
1685.65205285026,15,0.0722737529773479,586,1,15.247195734373324,0,0.7483310355682421,0
380.38945258916215,14,0.4082444555139723,415,4,30.353398887984437,0,0.865288297703692,0
853.9497758089537,14,0.3285544345696122,893,2,11.85216985280174,0,0.8158077688310253,0
2300.5297881137712,21,0.2909158136974086,421,0,1.5930646189093594,0,0.9193345937829204,0
1400.49620200942,10,0.1290565182862584,412,4,8.394046249846165,0,0.8705554364082204,0
820.5892139156796,7,0.0962474820501542,959,3,17.889141668167273,0,0.9095664332463468,0
801.4181992182392,14,0.3823111816036901,143,1,27.178284375261985,0,0.8018135634843091,0
1425.0101647104848,10,0.1871401429742596,634,2,4.490106332404269,0,0.836103767830631,0
3355.500659779864,14,0.1755909575003508,420,3,64.3331810963017,0,0.8953640419218827,0
2357.7546423550966,20,0.3266492238593763,703,0,0.4379844410022714,0,0.9711437032053738,0
744.4429366887189,10,0.2625203218412411,160,3,2.253316035728827,0,0.834277591565451,0
1425.0879603142623,10,0.0666710037611046,353,1,28.73154912410576,0,0.9463103482981908,0
350.2896679095633,11,0.433154259630735,348,2,9.473047062501797,0,0.8885409454315514,0
1953.3092661179364,11,0.2226052744778713,699,5,14.328311175751534,0,0.7655341577134884,0
806.8925351114968,16,0.4366596889198764,240,0,18.463325615085015,0,0.4548839080560081,0
998.5043257725582,16,0.4309254098078054,836,3,12.067197893125808,0,0.7107095001566938,0
1167.9816399699562,15,0.2400273961650524,609,1,19.94365894563411,0,0.858134821316792,0
214.21067164383345,23,0.6922011935654893,68,4,86.83783684499046,1,0.2741530043401308,1
2488.470081311427,21,0.1660600358916442,619,2,8.701826657057055,0,0.9399514858371418,0
1065.9630386496483,15,0.4970814948511496,814,2,8.863186594207896,0,0.9613027141504444,0
514.08090458571,14,0.0493709042563441,895,2,0.8197757227636676,0,0.9169798370395787,0
1647.306152091164,11,0.1231801502850136,773,2,0.946218062276672,1,0.809223800318218,0
310.53942932250015,17,0.1898432929890109,391,2,4.983169469616489,1,0.7000870155780854,0
310.7818718912506,15,0.1168681781983581,212,2,20.62733825784495,0,0.7589710620386116,0
2035.2726381089412,7,0.1548320751425246,110,1,5.0909966346811775,0,0.7743590024704499,0
1943.63087399316,7,0.0949416121191051,824,3,6.594259283682914,1,0.8400935169301817,0
1204.663271294275,16,0.1001423076036608,659,3,6.396025346673002,0,0.8800897228920053,0
1583.3982149584567,9,0.2650687746208454,828,3,14.99594132622623,0,0.9084608109746384,0
801.6084293597203,11,0.2220992084322365,897,0,29.749718049707536,0,0.8273159357594092,0
686.2229445870604,21,0.0489975773156399,492,2,18.58602035944776,0,0.761226332346192,0
793.7132258314107,18,0.0633351996182752,170,3,7.729049761564679,0,0.8066934523633144,0
862.5669438284765,8,0.0418989124057681,897,5,37.46339210423644,0,0.6427524197401806,0
850.2574456685758,18,0.2046333061956396,201,2,5.146164269876776,0,0.5285686535354382,0
1298.0609384321062,19,0.1120243206784515,655,3,1.586239951353544,1,0.7205101659632863,0
456.7176329483646,9,0.0916535240373865,711,0,32.472174330394026,0,0.9269895642082904,0
1024.2572381860923,21,0.2557795068341286,550,5,28.023565482856643,0,0.7417110851482224,0
817.2748602445001,13,0.0143849854932067,914,3,3.706177904228731,0,0.6338920438666246,0
1017.7860230168864,15,0.2835768532339316,293,2,26.237613169701103,0,0.9046275915315264,0
1620.857090056484,8,0.03310255482414,497,3,33.235315609650044,0,0.8011798343804397,0
1018.6616828816632,10,0.4961460981899302,168,4,1.0208820210301188,0,0.8779808272743932,0
777.0658468890887,15,0.3897715533656364,796,3,19.716897467218782,0,0.7846918081094341,0
516.7854181693361,12,0.2357775342106311,837,2,9.83420764930318,0,0.6934493481117197,0
1989.107974514505,14,0.2677863617965859,447,2,40.71039494158668,0,0.6467220648225438,0
929.4073812679736,18,0.2237576066625678,787,2,5.48865755065222,0,0.6754064577098738,0
1298.8924576176512,9,0.0608574767843406,932,0,58.667118930232846,0,0.675535576090283,0
728.444821659202,21,0.0800986397438536,304,2,26.99726673508305,0,0.9975294418163448,0
698.720677757645,19,0.1515409663610462,854,4,10.930388435933269,1,0.837892764858269,0
1544.0415310410435,7,0.0759795498436648,603,2,11.29755793343924,0,0.739463023479641,0
1669.9657198444413,13,0.2078195227018316,541,2,20.349488591280455,0,0.7493695782052947,0
1880.32149734746,11,0.5958213064212619,37,2,9.21760716148526,0,0.5802002397563804,0
651.7343169322525,8,0.1053941827213466,435,1,6.322404467155305,0,0.9046204378549922,0
1320.6588970264895,20,0.0989554907328559,410,1,17.809407110102356,0,0.6917558468635371,0
1477.7546094860647,18,0.0815717990763852,774,1,30.130202519162292,0,0.90307993808564,0
1604.490498199499,19,0.1263173785469188,280,2,7.324474267701642,0,0.9814407744778936,0
764.8904787003622,7,0.2287874573000574,344,2,1.5522532213267426,0,0.8068634729645765,0
715.4796160519714,18,0.173968240568349,157,0,2.095674960124914,0,0.846384343022077,0
1154.2562865835964,13,0.3227532250167245,777,1,8.593155423949778,0,0.6912974893425478,0
2010.6538661792863,15,0.1374977572814583,63,2,9.69367745219111,0,0.8889919127217653,0
883.4311185113319,14,0.2098994441325745,214,2,30.377773212026685,0,0.907522788502978,0
1051.4321762820573,13,0.3748033925812634,73,1,11.429568134914796,0,0.9027045449126536,0
951.9740891567568,12,0.1491221111090971,160,0,7.305464466462387,0,0.7584931872517572,0
453.454147563373,11,0.3188104867949722,630,3,0.0025077726216369,0,0.7460149994049484,0
1100.9942895740992,16,0.1697153543446912,483,2,37.49135858719588,1,0.8438616956834815,0
1327.852023446092,10,0.1409061236722897,606,2,11.82287292652294,0,0.6887094385816853,0
1457.9754065055256,22,0.2175015098502683,639,3,9.981390081335428,0,0.4613779281120657,0
825.4024348986369,18,0.0483424905878897,403,3,27.42113901221325,0,0.8375727007900806,0
1806.776747374275,7,0.433437939290082,711,2,3.924884901138291,0,0.8636602602815245,0
912.4315737201288,7,0.3004911741586986,43,0,2.9909627738042857,0,0.7555389193840526,0
794.1200898315452,15,0.1635372375146995,723,4,3.7203888473721873,0,0.8048610758169497,0
835.7815313185882,8,0.1202168226761515,409,1,6.021702219740218,0,0.2069544526774794,0
2460.474261389366,9,0.1109780885091812,778,1,10.557716181603883,0,0.6974199885930139,0
296.08406924277375,22,0.2553391426055367,602,0,5.682424123860858,0,0.7881104124329182,0
377.7969699192936,12,0.036101568016285,235,2,47.26625085122866,0,0.8030693847455462,0
1845.7297892042536,10,0.103831372058481,652,1,11.388364100843631,0,0.9081391629181682,0
516.3519534141066,19,0.431590439924948,943,5,2.636874745758906,0,0.8440003740742762,0
2895.3824060841284,21,0.1328339992711433,71,1,29.1907136754003,0,0.7734169811392877,0
1402.9843090591223,7,0.2015811232152709,349,1,39.32094347046005,0,0.7202500324658205,0
1306.9042198122977,12,0.0893114113839279,247,2,11.701842122763733,0,0.8821353204884168,0
1003.2716487952878,11,0.1701649767652918,255,1,1.4115758793796824,0,0.8797243576095214,0
3602.411763797948,9,0.0402989019786003,100,2,4.546661699815914,0,0.6532505719712842,0
627.6655223721887,11,0.1876651044472138,128,1,9.03529150650512,0,0.9083110614828874,0
799.3167588543007,22,0.1611001621667435,111,0,40.61505589191585,1,0.6790065872002561,0
1485.6890900210558,9,0.1420640911794724,908,1,58.57516643645389,1,0.8129984044020402,0
754.1075473757994,20,0.2590354554427923,444,1,2.006740528743806,0,0.8210944692457458,0
1711.0324087913616,14,0.3042427099938727,893,3,5.031018708812904,1,0.972060268633128,0
1425.877400330049,11,0.045884595276989,841,3,18.386314909825373,0,0.8306429603692499,0
2069.665736509449,11,0.217194393129405,664,2,65.23042992894364,0,0.8488872166144174,0
883.4861044377786,8,0.2380734142776281,804,0,17.005051728596666,0,0.7168197407147381,0
1272.1224827783635,16,0.4815053918392333,841,3,2.224011029536049,0,0.9717613604431844,0
1773.101350068489,20,0.3292235926906741,973,3,8.604738652823041,0,0.9208883650353364,0
1369.7550835648865,22,0.1118288096138809,723,1,23.899714387692978,0,0.929601072490428,0
1612.7649339127638,17,0.1258285432828991,897,5,82.18390219753641,0,0.4954387461894942,0
792.8195203679473,16,0.2325230181584135,888,2,21.058139025745497,0,0.6624806956711089,0
1076.5578100635628,16,0.2111768424280958,111,3,1.0634495293479849,0,0.7874062503207512,0
1485.7975681965745,11,0.135002243510682,75,2,14.959946329960278,0,0.8734645387922765,0
2041.4614678043024,20,0.3326196785558077,379,7,5.345061943668069,1,0.9304541734558466,0
832.6173313511448,12,0.0693883123164543,583,0,15.15323395707896,0,0.8499738718325661,0
1173.4325787734908,21,0.0847667675488285,664,0,8.803185184708216,0,0.7033389636779515,0
403.398366857433,19,0.2744397392213752,975,2,10.551902120310476,0,0.8152460987226157,0
1627.0406707805955,8,0.0121460893405313,855,0,2.0568820373115524,0,0.8506391125691931,0
881.6065293591845,17,0.1826018078612673,403,2,0.580876569364395,0,0.7926232098485085,0
992.8311617955884,19,0.0695284069466168,249,3,11.84425310674452,0,0.9082930999869826,0
804.2283349268672,8,0.1875376413996437,257,2,21.500472595443657,0,0.9811058813914108,0
980.3089108936808,13,0.3448975264360553,658,1,3.5834691336170845,1,0.8130278522052434,0
302.49046162691144,7,0.3014923106889957,896,2,16.407669972241266,0,0.8500381724904681,0
672.7550778860818,15,0.0814982484788775,482,3,18.299658502483233,0,0.8446072403648661,0
1206.2613087127509,8,0.23455070402685,170,3,23.14793780218419,0,0.7211123947983406,0
1042.7691485866385,20,0.234547868983682,775,3,5.596095044665004,0,0.9084220944786696,0
461.7889777768422,8,0.1550281494173458,247,1,4.147458824545021,0,0.8536715075879968,0
330.3439042471689,9,0.1240637428583201,357,0,22.146601744835415,1,0.9143945319669046,0
552.2792191180633,12,0.1560668483744131,393,1,1.9927158116288528,1,0.9158955035855556,0
751.7918238786838,18,0.1526008925988291,31,1,0.6514217299778687,0,0.9413966993599108,0
819.6963449537811,9,0.1829707517597556,97,1,10.49753154186828,0,0.9311568090200404,0
2193.9598117857126,12,0.2832177697048365,269,4,4.584960695042938,0,0.8211645901742919,0
992.3497485427008,8,0.0642786348295408,804,2,29.70297441471833,0,0.4373423080699663,0
1228.9628744823929,7,0.2074739789541366,494,2,2.933445474931063,1,0.6727641799135063,0
815.7924870711254,9,0.1278484453221396,217,3,32.64049986634421,0,0.9022067240808384,0
888.9795099861651,15,0.2482324368935005,794,3,0.8419513654677379,0,0.787703892234636,0
690.0505464498855,11,0.1358695547050366,91,2,3.4284901758732635,0,0.8146129464096193,0
1471.2941847321952,21,0.0810754925309947,587,1,29.175420419284578,0,0.6754673502420856,0
1750.7267143953504,15,0.1752917388464914,548,4,14.920724856692376,0,0.9677021201959142,0
397.5304330683238,17,0.374260277612813,647,2,10.327236760142933,0,0.8834530468427825,0
364.7688840703897,16,0.0659671602684291,404,4,26.635278309132268,0,0.3926652345201126,0
1074.9393583368803,19,0.2757286568809186,641,1,12.4634006635133,0,0.8174746881832872,0
677.1001449906238,21,0.1319797325297687,856,2,1.89982043015307,0,0.9363762408746504,0
2159.3094493863746,12,0.1064185413914643,230,1,39.64838302815286,0,0.736066655609731,0
1741.7392603059347,22,0.2313979395942522,185,5,17.157765490861372,0,0.7653098298989832,0
1938.0897053087824,19,0.1365685928528658,972,0,43.25957221403176,0,0.8868003354184909,0
1051.6425360467465,16,0.1736984715774652,950,4,11.05767973909861,1,0.8353954191708007,0
581.2492504636159,10,0.0546073922992305,144,0,31.05049959575052,0,0.8363948923692542,0
1848.0484271022265,21,0.4921385140632425,499,0,48.31757455018932,0,0.9256381534015832,0
396.538188161357,15,0.2208702618535711,289,1,8.95088814773463,1,0.8720896006972111,0
1287.212598035498,22,0.0485323214966101,534,3,10.776714504003472,0,0.7371396044256289,0
449.32963084501864,10,0.1229847536285121,914,1,4.179463259013287,0,0.7793310324244133,0
787.2708382147141,8,0.0863830480482124,309,3,0.577041748674848,0,0.875046447436245,0
1460.7217350742667,12,0.2298550612518703,212,1,10.427790434082045,0,0.9273149275642923,0
986.4095809768626,12,0.0306653149305289,754,1,32.081950311846164,0,0.8439604343333812,0
1863.9545732734969,11,0.3458686645297956,489,2,6.393681926537231,0,0.9400422118420402,0
739.4785487275477,18,0.1563398041516933,269,2,8.530071962146348,0,0.8316619537996819,0
1407.0892470550034,15,0.0633348646205547,753,4,11.994528434704986,0,0.6038025042636803,0
963.633467573284,19,0.2735815943013057,751,1,18.482628770642563,0,0.9110353668175342,0
1209.4058575842182,8,0.105784687608382,921,0,2.8786340075139347,0,0.6956142830824479,0
2030.369800348319,7,0.5905506908146984,827,2,15.658076832148891,0,0.7361482314853701,0
633.2921772906369,21,0.1080287640903976,53,3,46.730331887955856,0,0.8095810289295617,0
1331.61494969173,14,0.0986026087545325,704,2,0.4928182250983364,0,0.820478387214565,0
1201.730923165807,8,0.1432799611495221,819,1,0.2179181963931917,0,0.9463580792008356,0
1178.1510940498874,22,0.1423478129051674,95,0,32.88952179533749,0,0.9489947512991244,0
752.7015733535669,11,0.2188594533588707,757,1,12.59954739539505,0,0.8288782619387399,0
1146.9676762450074,14,0.1674468247775815,486,1,48.92781145379823,0,0.9040833030667328,0
547.5042557512612,21,0.2476579066083559,659,0,1.997969967869265,0,0.9610635929376474,0
2729.8407956955966,15,0.1622172887856312,186,0,24.426714885948194,0,0.853045641187152,0
1516.5918207051964,22,0.0668477756363616,94,4,17.752289460203638,0,0.8830428806455094,0
797.1043442130461,7,0.1285365898622328,128,0,3.214607662996341,0,0.8824424727663572,0
896.5255193872945,9,0.018162735034583,270,4,10.91175894986412,0,0.8456992618828827,0
734.7861935346777,13,0.2306241767424635,847,6,31.813687098148357,0,0.6303841498325604,0
154.44796107996822,2,0.5877920730187952,92,6,271.76618694761675,0,0.3960559060429539,1
840.6894357936152,15,0.0652270838970847,690,2,2.273339695232238,1,0.9373261348581766,0
1574.5011892128923,7,0.1652693513675263,572,2,20.03593725534027,1,0.6300555421449471,0
948.537859553951,16,0.2361200351806139,189,1,1.0773691643864984,0,0.8277551011334021,0
735.2351814863156,13,0.3018679374294241,890,1,13.980715181102893,0,0.6452257218835066,0
397.1944169982532,15,0.0890917716552699,742,1,6.024813071469364,0,0.8799219425325859,0
1649.4493311285485,7,0.0439591902791849,508,5,20.979277533641618,0,0.7989185806263935,0
682.8678739878994,15,0.3430485486944841,340,1,2.1677257526584555,0,0.8437405702832439,0
1469.2174364275606,20,0.3445869967520405,229,2,11.414356188717544,0,0.6158872752077914,0
411.21096724950223,3,0.3779937519643095,6,13,123.0584575565118,0,0.5292084285698885,1
832.5798261749786,8,0.0718784386882604,453,1,7.160097946692531,1,0.8115888142707222,0
1346.0324605281949,19,0.3742782673506598,986,2,9.137405067617586,0,0.7741731915116935,0
768.7636861999677,14,0.0760741239114936,943,2,20.4971278762551,0,0.7014265197595654,0
1298.3449506416523,9,0.4775637158693572,338,1,6.91855082136346,0,0.834289875662048,0
1034.5074779160802,11,0.116434747091241,260,4,34.08217720690659,0,0.8135073353391175,0
829.5439849033195,16,0.0743912759871933,342,4,26.178928325111247,1,0.7957682587620533,0
1905.7358136605503,19,0.0815925905900033,894,5,31.326896710291095,0,0.59510328161733,0
1040.3929050169072,8,0.0610422909853833,677,2,10.118474680958272,0,0.8617313875760054,0
1044.0075287305733,22,0.2293345424295539,995,4,0.2403762789745278,0,0.8691793110487392,0
605.97502481604,19,0.0314948267325858,687,1,24.87836213606685,0,0.8096303616008522,0
1348.784567069071,12,0.1923488668919717,330,4,37.553137907161954,0,0.7788308083750729,0
1462.0125182861734,20,0.0454785766331239,48,0,11.015850925253044,0,0.8201175914708227,0
1122.8342412411855,7,0.0402600511622348,335,2,3.4036815472692754,0,0.7262396620604418,0
2959.185098540008,17,0.3342608596469897,728,0,11.098176366031106,0,0.6722950241231507,0
444.8608123095104,13,0.1373082900859824,166,1,8.10445416851321,0,0.9112872429084404,0
534.0108051358695,13,0.0788490312542773,186,0,6.436180703367553,0,0.8713781987710877,0
1606.337341357545,11,0.404990330760339,30,4,1.2160667318308025,0,0.9582237158936572,0
818.4874606020936,7,0.1173901493689685,490,1,20.68739395894855,0,0.6391980827740686,0
1354.6497491401458,17,0.0104672607423814,693,1,15.776687341363049,0,0.7240957878819761,0
1382.2751278985843,17,0.2493745346936483,59,0,0.5377234506454537,0,0.7213644020419071,0
1619.1714133282053,17,0.1277215090829465,598,1,4.150971050366749,1,0.9184786421169392,0
828.6040264684979,8,0.0481950173897268,309,1,4.704526569981929,0,0.9488727231082016,0
998.463535636431,17,0.1057071139889571,137,4,17.58009128564343,0,0.6683619022405861,0
1512.5159838158934,21,0.3131108399874092,748,1,22.622548049205896,0,0.8586571354624577,0
1815.9246856147931,14,0.3129001537523657,604,3,9.662874358147882,0,0.7971797170013387,0
1089.4080964398436,7,0.2316455391396429,57,3,1.9207576462895024,0,0.9016103221491654,0
126.59586662364296,1,0.8484417976451059,47,6,294.3778305375779,1,0.5474217583930971,1
486.0013088891218,13,0.0583123625397288,735,2,17.968289842672753,0,0.7934602035171826,0
513.8958608238479,11,0.2129568415306336,845,3,11.494972676133733,0,0.832300418244531,0
2240.713580921795,14,0.3702575814383907,795,4,7.821065053411204,0,0.7787256722888782,0
697.835858684882,7,0.5248475079555359,547,2,11.842820376469726,0,0.8819136941794965,0
185.33922723473376,5,0.514111587699549,89,9,72.56508052063313,0,0.2044207588122403,1
486.394623759972,16,0.2490483182484218,165,4,0.940243504074522,1,0.7091367409699084,0
2125.419584204174,19,0.1265495033433413,613,4,30.372071192918774,1,0.5438801862680233,0
1021.6328206451852,9,0.1737036343297078,649,3,10.506912028721882,0,0.8070019257880372,0
1010.9690157690584,14,0.3605666459514268,424,1,4.6511791155595015,0,0.8350646656040692,0
1406.3973672176865,13,0.0210593578269007,389,5,6.0324843970137305,0,0.933426406612056,0
890.2811377238445,14,0.1461327507706161,440,1,18.023960349534395,1,0.7440958404327287,0
941.8239228964006,14,0.3372136517225728,745,2,42.74681823350082,0,0.6638951802621093,0
487.82154654626754,18,0.083374690182245,196,2,14.093414076866354,0,0.7849771456360756,0
938.9108970394908,14,0.095316573081,696,5,5.656257304824186,0,0.7738107708447979,0
1112.626134486182,10,0.2350977165616269,708,1,18.70913125852443,1,0.672480385335041,0
643.8801926565321,21,0.051170007927089,765,1,23.53475451538508,0,0.8979438229460439,0
1095.80747418328,9,0.4001407620213759,424,2,30.15989911128225,0,0.6050453160446536,0
1608.8426964176583,9,0.1114643796551524,424,2,4.962679514512683,0,0.776711978410258,0
615.9381048578149,0,0.6092236604953202,78,10,171.58194619732373,0,0.1442752556802672,1
529.8370984622239,19,0.0563494844992711,740,2,31.590568773943687,0,0.9535182527600874,0
2776.3340595233685,20,0.4564693933803681,359,3,7.959542426417588,0,0.6809756215764001,0
1199.5636556068866,22,0.1930200768217141,108,2,2.5100784424180524,0,0.7019295661699229,0
562.5136925753544,22,0.106777667116601,998,0,10.635603347788576,0,0.6850475514614205,0
1568.8970871516085,10,0.0330718580032567,933,2,7.384230413977645,0,0.8593727986573003,0
2147.253437746025,11,0.2167762524311813,774,1,69.75034178539336,0,0.8155367891605603,0
907.4649676168018,14,0.1098346115798919,501,3,5.42039188805737,0,0.7472488567941432,0
95.34553828951748,4,0.8706631264923022,100,12,253.17553804847464,1,0.7922502745121232,1
543.153234858994,14,0.169440513089047,853,0,10.82425227980354,0,0.7221436933682798,0
662.2245809082835,19,0.2355862352557746,139,4,8.437767147587879,0,0.8416612138534751,0
974.4344570694687,9,0.1682645508735791,507,1,7.95595420471957,0,0.7004866132689014,0
322.02792940259013,10,0.222414325508626,719,2,4.896756184304819,0,0.7589991834170983,0
1426.3781443845617,14,0.2206460054450134,259,4,28.768897048290206,0,0.7677866065044712,0
1414.3100343946344,13,0.0024328167853419,997,3,24.85197043685004,0,0.8283084734278607,0
2228.2304554905368,19,0.3065482185115945,419,1,28.83671353826296,1,0.6874909572960194,0
591.4105391149026,20,0.2460010057221552,687,1,3.7757467772221274,0,0.9370317992148766,0
514.2362280549413,8,0.2152014722366705,563,3,47.9652528053652,0,0.7394954019406591,0
1450.2518511735293,7,0.2457941041959303,182,2,7.051707802947079,0,0.8446199686925372,0
979.452176185848,17,0.1794230216502703,63,4,11.533210286569076,0,0.7244993431259873,0
349.0606723765178,17,0.1623552008981708,490,4,5.764995120324787,1,0.8021111468469833,0
1691.625404877634,20,0.0283351681500999,895,4,1.9084706361136323,0,0.6589785173666185,0
253.95361970224135,4,0.4020441737105238,43,7,191.7221982760579,0,0.1270117063908878,1
1051.978980233659,18,0.2023314949698461,451,2,6.135307966221642,0,0.7978442691762415,0
960.7655451104316,12,0.1750965689407886,983,1,3.648159575372531,1,0.5471272344987078,0
1014.7757492196556,18,0.2223935068058167,945,1,7.457349947768746,0,0.6509649913008098,0
474.2016437602416,22,0.3462872082248899,165,6,156.13315360840284,0,0.3337499478983222,1
596.1351539013339,14,0.2238109823292668,981,1,3.803121725490987,0,0.8623616685372631,0
1350.775958189814,21,0.1197333538846499,107,1,10.28402277215259,0,0.8277553652423453,0
1254.0526520298376,20,0.3830110828008117,937,3,25.821217790750776,0,0.5947720989605146,0
1333.2930718018058,21,0.0061984502237685,466,3,2.0615175859270956,0,0.7831108093325247,0
1579.8214429545085,16,0.2588830476852615,647,1,18.33064232012344,0,0.7829810989681556,0
716.1403504763542,19,0.2817099119777159,103,1,2.749110601254869,0,0.9597668556968424,0
1123.2116624984735,19,0.2342155304122793,752,2,9.074819052915618,0,0.8385520789891605,0
1074.532304839554,14,0.2625473288439907,92,2,15.994495080753875,0,0.874775500641059,0
985.9796079454424,21,0.174488282747446,537,0,15.680595877404569,0,0.9265456291602188,0
1306.5816016472138,8,0.4333571490709582,164,1,6.237134610634969,0,0.5940873137354575,0
353.18701099145693,20,0.3016700095891336,685,5,21.537577928781424,0,0.8215452416462066,0
357.5601514797743,9,0.3660378760284593,910,3,26.273434513325142,0,0.5785568438326907,0
903.1175072208468,18,0.2075445369026893,279,1,0.4462445523798652,0,0.8949847768889654,0
1215.4061541198148,8,0.2913733252073061,367,0,15.179544976846277,0,0.9581588575086456,0
771.4877178674747,19,0.174053421099855,439,3,27.542781847253483,0,0.7703196751348342,0
1144.7747231514588,21,0.0852284774142173,207,0,12.994429094154402,0,0.8839619308159545,0
973.6074407277988,11,0.0399281212482471,373,1,0.9477050068279236,0,0.9725538369535476,0
1761.880607880736,7,0.186151009378532,592,3,40.02664172545467,1,0.8448470599227402,0
743.9728189512175,21,0.2986758462662769,329,2,22.239755340715675,0,0.7641695987165391,0
919.3323877260196,14,0.2388042373257037,148,4,14.747863681772538,1,0.5719638433404864,0
2506.4910023702605,16,0.0981394341741102,928,1,16.843836775824442,0,0.9137208241752396,0
852.0217954610931,13,0.1351715865341456,130,5,29.311347049410752,0,0.8699611797519737,0
306.8467344119473,12,0.2838658997525093,112,2,6.684122801797252,0,0.8080544349648998,0
1323.213994644199,14,0.0767542266116565,152,1,16.923123156419496,0,0.8812186512992143,0
1794.2341389019275,16,0.1891827097254136,647,2,23.24946651593243,0,0.7863912128824627,0
914.030013353558,22,0.1119448942926103,717,1,8.66147806737169,0,0.9210231579759264,0
878.995582742169,18,0.2035496972289784,63,1,14.266324086106616,0,0.8467751480579495,0
680.967637093828,11,0.4754822033786659,157,0,3.929908271026081,0,0.8788771509038277,0
827.2648453415812,11,0.5369114866408641,909,2,1.12112680119231,1,0.8418582471317094,0
997.4911067498848,16,0.1077844382789903,506,0,10.876879823395877,0,0.8801115784667854,0
2749.3150919622976,10,0.5263445927349726,608,3,17.87691723430065,0,0.8436407230584253,0
1200.133398492014,18,0.1011905143350084,604,2,12.310917214269129,0,0.9875536664112976,0
874.7133245698416,17,0.2797887058844417,476,2,48.390040668504625,1,0.464060567550117,0
2065.522710783823,17,0.2169315639849766,279,0,2.7419384678366514,0,0.9686753413221896,0
2023.5457107424209,9,0.015342471462319,744,0,7.476297858824028,0,0.716257442349668,0
2522.2560893045893,22,0.15421522692955,266,1,16.005480076145446,0,0.7555514615929896,0
520.7918007970954,13,0.1367648691317842,504,2,11.388617631175116,0,0.8375497966331904,0
1766.055249891756,10,0.3108702535630959,961,2,22.37880189087779,0,0.6253269876363434,0
1252.6519465958395,17,0.4206601813283953,559,2,41.4754203915209,0,0.6735068009293924,0
1255.8078859967716,21,0.0648981528926233,125,2,2.8305847866555585,0,0.7569843794272325,0
972.7984655592596,13,0.0261065791722249,123,5,11.810775849957436,0,0.8547018790997147,0
532.849363505659,12,0.2594904480985864,930,2,1.9876252204335647,1,0.7791967221452369,0
1165.4292692577849,12,0.1988172591173365,854,2,21.990632502657952,1,0.8971810603740753,0
1122.9223324401692,9,0.1624933991150254,725,5,68.63057528592901,0,0.9437713624653432,0
1584.0185966840168,20,0.4223332186676817,842,1,13.360566514945836,0,0.8515598241272369,0
409.5468600121726,17,0.425164078019641,86,3,19.324671097363137,0,0.8730350949399612,0
804.984603896723,17,0.1117196760281494,937,1,29.347703449744415,0,0.790194459738302,0
1000.5042851036798,16,0.2205222108065069,749,3,18.08971421756069,0,0.9672532856114392,0
1933.221954850824,16,0.2454988507218531,71,0,8.159285307556875,0,0.7099558470095231,0
1325.359944332137,20,0.2950787297440331,491,2,59.3289612786542,0,0.8791247336533086,0
2818.5749227357874,12,0.152158387039557,421,1,12.377435177970128,0,0.8140749117007468,0
889.9346371023317,11,0.1170321305243923,99,2,39.14156896854458,1,0.8489483134113274,0
844.3728246123578,15,0.0617148561177598,256,5,27.67022571412489,0,0.8949043288042449,0
1024.3125621281615,18,0.2529101734299326,107,2,0.7494441590632438,0,0.7739772589467627,0
1228.037082743689,17,0.1236644098608209,546,1,27.70686327376545,1,0.8828095575947204,0
315.5595392196547,5,0.6085431154954428,143,8,164.61395714903142,0,0.1954786142149448,1
1679.310085717566,10,0.2458862524275823,71,3,4.739704861047452,1,0.8801958363319835,0
1454.0960785601983,7,0.0815415366139417,138,2,0.2491156457422169,0,0.6794546642850197,0
742.3519520802897,9,0.064296246295003,611,3,17.260063396674102,0,0.6733896702449402,0
746.1692112969753,15,0.2046110848068127,987,0,28.826626078874913,0,0.9385869586742992,0
1311.8128211853698,19,0.1990183123459846,996,1,2.6572802218021665,0,0.931736689681494,0
1115.637267839603,9,0.1430438183934648,933,3,14.682086858279348,0,0.6938650779894014,0
812.9275261346816,12,0.0897306931552199,925,1,1.007113595383891,0,0.9162799502100551,0
709.3877245583906,15,0.2636388663066145,73,1,16.132732664853787,0,0.8415825424937758,0
2003.5882989384784,16,0.2672951676516442,296,0,15.59248662474791,0,0.8387283905825271,0
994.6080995257032,8,0.5213429502792385,583,4,32.364747295405415,0,0.7837842400246601,0
1197.5954556447305,19,0.2285797824453118,535,1,5.4141339404387105,0,0.8071518880695244,0
437.6407442594195,13,0.1020891188452618,341,2,3.201214570957273,0,0.8588501417843706,0
453.1887368094802,16,0.2410718767582901,359,2,12.119602113799113,0,0.6619587483708942,0
334.64754512077945,13,0.2394721902273772,972,2,82.54614931276508,0,0.9686944135684168,0
1586.395653347151,11,0.2330218115559007,192,2,4.476182685743579,0,0.7552326697309826,0
1935.3134001817955,16,0.1551498585062635,665,2,14.212025450921262,1,0.7510160434012387,0
1163.948132505583,7,0.409329808524379,597,4,8.732127778208365,0,0.8315652015850513,0
404.71589765769977,18,0.0227400109541862,405,2,9.206729331133042,0,0.9252917697816136,0
150.81082172071322,2,0.6497503368873648,165,10,310.6762060585281,1,0.2804932641578931,1
1068.958985977017,13,0.0952244316407274,129,1,1.4168702269965276,0,0.5789105653018176,0
1070.6612073786528,13,0.0428375367555601,690,0,27.039568235234015,0,0.825402464655511,0
828.3830899332388,9,0.081751405084406,989,5,27.75585958582416,0,0.8646209333672935,0
1530.7414326069888,13,0.3082174770820146,642,3,26.77699803989884,0,0.8211410212906355,0
1669.8707491299574,10,0.1835385200958032,633,1,9.155565991615523,0,0.9162473479641812,0
475.8530612865566,14,0.0947105691178145,910,2,0.359820095929914,0,0.7873866439192586,0
722.4193202763597,15,0.4299963364918238,529,0,21.54497412720825,0,0.912570693260623,0
926.426098031576,19,0.3500144998754891,166,2,24.90693650699549,0,0.6770325458695882,0
489.97352442978183,21,0.0278340707930852,318,3,16.84817039385959,0,0.7387058634046003,0
1145.7304832995562,7,0.2261539317261522,876,4,1.2259891934523832,0,0.8903974644543564,0
1283.1026019961323,17,0.2386589192940802,453,0,4.691528894450905,1,0.7260469300965005,0
1123.1706621668309,7,0.1519157182696995,448,1,9.930881129549952,0,0.903381913566756,0
1763.190083377909,17,0.0991414529801507,612,4,7.019440385731622,0,0.5893650204308452,0
1518.3672191401786,22,0.0305425091463713,307,1,2.1872981286415283,0,0.7961348789094991,0
1673.8621620986833,13,0.4081318416081634,879,2,16.238163742517603,0,0.7625198803702693,0
1024.3955993253833,9,0.0504905855778158,367,3,18.03808378657716,0,0.9163610062099004,0
1217.858503692179,7,0.1207314038212191,227,3,46.02536153875315,0,0.8428418747406954,0
701.6838741989861,15,0.1904000708252866,770,2,19.11631124564373,0,0.7471537468614893,0
2134.450029046888,13,0.2375152127135902,402,1,3.6847552718162704,0,0.8432563059218903,0
893.5366295556777,13,0.0603417896484724,208,1,19.78692065348643,0,0.9022403271215588,0
1464.9325056540708,10,0.03751980600229,924,3,1.0500068627305388,0,0.4669531862763552,0
469.8923088837035,7,0.1999038619073634,768,1,1.7111646931391826,0,0.5744842435457023,0
2793.025973369303,7,0.1547672175833388,719,3,28.400303674926366,0,0.8355098982691295,0
1382.6937463032398,18,0.074146166606372,586,1,33.92491331865918,0,0.8042815730223832,0
517.2970333060239,10,0.1367862333650882,740,1,3.817382561308401,0,0.8363169865128369,0
744.0343012625837,15,0.1184208375861478,344,2,3.422238561027936,0,0.9145921759769544,0
766.8926078781728,15,0.0515624867730044,60,0,4.581148370084099,0,0.9023366465647766,0
1422.2265202829308,22,0.0411454657118661,535,1,26.608360408321705,0,0.7353080379958205,0
742.0336159019068,19,0.3668182211276387,625,8,10.455686552272551,0,0.8922451024794352,0
873.1956456359557,18,0.1903583276611711,521,1,78.35709623115592,0,0.7145057555060228,0
765.4054979699465,18,0.2477810824836609,549,3,10.470286281219378,0,0.5472641656473733,0
559.7898019540124,13,0.1178589139778083,581,4,5.123035526715413,1,0.9355971470160914,0
1656.8189766313446,8,0.475232736670975,988,0,9.90498623735672,0,0.787852652197893,0
748.9404297664408,13,0.1817688449325306,134,5,7.55278631142419,1,0.962820631276608,0
470.5291039977357,11,0.1934442492580619,822,1,10.70538623746256,0,0.9469449825508895,0
1125.7557688052184,22,0.0548487497580997,552,5,3.615316765971151,0,0.7849945721211078,0
1229.3775555841091,9,0.0468605991293883,361,3,27.347935315810844,0,0.8762960293871779,0
923.3158161542464,21,0.3704113503625962,689,1,12.371703786924575,0,0.794595175675868,0
767.7082552698744,20,0.3227287480431463,219,1,3.735900184922048,0,0.6580264624901284,0
1165.584825430973,21,0.1581227906027024,92,3,19.36939325352026,0,0.8571327658681724,0
597.6350770578639,7,0.244578302274534,612,2,11.99730032106652,0,0.7031065908419117,0
696.1228786830281,18,0.1624155039535532,717,2,9.267385233818102,0,0.7857106819573314,0
1123.3658409250636,12,0.0840755785711135,242,3,4.759850659646593,0,0.8351885992867835,0
1188.4144083555086,9,0.2578410444836506,168,2,7.414074369186239,0,0.893269894177492,0
1208.0977360729892,18,0.1294054779564599,724,1,11.722766299914028,0,0.8429924742173228,0
294.70843937667274,9,0.4113349126925397,48,1,4.003814053613562,0,0.8612647447980148,0
574.4351631402113,14,0.1055901563273348,410,2,13.8795053930602,1,0.5494580009333038,0
397.80232159928966,16,0.2355751414293129,84,1,13.91653404139813,0,0.7848255113114333,0
2232.494832655922,11,0.1557571708566091,446,4,17.977405342708824,0,0.8457314483302321,0
463.8629899815171,11,0.1781748296060278,622,1,7.553953991480472,0,0.6704674466050884,0
672.2781120713872,15,0.2310775345627636,218,4,23.412260052738148,0,0.9461449994149986,0
147.5779038085832,22,0.571693774143236,18,8,64.34159099999303,1,0.0332068588093603,1
792.8044822411763,22,0.5450696041752202,588,2,17.54386624543483,0,0.8118046404494887,0
1228.043891560838,18,0.3287898099729409,189,4,1.101775713335048,0,0.8216932221823737,0
1047.5145856442134,22,0.2118751092514652,192,1,5.196672613986492,0,0.3695275380468719,0
1398.7449765157571,17,0.3572933976746482,324,1,46.50660904605479,0,0.8780311243447851,0
347.8112867949813,12,0.0634315076172912,48,0,14.254431810830637,0,0.6869273367316364,0
353.004619679678,7,0.4255115399870595,291,3,1.0221744654296436,0,0.8563415572193965,0
1060.8886800035682,16,0.1640869871364394,695,0,6.422075166523424,0,0.5101929229432932,0
1185.9735556382318,8,0.2997417014455247,635,2,16.83101853463714,0,0.9003564072673946,0
1345.7486170318275,21,0.1031824202107784,824,2,9.181976324178194,0,0.8168015014007804,0
813.1105523381808,9,0.1672796796225973,981,4,12.98018744348304,0,0.88087366921673,0
1717.9070325343444,12,0.282098497250676,508,4,8.29986423615102,0,0.9022384557719506,0
2750.4219163753537,18,0.2758151903225688,502,2,11.34458100663,0,0.9409308837342324,0
760.1780869396787,7,0.1588955086183699,810,1,14.039301750997206,0,0.864984221579621,0
787.5083309735525,15,0.1285963385705695,634,4,53.48397681096666,0,0.9176931882922988,0
760.9574735544448,7,0.1569186676400473,505,5,19.862624182308775,0,0.4720726479813724,0
1029.4039568385936,17,0.1037610970705486,389,1,4.309106033877131,0,0.7979956246692447,0
3110.099608982736,22,0.1543763363030467,336,0,25.69723517804782,0,0.7618648660015527,0
702.2995805901156,9,0.1333018307580725,708,1,0.2210354000657508,0,0.8830813074176249,0
2687.623807012905,15,0.3140943531867004,958,3,8.60776362769562,1,0.7692811945085134,0
1092.5228524932254,7,0.1963365832621403,350,0,6.195443458136555,0,0.6903966119584062,0
749.5526380777246,12,0.3750638027652053,228,2,0.6024397310224648,0,0.79870310955225,0
1516.5022617528898,21,0.1000484145483255,98,3,3.5492486925597917,0,0.841994107020449,0
3029.47244370204,9,0.0126334960419505,164,2,2.2804439303886164,0,0.8823780485305539,0
465.57942304455867,21,0.0461509924684028,494,1,100.03590112054104,0,0.7184128542277366,0
2062.213178110988,13,0.1418921016885422,746,0,7.666360417065755,0,0.8623311125133385,0
686.1685699196555,17,0.2673774374856663,833,2,9.44047734015674,0,0.6015483845809668,0
421.93980749714615,16,0.144231568362279,607,2,12.52710449846848,0,0.8170149541084388,0
528.5735605231284,22,0.3220639799206454,979,1,4.7584894042071735,0,0.6302578350759904,0
1358.5388122088275,9,0.1148377245399685,422,1,9.239558157923817,0,0.7640773549405162,0
1827.434436289061,10,0.1570493782300188,129,1,10.879989982986654,0,0.6973785802729868,0
917.8634959478436,22,0.1730807883658595,206,2,54.566363068528105,0,0.7476354733253573,0
731.0282607016593,17,0.2841182707506203,930,2,53.58174674643016,0,0.742979072967516,0
1392.6176382058422,20,0.4194702397843977,853,0,4.7010490542339145,0,0.929064082740794,0
1669.489030286217,9,0.22166315442432,493,3,9.538135061561205,1,0.4772101342465003,0
598.2662486960121,7,0.2660001643538267,49,2,5.156346642675461,0,0.9634529169181164,0
1016.0759331131788,9,0.2173741085497481,204,2,33.256262467404625,0,0.6929788864666286,0
614.2707943460646,22,0.1140762383727219,740,0,5.552667975603927,0,0.6197074178894276,0
1376.274175987762,13,0.1440976941084989,886,0,22.275473377309012,0,0.711331777790956,0
711.7571341924657,17,0.2429232719816946,748,1,6.314737140978658,0,0.6486705382373782,0
2421.9543897299095,8,0.2142763756391868,799,2,4.292816350436627,0,0.5057383846502964,0
867.4702254684656,14,0.2272406504946917,826,6,26.178151590281068,0,0.8765771739469188,0
966.0851920437574,12,0.0802779318524876,613,2,3.3234694975581114,0,0.7878063322860601,0
831.587505256102,19,0.2471631859324943,49,5,16.79734398107305,0,0.9369161266036696,0
1434.1865633691018,15,0.3149836458576452,296,3,12.362618278554413,1,0.6164746539207189,0
2128.9332952495593,15,0.1060620787305493,589,1,26.77996172674404,1,0.7308518811219317,0
1156.5817757819386,22,0.0188744893912173,280,1,4.921598321973462,0,0.9811258556189152,0
587.7190908405439,10,0.3001923368851041,902,1,30.06308610609177,1,0.4480790987361115,0
1808.8044996922335,18,0.0663781855998207,168,4,12.502913943551103,0,0.6815116575312299,0
1374.4836483354843,12,0.2398946529776211,61,2,0.6523706779378641,0,0.7951072029490875,0
1067.2272406062275,7,0.2643526506417784,659,5,13.972900522191866,0,0.9279786864654982,0
1982.34311648936,19,0.4785134677736521,314,4,14.249760868724726,0,0.9025616572464094,0
1396.6697899579958,20,0.1386570600600055,577,1,1.5981682668185346,0,0.8496052006420035,0
650.0398395208018,18,0.1286841690022333,488,5,1.504207090766458,0,0.7047332629495552,0
1244.5953641990282,15,0.2514478338133247,89,3,24.80457858576624,0,0.739013694004088,0
2578.3841138419994,12,0.1152951630195195,965,0,3.369778837718473,0,0.8771889778999974,0
1724.8868533788643,13,0.1113473918927183,217,2,8.604843047685922,1,0.9482591330121624,0
1165.3106708293462,9,0.063629624773461,878,2,9.131507572307246,0,0.7982203593692487,0
1846.9409694007372,15,0.2060781824877055,988,1,1.4728329801080944,0,0.6992899151911549,0
1338.542261666384,11,0.4001598361258362,498,2,4.172777043292956,0,0.6735954549288025,0
517.65819744641,15,0.3004581920122712,807,0,13.699214006453202,0,0.8842102509225803,0
708.4617273914077,21,0.169649972634365,41,2,3.2361995001779564,0,0.7319886823354048,0
1102.2443627372925,21,0.1850967501434706,68,2,3.818560476752648,0,0.8391873586408911,0
614.6420907997752,8,0.211656079836056,168,4,8.691950362869038,0,0.713589175060396,0
1523.176016692091,22,0.1433871400627249,984,3,13.036219161910518,0,0.6757717262096943,0
1500.9647519329162,9,0.1603402711352752,168,3,35.439304291086685,0,0.7368981398005094,0
181.53034149950912,17,0.2080264769015219,639,2,52.07669858515901,0,0.7844200782546545,0
1024.6366869358906,7,0.449707169128036,597,2,6.378595587942289,0,0.6763192020128737,0
1082.7735362062272,19,0.0566193108344924,754,1,11.483683510179413,0,0.8052765639892625,0
1210.793650732296,17,0.2647046611725532,694,2,24.613670856491368,0,0.9688813212543862,0
1365.8610065824516,14,0.4177093382243968,658,0,19.66924076816785,0,0.9441693178501304,0
696.2682974962307,8,0.3670018953938121,513,2,15.294545269171143,0,0.7029354053628574,0
947.9728841660972,8,0.1172216417001763,610,1,9.403468370233618,0,0.6129794241006994,0
1416.9316561147998,9,0.0742046667588169,396,1,44.357893584883726,0,0.5947196288038674,0
1791.7151997673482,17,0.2817566472992309,813,2,1.4508115772891843,0,0.8668333957839545,0
889.5858105723817,17,0.1054956212558718,118,3,16.487981531239008,0,0.9114791449900158,0
2723.1546239400845,13,0.1487792705042467,333,2,7.265292659694319,0,0.7960814751687895,0
2444.0618245802993,20,0.2012102106252086,75,0,33.07828996833695,0,0.976082958280158,0
663.7413345168552,20,0.1317775432522505,968,2,9.06249028186961,0,0.9526242591338102,0
1443.4122221345676,15,0.0536896673755649,701,3,17.00605658475456,0,0.3944173135257656,0
875.6154312664358,21,0.5569045931705858,897,2,21.66690595592671,0,0.362155446577432,0
506.09993656012864,15,0.1049543969565599,132,2,8.5455715495025,0,0.7489034102375774,0
548.9392625442727,20,0.0951856629557187,631,3,21.46628333620242,0,0.8831890586092974,0
1351.4245778725156,13,0.0151248579008549,744,2,0.5565469291221257,0,0.8174877064421617,0
657.4615490173384,14,0.0539096109320219,838,0,13.040140585472772,0,0.9596228431116328,0
806.3056053718178,7,0.3347605888952675,233,2,29.54846367201708,0,0.9488354534400956,0
586.7156485348495,18,0.3127372818535416,152,5,4.736612583179688,0,0.8833810932851169,0
422.0273002597868,14,0.6171590692742985,647,4,1.596940527118466,0,0.8893357594543385,0
1474.7373935320384,11,0.4436317617642756,707,1,8.887259058971072,0,0.94124461753074,0
939.3064728416488,22,0.0676023637095841,724,3,13.763196943154496,0,0.8564003306210509,0
839.0854987983352,11,0.1684375936498559,161,3,7.092169990311945,0,0.4756311148612999,0
393.46437498788305,21,0.1774755910367258,623,0,6.604932262103852,0,0.7651628838515422,0
1408.496477547486,13,0.0363994348306277,983,2,14.144912824102247,0,0.9521564781261947,0
1154.8086466804723,18,0.3369439096978807,613,1,32.82764509658742,0,0.9145666482967028,0
1061.4720929642033,22,0.2268988693218144,117,2,39.42713478238985,0,0.6658367149597545,0
377.5907723074922,16,0.0418383913106846,677,1,0.1381960735374807,0,0.715966913540479,0
1568.253616598667,7,0.1353341205293878,895,2,17.82903443345053,0,0.8466924671971501,0
1392.3512594960764,22,0.1033810819373721,820,2,2.17461608517272,0,0.8816854803233567,0
569.0990464260647,7,0.03820458166173,490,2,9.966552211004508,0,0.6588019525631174,0
601.7400707477285,19,0.0791291505715814,136,2,29.399272262085976,0,0.6589026842001783,0
698.5514871621239,13,0.0851887432128503,564,0,7.243470282755369,0,0.8475549951918765,0
1586.1395628123205,15,0.2133871751429268,555,5,8.373946295754694,0,0.937550456577042,0
972.7514317328142,11,0.2742185468602273,261,2,13.600801978121057,0,0.8565460776591035,0
351.8256832159223,13,0.3877792558199879,621,4,1.206365693900156,0,0.9131832163394968,0
1033.0440920363685,15,0.2200022057723272,287,1,15.882632490017327,0,0.6820537130353808,0
499.7639347753003,13,0.1810665492542687,307,2,14.136119718550775,0,0.9076132941188018,0
3134.8649588762037,8,0.2926245096483386,702,1,7.419209077774672,0,0.8036981739468392,0
712.3392863895019,10,0.4341240832898271,167,4,10.81053067178633,0,0.7976995031967078,0
400.0484397312315,18,0.2587414080479883,426,3,4.726922142938296,0,0.805316522362318,0
2285.478430383711,21,0.3425861866414846,676,1,10.64567794519273,0,0.9575850138898232,0
317.7889853380128,8,0.1027680982462912,168,0,18.562591577626048,0,0.9242464545414426,0
906.981512918568,8,0.3577834987606427,210,0,14.352007135733883,0,0.8995798456583429,0
525.4216324546331,21,0.0453755847904959,746,1,7.58605633072675,0,0.7012216867997539,0
2617.9310281559056,19,0.4052657096064117,554,0,4.680810029568294,0,0.7309122326775365,0
1665.892585717666,14,0.1667065975152716,128,2,17.6126853266337,0,0.8453530461727016,0
2204.3564137840517,17,0.3744179214573401,298,2,16.61871047727181,0,0.8172213450269121,0
2208.093928008919,10,0.1303755902758344,899,3,26.660560868385428,0,0.7022026255722513,0
608.378782015446,8,0.0482048012812726,582,0,43.62131115635254,0,0.5817796263930297,0
1966.2861848992532,11,0.3290571703281,598,1,4.927310830436409,0,0.8926476448857592,0
1045.6304666327742,14,0.083054745252238,639,2,35.31106639419307,0,0.8757359490060521,0
678.5301652050244,17,0.3554829513415196,474,2,4.052601486139531,0,0.9728284683190944,0
700.4476847129476,13,0.226219497786528,173,0,22.680320669846136,0,0.6065758202024374,0
821.655583069958,13,0.0336039959008623,883,3,26.7801936707568,0,0.6605939524022659,0
1814.7012114230035,20,0.1489569229429126,345,7,6.999499606827618,0,0.7203090243367913,0
732.3018566927661,16,0.3378442033240944,722,3,0.5008841647879577,0,0.858838171883627,0
622.0957478303505,4,0.6127939260907309,163,11,58.58580808176028,1,0.0399111522743538,1
1013.6833553445854,18,0.2490262548171721,761,3,7.30061256378682,0,0.8507901073271145,0
865.8290817713552,9,0.3536651609182836,705,3,27.252745988201045,0,0.6368446121691657,0
463.6973994392558,22,0.1753016529094592,732,3,31.868557799843355,0,0.8765905063681676,0
1009.6303220404288,19,0.5372513785000893,967,2,3.8241839474419272,0,0.9004319845114747,0
641.4728411863508,12,0.3256824588162763,339,1,3.686886032329834,1,0.8098532439300156,0
518.3202878059245,17,0.0742106448707675,306,1,0.9107725994834448,0,0.8086821844943723,0
897.3210684967788,11,0.3094788920576882,823,3,0.0029891930754951,0,0.6614513993453645,0
497.2244349438298,8,0.539833103032115,451,3,10.932263118605617,0,0.9027673445764388,0
712.5297706420363,14,0.1628270585049841,114,3,0.6385992112821028,0,0.8645469812631228,0
750.2362384548934,16,0.3454928515054776,401,0,5.230724513905203,0,0.8704110698411984,0
688.6969018938198,9,0.4589093336035649,825,2,1.886967638841524,0,0.901649088292065,0
499.22722766682426,20,0.0533839743945932,491,2,1.2761597380678904,0,0.9500946897819637,0
930.4082920006952,15,0.1522877612126728,239,0,2.714219172071197,0,0.8048446506924615,0
2442.46966892768,8,0.2859511205243095,593,1,1.2004140718513243,0,0.7315007559972255,0
598.2479204296309,21,0.0944238053697762,472,5,1.7628186680294702,0,0.8976244398789008,0
1002.7109123979284,18,0.0911975068999692,564,3,17.511687829617454,0,0.6108572997319908,0
670.8049643759427,11,0.2286102419783812,280,3,2.7989051128865574,0,0.7870023839138744,0
435.1946781680888,16,0.2664456907287691,583,2,3.9267280949811294,0,0.8348570047964775,0
1155.484264336582,14,0.137892370823332,965,2,6.541787382534792,0,0.8380255481177998,0
1361.4722762406316,11,0.1900810631049409,51,2,5.635698377278747,0,0.9438086080753452,0
750.6910276428089,12,0.2161283210830152,861,5,9.070533670802048,0,0.8120703976056786,0
1064.4538993471756,21,0.1849076104740849,783,1,9.68062174817949,0,0.8374258548729655,0
1141.1480493151553,16,0.3080240130787446,595,2,32.24227870188174,0,0.7282294509289663,0
1313.0889740545183,16,0.2659775131925264,386,2,4.423606323571033,1,0.81687452987718,0
1033.782198382661,11,0.0344947375958226,258,3,49.82235135416172,0,0.8617876998440762,0
1353.2981296620053,15,0.2207273793726051,786,4,22.07282027543225,0,0.9121570900645404,0
935.862311316238,15,0.3140313536025589,720,1,14.60636221497074,0,0.8293590356935019,0
2983.2921447409262,12,0.1747614978672647,96,1,9.348538912241429,0,0.8629215977717583,0
918.761750402508,9,0.2387189840769485,351,1,7.520681592859023,0,0.7753877537680188,0
701.8939740420865,13,0.2201347452155661,380,1,7.466843545957216,1,0.9036618262351142,0
893.7225239636902,17,0.1914315510343485,515,0,0.1698291869476187,1,0.8303614007295043,0
831.4144468738274,15,0.095385534703851,740,2,15.884265973663702,0,0.7787935717523887,0
385.4544635669976,20,0.1426586254320194,86,3,0.0015960259247277,0,0.7641582357455807,0
784.9751926247128,22,0.2469800063140023,633,1,7.168698830890775,0,0.9614977085556882,0
588.0358386372793,18,0.0556172190738512,197,1,0.9503496557685274,0,0.768555344695462,0
544.6743891256153,11,0.0956256751663249,309,2,28.630766380385225,1,0.7514432620605151,0
1125.5239950342511,18,0.393338889842496,880,1,3.618354617998438,0,0.8990639353643077,0
512.4618246743469,10,0.3157652389939769,747,1,40.11529125066095,1,0.6384190942452522,0
791.3661994231813,20,0.1684685659255504,453,1,1.1970495592598067,0,0.8796691411453847,0
44.966380004927125,5,0.6562797792537929,182,8,96.53149734301756,1,0.2435314243862072,1
1026.849842397554,13,0.0256414545415731,51,2,3.9141082069947113,0,0.7150577437963005,0
1400.018788330333,12,0.1758310908116441,878,3,5.4749727331956635,0,0.8521948508239654,0
1076.4993250596674,7,0.2488891471308481,999,1,12.99935022523995,0,0.7651211312032649,0
1054.0712490412432,22,0.5166125116309085,851,5,18.804496494771044,1,0.7865767707018453,0
1161.9706320206408,12,0.1085606276666952,85,3,12.362587181948252,1,0.7580082625933363,0
2255.050292483857,11,0.1201143108888358,195,1,32.98127253252903,0,0.9044741107667648,0
732.018676317757,16,0.0838715657315701,897,1,14.476181950240102,0,0.6937047650734469,0
677.4937190377128,7,0.0778010524123647,873,1,3.660794542964851,0,0.880720573736433,0
1404.874050442962,14,0.0939220226817705,125,0,58.00862849076964,0,0.912388818319542,0
738.3708459127877,20,0.1275664222144981,372,0,5.070351509959768,0,0.9698125840602326,0
2190.7996359959025,22,0.2360493769957508,310,2,9.453760890927104,0,0.9322566583069666,0
1974.885921546609,9,0.2521264434876707,864,1,0.211721633328321,0,0.8124801098068366,0
563.6428694041315,17,0.1373351487749892,325,2,2.7266268414571315,0,0.7311005642033142,0
801.6850608602967,17,0.3113584275592841,200,1,11.55492398651542,0,0.6084447825317226,0
858.4450099284853,22,0.2374795557316297,835,2,1.0394676299948875,0,0.8209425743518866,0
1295.7020136807976,22,0.1716060193552706,780,1,2.6887038962502183,0,0.7030986878228289,0
952.5789128173786,18,0.2008867822982829,602,3,22.824195874160207,0,0.723440151796405,0
1311.8556310323208,13,0.3411294792709474,82,1,5.786085629218219,0,0.8656748878251543,0
717.9377742918036,10,0.1608985803430472,832,1,53.86093052653973,0,0.795717014950878,0
432.1176423822407,19,0.3103355514387115,685,1,13.089871187509068,0,0.9607507357799274,0
1040.2934427799255,16,0.0349092959371317,438,2,20.44574456492528,0,0.8238647285033643,0
1969.3232113836543,18,0.1515473769541374,853,2,33.28071321384154,1,0.8808017318643909,0
2777.2059512320475,17,0.0983511517400372,385,1,9.129383671349528,0,0.5961403327343754,0
1596.6188556047523,17,0.2293996140846583,245,2,8.166289834595561,0,0.9298509479303708,0
1652.53761268902,18,0.2051893322286443,896,3,2.608918936572022,0,0.9300226723796738,0
1196.1567436276184,17,0.1138864989387548,76,0,4.010509628536752,0,0.8495989139045697,0
1253.5119082232636,20,0.1905504620710105,169,6,21.04493628308436,0,0.7058201280558903,0
896.0608220426677,13,0.1260049345984901,175,1,10.029291152116956,0,0.9020068833163106,0
1148.5412620963646,21,0.2335637547883448,270,3,13.098186126805778,1,0.9034421842959676,0
1630.7671820713515,14,0.5504867396923483,908,3,5.179686140981483,0,0.8989661085524391,0
429.604568603435,7,0.0742139247557708,850,2,25.902822835990857,0,0.9565427948939644,0
2067.470920770701,21,0.1745973661938249,627,4,76.46986861585127,0,0.7255242513934913,0
922.25035615589,12,0.2133913387547991,888,1,40.822209883563296,0,0.9234643436706566,0
339.2735707441015,0,0.5249092979257,150,3,174.6508498753148,0,0.1369407704825726,1
1623.4751377904597,12,0.2695382150307888,931,5,12.301764413568726,0,0.9452233125654844,0
833.8059461019931,17,0.0811961110963711,244,2,37.100891423111065,1,0.6381627948296105,0
488.7291041319195,9,0.2129740472579505,148,3,9.449847396344946,0,0.4951647927383437,0
739.4607354853202,12,0.1268534163278747,915,1,36.65737681534794,0,0.6625810335477779,0
830.7059786923069,14,0.148530880651594,896,3,3.624485341907438,0,0.8634946238122281,0
1680.937280775875,9,0.2464272528722862,268,1,5.5676389779825515,0,0.8975045826762006,0
1307.0737281833456,13,0.4134236785398519,923,4,10.995693081239327,0,0.5360553805856939,0
1109.2833508573142,10,0.0084857030399338,38,1,6.708140736221954,1,0.7189857666087958,0
1000.4200274579144,19,0.0728382036863475,429,0,26.642405650324328,1,0.5045860190034643,0
615.0737300072249,12,0.1540913368595551,885,1,14.450591062578717,0,0.8870441589147253,0
585.3552423633064,22,0.1047488310962369,197,2,31.75960275504319,1,0.840587783873806,0
2985.868529367089,20,0.1217799925050773,148,2,22.9309258113294,0,0.7757244073649902,0
466.2925239528286,12,0.2775613394437954,572,1,6.5651894593672,0,0.6463156370350398,0
1108.2233506876214,8,0.2091932774605447,730,0,15.777109582748142,1,0.8663802296967147,0
671.8055024188036,7,0.1532153220647094,596,1,2.6704946301103223,0,0.7444141389669683,0
1483.6840279939795,21,0.1166030433628409,779,2,7.265654827888217,0,0.857141008276505,0
941.4811036486476,22,0.1422875204610804,41,2,9.59384285140949,0,0.8195310702695761,0
1580.5861335587276,20,0.6071326514575183,227,1,43.3120724433888,1,0.6917234361713827,0
4292.580992245884,17,0.150489526102097,470,5,19.079559837282705,0,0.7001304936371483,0
294.2598549136063,20,0.0474480250246868,635,6,4.0804908661702886,1,0.6715715109106251,0
1594.9526979202112,15,0.1634204867210568,435,2,26.557607325093592,0,0.7122210227456066,0
445.5816911877976,16,0.268332751820705,920,2,43.44829753275144,0,0.7787048299822471,0
1330.698774164622,21,0.1039347362620354,647,1,0.7350449123377403,0,0.8717339274644462,0
1531.8680193164214,21,0.1758096836919574,416,2,23.918121682113963,1,0.9233958601145594,0
990.0983643409968,21,0.2712256621859936,531,3,68.70316184914219,0,0.7920322034145553,0
1349.2476696952997,7,0.2385013812678315,278,0,10.10752733341594,0,0.9204020534254612,0
836.0584196390631,9,0.5580990280656891,472,3,4.080972269667552,0,0.385631159973096,0
672.2014781385939,7,0.3065670136007554,146,0,4.124263130734019,0,0.8559555988366487,0
649.5855367428844,14,0.1475635377097029,433,0,18.801003157497867,0,0.6203170376081487,0
1308.389953966539,11,0.2939876388728469,40,3,15.23913668169794,0,0.954654784106157,0
930.999188038988,17,0.2674163088604107,667,3,12.923363920804364,0,0.9416169470001522,0
1605.4416661465232,9,0.1587008027001608,39,2,19.066025566208747,0,0.7036661077686949,0
964.0551751079016,16,0.3967681007472483,576,2,1.7067111177297876,0,0.9440470920540328,0
857.19013338929,19,0.0479323542226178,677,2,22.584609576615943,0,0.8535465733625945,0
812.2698193930335,22,0.0935477298705678,328,1,30.702116120315463,0,0.9250416886518598,0
824.4429994417397,22,0.221467604909038,744,1,1.3217897962190992,0,0.8749767073735124,0
1045.0163371310125,20,0.2859931449623688,877,1,7.1745540713444536,0,0.8537984540054082,0
1111.98576501118,14,0.3019231428399643,482,3,17.978169152345874,0,0.7460575944993973,0
661.5777311931138,9,0.0683119095378883,413,3,12.817127538005233,0,0.6596113471636612,0
702.4259744730527,19,0.2258628219442967,136,2,7.001196775099342,0,0.9066811978822704,0
962.3636811058716,10,0.1797379450020897,196,3,8.029953805864121,0,0.9826337182786368,0
1873.3273199621383,18,0.0596290236414642,642,1,21.32447743160969,0,0.8775992629881344,0
2138.7728890092726,21,0.2217442383289595,965,3,5.951221784626429,0,0.6126510502562116,0
1845.6451310970544,8,0.1524711779278284,936,3,8.702773837750334,0,0.923780907817925,0
2643.3496199167,18,0.3452657538035942,341,1,5.928733064231372,0,0.656435533990327,0
1198.7798885430652,21,0.1378296589043185,745,3,5.085689677752503,1,0.6054216346117499,0
1402.754692107586,10,0.2252872186935828,676,3,0.1686411970752093,0,0.9042515710759984,0
1061.6394231622153,16,0.2716315777171777,40,6,12.702374474505888,0,0.5611403025826858,0
1089.3321755619313,14,0.1403332226436727,869,2,12.708292306088172,1,0.8881365764104834,0
1776.4742203685098,16,0.268923286173412,219,2,58.91798265120178,0,0.9474991135253944,0
768.4732613031986,8,0.4303752921472046,642,0,8.172221167840723,0,0.9109277156203268,0
1438.1786154932963,10,0.1658577844679503,301,4,21.967685095755943,0,0.9208121486490796,0
1437.1227356712136,22,0.162737519773866,921,1,24.89392021266096,0,0.9612291913405208,0
1420.5151635935526,14,0.1918055172970386,359,2,2.3869514929776705,0,0.7283764556163721,0
1016.627669089738,9,0.1008958475136365,217,0,4.756085771779561,0,0.6088766530372824,0
1939.0814105020504,20,0.2554806016582023,173,0,28.96265614508159,0,0.8902987240879675,0
1691.9184354924182,7,0.1411199142362361,253,2,6.512430051339774,0,0.281366507984721,0
561.799458010052,11,0.0592963036911504,445,2,20.608107220089575,0,0.656297619053977,0
667.6996595641028,22,0.2443982648425632,335,5,21.248586068495783,0,0.6413487325579812,0
968.396281141704,15,0.1560484415554396,421,3,0.2775255837056888,0,0.8224994548871646,0
271.569216004531,3,0.4201704042582858,37,10,156.55355173824398,1,0.0971298469202522,1
1878.7177727418327,17,0.2052821366903048,67,3,0.257725035472105,0,0.6258515107066601,0
1761.2197026190736,12,0.1958583639536281,571,0,5.13148973353082,0,0.8330198586355919,0
758.5772918258492,10,0.164266179739882,155,1,2.6373082597408084,0,0.869481465643599,0
996.5587690200522,20,0.1804319885772737,604,1,10.494329089786609,0,0.8140047237016763,0
992.5627343953688,10,0.0617254745104122,992,1,43.000967290392566,0,0.8572011709563884,0
1137.12099471898,14,0.2193738889326892,931,3,2.97474976971985,0,0.8604947103566504,0
1618.5422133803715,8,0.2849227305364168,565,3,13.86786408749214,0,0.8426459310054667,0
515.1507096364143,15,0.1107324005801438,282,2,3.6738465859643497,0,0.9942729403907384,0
1350.0050105306436,21,0.149512291279606,489,0,23.773948287524693,0,0.7916181633958882,0
264.211209916627,21,0.1053100920782228,514,3,9.781381242200617,0,0.8686413662031018,0
679.6454887541115,19,0.0158885963505445,785,2,4.00711748369812,0,0.9242584400054604,0
3041.2187083456124,14,0.1618402338795183,965,3,26.56702245552975,0,0.901630638899516,0
482.7427422909626,22,0.0222615647392322,40,4,32.783299839961934,0,0.9173692413468176,0
860.9380665151942,21,0.3266435790615594,905,2,5.507983410657489,1,0.9374669634202314,0
693.1737091964951,22,0.4301536983595178,367,4,29.35534104620874,0,0.9291180806104266,0
956.4010021960424,7,0.1781953401985905,943,2,0.1897608474613341,1,0.615960480935098,0
1779.6340323440425,9,0.1405463234267463,80,2,6.181544674232175,0,0.6832159559652972,0
1777.9148730100546,7,0.0302715667640118,612,1,5.110187920169495,0,0.8020527443780904,0
985.0521918772138,22,0.2007546617189771,264,2,3.614233364991886,0,0.8907861254893,0
1639.3584088348462,17,0.144157746575322,702,2,4.615814389158474,1,0.9180933633350388,0
1461.2559570559854,14,0.2256992419804632,239,1,29.227051452849448,0,0.6401244515126657,0
1636.2901307987952,17,0.0771690388874395,138,2,10.329609556493422,0,0.8716806090365996,0
2525.248951564436,14,0.042456386829945,589,2,45.92684639223661,1,0.8061895977303655,0
523.6767115763017,10,0.0794189607612338,609,1,16.077936301591237,0,0.8668440904834163,0
1253.50200542144,8,0.1840899304847691,222,1,14.245747053889747,0,0.8868668612015417,0
491.1861626811795,11,0.1331014274480942,580,1,0.7795151262095531,1,0.7633882351389192,0
814.8551623360028,16,0.0218269022034527,245,1,0.3978489176212154,0,0.8691326484033343,0
1157.466566896862,8,0.3091398356009714,746,0,2.703270611677164,0,0.976705208660845,0
445.94908727964736,13,0.0922776600022768,842,2,2.627784475650157,0,0.8853986279537331,0
588.4315308770216,11,0.1013862980820208,368,1,33.93686850491799,0,0.9549391703110324,0
566.0222184366613,9,0.2050160923059763,591,3,5.628862986234232,0,0.8130088440146035,0
455.9484029474429,17,0.5909918268445414,245,3,13.06261035768104,0,0.704760810761088,0
545.2641452304962,18,0.0413822607089482,55,0,32.47327286459353,0,0.7274394821183964,0
1067.875807274104,9,0.0986381730153889,972,0,33.83982550051699,0,0.6491562833091187,0
906.8866421467926,17,0.139158751103787,392,2,11.537367570309229,0,0.9093821757347016,0
810.9208207461215,16,0.399845733977809,845,5,40.177531050521694,0,0.9544967272439944,0
988.6988317473692,15,0.1596700648794458,643,3,2.351810312044691,0,0.8240117766179672,0
2136.1618547779094,9,0.3617136819753911,236,1,0.8637782426055961,0,0.9055372087075044,0
1241.7945055267087,10,0.169609803284822,79,2,1.2136423972616248,0,0.909865088654517,0
1610.2486951215217,13,0.110897199340797,904,4,9.342877338319834,0,0.6168127869348912,0
1242.2298284517774,21,0.1549812216127162,738,1,9.598726845305244,1,0.9516479783737446,0
1107.1683578234004,8,0.0628071991397496,120,2,11.79541995700403,0,0.9307096730218872,0
541.8124796158935,9,0.3635633525877658,219,2,2.0266295371872385,0,0.822775218453442,0
845.29455295146,15,0.4811846264693779,671,2,3.575165755464253,0,0.9507678888530608,0
1850.8470286773768,9,0.3945002260609465,506,2,9.178486788188328,1,0.7878736492161873,0
596.2446469065106,9,0.4420951177319451,675,5,1.4755340299279247,0,0.6712258872633456,0
896.9218142923295,15,0.0894942918255198,940,0,18.474249730414495,0,0.7616755819847161,0
1444.6066819119744,21,0.0869456276604784,990,3,20.14035006261234,0,0.8439028713223246,0
581.7315689027535,8,0.1121894093479137,252,1,21.121521555948004,0,0.9351428428427676,0
517.0987242762334,17,0.1058625394339194,866,5,29.237136864673612,1,0.7723379213344126,0
1708.8652775097853,16,0.0550984421451745,254,3,5.751195318742215,0,0.9350568162266364,0
1717.1382243490857,20,0.2245452390016865,114,4,5.060618362308458,0,0.6888129174249361,0
823.120933103452,9,0.0743572721376495,586,3,36.1767666635056,0,0.8980395732059315,0
1000.3284669803164,22,0.2169877542931203,946,1,31.776484202100924,0,0.5874254408205908,0
1448.163639420953,8,0.216698651412151,906,3,27.44087332106449,0,0.9635856695826762,0
767.1256961661871,8,0.2861946339601121,140,1,22.897433361743392,0,0.8661477194653507,0
533.2566399727652,13,0.1594032439665971,793,3,1.4200254477321468,0,0.8774548493234571,0
286.5605991866998,7,0.048133219557606,646,0,6.6443984688254245,0,0.62926304625728,0
1699.9239114992845,18,0.1467787476460434,203,1,4.054055912091355,0,0.8381911728179289,0
801.076998671696,15,0.3128855819131675,76,2,0.2657544529769865,0,0.8779536771416898,0
834.263018893498,12,0.4223871072413393,327,3,22.23209611049789,0,0.5751537151304507,0
1113.4485077899178,10,0.1088261671223611,368,4,50.71653742249247,0,0.8410400676145149,0
487.530498272269,9,0.0337935677294067,306,0,73.73181108593408,0,0.8269717091959873,0
808.0738780944171,16,0.3941385163743205,372,1,16.499068298727863,0,0.9567967172419268,0
193.9050507106271,2,0.4431252559735695,37,11,95.76746498107228,1,0.143168404782707,1
187.77272230815785,0,0.3185211873697562,43,12,326.0505827577251,0,0.0598966583769746,1
614.843629283874,10,0.2213366718357562,978,2,0.5167085926591285,0,0.8269068995860025,0
1876.506198317184,13,0.0836868918427875,652,3,24.384963139682256,1,0.9794117453536776,0
646.5262187252478,14,0.0893629535463832,53,3,1.064504833568641,0,0.8486237847750042,0
2106.949404617493,19,0.5407482771506649,449,0,14.574535647297624,0,0.827776971648896,0
872.518157273693,20,0.0562327664411651,983,3,43.04961535287768,0,0.9388858258253844,0
355.25464425784173,21,0.1830487494383569,758,1,7.049664838746997,0,0.670784528014589,0
1683.3719320317357,17,0.0476309140686669,657,0,9.15125606760427,0,0.7332828992579032,0
1121.9102904199865,14,0.0899171922829607,531,2,34.610830738866916,0,0.774439450858338,0
1712.9994428168595,21,0.2407144637701657,925,6,10.817420823203346,0,0.9136130672141328,0
1240.4592196391268,20,0.2907675530521328,50,3,24.148814039674313,0,0.7332368261943532,0
1340.3907223974388,19,0.0342836052369772,103,0,0.4031045387595009,0,0.9090775372102196,0
1275.2102443523863,18,0.2434536106705052,147,3,6.334926394546069,0,0.8713845336109636,0
1018.1647018624628,7,0.209739460636514,82,2,2.0092402255880564,0,0.9855293507469784,0
628.3994318380338,19,0.114828836844197,805,1,4.317987648675516,1,0.6212840802503479,0
2281.3307751916755,17,0.1395497858667748,187,2,23.026591720453663,0,0.8027187358826161,0
690.8613087113638,7,0.1972053111759585,555,5,45.156943905621034,0,0.734546870882329,0
746.9297834220073,19,0.0771315855632493,172,1,36.67873070235955,1,0.9328240557735068,0
720.5108193180308,16,0.0513775804680822,809,0,5.852687396102559,0,0.939172939005796,0
466.6810757922928,22,0.3951182927857286,752,2,7.242686038997786,0,0.9029216531379184,0
351.9165790985784,20,0.2008306838038105,915,2,8.161854201685733,1,0.9088904919263638,0
934.8061818084764,20,0.1085119712436185,754,0,9.010365436768126,0,0.4922265508315392,0
887.6855287653933,7,0.1301034955471394,758,0,5.859316781664117,0,0.9551555995204228,0
217.60478971892547,1,0.8716306193274774,165,13,56.06899056983492,0,0.3308245991703236,1
827.0276027012907,12,0.1693035419000399,598,3,8.519206519411693,0,0.883361059441979,0
1180.5844654479451,21,0.3539680347273441,198,0,9.461433905206505,0,0.731848343095548,0
320.35937120193586,22,0.0961275325615614,823,0,0.2802573261402385,0,0.8655907094771252,0
884.2217208515727,22,0.0708571186898743,468,2,4.415502952673958,0,0.8709421892490277,0
1091.4166010889048,11,0.0465275479778586,111,3,14.086178241336045,0,0.7504384595909891,0
1073.1491457601844,7,0.1082790571208712,43,1,25.27361644636038,0,0.9457460190184438,0
1340.4754600313415,17,0.0434433313318207,724,0,9.305046795315734,0,0.8660864552154189,0
935.7882380466932,11,0.264682235408024,867,3,9.76237270994942,0,0.8765027554659086,0
490.19408218740085,21,0.1042891343327455,124,4,5.524724980593122,0,0.7902686302702983,0
956.4422874496498,11,0.1717180107257368,586,2,29.443604775053316,0,0.9493312541965884,0
1027.892506523278,19,0.0764501016029532,89,2,69.15067340586876,0,0.8719478045817562,0
962.8149680761112,10,0.2336845294660397,932,1,20.12441919835832,0,0.9143407960678712,0
592.6951585236076,14,0.0928181679936394,474,3,6.140820281336292,0,0.7378002065234669,0
808.3130719701223,22,0.2410372359521015,369,5,0.7609318319911439,0,0.844805328898245,0
975.7540044071688,14,0.0849125189686218,543,3,20.82729845952403,0,0.8192571375840464,0
1480.6750856614988,15,0.118972493239954,166,4,10.215222709133744,1,0.7816970642233207,0
904.9446754380411,21,0.0629658018015777,401,3,1.907105682529369,0,0.9209547258514348,0
979.0047618841818,19,0.1681506623649645,64,0,0.7030217024242077,1,0.6641514073307951,0
545.4205718914318,17,0.5441720837561828,775,4,9.4006046237972,1,0.5801225430206826,0
782.3998290712901,11,0.2601765381218391,817,1,21.163090731072632,1,0.5006724257416548,0
1345.8292051199817,9,0.1412726935146311,280,5,11.7175429692513,0,0.975097113221341,0
918.4686405358632,13,0.0987699730609871,674,3,6.016522058216699,0,0.78650711157692,0
1741.0305548864812,19,0.2172226896151566,665,2,2.315116148886491,0,0.7424765332478775,0
816.46776413202,21,0.2200787018156482,268,1,9.74926343941719,0,0.8117524259747047,0
951.7200976286556,10,0.2909708520617289,875,0,9.535459049083162,1,0.7463637079446551,0
658.0682994845126,15,0.2534759251763124,373,1,1.64419288860064,0,0.8608153993960572,0
349.3955844051004,17,0.1329238966535619,540,3,16.139251252167707,0,0.8355176365132186,0
1664.4614168494138,9,0.3774741607717656,655,3,19.17969468440969,0,0.7329085975639211,0
853.7476491344665,7,0.2320941444529021,828,1,5.498070549828307,0,0.7650129620850268,0
1197.5997978232006,11,0.2442895733325903,295,2,4.092738179647199,0,0.7745308923242552,0
557.5875498843924,20,0.0884095959572734,110,3,14.090106485136694,0,0.5932311938270861,0
1248.0017645552844,19,0.2574667007146546,168,1,26.472377876703824,0,0.8308528346983748,0
1346.2875565576269,20,0.0682253980318425,285,1,16.183610443503117,0,0.9269530881177056,0
736.6016888122383,13,0.3967606080767481,487,3,39.23826697189439,0,0.9112177754812943,0
388.5421730529013,22,0.1452429303157765,459,2,14.807785326799715,0,0.8068408949114413,0
153.32951292515872,22,0.9423066301685312,62,8,276.67478206958515,0,0.7486141353043044,1
557.9062311535938,21,0.232423726765677,683,4,5.276291856155026,1,0.9595879562468188,0
457.73669934144294,13,0.0599272679616792,673,0,38.427344956843406,0,0.5009224026967335,0
977.905386793913,10,0.1066010908242004,910,1,2.08936576614693,0,0.8357500255734431,0
2205.0070890819848,18,0.0805540105057989,550,5,3.976651108439463,0,0.992110854256394,0
379.8842441728155,9,0.0916167146448809,861,2,0.8399328272185473,0,0.6017237741295703,0
1697.651741223212,21,0.2396592651912449,215,1,70.66421151502675,0,0.8924377224185804,0
668.066141260534,12,0.1377829393701973,707,2,14.306550115527262,0,0.8345704747760092,0
1807.671703426588,18,0.0204448371021455,434,2,23.49178592204748,0,0.9258659098338256,0
1128.3235300950994,19,0.1620729535381187,832,3,15.262641196843012,0,0.9889127989364216,0
1150.5949009878163,11,0.2545476359903609,475,2,1.8562131323984672,0,0.8050497920436461,0
956.3452444697868,19,0.156395970436066,871,0,21.950090473689137,0,0.6835103661057892,0
1407.662433651259,22,0.1735120601196584,696,3,1.9191469751413592,0,0.9236028086950034,0
774.9865162122279,20,0.1332568373004539,79,3,12.66327663284092,1,0.9694499265984158,0
2893.8492687406488,15,0.2170183959397869,180,4,0.4176427861318196,1,0.8136625792319042,0
846.0718612876457,21,0.1487471551728535,336,1,39.58955098539879,0,0.5614207338327286,0
1079.3711842874795,8,0.110071975289993,748,0,10.30339337179593,0,0.6637605589335802,0
1506.096584811924,20,0.1583667138494916,915,0,8.979498141604783,0,0.7018376571546534,0
130.59307077906047,3,0.6217081956006534,84,3,41.87225458490012,1,0.2884953252624768,1
934.3372627370214,13,0.0965099800240659,432,1,0.3544604409157968,0,0.8500315426471153,0
1095.2480085727273,19,0.1204994938292317,579,2,0.2034727647132254,0,0.7400732577994569,0
647.2913558825735,15,0.1738392555488451,638,2,40.834304207523274,0,0.9924055140182562,0
131.70448961285464,0,0.6983344801474511,168,8,33.33894288717772,0,0.3496033336160801,1
651.7218743658203,19,0.3981745912596421,773,2,15.661998790625937,0,0.7253056193568189,0
1656.6537657203296,20,0.1613613793377096,860,3,64.56968022687528,0,0.7447240501696407,0
1733.3321107581528,14,0.403864005312311,834,7,17.072945190287825,0,0.6066036179686545,0
1137.5912789746667,10,0.3646754216652828,313,3,9.215424452826191,0,0.705808278348518,0
488.3135329882486,9,0.2173695454555224,364,1,0.9356995916421575,1,0.8504424300192225,0
798.2333169081363,21,0.1306202957638334,767,1,43.44040590785408,0,0.9796640163977812,0
1024.4275835704027,11,0.1373748368263444,47,1,19.19420347221543,1,0.9157759793930568,0
1044.501603814096,8,0.2709013129844654,547,1,1.9833899000273163,0,0.8645195757135635,0
762.318834668147,20,0.0730346005183899,37,1,16.930323851949897,0,0.8608328099733098,0
863.2984264679358,11,0.0764557793190808,681,1,2.226778876733499,0,0.7535118874684184,0
510.76739955999994,14,0.1721142546535734,247,3,7.589936595397255,0,0.8618718943998952,0
1288.4598554983386,13,0.2641931472940584,792,3,0.73668427725759,1,0.7867746974766427,0
710.2082384919933,13,0.045182221140702,837,3,16.16303505126832,0,0.673077299966863,0
1391.7015631653676,11,0.3393471030242382,698,2,40.01776175384485,0,0.7783614557559542,0
361.067097295629,10,0.1941773592863022,430,4,45.61161533582141,0,0.9054414564541432,0
1323.550965092433,16,0.3487810938594752,300,2,1.0858775200810828,0,0.5901186170523112,0
656.4257727777426,22,0.0876025694074194,237,1,27.659953072943235,0,0.7498193393978849,0
1767.7728373327125,15,0.197121706964795,775,1,6.565946422312843,0,0.8752282724481347,0
1406.3448154435816,12,0.3183941195099263,769,4,9.57000691671145,0,0.7786711961193897,0
926.3469889706148,19,0.1348419917624548,285,2,17.81931741853431,0,0.685392043042934,0
1143.6317324539125,18,0.0955408903723763,372,2,8.465035494252968,0,0.7616087449621359,0
1462.867796569355,22,0.2107499344972265,549,0,8.5801652538153,0,0.7165321328363156,0
402.62523451855054,12,0.4135052475187456,432,2,25.42233455394139,0,0.7652057026301938,0
1327.4171700986883,14,0.0955345021846146,852,3,21.244654959023286,0,0.9837295848182092,0
500.22860294985384,7,0.243676181907689,715,5,7.941553041417515,0,0.7755923824296658,0
1035.8964401407732,21,0.2625362432967413,336,1,38.777309112124215,0,0.8473977492308963,0
602.6693086678783,15,0.5566698165362051,560,2,5.870396628165337,0,0.9034146488250988,0
2613.9938663972953,22,0.1912276484608452,801,1,13.401893222280172,0,0.7940418295464127,0
565.403109716735,13,0.1193346252308924,151,0,6.247164840289905,1,0.7985135879297847,0
1183.5551358078244,21,0.2161617471601199,711,1,3.6904340057460994,0,0.7238689035694944,0
2379.5207426705947,15,0.1839943175399937,770,1,6.61957222993727,0,0.8764712493090951,0
305.26353998353056,22,0.3012377490734934,39,1,14.929245357124184,0,0.7242704316251386,0
782.9672903277268,9,0.0790688860495573,756,2,30.78631233575322,0,0.7980458104411688,0
1678.018652720945,16,0.0865932322253328,860,2,11.08268314189226,0,0.7059703407206839,0
490.8463697322027,21,0.198575055337851,121,3,3.2066064321313332,0,0.9416644979451652,0
839.0687853253398,16,0.16341289679024,435,0,30.36449748593494,0,0.8337541249645617,0
1439.9965712711328,14,0.3484410554096542,342,3,22.900849979708624,0,0.911582175112325,0
698.8146758500551,10,0.391442916511191,848,3,9.1289463824285,0,0.7548169010514107,0
804.6234685510497,13,0.2074346146471326,434,2,20.03929541421869,0,0.8087963109659088,0
564.128326583762,18,0.2699564396227474,811,3,8.085038966106257,0,0.755735229484113,0
1221.2579161619271,9,0.2542855397837854,53,2,3.19843881825245,0,0.8828357899760166,0
1981.818593347388,17,0.2875714327899422,194,3,36.63529674421209,0,0.5750781181466903,0
1422.4672285053337,14,0.1092249205618797,343,1,1.6877517930353476,0,0.5246579251678405,0
1381.8994987756282,13,0.278078611002081,354,0,5.702157091199586,0,0.9106461736828938,0
1710.1751210406942,13,0.1835518555772271,394,2,11.684552714744058,0,0.9085136603038289,0
1272.8214234920538,8,0.0567820457758269,525,2,44.63660156273557,0,0.847116229384628,0
1908.3112828906023,10,0.3072746604290168,936,4,4.053982174682036,0,0.7922835268719033,0
826.2245775940775,22,0.2751761754351538,740,3,20.880051062778826,0,0.5829403868535393,0
968.14406803608,14,0.4145946196490718,396,1,9.479897053287628,0,0.8999089693114561,0
757.8561190627679,20,0.0553251728705588,325,2,8.532928909760283,1,0.8671495227684843,0
1294.8840090885826,11,0.1531443650463392,166,1,3.724215952207067,0,0.7453901032316621,0
871.1565373653518,21,0.115534309841524,162,3,6.081353392072144,0,0.7481846303099631,0
828.4083686077992,22,0.0487520851641766,977,5,4.567340228951578,0,0.7889382299897796,0
2269.8736580668215,9,0.4709974473616768,79,2,1.9260557643899492,0,0.703487389758844,0
862.5849346943206,12,0.0910799953811333,839,4,1.7253504067014995,0,0.8612380796719621,0
2293.618100184907,7,0.2663201895297407,190,0,17.79141849188234,0,0.564368235590501,0
1375.569605585834,19,0.2491347366839007,670,2,29.430529253581184,0,0.5117843565689018,0
966.228761106166,7,0.1018452940332654,923,3,9.507314907648071,0,0.5724018408625849,0
398.6857331713371,12,0.1269394895263709,280,4,7.229792088579432,0,0.7714752645641939,0
1882.4383153071556,9,0.1296007162844078,877,3,11.397657933757188,1,0.9554416489328148,0
721.0110813085153,13,0.2260649966667084,124,3,2.401494130875269,0,0.7714603601964769,0
1193.8243310374016,11,0.2273087212199523,382,1,1.963244312816828,0,0.798769653796299,0
66.5734402741261,23,0.6172407229718024,10,6,116.28821313567376,0,0.1222431625455189,1
176.99110479528687,8,0.1163534768243967,546,4,14.793449905964373,1,0.8038552386726289,0
600.5446731654141,20,0.3079089316286344,185,0,0.4684589729553223,0,0.9074567247186924,0
534.635514851542,9,0.3379902024189642,898,4,12.35188192801439,0,0.7240819543517721,0
828.5463875022529,12,0.3730886788222446,673,5,1.558055609144945,0,0.6027009794779431,0
933.9755448120056,10,0.1191881177784072,568,1,9.259550371748013,0,0.6922507507252061,0
633.3951027341247,13,0.4379722680956996,283,5,38.317836000097365,0,0.6907869051845553,0
2144.2469759734545,10,0.4171504782032512,548,3,7.400030870279784,0,0.7196266142513301,0
829.575797988831,8,0.089646688547511,112,5,3.136148129671043,1,0.6676689376064222,0
984.5457494578048,15,0.1368511119379917,216,3,1.294638127338319,0,0.7918761978724179,0
862.9236409435429,10,0.1141342515504582,394,1,1.0497357617748746,0,0.8376264582414864,0
328.76315503454,22,0.7776664497877483,12,7,26.252528033476064,1,0.3026940823387556,1
829.0155353709101,11,0.0603569031929765,332,2,22.7516959898332,1,0.9596368550965044,0
1335.0850031744226,10,0.1290360925739243,183,3,2.069958604589611,0,0.924396296217998,0
1773.5522098444767,7,0.3047076482776953,529,4,30.709694831600704,0,0.8848310771955237,0
1377.3266108873445,11,0.500557213839616,934,4,15.289256474332548,0,0.3251151358177901,0
915.874232274872,22,0.0794985895463854,994,2,5.2220177988463234,0,0.9142431853659048,0
1048.8044609541212,2,0.6539927141644027,127,8,84.65565254505788,1,0.1631548567150619,1
805.9159693621599,20,0.2200470273144984,305,2,1.148801340909037,0,0.6460458199049921,0
866.8837259710916,18,0.1892069083011312,909,2,11.17417460447858,0,0.5608526493178015,0
404.22267694970446,7,0.1003167997868978,294,2,6.145719598481765,0,0.8592532234897111,0
2812.4987835780603,9,0.4768761535303938,700,8,0.4389092232210353,0,0.7636884038133195,0
946.0705553489272,19,0.2479394016301724,866,2,24.92226901490461,0,0.8813548610143705,0
1637.762158772781,20,0.1330725630876038,717,1,3.8649220548186873,0,0.929607594459285,0
924.1565619212544,15,0.5358995324542065,74,2,6.975755038876664,0,0.6730018063221961,0
1135.9767760879265,19,0.1802737866054724,967,2,10.70616784749472,0,0.9496031321740734,0
4111.295974728689,14,0.1219838950430194,911,1,16.684203434907026,0,0.7895040554048067,0
829.1080703771263,10,0.3100074018514456,126,4,19.825202270946107,0,0.8382972625328194,0
782.6448446361092,20,0.3138914956115302,304,2,14.41544687742231,0,0.789385490392722,0
636.4695472610787,9,0.176201124912834,360,1,4.722668316747849,0,0.8700917912198132,0
1822.7416799618677,21,0.1384371800360148,738,3,1.712971242388363,0,0.8774045827096635,0
1014.9239148290123,10,0.14871312603049,431,0,23.87960208196801,0,0.8182650476110993,0
473.17226835356735,12,0.1006840105960402,817,1,37.30961626598081,0,0.8186208130988784,0
823.1994575683699,10,0.1107748738182104,966,2,14.69089803011039,0,0.7810095382009727,0
1198.6273333945385,19,0.1795717981374572,483,2,15.99852213865264,0,0.8986330208478985,0
846.7005676969732,7,0.1332490804402819,946,3,10.506662936438904,0,0.8896393171893869,0
1246.2673828194145,13,0.4180371224312432,108,1,5.287303712637821,0,0.9076126475328898,0
926.445144363488,19,0.1414057638510341,224,4,42.686249877613,0,0.9876624379002124,0
1226.8827308352693,22,0.2573623426031679,401,1,48.05621637066571,0,0.980212061187004,0
958.4750429946176,21,0.2516682930472039,237,3,11.3155189414533,0,0.7293274660000072,0
1572.4263651638346,18,0.201621073055513,960,2,0.9711874728183028,0,0.8921033927249324,0
3572.9063421370556,10,0.0460196845101597,942,0,5.101076387274268,1,0.7438383328238951,0
557.8999217538089,22,0.0762612563271322,148,3,29.169547918467828,1,0.6886021904699723,0
1533.7479614488163,16,0.0390660012490304,594,2,16.971686965255888,0,0.7004539143148139,0
1833.1202116317083,11,0.0393621092560968,935,0,0.3718060525313242,0,0.8530329982980297,0
727.3815238122004,10,0.2757190987782633,450,1,46.3711305730618,0,0.6333904332197553,0
710.0300735177647,20,0.1654791347417293,490,2,28.46647687366856,0,0.8983047510769696,0
601.2280530216343,12,0.1422070969836535,310,1,13.986414704977934,1,0.7285528244139233,0
673.0771832415556,11,0.0325313545602763,648,0,11.00829889091475,0,0.749850564625428,0
1451.8578016939712,7,0.4604038481684661,730,1,3.938962673753356,0,0.900846749174422,0
475.8191393774355,2,0.5336900540287552,19,5,117.33639556626544,0,0.6304863858667509,1
826.6973030066512,16,0.0750026552749748,350,5,7.824870492000473,0,0.871247595652475,0
501.41922706908554,17,0.1696022310628457,830,0,22.162182504565425,0,0.8158336143761353,0
196.81042629885215,2,0.4857300600237058,100,11,48.75187090292053,1,0.386136738879,1
1150.8697878777582,9,0.2131291416995846,152,1,3.7654889821220214,0,0.7278268730148858,0
810.2581747960812,12,0.151464413002265,910,1,12.55092174153,0,0.8284805254767224,0
796.3217873055996,20,0.3638722651123452,617,1,59.254840773571864,0,0.7637561815867988,0
541.8248805597987,23,0.5418108779159042,62,10,463.36945986599727,0,0.3594308023724458,1
636.330481933355,19,0.3008600457070676,127,1,13.61137157571387,0,0.99302788759612,0
663.5001907676364,22,0.2399452933814919,273,1,25.549636166392464,0,0.8033439651526528,0
1607.239241693672,10,0.0252507607732125,430,1,1.0658121813105357,0,0.7932276585371685,0
1107.943695236592,14,0.3987879635334067,156,3,0.2253317550227923,0,0.765178904905385,0
749.1680211154963,11,0.2639694697705549,597,4,6.410692388045287,0,0.7796261736859762,0
1087.0753026865534,12,0.2002135467600544,232,2,0.8883727929945427,0,0.5131889561027859,0
994.9558562945804,9,0.2870770544487204,114,2,12.391457584594065,0,0.811568033582185,0
503.81949184910906,19,0.1823663692563146,616,2,4.5994452982969065,0,0.7273860944062821,0
890.3816249146884,1,0.5305583927862609,194,6,171.0129375696882,1,0.2061454850043154,1
1238.7798433784264,19,0.007223239140994,96,1,1.619281592106132,0,0.9261066947472504,0
1212.9067093961028,18,0.1645472911438867,753,2,1.2226858905033902,0,0.9404324130790644,0
1117.7102702378534,13,0.1513875385243372,860,2,14.903683391555592,1,0.985130868582288,0
1063.2415063912729,18,0.0392949414917409,581,1,10.880867243298072,0,0.8069265525755213,0
1456.07061598242,16,0.1620705116482177,906,2,1.269661643180254,0,0.5558302847318064,0
1036.214945058214,7,0.199283492403351,469,1,37.0141290154874,0,0.8553774175856788,0
546.7591824384251,7,0.2855511578848378,775,0,14.543832872984757,0,0.910451220070854,0
1702.2546661316987,12,0.1448554217244501,307,3,14.94285983774167,0,0.8583392030408903,0
447.2119092618647,22,0.1185287529128857,359,1,28.45018897440039,1,0.8171753621914143,0
1205.9614588368693,13,0.133903744953104,285,1,17.183526629902165,0,0.5666422563703537,0
1061.8492430262852,12,0.4855368131774852,646,0,22.3420568847913,0,0.7310264934081402,0
960.3122972689582,19,0.0466786272110108,553,2,20.945906644063463,0,0.6216921016801987,0
657.7441746747096,7,0.1681210399415986,422,1,25.466562273403923,0,0.5072958031714743,0
1162.4193669478318,14,0.0711853918184265,159,4,15.814216719427964,0,0.8166219982162405,0
700.8589502520153,21,0.2544789796306182,133,5,0.6829238396465648,1,0.7836783412086343,0
2627.8958492776496,18,0.3205810912276781,231,1,13.269582630786015,0,0.9135671473682756,0
1589.6455497598588,9,0.4339448312896582,786,1,1.3884328772818872,0,0.8227615706691881,0
547.4849330348242,19,0.1674130420061299,398,2,1.6742389167485865,0,0.4853686085507749,0
606.478906669855,16,0.3972873582448762,620,4,30.924921006485043,0,0.8443102190508944,0
999.1452383105562,11,0.2099547787875808,137,1,7.560705530406792,0,0.7526805614277486,0
980.7078743530452,21,0.2524395940390677,332,1,1.568575713249898,0,0.834287361487913,0
837.1840353640989,11,0.2657763503839428,477,1,17.81492641834344,0,0.8400098088874843,0
1167.692403569078,15,0.3264761840363804,665,3,91.00211485217456,0,0.8308995233993975,0
1606.9521083513444,20,0.474772637037217,265,5,3.8917439690811015,1,0.8031584128077555,0
550.4126955386646,13,0.0562320542088485,921,3,3.425266314658585,0,0.8173014463401818,0
1651.5190098906223,13,0.109724041933428,176,1,53.76964005732472,0,0.624251236651679,0
750.0280908408391,14,0.387309649450076,732,5,1.9788108265991209,0,0.8731159800627835,0
831.4274841898012,11,0.2334717097558894,178,1,1.2602549280504625,0,0.910331511077083,0
2343.911652256576,15,0.2139638819265322,967,1,53.65655290673205,0,0.5541502474454608,0
1093.627274691825,9,0.0718273209017589,718,5,14.525858054602704,1,0.7944301896341536,0
693.0532362945454,21,0.1140539969874428,866,1,6.157392225772967,0,0.6749305956036062,0
1084.6196880042414,9,0.1784420867889866,169,1,6.245330594769264,0,0.6411039016976514,0
2320.638711324807,19,0.1556100873891654,782,3,12.786900432962774,0,0.8991571235362411,0
732.5970376036994,15,0.1002281027875215,416,1,7.326988058644554,0,0.7544200128875552,0
276.00463130128236,14,0.293029470341564,281,2,15.00971142496148,0,0.7990561531756191,0
2124.2977883177737,17,0.1352725555144097,395,4,10.728093657885358,0,0.6827754355862783,0
770.4197201460455,17,0.2429210764355462,342,4,61.92843481020054,1,0.712450428891141,0
1282.8644417289631,21,0.1672137518779807,557,1,14.821540882854976,0,0.7897764726525767,0
762.4846249634178,16,0.1681652184688656,355,3,12.279809552569544,0,0.7839343523660233,0
630.2456531646354,8,0.2186576904478485,877,2,31.071773067603413,0,0.8111429607121871,0
1248.0541385533988,10,0.2272151672720471,57,2,9.866620830131836,0,0.926006699272709,0
714.8667509331623,17,0.3565750761183925,924,2,3.1112542904261193,0,0.8332149147874587,0
1067.8354943778108,8,0.3925954381631513,817,4,1.989333034101454,0,0.9234235076610914,0
1385.4583567175362,11,0.0875575000386185,985,1,13.493024902171555,0,0.8261054507105728,0
1305.2543674510755,19,0.109767371442043,198,3,35.47281660716849,0,0.784242538241569,0
447.44316408586985,11,0.1209646741744852,451,2,30.884415085398857,0,0.6176285424258955,0
997.9964095609567,22,0.436236375031479,690,4,2.082269440993964,0,0.7127446628495059,0
746.4696583507665,22,0.1327969473621577,687,3,7.079352669722363,0,0.9242235031201416,0
427.45999503006846,9,0.0063625809245759,227,3,17.811073377731564,0,0.8203261649267991,0
1190.6701513944706,13,0.0943142594191839,334,2,4.496679318995707,0,0.9527320212978728,0
904.7242071649674,9,0.2625644467167864,556,0,27.35001560543974,0,0.8186113124091725,0
1241.5590575700785,21,0.2058871414474276,461,0,6.134472233517818,0,0.8179145504106035,0
1659.1549833382458,15,0.2602377398092503,303,1,19.17763683751176,0,0.7735472330831749,0
943.6741525918218,7,0.132514209152164,865,3,10.757739684389083,0,0.8552528453611686,0
732.5760075282493,16,0.1164260814193452,180,0,8.727207583001192,0,0.9886204682431218,0
851.3092646549876,13,0.2221100500874229,244,2,9.798797602353885,0,0.7729943007139113,0
2713.3610193248105,13,0.2245731960564861,890,3,17.907679751470354,1,0.9170128464230922,0
1234.5573857326087,16,0.225612735248189,643,1,2.8557687328868044,0,0.8067287397608501,0
562.640533895478,19,0.3089553897872978,836,3,42.29719843426412,0,0.6714971972887528,0
214.29192105522233,8,0.1712832625449073,562,3,12.498867513525663,0,0.8573584006994573,0
1548.946328879112,8,0.1064953667162893,548,2,7.684954331617319,0,0.8438334651832327,0
1586.995542876767,15,0.207939646254972,120,3,23.172600248785216,0,0.7754667370141863,0
2159.150370730374,22,0.0413181062112003,116,4,24.425300730365667,0,0.7814020184749548,0
1772.0322608859242,10,0.1975744509540383,686,1,24.07013480275434,0,0.9082034847889592,0
466.88435477061233,8,0.1559258675784816,962,6,6.38864983917626,0,0.8800763658761307,0
678.3395527285884,15,0.0803793519231813,762,1,9.80593531049934,0,0.6474806898862662,0
2447.0264589083004,8,0.0659681816336312,495,1,17.736074698890768,0,0.9051008651107546,0
270.30711144063815,2,0.7514170548092592,150,15,104.13277310705033,0,0.0819108639878857,1
1454.478206837575,21,0.0981201162018883,950,1,0.3139089083364508,0,0.9711365004688748,0
961.93545304703,16,0.0905211223582645,564,0,22.83259875621757,0,0.7108478773971723,0
1087.9816346577877,20,0.1571835452663216,770,4,11.22747551160165,0,0.9157189791511402,0
863.7521963335107,19,0.2907924975786922,183,2,4.4043364889361545,0,0.9435701579463934,0
557.0361200864912,9,0.2223672164094354,494,3,10.232566083950594,0,0.7271482716560437,0
852.9507204827473,18,0.1925729669594731,958,7,5.681578173051118,0,0.7863033019427261,0
1121.6413646849337,22,0.217008370497668,960,3,3.811601823675038,0,0.7246565419564914,0
1320.050927048008,19,0.1046803141258024,139,4,6.551527460950942,0,0.6357386154285564,0
1902.0543566276328,19,0.2759649020289931,650,3,11.286292692172688,0,0.8241091700639175,0
2179.08508620305,14,0.1376544308983861,596,1,21.47006594192677,0,0.7130034812701382,0
795.4253735747579,11,0.0707054752608628,840,3,46.150896297074816,0,0.7538275334353609,0
1422.9035220973972,17,0.0922900582892664,203,1,6.412632754729758,0,0.5827042892099996,0
2033.052142937613,17,0.1109208982902715,529,3,9.45166417605067,0,0.8886909732652822,0
918.3590867431728,18,0.2761726225149542,853,1,12.499479840848212,0,0.860451566652764,0
1102.8041976872437,9,0.1957040342192211,619,3,1.8293104575222856,0,0.8917685595766367,0
1216.674985903154,8,0.2639657562953583,813,2,12.998053649010274,0,0.7714296799640515,0
1190.0016335099392,11,0.2712118944267589,250,0,22.84084910523096,0,0.9723748624972782,0
647.7994902861326,7,0.0647822409020509,558,2,24.28784618550266,0,0.8158628904551438,0
1158.260663393086,8,0.3736733290480618,821,3,11.138959925256133,0,0.791397169445877,0
1021.4386056604192,9,0.0980601580110446,937,2,16.25031618859774,0,0.8051114203706851,0
890.8046650821701,16,0.1240767969997682,761,1,10.73026448846512,0,0.9401094445168308,0
1104.8372349799745,14,0.2916197066298134,946,1,7.837452730819171,0,0.8115000028033662,0
947.0822694276342,11,0.2140066435011552,309,0,22.44062320380685,0,0.8521097726956378,0
627.9860503298224,22,0.2866866790244175,921,3,22.498207292731248,0,0.7401265540070923,0
599.485922499052,8,0.2136966546833798,552,3,3.6507543368003144,0,0.7241364624057504,0
476.0537624808842,22,0.2846415170454195,647,3,1.597651921980605,0,0.8957867775071062,0
2427.870952719926,12,0.1866706609806534,111,3,51.19558934283726,0,0.8604969759240184,0
1343.0809096246787,13,0.2225478421058859,598,1,2.4865891235582853,1,0.9331545962580168,0
1206.8014271462926,16,0.2129149909629405,96,2,5.495197104783973,0,0.8378150746752044,0
686.128871629068,12,0.1156935542499492,427,3,54.68325217324411,0,0.907168239051782,0
1410.7701674477394,21,0.081970656291526,706,4,46.203260828641106,0,0.7367405052449656,0
1289.657292255627,22,0.1671435690653332,248,2,17.00614247856803,0,0.7789110614694764,0
1824.984677778584,19,0.1348169562991441,264,1,10.512567069256184,0,0.8499794559359436,0
945.561745457686,20,0.178681315252286,412,5,10.904575296067096,1,0.9208229803123542,0
492.29142079537377,18,0.0652233377632797,954,1,14.149323807974728,0,0.7710524230797251,0
1235.8314339401818,8,0.1667794279291807,274,3,17.99020632022353,0,0.8218846366575498,0
1542.9679666794182,13,0.0515717900531046,248,1,14.841459954198996,0,0.971874047961488,0
670.8575961467523,19,0.0689837926128415,406,5,3.4811445374544205,0,0.7934397507559103,0
1130.416957789048,13,0.1327011401403768,915,2,4.444104052461311,0,0.8520591763058637,0
343.8048171996076,5,0.6034988614531537,160,6,55.70288902006106,0,0.4332851984109648,1
837.6837144364517,20,0.3921809946801649,739,4,0.7768966488857985,0,0.6012987984349022,0
522.1290277535226,14,0.2615878652305036,802,1,21.595672136031983,0,0.9460035690208056,0
777.20080493006,13,0.1149205553010998,481,1,4.573856471700691,1,0.852276275249265,0
1030.483176290699,17,0.3378620663638919,698,2,5.428488212194856,0,0.6846953447810522,0
593.5279288448774,10,0.3279274927852387,387,1,26.620003148004617,0,0.9764725289601218,0
1151.721230272448,8,0.1475911618252783,912,2,1.7750836805421673,0,0.9658288139563154,0
629.3627025056834,11,0.1211974930594642,482,4,8.316256761906315,0,0.7242196350751257,0
1624.0684753769774,11,0.2391633885202435,280,0,5.141951918986337,0,0.7465635555991089,0
275.65168815904184,1,0.3149070321386633,155,8,78.84445445334566,1,0.5574871989742292,1
1175.5620463609432,15,0.1434864343344855,131,3,3.7769720410229337,0,0.4526145426421396,0
841.1592033438832,20,0.2565882084985397,378,1,34.76555126572894,0,0.8100828537296493,0
879.4055077263304,15,0.1910760332970446,95,1,62.79077815215579,1,0.689409102878625,0
1582.1231617295964,21,0.1523617834957524,514,2,15.397810617716235,0,0.764195588025985,0
840.6492492430959,21,0.3166015199468134,423,1,5.038670937752411,0,0.9481928464384928,0
893.1237483701278,7,0.1078929113016105,923,3,1.1481005729214138,0,0.8444558050286773,0
664.6560608534468,19,0.053317935359973,71,1,15.443305432688568,0,0.9446212122288892,0
884.0843210288284,18,0.3780349828757353,993,1,10.93417895277568,0,0.8337809934460502,0
923.7193787595352,19,0.0492248737511391,934,1,2.4364567033596485,0,0.8406316023153702,0
753.6500429753874,22,0.0642072010055655,522,1,22.673740383524795,0,0.6619072929393531,0
998.6460811505146,10,0.2020763470023131,498,2,0.8434783772981373,1,0.5940505736292874,0
1423.4219701064908,22,0.1538132912940225,642,1,13.2957186003589,0,0.6744075503256209,0
591.2870741416116,12,0.1986057410254092,556,0,6.947143054085274,0,0.710641438611488,0
490.371271639236,8,0.2089848547699908,593,0,5.109830825151407,1,0.700388502025043,0
1491.1357868049593,9,0.4033585762695825,568,1,8.724188745946531,0,0.9144803099956248,0
1067.244399196902,9,0.1429209416959399,816,3,8.946992998942312,1,0.7720014510423,0
286.94856543751735,21,0.3174777109659927,180,2,6.098439803033428,0,0.4801034200992407,0
1026.327724563631,14,0.135258558931976,405,1,11.337062001718053,0,0.8849008194204545,0
1127.0175622142424,18,0.0852580948448468,228,2,2.1448771827450677,0,0.7602268486419343,0
1445.6812648589091,10,0.3329600185625135,894,2,30.32385153967129,1,0.4183889733985159,0
522.4073266665503,16,0.2021301103489914,475,2,5.7054161317345535,0,0.8528558080067874,0
732.2396336725442,13,0.3772031579714525,126,3,21.874357773825725,0,0.6973801232762746,0
285.69645780960246,4,0.7536137287418594,113,4,63.21049439646493,0,0.1525671491116133,1
1201.7783614706066,17,0.1108972709937455,715,1,6.276724425790239,0,0.930934432088167,0
710.5612680767215,14,0.1763578507059144,332,5,31.962956054026662,0,0.7237184169595443,0
416.472425269379,8,0.1495640677312213,886,2,13.374158880064847,0,0.7042989082568664,0
127.79220132651211,4,0.751288396931773,25,6,24.23558480885524,1,0.5501960523972803,1
1197.627847599616,18,0.0697493459001515,423,0,7.608580796029675,0,0.6022269681410558,0
525.1588295134511,23,0.5222281512713794,109,4,174.8544281922243,0,0.266661652944701,1
846.7813226471729,10,0.300069390905284,893,1,12.30528446562461,0,0.9112249055196484,0
1915.2299821712277,17,0.3956019330575518,438,1,27.8607010032086,0,0.6983888135937488,0
1314.89618024889,19,0.2213405299420047,522,4,59.06943890769297,1,0.7142251708401255,0
728.1834286655983,19,0.21613478675408,275,2,3.224569083576677,1,0.7916716359086404,0
393.4901961235308,7,0.0658617969331833,505,3,0.9678717111313976,0,0.8470001208821916,0
936.3479350917602,14,0.3201124732837663,571,2,18.187004166130496,1,0.8484388779541447,0
667.1814053044587,14,0.0867798870915995,950,3,2.216247574445926,0,0.6866379877674914,0
738.61681851741,19,0.2398770734375218,835,2,0.5615267411855087,0,0.5182858120023334,0
804.6623105851365,7,0.0720084444381718,370,0,13.03849343366974,0,0.6808841500649021,0
899.7005595402651,18,0.0596325914838834,571,4,21.21687524473315,0,0.963030369468213,0
534.662555861176,18,0.0978183258224169,695,3,46.59468095081179,0,0.6454717471524036,0
1232.2220632504066,20,0.1028271954173261,629,4,8.058833197919483,0,0.8492591539815338,0
2781.8194787927737,21,0.3770582263423125,67,0,41.66485254316499,0,0.93416581606918,0
637.3900887797917,7,0.1088657595258079,77,4,1.1518173182212048,0,0.8748301871375888,0
388.04976745331567,10,0.198727346051295,920,3,5.396025089146039,0,0.6302679589432023,0
1190.7280731626831,21,0.2254095533393975,95,4,4.237479152186061,0,0.8437138588240819,0
1079.607916826499,21,0.186241843935179,416,2,11.585508052428247,0,0.964179275131442,0
982.144638683374,17,0.2262484805253511,377,1,11.12239905441092,1,0.8635994523426648,0
897.6700911045164,17,0.4186559396396647,622,4,11.319103866761717,0,0.9557980102854132,0
1902.1578651356183,17,0.2110163351456389,85,1,21.26028896283298,1,0.6479599271885135,0
2045.2785338867477,9,0.0340389404406301,987,2,35.544889768963664,0,0.8820059411850767,0
784.4320059974783,8,0.1024651123722303,776,1,17.550431701545183,0,0.6970497632675469,0
1006.933340562192,15,0.3582694553782765,525,4,10.781544371842694,1,0.6657378906207644,0
469.3705708859807,18,0.2282285018302564,153,4,20.888926653939865,0,0.8557657800331328,0
495.87571827552995,17,0.0758408202178702,239,5,3.375284972766607,0,0.9294694530764837,0
1892.4026408853065,15,0.3256213191979351,419,2,20.11804841105992,0,0.7604736402034492,0
1213.63931734995,19,0.1797694428969972,127,2,7.473053550243129,0,0.8635746460916425,0
971.3801637241336,14,0.1017644760724019,400,1,13.724529622254089,0,0.9110318917715728,0
722.141800662026,18,0.1316015881405583,957,2,17.042849739340156,0,0.627444245955548,0
685.7058256281953,14,0.2225175593195352,666,4,0.8769210795555838,0,0.5943196305691562,0
1469.1629539093813,13,0.2134175382015719,891,2,1.7581954491113003,0,0.8696828965253045,0
741.74185916174,19,0.0385351563912622,718,3,8.60918744899474,0,0.6528542617909958,0
601.5681266939722,9,0.0753746237632247,625,1,48.54459591957706,0,0.9114714134117492,0
2288.5324012717087,12,0.2812956768874626,613,1,4.5416672508693745,0,0.7594483131703541,0
333.20084466683187,10,0.4771993846469411,197,2,23.316377258728473,0,0.9476138655477068,0
713.6603865483601,10,0.0895639819540009,181,2,54.91073200665899,0,0.5560120436217919,0
912.588480790233,16,0.1154908909479515,197,1,15.37074226024104,0,0.988547383110012,0
696.1184467201756,14,0.2843934446359656,889,2,29.123525430610115,0,0.6837272599419083,0
967.5260018665508,7,0.1649069120936042,442,0,1.420201771455192,0,0.6153618294118578,0
936.5666994247324,18,0.4437554021010351,85,3,43.71881936569209,0,0.944060212797336,0
2100.6135826125455,18,0.1513925193766004,40,3,0.1361657139799421,0,0.9395736448576611,0
814.1208957119022,9,0.1414145329271302,51,2,20.926288527935508,0,0.9641771242860278,0
963.8773465936664,12,0.4210037140943246,50,1,17.899002371287505,0,0.9178344495662324,0
2034.715870737989,22,0.1165697458580818,340,0,34.28527522261491,0,0.7370443386448332,0
1608.7918575157714,7,0.1625821432387226,652,0,14.95820791403484,0,0.9481247484424072,0
2437.8433348615167,13,0.4342131861128829,415,3,8.61697789481263,0,0.7666614739300059,0
2597.31272665446,22,0.251092411846627,773,2,56.73846312485074,0,0.8358797065379981,0
135.92959402190235,7,0.08942461246361,583,1,3.402262277123069,0,0.740032468857225,0
588.3208446028287,15,0.1478849135074127,45,2,4.6322927191627175,0,0.9394941434382948,0
581.8848716336902,22,0.1687589152902986,803,0,35.45403699475871,0,0.8892388973674039,0
811.2606285504868,11,0.421372851482229,650,0,24.198290099230743,0,0.5996251373370101,0
699.2139288668296,16,0.0361016241684776,862,2,24.468069061479984,0,0.7093347516680655,0
563.7028037706116,12,0.3245923472458246,632,3,4.115674394130778,0,0.568728578278619,0
893.4696928422147,15,0.3400734647749286,53,4,22.343593445146013,0,0.882726328657835,0
1209.8723890396434,17,0.3098099326260931,727,0,49.32237807367253,0,0.7299307981317149,0
533.4886380160962,11,0.3006137386592647,972,4,5.788834961601654,0,0.7679066597290884,0
587.0083865947277,17,0.0816647718637316,938,4,5.410615543259546,0,0.8688157460119982,0
726.8509959378797,10,0.2633082966985521,183,3,7.89011359142579,0,0.9410943520660656,0
967.2429391033772,15,0.3138323186889164,412,4,23.439769347788506,0,0.7070548872729759,0
1029.8881506675723,7,0.3390342423274756,304,1,4.5051390517457675,0,0.8374038433548855,0
1071.0386493563583,15,0.2746961207313382,833,4,29.368860752099742,0,0.9045861525984408,0
1840.9047523472743,15,0.1393154160209588,969,3,0.0670460525133473,1,0.865205338970044,0
1412.5725756531178,7,0.1668725345552381,632,3,36.01334493693713,0,0.7310243611241881,0
665.1022902134564,16,0.1024877920966124,677,4,7.625655268125768,0,0.8843139613641237,0
1131.3627638777182,18,0.3185095577096212,599,4,36.22732798577902,0,0.5632561022509249,0
1044.4521708458644,20,0.1546910665646949,301,0,0.3460899912033439,0,0.9141774500389364,0
692.9467005592242,15,0.1030114708256754,133,1,12.66670570773365,1,0.8627259675193756,0
896.5835429857312,21,0.1440050180954218,312,2,17.314037982349753,0,0.8201958592077883,0
1057.8982198397912,7,0.2260260473993792,735,1,1.922720683875344,0,0.9380533124620952,0
3181.603194006482,15,0.2081915547825239,862,5,22.755911733080808,0,0.6831048670654721,0
678.2912503679805,13,0.0381549229455904,950,2,1.3032854330225154,1,0.9240566211670128,0
923.1124358410048,18,0.1682219190972275,974,0,17.738652315529038,0,0.7764100761000736,0
799.5212477360037,13,0.3058814576055458,268,0,15.180610557566077,0,0.779790606238668,0
1310.0613776607038,10,0.1921086163051528,468,3,3.381052808877976,0,0.6381629545659696,0
1054.766161265198,11,0.1547506597209006,37,1,32.830384369412116,0,0.7633140662438967,0
625.3276470421916,9,0.3450235856725356,101,1,26.797278865375723,0,0.8394836655991732,0
1527.3046846703712,10,0.2085209488794794,496,1,4.0929538855490675,0,0.681441032883896,0
960.076739867082,16,0.1687211355990799,825,1,12.171818931085644,0,0.8055395891079987,0
1096.6274848401752,20,0.1863050746781639,222,3,9.154114351812073,0,0.9165154463677314,0
909.850663166878,11,0.4177582546500282,964,1,0.1694001708971755,0,0.7541971908423879,0
998.8501553867336,7,0.1048406270423289,255,1,2.008265707199664,0,0.7061107073689115,0
868.092018948395,18,0.0221042155500972,507,2,1.1243889793657642,0,0.8185192615060983,0
1523.242692192326,7,0.0836085295204275,507,2,5.025456341658575,0,0.7365317662612342,0
274.6476966922474,14,0.4243734347855292,342,0,9.731148805274898,0,0.9259360330362358,0
1418.3176288654934,12,0.2866616563319851,993,2,17.828802846978185,0,0.8652534848944683,0
800.4484304618884,20,0.2495979898037553,911,0,3.6480798139214694,0,0.8872979347502415,0
888.283772956556,19,0.1305828357478641,351,2,2.6533701281353874,0,0.6208411402397607,0
422.7891872917299,16,0.2189122779030307,686,1,3.0950097759910684,0,0.8671600639313692,0
361.3143230041269,11,0.3767061668062392,352,2,19.741030587311737,0,0.8719633179741103,0
1403.1324024717408,8,0.251554301261628,132,2,7.002187267752227,0,0.660362222295193,0
1331.8299636289582,11,0.2494502686352427,406,1,90.86204059434576,0,0.5117471774183292,0
1006.9809232621012,7,0.1685121759771998,442,1,4.4742700106828455,0,0.8719219389764122,0
1237.0193986606296,8,0.3326545861829857,413,4,1.3425058713164182,0,0.9597842237070292,0
1949.449726230232,13,0.3469716725659114,44,0,8.270090912460326,0,0.633387514024451,0
1125.174860384704,7,0.0111691857380159,802,5,52.68480490858278,1,0.7652224751184431,0
693.2990347789816,13,0.0545590744973311,296,3,19.46378190959504,0,0.9040803203879572,0
1965.7338834996492,15,0.070588097071162,72,1,20.286662114832176,0,0.8221059606379089,0
1622.2022555474996,11,0.2198051450350773,169,4,21.63940171964226,0,0.7336640346894834,0
1579.1441093187718,17,0.3660969026437327,557,2,6.971291632237711,0,0.6834695261049337,0
466.9896804351259,22,0.0756293683774888,785,3,5.729341214224908,0,0.8818803794442355,0
598.3537272798422,13,0.3325995426695855,884,4,8.454465873095442,0,0.8258639154179259,0
1214.8485520332094,16,0.1376504522367632,282,4,0.6814110837156051,0,0.8329177996266766,0
2003.125045206148,12,0.1123123878017234,625,0,4.865838969051641,0,0.8024746683630841,0
622.2132633797828,11,0.0855868293914866,480,7,23.489417772135088,0,0.7949957549021641,0
841.4489797368418,20,0.123280576692567,849,3,21.62791854108479,0,0.9215493798167984,0
1403.8949381860375,12,0.0542822775227213,472,1,0.389751904844296,0,0.5396327510012796,0
735.8115188203708,22,0.3266476456363872,331,4,14.300779207772944,0,0.8877496620127897,0
1469.9891207910314,19,0.3867066739391108,994,1,17.836331535259912,0,0.9454419111028608,0
1486.471153396052,20,0.0189372038465999,272,5,2.6533123845548015,1,0.6652014078065904,0
2140.910021055397,8,0.1790538793764251,685,3,7.741276706208867,0,0.8127667458534926,0
539.1710525838799,11,0.0304458819312664,55,3,35.96383249947101,1,0.9386842950393792,0
682.4223043349244,7,0.1975991395811553,911,3,8.071992833858562,0,0.8609356625566165,0
403.782919532848,9,0.0888844553365513,284,1,32.42691620872489,0,0.930017246344612,0
917.9696486140622,22,0.0537477527353609,60,1,4.772160224441852,0,0.6723783454823955,0
560.6834359844657,8,0.6018138721964634,644,2,0.506196581488794,0,0.7346665132982894,0
1633.9172316952254,11,0.3287473722956951,557,2,7.718938069433191,0,0.9026733365929926,0
1328.0181341714415,18,0.0105648400332318,389,2,6.737955766476416,0,0.9313293849893076,0
773.46878305012,17,0.0648497979457785,470,2,10.129798781788455,0,0.7611109869055389,0
1032.347595098656,18,0.3739585400641827,132,4,84.52272574107248,0,0.9334766513186016,0
365.7811354138147,9,0.0921373693541421,763,3,17.73292685153071,1,0.8836100760169097,0
2359.509424062907,16,0.0892932647095578,198,2,35.0491648219061,0,0.6897344571602155,0
1908.1303855167869,21,0.2037766289532524,956,5,5.817842625183982,0,0.8711442232429243,0
752.056852900624,21,0.1138929374295537,109,0,5.4047703278938375,0,0.7383041755754037,0
2220.852337159906,14,0.1166541574599222,278,3,5.821879356586563,1,0.8212140970111584,0
970.9101553626728,22,0.2260985639297065,242,3,4.485691581697227,0,0.5216383159498502,0
1114.3990889819895,15,0.1978115952418395,966,3,6.268265765243715,0,0.7473055584326485,0
923.9333565058856,20,0.4443782061909373,778,1,17.435974570658615,0,0.8596603900857078,0
1398.058952436371,9,0.2132868531941198,212,0,9.235750399521391,1,0.8257290062902896,0
429.8246610783157,10,0.2154939546477093,321,0,20.388985733887058,0,0.9622572148260166,0
1934.4502292516197,12,0.4619281612461755,647,3,3.3127754383786887,0,0.7294921839087082,0
1102.1359966793789,14,0.2026104453884425,80,1,16.496259785064577,0,0.8079376614104101,0
2100.052678884057,20,0.3129670374362259,487,0,23.347053616467345,0,0.8347855373716297,0
1667.4600196588904,20,0.10603625567895,294,1,20.212036667946247,1,0.8576388145724855,0
1009.6563812350672,18,0.3125199034199539,749,2,0.3062248261781383,0,0.8831130951775764,0
788.016255664914,9,0.1816655652941525,907,4,2.956512188443005,0,0.8546803046948597,0
1414.5014854784715,14,0.31826571646135,486,7,3.948848080478929,0,0.4496035636579957,0
775.3538759320343,9,0.1537540671729394,637,2,19.33715299376336,0,0.9222657275229964,0
2114.777768893711,18,0.1831432011542205,241,2,12.866008380935492,0,0.632307182971827,0
607.1403167859321,19,0.3390101985162945,706,0,8.913482470043675,0,0.8690504922972876,0
1666.3291843222485,21,0.1464487670633238,699,4,6.113650651121209,0,0.739466503528674,0
466.2642702409656,12,0.1929998699312029,326,1,1.6335028567676355,0,0.9395514357465862,0
566.562556085998,21,0.0830862267538892,737,1,21.01128185299404,1,0.6115130304246862,0
444.9115395670016,20,0.133734540445096,261,0,30.705795943000936,0,0.8756608500103824,0
1156.9250847096616,17,0.044432930235268,140,3,5.127263003479883,1,0.5660249574756558,0
1188.1901624017678,15,0.1158180511754835,823,0,1.0007669565693746,0,0.9573651815513592,0
416.9432122960555,22,0.0911619179577707,515,1,14.62760309842771,0,0.8187499552373322,0
1667.0449889786007,19,0.0185788120005571,589,1,24.166388419441297,0,0.758067053941828,0
1346.524294963404,15,0.2353074066503717,704,5,6.957221908901629,0,0.6613919510512326,0
1188.6408473817212,22,0.2171574667045027,88,1,14.716128765689302,0,0.9713536933214652,0
907.403363695538,22,0.1608083798192665,307,1,0.7163511262551826,0,0.841484501932864,0
1329.7326202045704,18,0.2648311539274301,781,2,0.7584402157023035,0,0.9259595825093592,0
534.528448472792,20,0.167569449908153,887,1,3.983893182491315,0,0.7902623449208972,0
1168.3577474108226,19,0.102501860091711,390,1,40.95158932978595,0,0.9599399935471552,0
151.34218496261323,0,0.4868190939352746,129,4,163.36902390331812,0,0.2543658558258023,1
582.04473455663,9,0.1207715809374087,639,0,14.128988014659315,0,0.8340167762420952,0
964.7786362990116,7,0.0336774709119111,54,4,27.39232860562183,1,0.9524421898806076,0
1289.6738666044253,11,0.5156663979553615,940,7,6.0664241971937845,0,0.6982683179118115,0
361.74219792156777,10,0.2010752881263437,803,2,17.98505594729677,0,0.8441420307724744,0
734.8833790620414,14,0.280175929847739,252,3,1.3101368913545055,0,0.6071868077217655,0
944.2349775941822,15,0.3578500917668072,853,4,4.221227262237612,1,0.8635352521429781,0
1459.7659166631224,15,0.0700238219788615,495,2,3.607644404513727,0,0.8482600643263014,0
1115.0242265192207,19,0.1526216459491835,375,2,20.3957909729591,1,0.9063599408169066,0
486.12720096653914,9,0.1391520014041021,144,2,15.980251954814683,0,0.5969545324397395,0
1225.5387910100712,17,0.2191592053394634,636,3,0.4035853805611371,0,0.775151415338241,0
750.8430381383517,11,0.1496494602239489,64,1,4.6295870101876835,0,0.7310793569561883,0
477.1533472026172,11,0.234560649374577,334,0,5.332172317941839,0,0.7193823502008941,0
1398.3993718870631,14,0.1227923148703677,921,2,30.89968958295161,0,0.941822224225453,0
997.6225120643712,15,0.0990374437935391,546,0,1.4543308351393085,0,0.6805785877121799,0
236.44918196678628,5,0.5048215241290439,86,5,52.23234421631223,0,0.5920012893363117,1
1770.300337149879,21,0.1424566096893254,368,1,9.841739110716508,0,0.9350408545442,0
1745.3735290466298,12,0.1518657709584588,223,2,0.0981013545590506,1,0.8105172917286072,0
1809.0900130771977,10,0.4544079516338649,556,2,0.9314824349947036,0,0.9257310417554864,0
823.8090163959292,9,0.0756002889445952,837,1,0.6336415816992457,0,0.7158995509026347,0
1128.7392994134696,9,0.2835922951271294,643,3,2.5280748258296275,0,0.73737399499709,0
1536.358489917372,12,0.2542127190233188,993,1,1.8472204080776695,1,0.619099351747377,0
594.108286231457,9,0.0733521193590705,671,3,6.0100248899926605,0,0.8687609919546426,0
706.5549898928825,15,0.248850413626872,527,5,24.668582290908105,0,0.8493722123677251,0
899.2742875143034,7,0.0592455701997278,947,2,8.16063278979572,0,0.7891653537827705,0
820.0053985248071,18,0.2841834766824922,411,0,60.52756774440937,0,0.9274297241107948,0
1325.1713239441085,12,0.0669293366567758,137,4,11.413962219048964,0,0.9140667184118964,0
1087.8478888310788,10,0.0374444782687458,735,0,12.774429373669005,0,0.6671367829479571,0
1495.953406939946,21,0.2012864537599433,980,1,15.36378923640105,0,0.8827073181509862,0
1008.463467356636,17,0.1807709120224024,275,5,10.161746600095949,0,0.7729661287585364,0
510.2905421686048,13,0.3219368124553813,838,2,6.780352340530388,0,0.6922635521786514,0
869.9943801842242,16,0.2661065032171112,933,3,35.96832224532448,0,0.6888435482052208,0
1308.8891239363911,18,0.3732010718366194,597,2,0.033774731088769,0,0.7018750477369611,0
1114.5242340647878,20,0.1808597125569432,585,1,16.17666686564863,1,0.6339897677940175,0
905.837838716316,19,0.3047071825303767,48,1,19.73451279360451,0,0.7543601904208476,0
809.3901635899076,20,0.2447406871753023,568,0,26.097331875558275,1,0.8853859608187257,0
891.5289862199197,14,0.0410915612854551,874,3,4.259088183152767,0,0.881340575039293,0
525.7992244137578,17,0.2398913723580805,288,0,4.14406151693397,0,0.7673851420895637,0
1076.1323680016042,18,0.226023757393726,368,2,4.837036375629096,0,0.7021081593058317,0
514.554151689396,9,0.2883046034499184,482,1,23.604888171447325,0,0.977046130941938,0
680.0783617361479,16,0.1220921783914465,268,4,5.926736364418273,0,0.9260335265068566,0
1595.873828231071,16,0.2805138700452768,228,0,0.4517340844923008,0,0.7727402892979198,0
1171.961565196643,19,0.1527813746931986,792,4,4.263407365730619,0,0.9188007138652218,0
911.4013362185868,12,0.2203082348602481,378,0,28.93924869780145,0,0.8424936049904576,0
1300.3258770066022,17,0.1233806486043656,784,1,10.192327428113924,1,0.8203976472881835,0
1772.9480645911538,17,0.0992290903285052,777,2,37.11654397696917,1,0.6438082730356475,0
1082.1486403074416,13,0.1105791649168949,61,2,5.483993471684124,0,0.8609421739497307,0
1221.092328663316,16,0.3426541312875503,672,4,36.328712299297784,0,0.8581762418746505,0
714.8906494153617,18,0.3325693968019235,257,2,0.3104776626225618,0,0.9314988876619688,0
1814.6175650727569,16,0.1223475416169473,978,3,14.77853881125557,0,0.6378431189128336,0
1250.2884122134062,16,0.1216483829177136,859,4,6.946241657257296,1,0.9104108275256978,0
397.6511266447434,21,0.5363640763048709,794,3,0.4478518096318518,0,0.7766096338990561,0
1635.2424565485655,10,0.1547767375783228,195,1,18.70355882303516,0,0.8078487620765586,0
461.0215945954532,18,0.2136331753551391,502,3,2.105306588485905,0,0.7995857481592605,0
612.3287188699476,13,0.3068646216565107,367,1,12.391459672214053,0,0.9042234303611936,0
1099.6472400500727,9,0.1199682253823195,892,1,15.469562087926644,0,0.7586978169533193,0
992.3845068523796,9,0.3230202156343709,401,1,37.868303861563966,1,0.878063253997902,0
1749.9098658754497,16,0.1979524632469859,634,1,21.077083637245128,0,0.5789872293209318,0
978.6257069853764,7,0.2856251775723759,397,1,41.23865412529214,0,0.7250277307160374,0
1274.394918962578,21,0.0457794604778843,324,3,7.382116749229621,0,0.7851330535482652,0
1006.8149112343058,18,0.5147366760972686,905,4,20.88528721332049,0,0.640598669884229,0
1112.9670221919152,13,0.3082457110848817,865,2,1.9439522239174307,0,0.9170226333147358,0
976.1973271338286,13,0.2684758091295503,45,3,26.0294820479764,1,0.7546155298283205,0
786.5851183237787,14,0.2303948639924303,321,1,16.385611782072523,0,0.8553044954768088,0
636.2584056038122,8,0.1558734513208639,536,2,21.055258360847866,0,0.8988267204856732,0
547.8362961094108,18,0.0260812298652901,358,2,5.577290727953277,1,0.9181910484314084,0
1146.3509397188432,20,0.2442855233514758,87,1,2.5173783133237957,1,0.7992906140099143,0
670.8920150192504,20,0.0578114491332719,315,3,3.907539888056863,0,0.9314171748922307,0
2492.3425920823383,7,0.079698977496171,402,4,51.71193913201679,0,0.9269464041070292,0
1194.6549662973316,11,0.30345355385054,595,1,5.7731938844597455,0,0.6898058159711924,0
107.06944244146796,2,0.6580939724367685,152,11,113.50212432963444,0,0.2760317069312982,1
1006.7234176499576,16,0.2126461874451904,513,3,3.8259377775416734,0,0.7523147811438581,0
1206.2902340371552,10,0.0490098613739911,727,1,12.825617426098344,0,0.8277784813702619,0
1295.0825237114689,18,0.0700286678263528,300,2,9.537614387758431,0,0.7785178578531934,0
608.2743957132255,22,0.3041073978953072,83,4,24.695432411035295,0,0.9015436055084314,0
729.2614543841186,16,0.0815663581994038,155,1,14.995206139114917,0,0.761987941003148,0
1529.269262007261,20,0.3097613350424085,919,3,13.858427408007977,0,0.8486307708043704,0
947.9735140807592,7,0.0656474818602357,55,2,8.92984797346715,0,0.7425386357446826,0
1281.8399763385264,10,0.135940042235161,184,2,12.930063634053049,0,0.6768845208500833,0
1515.990331356904,19,0.5196270333369161,710,4,10.59053792928174,1,0.604471271434508,0
444.28606108583193,15,0.0611998978234666,252,1,1.3483162816238754,0,0.8604585186849211,0
1299.2047369941074,14,0.2512782174583173,761,3,33.48221879577733,0,0.7345812516994453,0
2215.1349282265405,19,0.274295917748854,820,1,5.250875412545854,0,0.91479683370117,0
1502.74009001406,7,0.2446031791724032,398,3,1.8758900084449044,0,0.955591963845591,0
1965.2605358233284,19,0.2472590701312005,694,2,3.223281979473097,0,0.7315900309431418,0
1274.1732707801389,17,0.203669076478945,641,2,2.866714846172347,0,0.6683728019805002,0
850.3644540630648,9,0.0600187125761143,525,1,5.555557864544961,0,0.8855261125857202,0
1003.261160263698,14,0.1963809572332267,583,2,16.69868693243943,0,0.813522497310818,0
476.6847545497489,15,0.1963950495441724,830,1,4.192932304777628,0,0.8056033032993254,0
1232.5638879232058,16,0.208128390579364,686,4,4.266800388607931,0,0.968925439657063,0
353.4975516752443,14,0.1087792702651418,412,1,1.6566935223118453,0,0.9037667992452608,0
448.7319198321639,21,0.1861153562028853,932,0,9.99495019173352,0,0.7664143237651718,0
534.4973739028316,20,0.3208516287995829,836,1,12.00197272912019,0,0.6593414655788844,0
1395.7382882194408,11,0.1217066704673027,276,2,33.34944932019403,0,0.2063082022758731,0
500.57944840147786,16,0.4833108715875512,962,3,7.710909119671515,0,0.8938509202587027,0
443.23215294484265,7,0.1859585828119791,520,1,4.206241010091517,0,0.8386196815591127,0
782.3764930729265,22,0.1413477499317553,32,2,10.191839240434945,0,0.8876302043713762,0
725.4455212991411,20,0.1428694790864298,819,1,11.362197840079652,0,0.8403132597343733,0
1264.1030318769958,10,0.113597911991063,133,1,11.897551088586283,0,0.9215404902948368,0
569.6549943403279,10,0.3062562338449735,771,5,28.459583724344537,0,0.8903861990791949,0
371.79441341719456,5,0.4211498945390898,83,13,334.82631985886906,1,0.50375963497278,1
955.982738534092,7,0.1791698871744832,250,1,29.350894043322818,0,0.7926038818795195,0
1080.4888286938335,9,0.4063031212910256,269,0,9.586904837117642,0,0.7661995376583163,0
1336.387733261225,19,0.349343726152891,32,1,0.1558904115629768,0,0.6253219779793888,0
768.2015782631684,11,0.180385626288167,491,2,12.815793537141523,0,0.6371234593519931,0
232.9015649974658,21,0.278883639276954,659,3,2.401665038982184,1,0.8366646868466882,0
1467.6090819095878,8,0.0845416694530503,274,1,0.9177524842033876,0,0.7852948144553961,0
751.163041047115,14,0.1690534316494511,838,2,5.545487102162982,0,0.759763729205794,0
1911.7395139369933,7,0.0924292019817743,83,0,0.1608677988397663,0,0.6290101526348896,0
817.3199939018349,11,0.3382083332214873,454,1,24.447175222452096,0,0.9459068951317768,0
1206.5224250388023,7,0.1795397244519034,310,1,2.115300312756279,0,0.7486420135810795,0
575.348768026703,8,0.2954543829791111,819,3,0.1366418084406533,0,0.936941115352273,0
1290.797319946578,15,0.2322513494751998,556,3,10.538501156739043,0,0.7354889095761512,0
1293.2609153090204,17,0.0948638730057341,325,3,4.236625017366254,1,0.7818473897910415,0
1522.1363743499028,8,0.048194260552598,569,1,10.790092070655236,0,0.8743407125017219,0
1018.0443241428676,16,0.0982120741906153,954,3,20.31559442609347,0,0.7435456529701792,0
1223.530721049531,14,0.142997571912776,97,1,10.294591617488686,0,0.6167588410349243,0
713.4786430717537,7,0.08848871498108,792,4,15.436083275856376,1,0.923059533250764,0
1029.5110226914032,13,0.0418857352317941,559,0,3.9592592862792193,0,0.8352802070022537,0
1084.833018082609,8,0.1980354809451865,656,2,18.702641597237257,0,0.9156660025673417,0
1248.8788482080474,21,0.2742456462654692,47,0,6.017573801590749,0,0.9496968967090044,0
382.8644429765529,22,0.5262706888949102,101,8,364.7582568957489,0,0.2324190083450959,1
666.8988752328014,18,0.234847108320376,197,3,12.846812332674215,0,0.7155809030666831,0
487.604167307592,20,0.1361665017241383,365,2,0.5325795023143938,0,0.9450409075464424,0
414.54443502069665,9,0.0511103499996041,439,1,2.085655464007552,0,0.6041870877608384,0
924.9318854354302,17,0.0815569143905341,989,2,35.358639752786274,0,0.6992659849408424,0
1829.5859697564213,20,0.2449016347338882,753,1,35.789241430055455,0,0.8943576323110378,0
562.2970928140442,20,0.2619746807686172,901,1,13.309558712921255,0,0.6019335519689368,0
1313.4317639446497,7,0.0997444549931503,402,2,1.9958502471121295,0,0.7567640570292117,0
1270.7536644685076,19,0.2087395781200509,297,2,13.879200514398592,0,0.7418993845665985,0
350.9815375002894,4,0.6442501959155305,190,8,19.762796888573188,0,0.5164583685426798,1
384.3239100443893,20,0.3815777009117571,993,2,0.2672661902378564,0,0.9573050930338186,0
1078.7344112751157,15,0.2616961013702988,582,1,22.812178629626665,0,0.4365894218497548,0
848.286499991243,14,0.0688141790005517,687,3,15.10378866339436,0,0.7940698425247591,0
2329.256042663827,20,0.2668618728049174,261,3,10.447706026215585,0,0.6199635205564415,0
909.28058730589,16,0.4326231265691987,503,4,24.32688509903165,0,0.951571869279666,0
1216.8826253180664,8,0.4252753172301796,930,2,1.4120594145899057,0,0.7414557204100224,0
895.775424952711,14,0.1701032586348344,786,2,128.73705330858706,0,0.8702827238936319,0
1029.7907523753163,10,0.4047554171768606,853,4,0.2408452739433633,1,0.6602039881432896,0
1034.2006649981656,9,0.4565399588914463,836,2,19.674184147355387,0,0.7559489761194964,0
785.7520000713795,18,0.159996671052877,233,1,7.000934936098049,0,0.9428397326207666,0
1305.3518870289206,19,0.207180387847717,384,2,23.838372549613347,0,0.9374052092734454,0
340.9443442957667,2,0.5388357434822751,9,7,33.4761829751181,0,0.0403173376610367,1
477.94508148449626,7,0.1587825180319242,357,1,15.56275862619675,0,0.5893877496213247,0
1029.270244747251,10,0.2085306128630769,931,0,27.477352570411725,1,0.7381413162767289,0
2076.5672785740344,17,0.167890238938049,904,2,14.11551738763238,1,0.9434201439027576,0
1035.7826103646607,8,0.1946028463663251,350,4,13.175585368125132,0,0.8891659884187486,0
905.028578794364,16,0.1618642287175,893,2,53.843897160158726,0,0.380576898250033,0
175.00035315455304,2,0.7087831379531891,64,10,106.55454172324144,0,0.4772117863524601,1
1009.989576515154,9,0.0280836553522562,443,4,6.005307651935157,0,0.9514069051383116,0
1244.5224038479676,18,0.044486168571992,681,4,0.4147230835443195,0,0.949712710751987,0
1112.857571677976,22,0.0781905585318667,849,0,0.2879600478043269,1,0.6989172457521685,0
795.6151927617238,13,0.1559347282899568,928,3,14.517611183666782,0,0.8400866602209601,0
981.270463411606,9,0.2098632318638071,161,0,17.66885840183153,0,0.834083166978215,0
852.2548660220589,13,0.0790172180431525,526,5,19.20338113296103,0,0.78056513540744,0
705.1093546644437,18,0.1143185056810425,953,2,60.61397270311888,0,0.6575178312938625,0
473.9277560539339,15,0.2377291342722507,539,2,31.23683638061022,0,0.5860110942641878,0
614.96356359358,13,0.119068664018582,566,1,18.97715647326166,1,0.7829771533063069,0
1008.8006841215436,22,0.2357372654157353,552,1,9.177784542858772,0,0.9367578477728814,0
409.3879159002149,22,0.0426528001144961,435,1,16.584988205780586,0,0.8380975868697761,0
1038.3593547432476,8,0.1940158811401213,56,6,10.277686841501442,0,0.8781692794119781,0
1504.177422088729,11,0.0793268207321101,892,1,1.1907128495760282,0,0.602114915033701,0
742.9852396206086,8,0.2423062464321561,819,1,34.51015466736977,0,0.8164174415993641,0
854.8693211331915,20,0.2266382392944828,756,4,29.308428072868455,0,0.71538120696601,0
1133.2694295076335,21,0.1242141142546572,634,5,2.158798025410146,0,0.985647691355928,0
951.2685149773498,17,0.2121563982200807,310,0,4.238613791987325,0,0.8165777090373566,0
1096.383021597056,8,0.3497136930905886,71,3,4.284240461259317,0,0.7946115515552389,0
602.6855710428407,10,0.0829035474170441,776,3,17.75753263523568,0,0.8819336614566828,0
1045.842294809142,8,0.2127689318542643,47,6,10.849099088145593,0,0.8079309729179339,0
382.4150482327543,13,0.0967627147926088,572,1,8.860971143404187,0,0.8952250179607468,0
370.6311412680412,8,0.3665295072739156,55,1,16.667775735457052,0,0.7061984636704758,0
916.3256506858542,7,0.2097785001991822,64,6,3.1328570159939084,0,0.7937437320881614,0
2202.072427926004,11,0.1449684127578175,707,1,41.84402818388783,0,0.7366676301215198,0
1808.959137652123,20,0.2993029957247708,585,3,11.39356708972001,0,0.8574254458914639,0
895.2040008112147,8,0.4292600540049118,472,6,17.01851182260443,0,0.7419367954707735,0
1139.288002864578,18,0.1559002967202824,145,5,24.262641147346994,0,0.424961882923818,0
860.066167922465,12,0.065178912549516,464,1,14.007956663501655,0,0.8441589283508705,0
1203.531413404232,14,0.1578979505538396,241,1,7.079301746839363,0,0.9544868333169272,0
1245.872804636742,14,0.1351246148521651,472,1,2.9097412443542128,0,0.8287880244158895,0
941.9412546045088,16,0.3412016243234222,923,3,3.3933372084980737,0,0.9832711694269494,0
565.5213303647427,12,0.0611197577390141,274,1,1.1348540928335369,0,0.7738225376620669,0
931.3144908276809,19,0.0770249327933827,463,4,37.10292711254957,0,0.8310905887450387,0
1311.3135383528308,11,0.502526957391146,936,4,4.138904034508744,1,0.9289199202602504,0
403.49382942540905,17,0.1737111802226189,379,2,7.474463375508469,1,0.943903859618532,0
1376.35411944085,12,0.3367423209622804,346,1,26.080696215210565,0,0.8679607351383255,0
692.9319780962612,22,0.2267098172147121,448,3,4.059416370661592,1,0.6497065693026943,0
1494.2394119338107,18,0.2256507804867379,726,0,6.456062536604372,0,0.8934245603395079,0
1291.974769427196,11,0.0964872378069569,335,2,10.5008019257864,0,0.7635347802805095,0
270.1093990533818,20,0.1447997018145453,912,1,6.082944027648859,0,0.9096301474437238,0
1095.3669629334406,13,0.017155932830635,244,1,3.6730968054527473,1,0.879193026380932,0
851.3959840566292,20,0.1680229075190225,449,0,16.580661419989628,0,0.7190843099132713,0
1463.6864094281432,17,0.1912018412899777,865,0,19.37680206798975,0,0.716106477634225,0
384.950119154222,22,0.2129706362881226,664,3,16.0728670097397,0,0.9596666753757618,0
1270.1959513109257,8,0.2657296211960459,600,2,26.98713624751542,0,0.7924148795138412,0
1058.1592916307047,18,0.3849233794035526,562,5,31.32776069719844,0,0.8470358584122929,0
668.0937377824922,8,0.1470877413253402,911,3,58.19995816564285,0,0.8262127436627165,0
766.2952009722372,14,0.083419667606145,216,1,18.03170264458773,0,0.8647925863126339,0
70.20388772306512,4,0.5875257925580899,116,7,401.38756581580714,0,0.224061996041686,1
664.527936250547,14,0.0671357674678946,366,5,2.9750412862088025,0,0.7076757171253129,0
1019.5259176233878,18,0.1157461886232542,396,3,0.3522894835036806,0,0.830841347300136,0
1550.0946316459376,13,0.2016997807151688,85,3,13.170330051298324,0,0.5142083235018102,0
1990.443203343097,13,0.5044712242872549,575,2,33.537776112674585,0,0.9523671289762334,0
1360.215109419476,19,0.1047334692309607,519,2,9.090556514426424,0,0.8068114743780763,0
812.7295687196996,18,0.075949091531565,328,4,3.6044006230222623,1,0.6477740473649054,0
693.5630661250293,14,0.0754631545171164,836,0,10.160031770496223,0,0.7994810702943855,0
158.69775505693235,23,0.6009140900304722,36,8,23.492192290355053,1,0.14619806269132,1
427.434033048554,14,0.1225730755661384,422,2,27.857706243704936,0,0.9101264434376962,0
260.9325590457601,7,0.1309319710094604,160,3,56.849335955268025,0,0.894898791355343,0
267.1131511488578,15,0.1581695178203144,411,4,21.202379719712404,0,0.6637339443582019,0
608.1923164239182,20,0.1382233362932664,248,2,25.53525986989001,0,0.8795676174031988,0
1965.572251214067,12,0.1083925277270202,614,0,31.5884954560157,1,0.7283918183501075,0
1140.5007512130671,21,0.4888186345697642,409,2,68.59458414126661,1,0.6268769716203784,0
1389.5800970080602,14,0.0753209284515771,375,1,1.9781344576910824,0,0.8419464338329368,0
1797.3383786269867,13,0.3837813195891273,934,0,4.1398028505800974,0,0.8102342998698994,0
1221.1767356373157,22,0.0722596293828654,148,2,8.246680676660233,0,0.7879736181310073,0
590.0611771628195,9,0.205608189078779,444,1,0.9820558755874604,0,0.8331763983544503,0
542.9091567053505,8,0.1697981292806246,327,2,5.72743247968425,0,0.7841205864139579,0
440.6141175852276,8,0.1144919699227745,914,5,3.298840847781087,0,0.9835429797022744,0
2038.2149649200792,18,0.1268470508024576,797,1,20.143148780669023,0,0.8281526835033445,0
448.91413067015634,14,0.2165071235586302,209,0,41.84308607922027,0,0.908443146744446,0
449.03253764888115,12,0.0887759728422485,541,1,41.66717943436711,0,0.7186365482722695,0
2959.7776640645225,17,0.1280361845621737,819,0,1.286658104607696,0,0.9423582371474178,0
1352.9585500791595,18,0.0804363143349076,301,2,8.505780518577813,0,0.5949113998897625,0
1990.757869230007,19,0.0884662624924079,874,0,57.41830450400606,0,0.5945686092745666,0
450.2483405840278,12,0.2489335826544109,775,1,29.672297637890715,0,0.4878142897761782,0
691.5583056987391,12,0.042776931619087,454,0,16.591747415700596,0,0.9560111651417048,0
1685.374404275055,17,0.0975213084649106,173,2,6.77495924915922,1,0.7108257596494529,0
672.1638948557398,9,0.0471945013920513,489,1,9.882820758556576,1,0.9873798551865548,0
806.3801010325519,8,0.0728462228974665,659,1,3.1557388619289273,0,0.8924153737868473,0
745.7255598754845,12,0.4856453553507386,151,1,11.412990877180432,0,0.861492859055157,0
1389.3304339461583,15,0.3538921395523566,397,4,9.718514128549693,0,0.755470232495466,0
614.7352691781668,8,0.4012062719981534,208,2,2.5601290987430185,0,0.7748660974522238,0
602.7248898811639,15,0.0567505976937816,173,5,1.272844651276258,0,0.7841893103645858,0
657.2666484747314,20,0.2419312362838271,544,2,17.17563152828461,0,0.8485386809961999,0
845.97394905292,15,0.1389843451787744,576,1,18.06043721055341,0,0.684926019817044,0
1311.253096349006,16,0.195845128916956,104,1,1.389457388649882,0,0.6868110233617587,0
1111.8027365187556,12,0.4349803278591426,271,1,6.222402172064937,0,0.8612600628712977,0
1677.0037886979762,15,0.1989356843729676,861,5,23.97515725871187,1,0.7645867249602278,0
903.37128535953,20,0.1992922072557046,665,2,48.75341529164536,0,0.8104682523936348,0
531.5405978925767,13,0.156114062907089,332,0,1.959932429644568,0,0.9035686168933686,0
2616.499958063131,18,0.1179649837859515,729,1,5.531453777548677,0,0.893677882768117,0
1253.6101786756394,13,0.1480232196583914,415,2,3.123416289564372,0,0.933415820840756,0
314.47345970628373,4,0.5389141744660947,51,11,260.1875746348605,1,0.3560397997796375,1
330.035990885157,11,0.1496656202771795,161,5,12.448870917324433,1,0.657728128071528,0
1072.2829090738396,17,0.2533540216486983,305,0,1.324512910924006,0,0.7611533714734903,0
1224.6402933395918,21,0.435192099627335,434,3,3.810522825786798,0,0.7555656079234017,0
700.4421447688588,22,0.0879663569343208,986,1,5.893031504650013,0,0.883705485168006,0
3095.4716883814017,12,0.1360832750313952,663,1,2.4543509062589832,1,0.759690778628215,0
2253.4900695905103,8,0.1689025393545581,975,1,11.114392454002704,0,0.901716944904078,0
1486.2995112146798,21,0.1297964240528842,732,5,1.4704012785098195,0,0.9459896637995296,0
1670.6543080094484,9,0.1669878395340876,147,1,13.213031900024928,0,0.7410075098197728,0
1187.1546097730643,10,0.0244444698645915,826,1,20.4537884051796,1,0.949534825926594,0
2823.6529385074323,10,0.117949903036999,969,1,31.817067495317623,0,0.8787141347593188,0
722.6185017643628,16,0.1787114174568529,423,2,21.81668719064161,0,0.7770244774194967,0
641.8546364559182,22,0.3307610857524153,79,2,20.415667816628243,0,0.8209197159894679,0
1446.8743798206656,18,0.0890388458624055,717,0,14.079699594344534,0,0.926754508017558,0
1113.1663230840736,8,0.2820549904216031,332,0,70.50933454662041,0,0.9074332152136187,0
1947.8032440356712,9,0.212920456447857,469,3,5.204122794860473,0,0.8381030275033394,0
613.8070140109414,12,0.127681267406049,798,1,6.554775421208951,0,0.7495422116090515,0
709.8739892972086,10,0.4156598529306024,399,1,1.878928252709916,1,0.7346334609191915,0
431.8301604501495,12,0.1407372845884053,58,6,0.0435459138691748,0,0.9448788905372068,0
786.4618722173623,8,0.2168829593163412,178,2,2.094787163688266,0,0.8759890436948515,0
595.9652325593757,21,0.4561310652476808,905,2,9.913472687535757,0,0.5871923994663267,0
951.9364238449792,10,0.0407394722365711,355,3,32.81400754263842,0,0.8587674814801836,0
1222.1037006693848,13,0.0698391907070856,93,2,40.3737474849839,0,0.8521707569906446,0
975.6401593935666,14,0.0675788540722015,352,3,2.3198821745603806,0,0.8377962248498961,0
1083.825708261365,15,0.2645077872809607,839,2,20.55171982835908,0,0.6084373796377394,0
536.8401921968169,10,0.0869949590513739,832,2,28.9243102329036,0,0.8839166205998011,0
139.63332383472158,1,0.4645499461459343,124,7,201.85848764752865,0,0.2704500880990216,1
2055.245866616312,16,0.3749171307341361,187,3,4.548477701362107,0,0.936558017379391,0
1471.1920854702666,15,0.0831398376362678,399,1,89.03587993412518,0,0.8499286930360714,0
1720.7260958177164,8,0.2052868779664557,283,2,8.655919508570724,0,0.8663306410395025,0
1829.342397616524,21,0.261457268058807,781,2,10.470284056719231,0,0.9297916909286398,0
780.2936414385492,9,0.1144672142761459,979,2,1.6786974259511265,0,0.9269932295001686,0
637.3024585768503,15,0.3617762265022907,800,0,26.438321801763056,0,0.7617148143984718,0
2428.270037891524,21,0.2073302564819757,588,0,26.90839625379158,1,0.8420429628810235,0
783.2101414177542,14,0.0561368035997098,50,3,26.421262361102738,0,0.7782111731739599,0
906.442447273136,9,0.2155152228213416,123,3,1.0774957664156597,0,0.6547874741299501,0
562.4155039382225,13,0.2608621203898749,982,2,6.303611916478052,0,0.8007361303705289,0
836.0832088684754,19,0.0894638711589205,710,1,11.422322738326296,0,0.9237522489091275,0
1395.4856417962403,21,0.3822312120836812,790,3,1.740009232283661,1,0.9778307453839912,0
1011.6584307820644,17,0.1698103990824509,963,2,1.6662334171053903,0,0.7477944958571277,0
590.1393093145036,12,0.229833720750773,276,2,4.634629333521794,0,0.8210079255745047,0
1739.732324487396,8,0.1359522742318456,642,3,3.725900868692836,0,0.9331396979004144,0
1447.7239835357673,8,0.2383804468894318,264,2,11.17748945912835,1,0.6904341224488124,0
413.48347364169007,7,0.0604750312761289,167,2,10.455563505670154,0,0.4886497544101792,0
1686.6315570950806,7,0.2306290433662445,392,3,9.006160085466654,0,0.8762207919310206,0
2088.7103405157836,22,0.1216244978312146,379,5,44.5984611875981,0,0.8485132128650192,0
829.8395956695414,20,0.2839637322022852,978,0,6.066810100587576,0,0.7451936511947604,0
355.3550035036466,13,0.3059869024155753,651,1,19.07282622728933,0,0.9184739147414628,0
751.1178413403778,17,0.4720264632054629,284,1,17.934516625070025,0,0.819399772303175,0
1915.3481427057989,21,0.1240380918223832,90,2,11.968079318710034,0,0.6623625455263895,0
1120.601330815986,16,0.1957016220473119,859,1,72.39622521228316,0,0.7728488019858978,0
1017.9467022032989,22,0.0628217517026726,756,2,18.38103989852188,0,0.956220012202331,0
1003.9739121220488,22,0.3472027011377494,981,1,3.222286313286714,0,0.5599699061558936,0
849.7383258039538,13,0.2311730825512077,508,1,2.305344851433147,0,0.8217325984435219,0
698.4862685274227,11,0.0525519798957112,296,2,20.439243922402387,1,0.9650056213173523,0
1197.3422879013772,22,0.3125581167828662,838,5,16.966452627418263,0,0.8524879884592524,0
1025.2043052314664,16,0.1565227383367647,36,1,8.637192523883998,1,0.9588015558030202,0
1023.6567732346628,22,0.3550701132038812,848,1,0.2463847734539035,0,0.6711854586576501,0
973.7186711620064,21,0.1831639734301633,428,1,42.87128720270098,0,0.90817908945944,0
729.9828780797119,15,0.0325111502085052,163,0,16.09144759612307,0,0.8787514914782091,0
337.6699618653279,14,0.1969290142388059,463,3,25.913072511357885,0,0.8392596624280374,0
964.3837021596296,16,0.3363453692668816,622,3,3.1811778896819787,0,0.4461625640050001,0
1542.6883010342697,13,0.3231489266624134,815,4,59.04439069562766,1,0.8217498416278289,0
449.3031637332942,12,0.2407827582734807,98,1,1.842180847565366,0,0.8169509503558502,0
1547.0436474203957,21,0.0181345463619086,977,2,17.465356671675384,0,0.9058936963758234,0
1310.2729322540713,22,0.1586436410661552,501,1,16.06275824811032,0,0.7061772671849472,0
1088.2426310875198,19,0.2004468236615491,553,0,3.545279992065711,0,0.990741831789022,0
1515.5194796466487,14,0.1777593631231758,789,1,32.87195128582853,0,0.718867037161561,0
745.9224547939318,13,0.1134511412605505,104,1,5.484862251559766,1,0.9762770251398436,0
1290.44120369314,15,0.2788595903190128,323,1,2.2688927455631265,0,0.6793941660642745,0
1192.0371765155865,18,0.1226509782444933,980,6,0.7484263443758836,0,0.96647097465161,0
548.9603132060001,7,0.2018236297095529,562,2,30.58654747606553,0,0.9403066645318564,0
1272.9442278165614,19,0.0348371737853692,836,0,3.8555897139640103,0,0.8509839697702153,0
552.2210654068756,16,0.328610279084735,288,2,3.1331258028136353,0,0.9205470113762448,0
698.5225423661069,16,0.2270027647515782,142,2,5.148651719822076,0,0.6573142341451609,0
1376.1269170144203,20,0.2025929288211863,340,2,7.76687578723127,0,0.9155426592167092,0
784.6318343236435,21,0.463403128844829,394,1,13.918203100450324,0,0.9390661080200426,0
2695.5096664763946,8,0.1215358158035118,416,0,25.8507748265674,0,0.8350715533849485,0
617.3122784102338,17,0.0485467598255819,960,1,15.72002796646116,1,0.7699562307172567,0
888.623637631089,11,0.200009924184775,457,0,26.0773691792353,0,0.8354109239574488,0
1256.7709461876516,12,0.2444944056529968,705,3,4.434992330265666,0,0.6488027008753038,0
645.3588683717354,10,0.0452196139315794,472,2,49.79819455128205,0,0.925978769330994,0
546.27034666941,21,0.2083103728327673,183,3,24.91082617551148,0,0.8100535792648118,0
654.4136235818672,17,0.3487787591584749,451,1,19.974072979813972,0,0.8250155463793312,0
753.0218086137094,10,0.1484465121154154,382,1,15.925315442475904,0,0.8228076624163024,0
1190.3313197616476,9,0.0370440162267432,686,0,9.86221723539208,0,0.9504752785534822,0
1611.3947176416657,21,0.2475502748763272,366,2,4.464820109620676,1,0.9145610580898332,0
714.5733696529237,15,0.1638337484421757,579,2,30.91443181451821,0,0.7865478896099826,0
509.5485168075565,16,0.1576225910469497,183,2,41.2738362694297,0,0.8934573328652299,0
230.518201617015,4,0.7137053942628087,118,11,74.40490278566004,1,0.290089990221533,1
972.585164911033,22,0.2934876943446615,914,7,0.7906539818163706,0,0.8814349362697733,0
657.934281610838,22,0.1395418937679798,354,1,2.029746276772504,0,0.8707050097295767,0
601.127189754632,16,0.2418973104753609,199,0,8.003834490948412,0,0.9295791319540604,0
631.3567493816805,19,0.3489904487719475,273,3,9.180577230891004,0,0.9166369811693938,0
434.811423087965,7,0.1594379070426904,669,1,9.875998901547709,1,0.81957746933264,0
476.97672251943624,17,0.1714234048995524,492,2,26.13703451956841,0,0.8108776791515235,0
1733.1992700029066,22,0.0709908057638794,972,0,5.8150589218454805,0,0.5898083279330713,0
1002.1694851999056,14,0.082837730960401,744,3,13.0365338767699,0,0.925723634930446,0
1051.107653429079,9,0.3232120791841849,491,2,29.163108147975983,0,0.9421966693255156,0
3063.072717197275,18,0.4993929041705889,122,2,11.878753487696644,0,0.9789762366747712,0
559.7312761280182,13,0.0374046646240087,328,3,6.923507468476363,0,0.859986101867946,0
460.27531222607973,21,0.096140777964795,596,1,14.81146478841774,0,0.9272440602865644,0
1978.1014040755877,13,0.2181025080915278,565,1,12.841625690920978,1,0.8938921336353348,0
1031.3003539546353,16,0.3018978838230191,312,2,2.656714263391548,0,0.7346198427626638,0
888.3746568424092,17,0.2039872166339931,514,3,10.21307102428714,0,0.8188750278386872,0
624.104450529663,10,0.1036606167763121,671,7,0.7867356978341475,1,0.9465331913738044,0
1220.5260285792076,19,0.2955356261817703,908,1,5.568259140927363,1,0.594754635851132,0
2102.416046631958,19,0.188899115829064,553,1,45.0211601229706,0,0.6737716938285163,0
1707.5342087571876,13,0.1440147022373045,68,0,8.757171997928454,0,0.9068980123182322,0
1679.6305467684383,9,0.0242701637702261,375,4,7.000227808108367,0,0.813967016847812,0
976.1063332860584,19,0.3789410928857336,820,4,13.10441966854529,1,0.7942227335563995,0
1467.4664409960576,14,0.1935664483593168,144,1,33.20911366191105,1,0.7258066352367393,0
1078.3865582069616,9,0.2294190251139398,719,4,1.3134737312706464,0,0.8055489846718278,0
912.312852748816,10,0.2737347380013633,899,3,28.786983709503353,1,0.8932805768142202,0
421.54060935478816,8,0.0891680095909597,628,1,5.575181103695746,0,0.8880323901693526,0
1666.0635029176256,14,0.2027231111198745,537,1,5.660599315069169,0,0.92476072275301,0
1075.5793775871257,8,0.1814167450724545,430,1,15.88562713132128,0,0.8242674601285768,0
530.5859119964391,22,0.0650433611096862,822,0,2.528616047255082,0,0.8558614414203256,0
605.9010315842776,19,0.1502487022596679,992,0,8.985981983537084,0,0.8474086344597473,0
1804.3175310952267,15,0.364772587822734,738,3,4.618077865706926,0,0.7582800842493979,0
2604.0511494784428,19,0.2374198600565809,421,4,33.22357088764281,0,0.8152528533679314,0
673.1167089106809,15,0.2556608428396067,557,2,26.543657785359706,0,0.9422200319755036,0
241.06627114602887,10,0.225312445994274,638,4,13.843963631282064,0,0.5494256788418339,0
795.643201622209,19,0.4510724244407867,145,0,8.679986828318418,0,0.6064131127769607,0
1091.9263542981012,15,0.0233482069959384,586,3,10.95803557671108,0,0.9001097359314559,0
1244.6814700125465,11,0.1378713499158139,863,2,1.1437813452740488,0,0.8277162590084549,0
1628.696848488221,8,0.0933714841414315,945,3,2.7289954943987937,1,0.759685455360157,0
839.3060735343096,12,0.1034467479297859,358,2,8.080833579625535,0,0.7641505334202283,0
1133.151719845264,14,0.2043573602693774,737,2,8.956199104411237,1,0.6931209317613015,0
552.9486082429453,19,0.1703365102249666,491,1,5.616849354971474,0,0.9131296038192658,0
628.9799266892461,17,0.2031222006713859,616,2,16.431963353355382,1,0.7935878869980101,0
500.0223932991368,20,0.1932044797307179,427,3,33.67764280224073,0,0.5794325983002404,0
742.9140962316673,22,0.3863262942588547,941,3,18.82738274731778,0,0.8635030496718489,0
1079.368118612054,15,0.2028645939522774,900,1,9.300460776135704,0,0.9686342599965976,0
827.7271117673232,7,0.198725018963333,377,2,0.1493180769811088,0,0.8969976289734369,0
1077.2977566686511,21,0.3095421111493568,579,4,10.889923113092584,0,0.8314273563690299,0
512.9485475002471,12,0.068671313931518,613,5,38.846629608764864,0,0.9499490437714532,0
1139.3147921502837,21,0.1470019255403247,96,5,10.111785949999694,0,0.9118737551687086,0
311.6974047243286,21,0.4178249792251611,55,1,3.1620212886455374,0,0.7599755677792525,0
896.2129302881502,9,0.1260491097275347,987,2,0.8307168926864686,0,0.6738839221853897,0
1242.1726224420245,7,0.1793065908468592,998,2,41.599019665065185,0,0.8910157786923385,0
696.3385193457315,11,0.2192553499366087,644,0,7.550535370223795,0,0.8705086840138395,0
775.6847863694609,12,0.1668349669055969,559,5,9.825179858622697,0,0.9054732263168236,0
1083.0568692725742,10,0.0552540314130348,809,1,1.291302697509381,0,0.6709371573350214,0
852.4659505594491,11,0.1778996995927064,114,4,12.950591027554989,0,0.8073107116981048,0
398.38055707887935,12,0.077830244058226,132,4,14.092924306870604,0,0.579699772766659,0
1127.5821704034825,8,0.1542871821193216,340,2,10.103519864227364,0,0.7529597954827036,0
628.3305124294423,22,0.036589540257996,147,2,3.999301553924301,0,0.975807059278333,0
1017.281517863703,11,0.0878785772455831,385,0,2.0514544178813994,0,0.858103645339301,0
862.6950262123341,13,0.2394944469942962,194,2,19.814384149101148,0,0.9006596837721339,0
660.5288905108123,10,0.0265422712145753,60,2,3.229331873685411,0,0.9295800096202772,0
1080.3491081958623,13,0.1303801095628739,337,1,17.528079047451914,0,0.9205010920139984,0
1315.595108166686,9,0.1859573665988362,183,2,35.1937517042153,0,0.3587066502696986,0
964.5542133474552,11,0.1955706817888653,702,3,2.2840646446931747,0,0.9601664419101064,0
683.9456822455971,15,0.2269081842520574,580,1,10.742225457803926,1,0.582958852449303,0
761.2670143590163,9,0.1571210906841587,480,3,3.738268160738449,0,0.7598469078791104,0
1631.7904288526263,19,0.4293188510313008,328,0,13.587243493077995,0,0.7488848305993101,0
1691.2062107936033,9,0.1794813930658701,224,2,21.158645447310345,0,0.900031832663865,0
2026.2400637013768,20,0.1348044653527876,921,0,7.213730634283804,0,0.8496885833955022,0
1119.524545889299,9,0.0804111570698828,274,0,7.04991968060986,0,0.9166934308566672,0
285.0162791339174,7,0.0696994412408334,636,3,11.6590735381489,0,0.8525876545170401,0
920.877605869678,9,0.1579325095786914,648,0,18.600826765250183,0,0.7435940655527126,0
1182.2222575194237,19,0.275014207805565,858,1,28.14046112426688,0,0.5552994429382899,0
697.5179847295208,9,0.2258187565084063,145,4,9.859395287861604,0,0.8327828679087255,0
635.3907593977183,9,0.1556845637037874,149,1,0.2444242487557724,1,0.7591407618724189,0
857.7067274117029,13,0.2554673247401924,817,0,30.731267329309727,0,0.7680101231642992,0
843.1700431287177,15,0.5217614084346388,822,4,13.494383320350936,0,0.5171317398063721,0
1211.4201033655704,7,0.26684677447247,999,1,15.43553098930997,0,0.5883273178061764,0
1583.7802924686466,7,0.1552560156858926,823,2,26.4041023627136,0,0.963816139342101,0
798.0756319636492,15,0.4028853511558767,60,4,10.624484563001186,0,0.6566700889465019,0
451.5302143654056,15,0.1405620538635648,402,1,1.7359981849037387,0,0.8932153062504805,0
852.464690437374,11,0.1282997268564951,345,1,6.51045895118571,1,0.8545993680340328,0
339.4592402711797,5,0.8518585735361417,110,4,151.05814758799545,1,0.3750468815178809,1
848.3408405732795,12,0.0905943380079937,91,6,2.9844212440251754,0,0.8170190209728506,0
912.9057543836326,10,0.0816435284714296,343,5,1.1806280064543162,0,0.7917236290078538,0
962.7389636407066,19,0.2292921927377682,930,1,0.238583168457275,0,0.902173234022818,0
865.7339257253044,11,0.4012824238481947,380,1,2.234810719876662,0,0.8353382850187997,0
2274.214550997154,16,0.145182549798418,242,0,3.165026467328277,1,0.5601381005038462,0
1228.5116870389547,9,0.1708053332585105,328,3,23.823906134753663,0,0.8175914892716936,0
769.9808760405742,14,0.0916889462041482,802,1,2.770707930829891,0,0.9251738396870232,0
309.5052594462523,15,0.1620363823478203,359,1,50.681072106736714,0,0.6697963233452846,0
976.5118416772478,19,0.2292968810824684,435,1,4.1644975143338385,0,0.8972495292520912,0
1922.0467713092248,11,0.0924188208782339,537,0,13.02628371610186,0,0.4122253488566121,0
856.7424727169367,9,0.3765346397361638,555,3,3.5598550677577636,0,0.5024441351770297,0
436.75475798063235,22,0.0909370096276262,354,0,29.580911560596295,0,0.9096263940560618,0
908.7867464677744,22,0.3819266302179269,309,0,0.9183228059970407,0,0.8996584009537587,0
920.7323393439732,21,0.0976281644367253,902,1,14.097666790383446,0,0.9317968033443366,0
816.5225226799332,20,0.0339629734797679,344,1,25.17837707548766,0,0.9140437647497462,0
1005.3464542011224,12,0.0905944301031762,312,0,5.250705575801867,0,0.8715464639417737,0
365.23145038635874,7,0.0745187222429829,629,3,0.1741614717855187,1,0.8440263951580997,0
1397.1937544147368,12,0.4192415524381098,993,2,17.521638046733237,0,0.8592538996218706,0
783.5913208487374,10,0.2593735859603535,636,1,47.06435802869165,0,0.8138013770387807,0
1587.30230492559,19,0.0260651408253101,131,2,8.612038933822992,0,0.758023521127001,0
833.9422146873685,13,0.2656594807964086,477,2,39.47550654827209,1,0.8206499668301308,0
361.4771941956538,20,0.0679759731188941,255,4,12.586787897356468,1,0.7098788730517,0
1128.326270728939,22,0.1849319329316962,753,3,2.845485314091976,0,0.529408131666896,0
424.7208969601423,20,0.2568213617135403,384,0,13.991922353970631,0,0.7368660997198105,0
745.7978466250391,13,0.5129254168894664,227,0,31.215665882050992,0,0.6432284100161939,0
557.7505568966984,9,0.1469233216359769,580,2,24.555310506593084,0,0.7485615976664536,0
908.7407574641176,17,0.1412111322097442,773,1,8.450467903163169,1,0.6508111415218834,0
816.545886558948,17,0.1507452988797352,977,0,25.86330475513881,0,0.573801814414971,0
580.1857605289846,19,0.4530591113332023,48,1,9.712423994887995,0,0.5957433945916272,0
445.9619582522028,20,0.3331816821287984,127,4,0.5487383711592829,0,0.8200398411758385,0
1065.3011072894778,8,0.2602747537546432,884,3,12.642380742112948,0,0.7423073015052578,0
779.1376307723774,10,0.1272390667517462,982,1,12.016522604988127,0,0.8173783735334392,0
1046.0460753181087,8,0.2247495275067776,446,2,7.779723219611595,0,0.7468813894026638,0
902.5531069198248,13,0.087385354863404,840,1,16.930089637321096,0,0.8464280404481449,0
1381.4260458854687,7,0.3685829354792309,444,1,1.757653959359004,0,0.876280500616018,0
1178.381950153122,10,0.297752959202834,751,2,20.60839545958419,0,0.9388981667189038,0
1460.9500324612495,20,0.1205040146052344,403,2,5.770048782039714,1,0.8910446851741382,0
809.7950634870615,11,0.1378540277912488,336,3,0.3591336130203711,0,0.9525333999980596,0
1219.505693121794,12,0.3130230682571583,776,2,4.640342939523336,0,0.9109987572739836,0
1092.9818716791156,19,0.2249649951331508,76,2,7.0820222076383725,1,0.7780726247523851,0
1302.7684586326025,19,0.296416544869352,486,2,58.563419660352096,0,0.8926178855673176,0
813.8207520309151,20,0.1398709685097959,958,1,9.789801110922916,0,0.8929175350167411,0
123.22810830915294,4,0.81582316996248,25,8,441.7162385142155,1,0.089101438728896,1
1416.338867153556,18,0.241757154273079,837,2,4.562221125729759,0,0.6041463788905429,0
332.45634467273544,22,0.194227314050565,226,1,1.4723230597586143,0,0.9465386002846876,0
521.8875573184674,11,0.1532603195667911,662,1,0.9977700296194788,0,0.9688747257878636,0
2217.0774626281063,11,0.1425324301810399,113,4,13.243141570933206,0,0.615747881415108,0
1346.0626350873702,14,0.2723537582861282,926,1,30.663175681433113,0,0.93853377008218,0
1564.0275343327958,17,0.4422051606026864,72,2,0.5468476410714807,0,0.565914383184658,0
1020.177777745877,14,0.114622491292116,146,0,4.228183646261915,0,0.5394608855165733,0
1035.7560646137576,11,0.0383193468738948,451,1,20.006040980098277,0,0.7333491998829931,0
972.2670593657743,16,0.0963608625205897,886,2,2.155601537840793,0,0.6495092992150417,0
577.1061638095457,16,0.223804048261324,287,0,6.915703402691168,1,0.7419124524070414,0
923.4073247010984,11,0.3439431037434228,589,1,43.12069709064771,0,0.8205795085948213,0
1564.6494210834733,8,0.0541550043807423,522,3,56.01777875574105,0,0.8341926356110835,0
1256.75847365987,15,0.1670383114360182,279,4,9.3049374371876,0,0.4821891635386527,0
154.86002174500786,5,0.6924842947928028,88,7,92.75309058306811,1,0.2433049000542936,1
1385.8887846561165,21,0.4488082853375737,677,0,10.740154412545465,0,0.8089722069259269,0
960.3696916664522,8,0.2402359622437891,131,1,0.3372913586662563,0,0.8844259071895577,0
409.65933800505394,8,0.0880302671698901,784,3,9.667194582689088,0,0.8857109321855878,0
1086.9336804711324,16,0.0914151664159092,189,2,4.228242494805374,0,0.9482485392317068,0
832.195216145015,7,0.1783284724663148,851,4,0.4765749523883507,0,0.9389071446630864,0
1179.1531779377133,21,0.4945600876197208,86,2,16.41131242845127,0,0.9254302394975554,0
2341.486232200428,21,0.0986374256046474,531,1,12.550622934257122,0,0.5817667172550204,0
2274.8345380887104,18,0.1221133995836512,256,0,7.921435072881562,0,0.9734434478702664,0
1033.9391644162,17,0.4864350241167464,469,0,2.903783286581344,0,0.7632057006939369,0
277.80546580311096,20,0.1565485500760774,786,0,26.911776210202017,1,0.805358197474906,0
445.1543801860733,19,0.3150228996848057,88,2,10.423697033076095,1,0.7435593310971516,0
972.4146531347064,14,0.1390271319181704,68,2,0.3704626225988298,0,0.7306463333061144,0
1917.9400950172387,21,0.1498008790691074,586,2,2.224209879951176,0,0.8827433949247327,0
1336.378031962464,18,0.2022671502470892,413,6,7.255423950207289,0,0.7451104651417445,0
941.1998091197864,18,0.1317014601121379,729,0,8.808706112598934,0,0.7608778643156042,0
1559.4138180387235,16,0.5612452041847965,165,1,1.549588202847528,0,0.8601978435771113,0
1317.9127634660094,16,0.2332525672350593,871,1,22.510028280014197,0,0.6872257200293558,0
335.7351235760705,22,0.4486593467729116,895,1,8.293816880079225,0,0.7942913113991689,0
747.7187649752316,9,0.348639976744431,506,3,2.425398747836051,1,0.8212511643880174,0
3494.82945145524,22,0.2190408036074897,464,0,34.99629690070682,0,0.736400626483293,0
905.0227195566024,21,0.0307190038901386,979,1,28.32574657118895,0,0.4457317781455066,0
599.6794665865332,8,0.0469604035799426,236,2,10.623858144818474,1,0.6263553380056193,0
829.9128240035851,10,0.2053799297833683,499,4,49.74592667103119,0,0.9475844713539064,0
609.6296091415733,8,0.159373460434958,690,3,12.817643085734703,0,0.7650652385827114,0
433.3614939747833,17,0.352939864999777,338,1,5.821392543993936,0,0.8863544832699947,0
740.422734384075,12,0.1541342605963405,557,2,6.048951900503695,0,0.8398607285052199,0
1890.4103489302356,14,0.2483052513746572,45,2,26.328415342962504,0,0.8988063996495679,0
765.0102858094565,9,0.2926293025857878,838,4,0.3654490493122251,1,0.6603103543064022,0
1372.7656851461938,7,0.1457747171327519,564,3,1.076595579506803,0,0.7034034375109067,0
452.7976265861728,12,0.1316361692401886,924,4,20.387871287320987,0,0.7706027776243825,0
804.6757871055087,12,0.1553425879828153,30,2,14.926216881186358,0,0.6013079127328148,0
1561.7698845840644,8,0.0984201505223459,961,3,27.693428443120993,0,0.9927838301074696,0
1181.0434724670347,16,0.1411903987105838,483,2,5.56997932114298,0,0.8143387625251023,0
766.435021280996,9,0.0620119365318436,252,1,3.896834419621678,0,0.988821545842842,0
405.5079348759774,22,0.7808564005090303,84,11,29.36085697622822,0,0.260000452279078,1
594.420842466841,14,0.2312172701999591,353,1,10.973272950600498,0,0.8415595446740584,0
605.5173421969205,15,0.2829977053792157,593,2,15.69539648002086,1,0.9088358024601152,0
1738.036324451287,20,0.2134444947752976,753,2,47.11419401265085,0,0.6957836808489248,0
1218.378458510926,11,0.1260827737917121,288,1,58.06654752439573,0,0.7871873183880528,0
536.6690074094703,15,0.0825209262852972,717,1,39.32351883523521,0,0.9657634132990908,0
1786.547017889602,16,0.1599868482007093,147,0,63.721614896242905,0,0.7072239215806331,0
1199.8305134061536,10,0.1410648290773163,506,1,10.97096512587436,1,0.8551102256161842,0
399.1756712482726,11,0.1919460114638984,832,1,0.3779249032206012,0,0.7258981194606241,0
997.0720684352752,10,0.3388320314107538,702,0,27.145619509275683,0,0.9209270113164276,0
1403.140622699104,16,0.1290739058182931,545,3,14.718422933958676,0,0.9662026929980604,0
886.8218280883269,8,0.3191297091629508,906,3,39.98847393182472,0,0.8577862121044962,0
643.3517157690325,17,0.2395865751818714,44,2,2.800763613623941,0,0.7259188372790324,0
567.7649862985369,16,0.2237001493804076,487,1,16.2051476388414,0,0.8858766039397812,0
735.6567160674684,22,0.3198599706590095,976,2,28.956044838146266,0,0.8739612299195884,0
989.451037646724,10,0.6997571729698465,94,5,7.8545583761633555,0,0.7612036724431894,0
975.6145512670156,8,0.2478538541638805,634,2,26.95157988882287,0,0.628444849086952,0
1142.7560799283756,17,0.0657456317925698,935,1,18.07038602826063,0,0.877094437085776,0
799.6290697292875,7,0.0232803990011216,138,1,6.386580256601355,0,0.8732472575861179,0
702.5905475130844,19,0.3395724046375744,321,0,7.806968100573069,0,0.8580155981427826,0
568.8554924561594,7,0.1405487830542291,256,5,1.5937537157594046,0,0.8877942431406574,0
1376.214063193155,17,0.3444217180108746,413,2,22.587991083226612,0,0.8918884618845911,0
302.41598248745373,20,0.2584589692446981,206,3,46.19427135287946,0,0.9508591018997262,0
469.13259607062577,8,0.3236444199613089,692,2,12.758516810902528,0,0.8936207420641581,0
866.559571682453,12,0.1333183609560429,594,3,12.978972375505432,0,0.778666580728739,0
1536.942965408093,19,0.4482547520280395,298,2,14.236533445147453,1,0.8302557296723947,0
1240.521693559272,10,0.1421582793500857,896,0,28.97210772028094,0,0.7579998586641743,0
1282.458979290344,22,0.1502298665101595,274,4,40.926004399497685,0,0.8738617086659153,0
1519.4465125716222,15,0.5139793064041919,603,3,4.491938194114834,0,0.9981337256130464,0
1269.9409903589626,13,0.1853600372113835,853,4,25.151350906659022,0,0.5150070784881573,0
458.86787726777095,10,0.2337613398615442,41,2,18.14104890758366,0,0.8667508707033597,0
743.3312627525926,10,0.0895226358183215,282,1,35.48821451279137,0,0.685946890083253,0
1241.0059473807148,13,0.2062997702644484,467,1,2.1901627031283013,0,0.4935011694726172,0
615.5804200648945,21,0.2901364478449182,916,0,2.2039310095613067,0,0.9093578764425018,0
968.5502433426392,20,0.1802841634869313,250,2,18.194784356047037,0,0.8201743217637825,0
951.7160280863612,22,0.19683337155264,85,2,9.018596724834955,0,0.6326902895327963,0
467.4558382550038,9,0.0940182418443098,993,1,32.446022569468795,0,0.6617131640530275,0
685.8305583646414,9,0.2887695930609849,343,1,43.78409144568905,0,0.8740117026721724,0
784.2476083875869,17,0.4621670617871463,922,0,6.418794086878798,0,0.7244410488969468,0
692.1239064831104,14,0.2232493964776188,207,3,15.900045296465454,0,0.5988897925413361,0
1666.3944587612796,13,0.1304775601268477,53,2,19.30680185183096,0,0.8871094176231363,0
1202.153168435491,9,0.3091492602288531,908,2,10.594451555132231,0,0.8496563877773927,0
644.8523167083582,16,0.0801760695315219,66,1,4.635513276467287,0,0.9647653686378904,0
3514.787146127815,7,0.1311575170813114,314,1,28.994841738571,0,0.8921217822278825,0
218.8203649983811,0,0.6873113107680926,138,17,170.0105250223499,0,0.2798535144841536,1
786.6627602238691,16,0.0772693479283787,757,0,17.13876076750025,0,0.6282749160645414,0
1923.8951708629236,9,0.0470138456137628,642,3,6.590374786682207,0,0.8815405730917524,0
2832.1447516279713,18,0.1075068976844151,999,1,38.53206698041703,1,0.8010569096780181,0
1038.9833266176672,10,0.0183709683852616,520,5,34.558468964649585,0,0.7488248535172154,0
1040.2292978527555,21,0.0378258820416371,179,0,58.22086079230529,1,0.7852485576940604,0
887.9717256855276,20,0.5346161664482282,823,1,20.999891936908146,1,0.9433504532827656,0
884.6647135357618,17,0.0757026018161191,297,2,6.3964921496278615,0,0.87394982549059,0
1292.7013467591223,7,0.1998700313120879,796,2,6.21949167468778,0,0.8959400415312537,0
1535.2608031824263,11,0.0531892979900241,364,0,4.825681641282334,0,0.7490402695357693,0
596.8027945862243,16,0.0563139749990651,860,1,0.657474837570865,0,0.529542890762349,0
845.9486525714741,22,0.0450002045758018,137,1,6.601406029593912,0,0.7643405582485753,0
593.1175288368971,20,0.1179441632069345,639,0,3.922887503984755,0,0.750913945217139,0
1188.3061192508087,17,0.1545424044126071,167,1,14.264614844218672,0,0.9408578911229022,0
2514.4890381655473,17,0.2039900924805594,538,5,19.046109489444223,0,0.8459715217790293,0
971.6067781644124,8,0.2092371303672349,423,0,25.725919806283283,0,0.7716968555190357,0
655.0251553565793,12,0.1703494012262654,958,4,5.1356732181721805,0,0.7644866520181977,0
707.7258655832874,11,0.2365468457796007,63,4,13.751570839483067,0,0.7144744697716633,0
1085.1965301613889,10,0.1288960785283559,431,1,15.891355796488776,0,0.6746326364166243,0
478.9375061415509,22,0.1925853134100378,728,1,5.3584685897794655,0,0.6083512682224531,0
1176.0712469299133,16,0.2786224534300757,64,2,65.47188314967651,1,0.8173651880300766,0
722.1562875637733,18,0.2469134732839906,644,1,45.207240771525,1,0.7055281818110811,0
698.1689563440764,8,0.2063044297060593,96,0,7.75486206254541,0,0.924693491475896,0
2503.528264575772,21,0.0545135220670229,227,3,8.209360740245371,0,0.9774780193135478,0
862.9098521965068,19,0.2317775733377974,352,0,3.6545094539165737,0,0.7746280114863388,0
1793.9875823320715,22,0.2777811257323,652,3,2.701929189164773,0,0.942738185763804,0
972.3717681872712,21,0.113412096437268,816,2,9.721694945626853,0,0.7110876085054035,0
379.42306885275167,20,0.0633401970518691,655,4,18.10155964270148,0,0.9202603168646694,0
1063.7007046078982,7,0.1674284681904863,369,0,2.0247536278902443,0,0.7285711871653985,0
945.1268158515608,11,0.0630655332128962,637,1,26.06037803740336,0,0.5572936676580111,0
574.0876661074906,8,0.2406255107542847,910,4,10.798005032323813,0,0.8840054963268746,0
1059.8067781966663,11,0.1563272616452805,377,2,28.820644053176412,0,0.8443863407083845,0
644.3276038002128,21,0.2332037667453394,646,1,18.537947915777984,0,0.9550888979468284,0
630.8190498644136,10,0.1413826890513563,98,0,4.055868466442929,1,0.8077660212898795,0
1095.7826482925043,19,0.4222371203885067,270,0,10.050457917234876,0,0.4913576019034033,0
684.8549590363776,17,0.5227853401050806,41,2,20.144736460265573,0,0.8560848474188567,0
745.9976018055918,12,0.0976256215307112,543,5,5.249066853669479,0,0.9287798842165936,0
1414.073777075173,10,0.1612071429012815,458,1,6.6743824945408745,0,0.8224915323415357,0
368.26821039578806,5,0.3787805202963067,151,8,161.87350768031556,0,0.2229291071908467,1
925.206731448822,17,0.188646388162627,306,1,12.985207109992611,1,0.9218742147362116,0
1835.5860191394224,14,0.1826471418753628,611,2,24.878911041987266,0,0.7040777922287428,0
1490.051642144521,9,0.2401035170433069,800,3,23.64788328725872,0,0.6377397149401739,0
1387.0391394328694,21,0.2998617029784439,420,1,12.082419337231428,0,0.8997320064433956,0
835.9226732216604,7,0.1946365993329207,463,0,0.9298438071273488,1,0.8300226849075084,0
794.6762135607001,22,0.2488182005139225,328,4,22.875054335493346,0,0.7296631074928747,0
1755.3781605892336,22,0.2295551176044894,542,1,1.0888122305320285,0,0.69330729946778,0
779.1145784207401,22,0.1969492825461569,859,0,3.771972695004154,1,0.9388497203897508,0
939.745514476599,7,0.1545386873140085,37,3,10.228111539503464,0,0.9622960998122828,0
857.4944032586207,13,0.3983728810036678,221,3,17.583693982991154,0,0.9323176990012816,0
904.5939633665708,14,0.1765905717986178,44,1,15.149661152178847,0,0.841157939720811,0
594.9098900863103,16,0.1028511559257197,310,2,3.757650758692887,1,0.8383150669867623,0
1554.988226041835,12,0.1520104620891404,209,3,8.373922832823585,0,0.9224645026225736,0
1809.524740185586,8,0.2968978760006867,846,0,76.78002472672912,0,0.9134774353223092,0
1071.1119969457504,20,0.3239642349604759,817,2,0.5651117839390385,0,0.7890148260537025,0
978.377113209532,19,0.1467500231050273,462,2,0.5491112768480044,0,0.9249595330224136,0
705.2691643355909,18,0.1159900751021393,446,3,12.916072725932915,0,0.9661996384597674,0
1605.431363414064,8,0.1061206212485972,231,1,50.504997943691905,0,0.9322580922796384,0
1304.4485468717776,7,0.1350224676839698,542,1,9.96194085026759,0,0.7304336904658654,0
365.11321290015866,14,0.2984160463420658,554,0,1.429934299536701,0,0.7419748598459665,0
691.3569941616681,11,0.2473880339804756,589,1,17.399669163408376,0,0.8711064422187623,0
597.6940162666441,17,0.3074734697894402,969,1,3.207473320904368,0,0.9243885344040028,0
1031.2001201164255,18,0.1642704166682886,350,1,9.403226887638702,0,0.8988305749178733,0
1024.165220322686,16,0.0483296745373113,598,3,4.699833220999739,0,0.8581058675460762,0
1075.251883538093,18,0.205416754096657,960,6,12.272561280056864,0,0.9057011014210232,0
636.8380427170313,21,0.2930923884795451,435,2,8.830044867786818,0,0.840278204098277,0
1241.98516862293,18,0.3995827722506161,781,1,31.975338335396035,0,0.6407191902038845,0
712.225912105723,22,0.0893156781648376,198,0,2.4351000741401077,0,0.9357895728097269,0
3203.3723764445976,12,0.2517817185259592,663,0,6.0724245736265186,0,0.8571171148145543,0
1090.6734318761137,14,0.1376264814311247,509,2,3.4020690297991947,0,0.6456670728729285,0
1179.4725722612573,14,0.084192507848619,133,4,16.568482795047867,0,0.8958661277029014,0
534.9810043188775,14,0.147534855750142,459,3,22.67247294106597,0,0.977512299639027,0
1305.8220020906529,16,0.200579549809542,177,1,17.75084173587932,0,0.8197643466015705,0
657.7351689908861,16,0.1592558018365724,874,3,1.923348432031358,0,0.9502825874336744,0
1181.737067582552,12,0.2201571102480868,121,3,13.489538875353087,0,0.7942716300040702,0
1550.0408489244044,11,0.2624773100202768,356,1,79.2822314697954,1,0.7380361583119851,0
1253.8115523341196,17,0.0740302212892732,867,6,17.129886170318347,0,0.5708766989105613,0
1912.030271725644,9,0.0792522679340769,100,2,39.4437883549937,0,0.8959162886979121,0
830.0645726445806,9,0.0440418197958522,778,1,5.461793415558422,0,0.7802224786833256,0
1266.541455236276,15,0.2349019776555312,443,3,50.55324958520989,0,0.8487560692374951,0
444.87794940644926,11,0.0809274441551194,547,1,1.1758194627203031,0,0.750778027861616,0
1601.8168414550858,19,0.1772431220790107,580,5,2.76896729329203,0,0.5730647115356463,0
517.7744754723705,15,0.1007306578718805,874,2,11.390798917383494,0,0.911049277520735,0
769.5590299930238,20,0.0869020604050707,822,1,14.860466763419469,0,0.6383916327612823,0
1399.242706659033,22,0.465776097031283,896,1,8.648542654779222,0,0.9276173729681184,0
1458.9614275820134,14,0.1003906193613623,581,1,11.327472353979337,0,0.7604472762387424,0
484.7573033964782,9,0.216284206788354,461,2,16.11131625377791,0,0.9238087238196796,0
819.0239458045507,9,0.1680568359212381,862,6,46.556705889861774,0,0.6624917005898479,0
618.036023301975,14,0.1488818579690443,529,2,15.923646032976698,0,0.8455940093035307,0
710.9523989591461,11,0.0977648850731971,645,4,22.451006632399757,0,0.9525725468330418,0
1049.0852330957284,12,0.3046925301648995,587,3,7.407169319423353,0,0.9640360274357264,0
1677.4195184372716,11,0.1931493672089728,108,1,33.232233597095856,0,0.8879900779437873,0
906.1688118985102,7,0.2752749199077163,161,1,11.071981802268049,1,0.92220624758046,0
1929.974416470223,10,0.1426812020798521,431,2,55.73092948601713,0,0.5109208831691171,0
653.5662465432121,14,0.20021713827915,39,0,8.293587068530949,0,0.5461065831809251,0
1284.3735313224704,19,0.1479251361113248,675,2,4.001146886991415,0,0.9659410822951604,0
1023.2966678757688,11,0.3600722123963806,449,2,24.330750866581905,0,0.7567794339644759,0
252.08638010919876,9,0.1729704772088758,672,1,9.671734959837313,0,0.8367709473091659,0
734.2011455007982,10,0.0895743642479466,245,5,17.170976493471983,0,0.7737448220034976,0
1387.3762134748831,17,0.2656510236071528,408,1,8.869605884587406,0,0.8029417221182611,0
1532.7920803687657,13,0.0422154630113714,959,3,22.521053800718757,0,0.8429161984982246,0
988.8942008149844,15,0.0803992563578017,545,2,54.074524681814445,0,0.5929745647786608,0
439.0199793027591,15,0.039780672176388,443,1,0.7048711833505209,0,0.8276156904734521,0
184.97025449057213,5,0.6232262560153076,11,10,70.19216867007671,0,0.1668316318236308,1
473.1949490577794,17,0.0363197832287494,150,2,12.527517721395691,0,0.547201677829524,0
859.3397174102402,22,0.1529990655297191,717,2,4.841593505157114,0,0.7222577496952213,0
606.762668569754,12,0.1621272203547441,193,3,2.424473474167243,0,0.6489107711753062,0
1170.660133156316,8,0.2896799539138459,740,1,2.684962397564665,0,0.4729685651428645,0
1815.7095216659884,13,0.1217698363185112,701,3,3.9527305468744824,1,0.9642357050466176,0
96.24429905585704,22,0.7993532728007705,26,4,22.060190022645138,1,0.2280232066543619,1
681.7589443385065,20,0.10239343785649,801,3,6.948398978554345,0,0.792929247061629,0
505.1357194335286,0,0.8940185767625243,183,10,12.993414207799445,0,0.1754788962637463,1
436.37248181289107,20,0.1239502649301574,994,0,6.4733404616931365,0,0.7113660897917827,0
334.5039632648873,22,0.7914854052932945,156,8,151.58028915442253,0,0.1642927603569731,1
2152.4451532769576,20,0.3349659601170395,340,0,19.46167482641264,0,0.8988299063455049,0
838.812899029154,15,0.0349186800935957,66,0,11.90831309567611,0,0.838339235112408,0
733.8999926074492,16,0.0403960076037248,916,1,22.63888134084768,0,0.6353680559410012,0
66.47922580427914,22,0.4878838546651755,10,9,9.083610598071743,1,0.2895324553001991,1
913.1591095128688,22,0.2290595889919084,641,0,25.129052133011857,0,0.8852368713211702,0
597.3226449596333,8,0.1999165475321326,630,2,16.41320802885295,0,0.6772275810070049,0
1471.6954170386748,17,0.1679035052838717,554,1,7.162858625604221,0,0.4966067525763972,0
1677.4395961901075,17,0.1955988138607985,446,2,17.2058833893353,0,0.6359509227437722,0
718.693405575147,20,0.2770994984470284,707,1,3.6467451979654424,0,0.6708010515864415,0
315.6092343253643,12,0.1091455317578513,350,1,5.9354025443347185,0,0.8393792316821046,0
1645.400180445046,8,0.1550307523645288,383,4,69.48377696323877,0,0.8831414240111183,0
419.8357327201209,20,0.1799081065284407,464,4,23.357875068741187,0,0.6900212830057649,0
1000.6051617272632,10,0.2598538651991054,344,1,14.22570634061117,1,0.8461926238058063,0
1510.1351609579954,12,0.1976881604275874,46,4,0.4301275227659284,0,0.6049796098142128,0
769.415984390208,12,0.1219448019493333,709,7,0.5452602042948206,0,0.6765707381643764,0
727.9103474877276,11,0.1792072491261944,246,2,12.321833822366786,0,0.5920056370894481,0
546.0703958451048,20,0.2499593400030873,392,1,12.645340661249284,0,0.8634559825674976,0
772.2981066111108,12,0.3323201172168765,61,3,11.698121704089626,0,0.9305349474375564,0
641.1544608507305,8,0.2505184457492168,985,2,0.6972302852462178,0,0.8220957900037179,0
937.5418325107896,10,0.221829152939627,628,0,6.067971073515118,0,0.8301788353293188,0
622.3086498640076,9,0.3938264112468012,634,0,3.1014379967362355,0,0.8904401668695084,0
555.0043080703881,7,0.0128595772340543,350,2,50.17990867730214,0,0.58559395222525,0
1245.7675764233943,12,0.2818106525653938,281,2,0.1355623749702849,0,0.79841879148399,0
1531.6910891630291,16,0.0572591207614303,797,0,11.205260126835844,0,0.9672196215935512,0
500.5410652043037,7,0.127381284141642,671,1,2.0137383471709702,0,0.7295204334846433,0
727.4065652290299,16,0.0400686463698262,745,2,7.474508172383409,0,0.8320711667791114,0
977.4863350832376,12,0.2044220474306611,223,2,1.8675950641763313,0,0.9776247227712784,0
442.55276184682,10,0.0551005431490438,625,1,31.676036044635683,0,0.2748941459050165,0
297.59614462243457,22,0.1030262411714203,245,1,1.9110367720899533,0,0.801753418872835,0
2091.967110674994,14,0.0349333494023726,445,3,2.1577010191033468,0,0.8655156404175849,0
538.0781377998503,10,0.2204416874998674,268,4,76.39706817772228,0,0.9179636907788888,0
1380.5056638564656,16,0.0921131025819697,694,2,5.16392253344937,0,0.8029189053977293,0
2532.948753463611,16,0.0628317335968143,415,3,3.9718479098839503,0,0.8349668861517151,0
1185.5794331113182,12,0.0684759325695959,231,3,63.075404346078074,1,0.8977375076087635,0
1499.7338878908197,12,0.1619636250319973,362,5,9.941094493056683,0,0.7282450776311764,0
1219.8437423688915,9,0.0674576168861731,322,1,1.415518690824078,0,0.9451653507209752,0
614.5053696940673,14,0.173978543823793,338,1,27.46106531453914,0,0.9223462354923728,0
1101.364857885807,16,0.1643570030271335,266,3,26.378728683549426,0,0.9184750776303712,0
1447.0863164364343,19,0.031359901843647,235,1,0.776068241270065,1,0.8980123798006047,0
884.6762295560425,20,0.089549593559022,603,1,4.277708517031721,0,0.7197511913450675,0
966.1117660959754,17,0.1411353139670493,266,4,9.082716152030804,0,0.9007240778646056,0
1583.2992516821544,20,0.2753103802939208,349,4,7.033890594997605,0,0.9586790756698766,0
382.5416389841613,10,0.0752863431087216,150,2,17.028353783868738,1,0.7980623166127515,0
833.6440093519993,17,0.1690913544915697,968,4,21.215714951689876,0,0.8341781189023942,0
1495.309539753233,10,0.3232385913315585,191,0,28.062534500056778,0,0.6876178446722346,0
785.6800228126519,22,0.1108291068719425,690,4,16.337764675833117,0,0.8718665844867189,0
473.81984777971047,21,0.1961008731311455,732,3,1.7908211828352498,0,0.8261843882242258,0
1456.070257436788,20,0.1325259404721086,192,2,18.524499180471345,0,0.957857421235336,0
1166.897485737008,16,0.3469741304456918,671,3,7.480279896015061,0,0.8894006835661334,0
1031.3773913742805,19,0.2025524687647169,169,0,10.879277105258728,0,0.780759119042035,0
930.5333859100756,20,0.3105142636724646,269,1,13.33135654957766,0,0.967427373421032,0
988.9149659079966,21,0.1124081263803806,771,1,23.965078441221472,0,0.7484125780855393,0
343.97395829000004,22,0.277514822661182,925,2,7.557396262080311,0,0.8390955850758066,0
1107.544796521147,15,0.1242516093879016,576,3,0.9093469234552304,0,0.7501323166596726,0
184.45581361026208,10,0.3924609946297293,505,1,27.835954169803603,0,0.6635897855764354,0
1744.1992114219065,15,0.6365045924102495,515,1,26.837183964788103,0,0.8030003120386258,0
1097.3522631467235,22,0.0373391927494309,388,2,14.816431423287556,0,0.8331492143419434,0
2203.3084463931305,16,0.1601104174405651,263,2,38.141780020358034,0,0.8683451661919522,0
934.4216190804412,13,0.1564624180441793,149,5,45.158091031557426,0,0.6965327711838809,0
1406.944585028298,18,0.2957365665986277,263,2,12.599803845053652,1,0.7615540523061033,0
985.9735119720366,17,0.170008707314633,540,2,1.3916916731580804,1,0.9424059687689408,0
729.9324460585512,19,0.1294503232363321,782,4,4.4618354069574835,0,0.8832362741761991,0
1033.181187245199,7,0.0501244492428207,74,1,15.986754546831657,0,0.9833289452200388,0
2587.6849662880213,18,0.2463949977688427,178,1,4.605119008392288,0,0.9249714812971253,0
1000.3468893940473,20,0.4303658527358509,559,2,13.966688475479891,1,0.7073546055683894,0
2087.3231308679915,18,0.1052945138616467,82,3,5.914235938142254,1,0.7258857200039077,0
808.8797337750138,16,0.0505438468406484,691,5,11.608318300813464,0,0.9027529670148604,0
1124.8895375621903,20,0.0660123148063526,201,0,4.427951059886496,0,0.7515974804990226,0
1067.4557157625295,10,0.1932769333921494,423,3,22.1788267608657,0,0.8780999167460172,0
1735.4664212787704,7,0.3106200864152738,259,5,15.059725967475693,0,0.9278999772100636,0
1179.3221881960144,18,0.2947539853098857,101,0,7.115205400872868,0,0.9078232528713536,0
1566.8554415796102,20,0.0706636827480391,308,2,3.8763224814344945,0,0.8306813922614238,0
647.9299246947787,9,0.1996976471257134,129,3,12.0512348969062,0,0.8239922019314512,0
1400.527795992837,21,0.0829178529201419,559,3,1.5593477458042264,0,0.5566485487971069,0
1757.7242349391108,22,0.0846646726353175,891,0,7.836987795119857,0,0.6820517332340389,0
171.32532522500216,22,0.8466487910273994,14,10,580.0281271870316,0,0.2470815094631775,1
350.17737360594913,2,0.5090386313727748,126,6,154.89382743869524,0,0.3248611566530154,1
426.54269941350606,15,0.171181462140771,922,0,17.323984179824123,0,0.5554879987056942,0
1509.376852727137,7,0.0666109991551326,337,3,37.492226313831075,0,0.7839958547285532,0
549.0016639384797,11,0.0421654364188457,838,0,17.211416557280867,0,0.9808947158415878,0
1604.1079477229368,14,0.1217346752589068,125,0,27.519322072860728,0,0.8696237096836593,0
536.836470990648,12,0.1836100923571242,580,3,11.365951746214291,0,0.9032735339242096,0
2104.0844803802083,10,0.1340940811534031,110,1,10.18074950824846,0,0.8547674364205823,0
1392.1116230514278,8,0.0853053450870314,940,0,39.53967130623857,0,0.7590900514285082,0
