prediction_id,timestamp,model_version,application_completion_seconds,hour_of_day,email_domain_risk_score,account_age_days,num_applications_last_24h,ip_location_mismatch_km,is_vpn_or_proxy,profile_trust_score,score,decision
pred_000000,2025-09-01T00:23:00,v1,905.2497034734172,9,0.2354283646832704,296,2,26.0194787758998,0,0.886308980616008,6.497470510926607e-06,0
pred_000001,2025-09-01T00:33:00,v1,422.5208122973288,14,0.2483308084457456,907,3,15.61960430178383,1,0.8088889189430348,2.91479118548706e-06,0
pred_000002,2025-09-01T00:35:00,v1,1056.4732764156918,20,0.3447338025024906,267,2,17.88030467340688,0,0.8615587915040556,5.729434146759662e-07,0
pred_000003,2025-09-01T01:16:00,v1,923.9215420758846,18,0.5175510093232065,840,2,52.68402161928853,1,0.730371288869084,1.3886950561511618e-07,0
pred_000004,2025-09-01T01:20:00,v1,915.0885532428764,8,0.125615884207579,386,1,33.033764140588424,0,0.9165893748733056,7.332548667189547e-07,0
pred_000005,2025-09-01T01:25:00,v1,909.8565066017478,10,0.268377963569654,760,4,4.088750692319269,0,0.6028684044445264,7.858758680542199e-07,0
pred_000006,2025-09-01T02:37:00,v1,1709.0250485812624,16,0.2141541034036307,728,4,14.803566824704788,0,0.9562379794190174,2.3075932295530052e-10,0
pred_000007,2025-09-01T04:29:00,v1,664.7488434783075,22,0.1091533012531257,580,1,2.324075054371704,0,0.9309643590801407,3.6345912261592155e-08,0
pred_000008,2025-09-01T04:33:00,v1,1188.3061192508087,17,0.1545424044126071,167,1,14.264614844218672,0,0.9408578911229022,1.0703302197239245e-07,0
pred_000009,2025-09-01T04:40:00,v1,1311.6903945922454,20,0.0755994088787727,257,3,4.161200296267913,0,0.8170041526637954,9.827918188462641e-08,0
pred_000010,2025-09-01T04:51:00,v1,841.4525540869522,15,0.0085653394776232,51,3,42.02599419140547,0,0.9742709722273046,0.00011723234093245152,0
pred_000011,2025-09-01T05:13:00,v1,878.5266105657971,21,0.0891532421768367,714,3,33.28030306028168,1,0.8917673741940271,1.5385832033392855e-07,0
pred_000012,2025-09-01T05:20:00,v1,1882.3702469774555,19,0.0434510935378041,934,3,10.742207852147269,0,0.8570404725753541,1.1469708118213116e-12,0
pred_000013,2025-09-01T05:47:00,v1,1223.2462770640675,19,0.224636356303403,602,2,25.594231726880192,0,0.7018495288816613,9.593949777458409e-09,0
pred_000014,2025-09-01T06:01:00,v1,533.4886380160962,11,0.3006137386592647,972,4,5.788834961601654,0,0.7679066597290884,1.0906252024402353e-06,0
pred_000015,2025-09-01T06:04:00,v1,2491.395877879677,14,0.2019847216505579,405,2,21.890391898352547,0,0.8256285389764463,2.542957050408797e-12,0
pred_000016,2025-09-01T06:56:00,v1,896.7764333728002,21,0.2182369984605527,743,3,0.8777784316568882,0,0.7859725411437868,2.6888176625528202e-08,0
pred_000017,2025-09-01T07:01:00,v1,1087.8478888310788,10,0.0374444782687458,735,0,12.774429373669005,0,0.6671367829479571,1.2767830153614036e-09,0
pred_000018,2025-09-01T07:03:00,v1,1259.1403124509577,17,0.1274654823757875,282,1,5.977725583896184,0,0.8984364708977399,1.5804698358330874e-08,0
pred_000019,2025-09-01T07:04:00,v1,542.8108727469306,17,0.2698198989362388,547,2,8.853811341145683,0,0.8337291747068026,2.385253426298098e-06,0
pred_000020,2025-09-01T08:03:00,v1,1073.6479168003923,15,0.2582016337715866,357,4,0.6922548687846034,0,0.9883418286991534,1.2882715974961055e-06,0
pred_000021,2025-09-01T08:04:00,v1,1171.1741101266086,12,0.1684635329855023,56,0,19.96331838962224,0,0.8072646762449492,4.841326918769023e-07,0
pred_000022,2025-09-01T08:23:00,v1,606.8666948576329,10,0.066720410564831,180,1,5.934611093642892,0,0.8962021673939224,2.1544766131887646e-05,0
pred_000023,2025-09-01T09:15:00,v1,733.8270086478649,11,0.0802628010124765,884,2,9.184767221656116,0,0.8576381507136577,2.2993587593964965e-08,0
pred_000024,2025-09-01T10:05:00,v1,1051.6425360467465,16,0.1736984715774652,950,4,11.05767973909861,1,0.8353954191708007,1.7579094246717723e-08,0
pred_000025,2025-09-01T10:12:00,v1,1452.1525078551815,11,0.2268333661498804,681,2,0.8614038514592985,0,0.8281609424159866,6.367991097985318e-10,0
pred_000026,2025-09-01T10:28:00,v1,610.1174371375367,22,0.1971827848554,185,1,4.09590241457345,0,0.9659273773932564,3.564927393015075e-06,0
pred_000027,2025-09-01T11:11:00,v1,469.3705708859807,18,0.2282285018302564,153,4,20.888926653939865,0,0.8557657800331328,0.0024981489897423575,0
pred_000028,2025-09-01T11:22:00,v1,500.0223932991368,20,0.1932044797307179,427,3,33.67764280224073,0,0.5794325983002404,0.00010421292933862255,0
pred_000029,2025-09-01T11:43:00,v1,828.5463875022529,12,0.3730886788222446,673,5,1.558055609144945,0,0.6027009794779431,1.0655502276243706e-05,0
pred_000030,2025-09-01T12:19:00,v1,400.3644900391667,19,0.2739268353900102,904,0,0.9410400327270954,0,0.7227048121361261,1.7591349474655585e-08,0
pred_000031,2025-09-01T12:21:00,v1,929.0570522438644,22,0.0256441634332569,654,1,9.796683098473377,0,0.8108384619282771,3.129538948553332e-09,0
pred_000032,2025-09-01T12:22:00,v1,1458.3764138756887,19,0.3058808879058801,310,1,5.386710002315505,1,0.7678397368754166,1.1798010922763381e-08,0
pred_000033,2025-09-01T12:44:00,v1,2038.4517600151023,10,0.1185043886415318,201,0,15.581611514717649,0,0.6636012141630128,1.6386403324514822e-10,0
pred_000034,2025-09-01T14:30:00,v1,804.6234685510497,13,0.2074346146471326,434,2,20.03929541421869,0,0.8087963109659088,2.087982626610772e-06,0
pred_000035,2025-09-01T14:38:00,v1,1339.1009368436885,15,0.3271408049498499,435,2,3.947435637688383,0,0.8394449350181837,1.4601881774022409e-08,0
pred_000036,2025-09-01T16:23:00,v1,1505.530537080372,21,0.104587582370248,939,1,8.263913142687262,1,0.9111925770159676,4.123514962407222e-12,0
pred_000037,2025-09-01T16:27:00,v1,1255.9237180092096,21,0.2015244964538083,645,2,61.634575784643346,0,0.7872570340680021,7.580895458393388e-09,0
pred_000038,2025-09-01T16:40:00,v1,417.7550996353236,19,0.2625736648865989,114,3,4.927825319760052,1,0.9619457628468562,0.0018781102874112423,0
pred_000039,2025-09-01T17:29:00,v1,1165.584825430973,21,0.1581227906027024,92,3,19.36939325352026,0,0.8571327658681724,2.5342357780145086e-06,0
pred_000040,2025-09-01T17:38:00,v1,943.4090323208396,19,0.1396348392973241,556,1,15.99600914278786,0,0.7891573672384714,2.029523179027735e-08,0
pred_000041,2025-09-01T17:41:00,v1,528.5547056709128,9,0.1620538785984832,924,2,8.408921690135815,0,0.953904148077048,9.333065793706784e-08,0
pred_000042,2025-09-01T17:47:00,v1,1562.3300124826012,7,0.3107783192564264,394,0,10.455234835600978,0,0.666853947837597,2.41128557105407e-09,0
pred_000043,2025-09-01T18:22:00,v1,1239.7640240271662,15,0.0851593303192667,597,1,9.387864314743066,0,0.9315947538213598,9.143110299816398e-10,0
pred_000044,2025-09-01T18:26:00,v1,452.7976265861728,12,0.1316361692401886,924,4,20.387871287320987,0,0.7706027776243825,2.9951386364244197e-06,0
pred_000045,2025-09-01T19:16:00,v1,557.1819727377841,7,0.0378906891412112,480,4,3.942329416306029,0,0.9589800752337928,5.636498894495175e-05,0
pred_000046,2025-09-01T19:23:00,v1,598.5956058072071,10,0.1693555837267747,344,3,6.607288057088652,0,0.4069248059709163,0.0003477137244495917,0
pred_000047,2025-09-01T19:24:00,v1,1502.789998318665,8,0.2286898543334737,467,1,45.56304316953066,0,0.8753712635221901,5.983545918425381e-09,0
pred_000048,2025-09-01T19:51:00,v1,1261.1555669743584,20,0.0128675046343885,473,3,39.304568432824645,1,0.8860640181121487,9.077074545665677e-08,0
pred_000049,2025-09-01T20:03:00,v1,729.8474671545385,21,0.0854697918028815,36,3,0.3563663461220859,0,0.7869577467194863,9.196738319053582e-05,0
pred_000050,2025-09-01T20:04:00,v1,2760.0768384788807,8,0.1149288177923556,72,0,10.120638451791026,0,0.6003633671305074,2.3570472548068212e-12,0
pred_000051,2025-09-01T20:24:00,v1,461.2456465722328,17,0.0998973347136232,922,5,12.914373226548456,0,0.7986714576803932,2.9316087010706135e-06,0
pred_000052,2025-09-01T20:49:00,v1,741.4855265421062,9,0.247973556181813,834,1,15.372230888058317,0,0.8711143989739846,2.6337193122836197e-08,0
pred_000053,2025-09-01T21:24:00,v1,465.99272159547263,5,0.7990853116059112,131,6,52.37823998895177,0,0.3798432864382807,0.932471780544349,1
pred_000054,2025-09-01T22:10:00,v1,742.9068194139275,7,0.2352074283429519,796,5,26.696220429885496,0,0.8106347215065949,9.375891261014195e-06,0
pred_000055,2025-09-01T22:32:00,v1,722.1847050633281,10,0.2209254025506535,545,0,1.611130763755476,1,0.8636574859701227,2.60553312041214e-07,0
pred_000056,2025-09-01T22:50:00,v1,1567.3061727741317,12,0.3132261502644818,589,3,3.5332416001652076,0,0.8485359105812252,2.2080729685074287e-09,0
pred_000057,2025-09-02T00:37:00,v1,1090.2055840774397,22,0.1310496386046414,929,3,18.168598648074937,0,0.4813724480321054,2.993643102348848e-09,0
pred_000058,2025-09-02T00:46:00,v1,2176.13199230695,12,0.1955804058980161,643,1,9.109423444255658,1,0.9028042573135536,1.710430983954825e-12,0
pred_000059,2025-09-02T00:55:00,v1,826.6740902770391,10,0.2811632588769304,850,3,8.142921799363952,0,0.3244389006720736,6.14830561383039e-07,0
pred_000060,2025-09-02T01:06:00,v1,438.6754120248608,8,0.3833658945550796,683,1,38.31159116916245,0,0.7923190161470904,6.299293031981872e-06,0
pred_000061,2025-09-02T01:13:00,v1,977.8115971591428,19,0.0691742609958474,411,3,38.6641390308114,1,0.8333932408209523,2.6999284848761533e-06,0
pred_000062,2025-09-02T01:28:00,v1,424.1389963574863,17,0.1259282836414656,573,2,20.182577392261667,0,0.7394629069863364,6.664668488611404e-06,0
pred_000063,2025-09-02T01:49:00,v1,908.7867464677744,22,0.3819266302179269,309,0,0.9183228059970407,0,0.8996584009537587,5.104386851251381e-08,0
pred_000064,2025-09-02T02:09:00,v1,1079.3711842874795,8,0.110071975289993,748,0,10.30339337179593,0,0.6637605589335802,1.8108579068213317e-09,0
pred_000065,2025-09-02T02:48:00,v1,1538.7126458920795,11,0.2265929401424986,329,3,16.460046834772434,0,0.7492163937783127,7.600968031170187e-08,0
pred_000066,2025-09-02T02:56:00,v1,914.2117169269808,14,0.1840753106059765,117,0,19.865595097863466,0,0.8729984666651319,1.3020646063574751e-06,0
pred_000067,2025-09-02T03:13:00,v1,979.216173196884,14,0.090744407553756,948,2,16.163670753371413,0,0.8388432831208315,1.4376347567584666e-09,0
pred_000068,2025-09-02T03:28:00,v1,517.65819744641,15,0.3004581920122712,807,0,13.699214006453202,0,0.8842102509225803,2.878193097525711e-08,0
pred_000069,2025-09-02T03:28:00,v1,1191.73375405697,19,0.4674802738770847,227,4,21.599765903843135,0,0.9387194944397788,3.976113619427047e-06,0
pred_000070,2025-09-02T04:38:00,v1,1190.0016335099392,11,0.2712118944267589,250,0,22.84084910523096,0,0.9723748624972782,5.339588229095716e-08,0
pred_000071,2025-09-02T05:05:00,v1,935.5506141291534,22,0.0442106775242612,963,4,0.8841968828847796,0,0.5141348879504201,1.0048723397657925e-08,0
pred_000072,2025-09-02T05:20:00,v1,1123.9728144402816,15,0.3108379065434385,923,2,4.904958368822379,0,0.8713543079970661,5.401541492081463e-10,0
pred_000073,2025-09-02T05:34:00,v1,531.0501063709665,7,0.0674990861148041,566,1,19.98858706659412,1,0.6945688082768183,1.0934449780840428e-05,0
pred_000074,2025-09-02T05:50:00,v1,826.2048229945414,17,0.5522684027142248,376,3,15.118197483397882,1,0.8543403394956426,2.703386248224347e-05,0
pred_000075,2025-09-02T05:57:00,v1,1375.3088932121254,15,0.0503348090556145,917,1,34.422549066957764,0,0.5789179094068874,8.4274291159424e-11,0
pred_000076,2025-09-02T06:17:00,v1,692.7608149042942,13,0.2160064584747593,386,4,12.131628381463624,0,0.9322775321235456,4.4926928778132457e-05,0
pred_000077,2025-09-02T06:48:00,v1,2149.705484361839,14,0.0731696054463391,690,2,10.398632163552175,0,0.9176749276143388,8.420007014986566e-13,0
pred_000078,2025-09-02T06:49:00,v1,1284.9989853912598,12,0.3408788603591847,67,2,4.461678771474982,1,0.8677938814469128,3.7337205823727824e-06,0
pred_000079,2025-09-02T07:29:00,v1,627.0908884851145,11,0.2002960070451168,724,1,30.36823814106524,0,0.9589444489426924,1.5648136861109004e-07,0
pred_000080,2025-09-02T07:53:00,v1,1014.9239148290123,10,0.14871312603049,431,0,23.87960208196801,0,0.8182650476110993,5.432609403470931e-08,0
pred_000081,2025-09-02T08:33:00,v1,667.334591591378,12,0.1334813050532384,112,3,17.695058273720843,0,0.6642520964053197,0.0007916249512853265,0
pred_000082,2025-09-02T08:37:00,v1,862.9236409435429,10,0.1141342515504582,394,1,1.0497357617748746,0,0.8376264582414864,3.685061981632247e-07,0
pred_000083,2025-09-02T08:41:00,v1,721.6531347812173,12,0.0643948159099882,921,2,1.0641471715106927,0,0.8954969309554042,9.847696337289943e-09,0
pred_000084,2025-09-02T08:52:00,v1,1499.4785172199731,22,0.1480378980121794,762,2,80.3869388859809,0,0.8481140281175239,3.4755509014503173e-10,0
pred_000085,2025-09-02T09:11:00,v1,859.9393902236814,19,0.1665418360166763,410,2,21.378401418254068,0,0.8346899701535982,6.056039548545081e-07,0
pred_000086,2025-09-02T09:12:00,v1,780.6872273403875,12,0.2766029376485535,542,2,2.842343503248154,0,0.4855695921098288,2.190251865090802e-06,0
pred_000087,2025-09-02T09:20:00,v1,1834.597518933857,22,0.2557875848816792,989,1,6.722995460781189,1,0.9644464440263518,1.7051614391145288e-13,0
pred_000088,2025-09-02T10:22:00,v1,554.6902901061131,9,0.1025489866123569,676,0,27.67283658853938,0,0.7242997493711819,3.160072236553854e-07,0
pred_000089,2025-09-02T10:29:00,v1,1018.0244450120068,15,0.0607543001455456,610,2,3.196694271243977,1,0.7844987387058837,5.623099771181259e-08,0
pred_000090,2025-09-02T10:30:00,v1,1116.040349488386,13,0.5265262653645639,146,4,10.03094371295707,0,0.7414466259040948,6.56625415656473e-05,0
pred_000091,2025-09-02T11:47:00,v1,859.5273156894351,15,0.0945138346492901,635,1,33.13030762143505,0,0.8460959058188219,4.019196549545113e-08,0
pred_000092,2025-09-02T12:10:00,v1,978.9891777011076,8,0.4660205331121526,680,2,7.2055455182897195,0,0.72655524548199,1.5172659537073357e-07,0
pred_000093,2025-09-02T12:24:00,v1,1796.1120940946275,8,0.1443762710301808,637,1,3.721089227269835,1,0.6820043530520954,1.1777876187838538e-10,0
pred_000094,2025-09-02T12:41:00,v1,1009.2300913140216,18,0.363052863448428,832,6,37.50351389351174,0,0.8598023779562907,7.839336822289616e-07,0
pred_000095,2025-09-02T12:45:00,v1,529.9795096079064,10,0.0230637522622859,183,4,6.766482990144341,0,0.7388723297715917,0.0020975995916324808,0
pred_000096,2025-09-02T13:46:00,v1,1141.1480493151553,16,0.3080240130787446,595,2,32.24227870188174,0,0.7282294509289663,4.306334712321596e-08,0
pred_000097,2025-09-02T13:52:00,v1,684.616977209945,17,0.2573459234653658,486,4,0.7651294854004147,0,0.9227793649230316,7.88973849222398e-06,0
pred_000098,2025-09-02T14:50:00,v1,946.6285726889184,9,0.1068610345909891,251,1,35.10867549381213,0,0.8973100965581701,2.0855058820587317e-06,0
pred_000099,2025-09-02T15:36:00,v1,1075.1211666559034,15,0.1093237228966493,789,3,5.793526940565951,0,0.6226607514405857,1.4982807907668863e-08,0
pred_000100,2025-09-02T16:03:00,v1,1097.018724388795,8,0.2125865609507631,448,5,5.893632718902296,0,0.9547082287386884,4.4764300504515876e-06,0
pred_000101,2025-09-02T16:18:00,v1,3165.3042693604084,21,0.1181411734621677,372,1,15.636563825802403,0,0.9354072477645548,7.350030711690386e-16,0
pred_000102,2025-09-02T16:27:00,v1,978.1813848513711,14,0.3735476992339266,769,1,7.4475860194964145,0,0.9089134573436848,3.3458182887151325e-09,0
pred_000103,2025-09-02T17:02:00,v1,576.9051178313907,15,0.3113468008583723,757,0,16.19004425603177,0,0.8263188062233618,4.01849421890023e-08,0
pred_000104,2025-09-02T17:04:00,v1,737.611068830245,11,0.2824344005107627,281,1,9.796977610409357,0,0.7083645625114882,8.849649660381773e-06,0
pred_000105,2025-09-02T17:10:00,v1,1016.668918047012,16,0.0731774287438035,89,1,10.026096118637064,1,0.8636484202211256,2.8203671686556798e-06,0
pred_000106,2025-09-02T17:40:00,v1,1826.1041371020567,11,0.2069237550696538,187,0,8.019819575505082,1,0.7085001291022015,2.117136022762577e-09,0
pred_000107,2025-09-02T17:48:00,v1,804.1954640731902,19,0.1856601799160668,517,1,1.2872589087378812,0,0.7663800287544484,7.22495713220688e-08,0
pred_000108,2025-09-02T18:12:00,v1,653.1288899912781,21,0.1612522681987816,643,2,6.51886640809963,0,0.7574095713132579,1.905893551560224e-07,0
pred_000109,2025-09-02T18:21:00,v1,1129.087441211561,16,0.3912219402019197,366,2,24.85515005639682,0,0.8081432343982694,3.537564747624245e-07,0
pred_000110,2025-09-02T18:33:00,v1,809.2785368191494,17,0.4536275193049239,856,1,24.709295468978684,0,0.8204880103028855,1.02373942776026e-08,0
pred_000111,2025-09-02T18:40:00,v1,887.6855287653933,7,0.1301034955471394,758,0,5.859316781664117,0,0.9551555995204228,2.922089048582948e-09,0
pred_000112,2025-09-02T18:56:00,v1,475.6978154827916,13,0.1755169794626325,596,3,40.89506846342425,0,0.9038648958143176,2.4012529256055946e-05,0
pred_000113,2025-09-02T19:39:00,v1,752.7045137556908,22,0.0801694536621932,141,2,13.57378466455224,0,0.6792885947825259,1.55350059575991e-05,0
pred_000114,2025-09-02T19:43:00,v1,1443.5193622335366,8,0.2191234219004068,334,1,10.513250402152323,0,0.5889881108538225,3.392423098205044e-08,0
pred_000115,2025-09-02T20:07:00,v1,1048.8272604756194,8,0.0719353797021538,844,2,2.069423302833409,0,0.8549848072562202,3.2394668761383577e-09,0
pred_000116,2025-09-02T20:29:00,v1,685.8305583646414,9,0.2887695930609849,343,1,43.78409144568905,0,0.8740117026721724,1.5620139602587976e-05,0
pred_000117,2025-09-02T20:29:00,v1,1034.7868486550128,13,0.2034416152849167,652,0,25.13943653213623,0,0.8690634642329242,3.1989593069528014e-09,0
pred_000118,2025-09-02T21:31:00,v1,1815.032253152751,12,0.2335655778665907,622,3,26.004912182117405,0,0.7266928878685057,5.3312849136142e-10,0
pred_000119,2025-09-02T21:42:00,v1,819.0812333907743,13,0.1233694321585027,886,1,3.280255593558486,0,0.8220949121297922,2.7540922187922186e-09,0
pred_000120,2025-09-02T22:08:00,v1,101.39598535681444,5,0.2724828460198631,187,8,277.8194353523341,0,0.172024190000567,0.9999989629746474,1
pred_000121,2025-09-02T22:39:00,v1,364.0162452421655,22,0.1421140412760051,866,3,13.87394207173901,0,0.6664732177442687,9.77012149350161e-07,0
pred_000122,2025-09-02T22:47:00,v1,1197.852333946093,9,0.1689869709391782,496,1,3.193381588719742,0,0.65501554617489,2.344880883676485e-08,0
pred_000123,2025-09-03T00:01:00,v1,1446.2137605651262,16,0.3653703160492401,383,1,6.519887977504142,0,0.7314597410681152,4.86211826065626e-09,0
pred_000124,2025-09-03T00:11:00,v1,251.54820182030932,0,0.8769585545802671,145,10,37.89507210430693,0,0.3295312657259469,0.9999298133651219,1
pred_000125,2025-09-03T00:36:00,v1,1392.1116230514278,8,0.0853053450870314,940,0,39.53967130623857,0,0.7590900514285082,3.3776008909745046e-11,0
pred_000126,2025-09-03T00:54:00,v1,865.0683411598875,9,0.0449727030759507,708,1,10.138087818486545,1,0.5926825735069516,1.2817281339583594e-07,0
pred_000127,2025-09-03T02:35:00,v1,917.3789631714486,15,0.2007515361160933,632,4,76.60153342605636,1,0.9772071075235064,7.444637753350185e-06,0
pred_000128,2025-09-03T02:51:00,v1,732.2396336725442,13,0.3772031579714525,126,3,21.874357773825725,0,0.6973801232762746,0.0006588230848172488,0
pred_000129,2025-09-03T03:36:00,v1,1352.286191058579,9,0.156668214238966,708,3,19.768075076248095,0,0.863090351065482,6.263273920522385e-09,0
pred_000130,2025-09-03T03:47:00,v1,629.1788170664742,10,0.3727039699364864,939,2,0.6663961204577297,0,0.9150510188712456,4.716405018818387e-08,0
pred_000131,2025-09-03T04:03:00,v1,856.5113033765115,17,0.1553787452923079,902,1,8.471110407628144,0,0.6139491277616421,2.5876378870635153e-09,0
pred_000132,2025-09-03T04:07:00,v1,485.6938150074196,20,0.318784298566921,931,3,0.5935438776831553,0,0.635379507480441,2.918862734982956e-07,0
pred_000133,2025-09-03T04:55:00,v1,1274.5506096385395,22,0.0861268621527925,228,4,33.7760924548294,0,0.8807480915643685,8.8040896795775e-07,0
pred_000134,2025-09-03T05:20:00,v1,303.3765899935153,8,0.2031231900995465,685,4,21.036314644118445,0,0.8702553592243747,0.00017335470781733192,0
pred_000135,2025-09-03T06:00:00,v1,1050.598129531567,19,0.1400752909216038,985,3,17.25602376347158,0,0.8771809592124318,8.790042702283878e-10,0
pred_000136,2025-09-03T06:09:00,v1,1808.959137652123,20,0.2993029957247708,585,3,11.39356708972001,0,0.8574254458914639,1.1938168875413268e-10,0
pred_000137,2025-09-03T06:25:00,v1,710.0300735177647,20,0.1654791347417293,490,2,28.46647687366856,0,0.8983047510769696,7.847548682481712e-07,0
pred_000138,2025-09-03T06:56:00,v1,1533.953378191115,14,0.1211570518491771,255,1,36.7373453087132,0,0.9361893358759374,7.651303539854512e-09,0
pred_000139,2025-09-03T07:42:00,v1,731.908102677465,19,0.1664501990257324,999,1,17.156819502541566,0,0.6420924457592864,2.4442846192832013e-09,0
pred_000140,2025-09-03T07:42:00,v1,842.7221472721039,10,0.4150585605525002,976,1,30.039520698829488,0,0.7961722730300032,7.51157568595321e-09,0
pred_000141,2025-09-03T08:28:00,v1,687.3746915808457,11,0.2151645554364485,222,2,3.4602593466885403,0,0.9645570936302988,2.1547078597097776e-05,0
pred_000142,2025-09-03T08:51:00,v1,2236.244597160838,11,0.3465989556743049,501,2,3.9224877708050623,0,0.8697442608719097,8.443260997874294e-12,0
pred_000143,2025-09-03T09:08:00,v1,829.5973731125507,12,0.0611838740949307,224,2,12.132615754265254,0,0.9308511575586071,5.714643959160448e-06,0
pred_000144,2025-09-03T09:39:00,v1,1611.047657015839,15,0.0903853213259408,965,2,14.808390617746792,0,0.9451689842382958,3.976446801785652e-12,0
pred_000145,2025-09-03T09:40:00,v1,852.8185276840798,15,0.1642483965972312,865,1,10.507093259179465,0,0.6452478691519853,5.050885125012552e-09,0
pred_000146,2025-09-03T11:12:00,v1,1618.5049929608929,11,0.0967584239124039,569,0,7.883180971285984,0,0.8915314458729136,3.492594635734822e-11,0
pred_000147,2025-09-03T11:56:00,v1,644.1840182852906,14,0.0225008124301274,994,0,70.79815295244758,0,0.5685468635450721,1.615402052494786e-08,0
pred_000148,2025-09-03T12:09:00,v1,1211.2578064670497,22,0.2431823728554851,472,1,21.858334032824683,0,0.6796189929716706,7.967272651897069e-09,0
pred_000149,2025-09-03T12:10:00,v1,563.6472595102279,18,0.2524039940506613,47,1,3.291482668895551,0,0.9452030071659172,4.53719743447319e-05,0
pred_000150,2025-09-03T12:20:00,v1,151.34218496261323,0,0.4868190939352746,129,4,163.36902390331812,0,0.2543658558258023,0.9987750944959608,1
pred_000151,2025-09-03T12:36:00,v1,546.3732938676535,10,0.2429086372399966,243,2,6.757449435318425,0,0.534300167163397,0.00035212880458487686,0
pred_000152,2025-09-03T12:53:00,v1,591.4599359471924,11,0.1535570764106909,61,4,9.89219054656786,0,0.7429691329538305,0.005677213025959728,0
pred_000153,2025-09-03T12:58:00,v1,1214.8485520332094,16,0.1376504522367632,282,4,0.6814110837156051,0,0.8329177996266766,9.624924967563002e-07,0
pred_000154,2025-09-03T13:58:00,v1,1619.4205813211931,16,0.1948283781237883,906,1,2.8508221719263815,0,0.8130629323182986,2.6101101650236866e-12,0
pred_000155,2025-09-03T14:52:00,v1,1092.655591891123,14,0.154407958435383,945,1,8.006889857630016,0,0.8960118451100897,1.3586098810389824e-10,0
pred_000156,2025-09-03T15:51:00,v1,162.5705010077871,23,0.8021758364034648,179,3,162.57930377126044,0,0.1328509439009211,0.9427451988119733,1
pred_000157,2025-09-03T16:39:00,v1,323.090321467193,22,0.2546109002471442,983,1,15.907195179140937,0,0.9661858750904676,1.964383404293802e-08,0
pred_000158,2025-09-03T16:52:00,v1,1491.1929361076334,9,0.1101122634240717,105,0,1.4585010423030689,0,0.9433351114855774,1.0036277467186948e-08,0
pred_000159,2025-09-03T17:12:00,v1,517.6911271485781,15,0.2154442910385586,779,2,11.866466941072549,0,0.8340434784064118,3.5992604819833565e-07,0
pred_000160,2025-09-03T17:25:00,v1,631.3676175937195,18,0.1899595548714807,589,1,7.631815610316547,0,0.847992957616459,1.5207154194911992e-07,0
pred_000161,2025-09-03T17:33:00,v1,567.7048784709343,19,0.3386515026490794,718,3,1.312296766013121,0,0.9598539270409407,5.008119709468611e-07,0
pred_000162,2025-09-03T18:33:00,v1,1205.178187093204,14,0.1283751842621038,747,2,8.457318660102018,0,0.5900785136765895,3.651335132837247e-09,0
pred_000163,2025-09-03T18:39:00,v1,1679.6305467684383,9,0.0242701637702261,375,4,7.000227808108367,0,0.813967016847812,2.3048076370625943e-08,0
pred_000164,2025-09-03T19:25:00,v1,647.4014910216755,12,0.0633787188180384,996,1,2.659611455862724,0,0.4829377071653438,1.2039834947442808e-08,0
pred_000165,2025-09-03T20:14:00,v1,1229.3775555841091,9,0.0468605991293883,361,3,27.347935315810844,0,0.8762960293871779,5.165070802144115e-07,0
pred_000166,2025-09-03T20:48:00,v1,1421.532324209867,10,0.0396091321320741,443,4,44.97629995555642,0,0.8278199861192658,2.649185871062444e-07,0
pred_000167,2025-09-03T20:57:00,v1,669.7640356862058,0,0.9263464100019376,55,4,63.86772054880428,1,0.0377991267295048,0.9538280306054651,1
pred_000168,2025-09-03T22:04:00,v1,101.73674263248364,4,0.8088820335839261,4,6,91.8898915581554,0,0.1839090294352068,0.9998734951668407,1
pred_000169,2025-09-03T22:19:00,v1,1195.3620534597292,7,0.1703217311819185,738,1,30.21853888395565,1,0.8899222337489479,7.619424533428438e-09,0
pred_000170,2025-09-03T22:32:00,v1,821.3071851255996,11,0.241930443615478,230,0,1.47559753547052,0,0.4775284119851145,3.6955174094409615e-06,0
pred_000171,2025-09-03T22:34:00,v1,568.1359742354,19,0.2683132304363377,482,1,12.385355227317708,0,0.9056717455399472,7.462398824868077e-07,0
pred_000172,2025-09-03T22:59:00,v1,681.7783735093763,19,0.1290592687284813,637,1,5.43491416307192,0,0.6644243603141988,8.277629204817554e-08,0
pred_000173,2025-09-03T23:19:00,v1,636.5569285445005,11,0.1082745568244441,331,2,17.674695861479634,0,0.903219441650024,1.6011566559083515e-05,0
pred_000174,2025-09-03T23:19:00,v1,444.4564811331567,10,0.5320377926560994,769,1,2.2033581587611906,1,0.5630839892920393,5.542319247262979e-06,0
pred_000175,2025-09-03T23:22:00,v1,80.84188516062736,3,0.4972859048361013,93,5,140.36127287156256,0,0.0962208682132625,0.9997389157389506,1
pred_000176,2025-09-03T23:26:00,v1,394.5115380580345,19,0.1523983859037268,911,3,6.359283858934051,0,0.8826530639884146,2.8109567011674667e-07,0
pred_000177,2025-09-04T00:00:00,v1,921.310747924203,8,0.0031319063010313,422,2,3.578556113383946,0,0.6759027049837438,1.0805994614476638e-06,0
pred_000178,2025-09-04T00:41:00,v1,1639.5782120800254,19,0.1001301313405207,549,4,14.972240175316966,1,0.6848227924395185,8.64295905153885e-09,0
pred_000179,2025-09-04T00:46:00,v1,1319.0129090848775,22,0.0278401929994809,501,7,12.424671823747778,0,0.7035977466070082,1.0868682689789143e-06,0
pred_000180,2025-09-04T01:14:00,v1,942.97966363638,11,0.2241952602014994,721,1,7.993684087959322,1,0.8024786809057995,3.105368699948497e-08,0
pred_000181,2025-09-04T01:32:00,v1,792.4741120748085,13,0.1967382335464728,867,2,8.37228221026147,0,0.7539687697811362,2.4031445339100334e-08,0
pred_000182,2025-09-04T01:36:00,v1,592.681851770957,13,0.1036436325213726,406,5,4.408907253581555,0,0.3445521974295645,0.0012885138624616377,0
pred_000183,2025-09-04T02:15:00,v1,1016.627669089738,9,0.1008958475136365,217,0,4.756085771779561,0,0.6088766530372824,5.548090552681968e-07,0
pred_000184,2025-09-04T02:16:00,v1,1001.9834021335828,16,0.2425048187745775,163,7,1.994707744535886,0,0.574957746812544,0.0020644792468544892,0
pred_000185,2025-09-04T03:54:00,v1,994.934543522878,8,0.2740598529988594,946,1,10.172996879656178,1,0.7345516732377795,5.033545482137046e-09,0
pred_000186,2025-09-04T03:57:00,v1,771.2419723535515,11,0.1896256009412812,929,1,26.306356172582113,0,0.9526669479477404,5.3557468760527595e-09,0
pred_000187,2025-09-04T03:59:00,v1,474.3504361179127,7,0.1286185744841712,681,0,7.7011004137977075,0,0.8936317298326443,2.4270044952202557e-07,0
pred_000188,2025-09-04T04:04:00,v1,1651.7359671382908,15,0.4788244233626503,447,0,9.388495660903388,1,0.527072088753354,1.4167696837729865e-09,0
pred_000189,2025-09-04T04:06:00,v1,1207.9217174960677,16,0.3946298917225406,760,0,0.8050742505829969,0,0.863783880718938,1.3187763031320015e-10,0
pred_000190,2025-09-04T04:15:00,v1,1154.2562865835964,13,0.3227532250167245,777,1,8.593155423949778,0,0.6912974893425478,1.6846157994959972e-09,0
pred_000191,2025-09-04T04:25:00,v1,1027.065223616525,19,0.2106219705180782,687,3,11.410599334418997,0,0.912489886917634,1.8952651594944963e-08,0
pred_000192,2025-09-04T04:54:00,v1,4111.295974728689,14,0.1219838950430194,911,1,16.684203434907026,0,0.7895040554048067,6.965242654326036e-21,0
pred_000193,2025-09-04T05:04:00,v1,382.83690436350906,8,0.2489414377347145,843,1,15.02754287634922,0,0.9318674071215526,4.1312843763469607e-07,0
pred_000194,2025-09-04T05:41:00,v1,666.869281360548,11,0.1080440794950601,819,1,17.451349148644763,0,0.7972318668781184,4.091757642155602e-08,0
pred_000195,2025-09-04T06:05:00,v1,541.4697192469482,15,0.1435913241279684,445,0,3.739805377350777,0,0.7673899543102366,6.835639419330756e-07,0
pred_000196,2025-09-04T06:40:00,v1,2162.408619566389,8,0.078351987649089,177,1,8.384854712765573,0,0.7566928787917523,1.694391673406304e-10,0
pred_000197,2025-09-04T06:53:00,v1,2926.9104518439544,14,0.2324520747972817,583,2,1.0605734356750358,1,0.5915616715068889,4.3134250715072655e-14,0
pred_000198,2025-09-04T07:12:00,v1,1246.4145383473715,10,0.1991764621902463,313,2,18.581638859543062,0,0.9083982181845408,1.961035482832141e-07,0
pred_000199,2025-09-04T08:27:00,v1,678.9718220874089,22,0.0396390874965269,930,3,0.451408430973678,0,0.9817516696605336,6.464316628871415e-09,0
pred_000200,2025-09-04T08:51:00,v1,757.3857552606341,21,0.0246006649938065,374,1,9.284536160070928,0,0.7986596967884496,2.5377992100095616e-07,0
pred_000201,2025-09-04T08:53:00,v1,927.496431522168,7,0.1940835160601369,568,0,1.8769191257965627,0,0.95279661935464,1.5071639367014415e-08,0
pred_000202,2025-09-04T08:56:00,v1,979.212804175463,22,0.2286324508758912,560,2,13.71448350333004,0,0.8429388172943497,2.9186910449654603e-08,0
pred_000203,2025-09-04T10:06:00,v1,1912.030271725644,9,0.0792522679340769,100,2,39.4437883549937,0,0.8959162886979121,1.2629788083760722e-08,0
pred_000204,2025-09-04T10:12:00,v1,981.8287270024044,7,0.110275097711882,519,3,3.308475687208725,0,0.8469536356219489,6.525272424715457e-07,0
pred_000205,2025-09-04T10:38:00,v1,3135.1075853831867,7,0.4360127530236126,879,2,27.964589616709578,0,0.9069843521300144,5.08856925209886e-16,0
pred_000206,2025-09-04T11:00:00,v1,1037.3343427026523,21,0.4061795500330292,250,1,5.781560733847985,0,0.8585610790041391,1.732630239561461e-07,0
pred_000207,2025-09-04T11:26:00,v1,759.3644479734005,20,0.2010473710122338,362,4,41.56572071937737,1,0.739949923573678,0.000156261631723788,0
pred_000208,2025-09-04T12:12:00,v1,839.6978524190655,17,0.2701465184680441,785,2,16.78872376601888,0,0.828171957011936,2.5094695001006916e-08,0
pred_000209,2025-09-04T12:14:00,v1,1143.7762660448127,18,0.2014369062351325,758,1,8.515264419142229,0,0.70236407291545,7.553601571449044e-10,0
pred_000210,2025-09-04T12:40:00,v1,287.2051944153698,17,0.2221427723958279,829,1,37.256403055161954,1,0.6220986372071575,4.299097659983186e-06,0
pred_000211,2025-09-04T13:02:00,v1,983.695897592975,9,0.140445299537808,877,3,32.55911514849053,0,0.6381259010395627,7.325640863169487e-08,0
pred_000212,2025-09-04T13:32:00,v1,1305.5085273852735,10,0.2535115414136288,418,0,40.12938446479503,0,0.7809473231745662,1.4339782456311397e-08,0
pred_000213,2025-09-04T13:43:00,v1,1306.5816016472138,8,0.4333571490709582,164,1,6.237134610634969,0,0.5940873137354575,8.543795387382952e-07,0
pred_000214,2025-09-04T13:57:00,v1,1618.4606374806413,19,0.0709836276666833,405,3,24.574116245848256,0,0.8783476355136108,3.135866976509483e-09,0
pred_000215,2025-09-04T14:20:00,v1,1076.610675590441,16,0.0784100218109644,504,3,7.89211612549331,0,0.8843237657190919,8.792187201273258e-08,0
pred_000216,2025-09-04T15:32:00,v1,813.5427679796586,15,0.1461192253611763,154,6,1.0908028617755905,0,0.9259154696194972,0.000819997226358163,0
pred_000217,2025-09-04T15:39:00,v1,2098.5761751183127,10,0.1297510757221585,835,3,9.464319820925796,0,0.964659045396182,1.616509845539855e-12,0
pred_000218,2025-09-04T16:05:00,v1,664.597169921587,7,0.2294282343422413,780,4,39.239519435936494,0,0.8473481426550453,8.271722197421551e-06,0
pred_000219,2025-09-04T17:33:00,v1,288.4302978929905,11,0.2359004064357346,205,4,11.678026281981357,0,0.7664441571151774,0.0185694522962369,0
pred_000220,2025-09-04T18:07:00,v1,594.108286231457,9,0.0733521193590705,671,3,6.0100248899926605,0,0.8687609919546426,2.2707967349491785e-06,0
pred_000221,2025-09-04T18:55:00,v1,607.3669961684426,12,0.0858117106507411,142,2,1.5771571328990064,0,0.8230874791592668,9.016813041452854e-05,0
pred_000222,2025-09-04T18:57:00,v1,795.0570885174564,22,0.2726156653928161,101,2,10.745277069691989,1,0.9429882176486758,2.6149922423221224e-05,0
pred_000223,2025-09-04T19:28:00,v1,581.3609507411812,10,0.2296176437251728,935,1,4.469312140573589,0,0.8700338454713268,2.0685757604524628e-08,0
pred_000224,2025-09-04T19:49:00,v1,907.677614236787,7,0.316884742783739,757,1,27.84402160647813,0,0.4568176142155872,1.5274387872558625e-07,0
pred_000225,2025-09-04T20:08:00,v1,988.6125532823576,9,0.1402277452217935,284,3,8.373183495123996,0,0.9052278980016636,5.07051111107102e-06,0
pred_000226,2025-09-04T21:18:00,v1,1008.96149100912,20,0.1185365629673214,722,2,14.87452018763792,0,0.7648638011112845,6.186921686344849e-09,0
pred_000227,2025-09-04T21:19:00,v1,832.4015288968782,16,0.2214118648162724,379,1,19.826867142841028,0,0.9949081600440722,3.080748477584955e-07,0
pred_000228,2025-09-04T21:29:00,v1,622.0900852442983,21,0.104084376153597,837,0,4.816066488205526,0,0.9777930880929268,1.247379465603515e-09,0
pred_000229,2025-09-04T22:24:00,v1,1729.2092689070269,12,0.0307208172964141,455,2,0.896019821603179,0,0.7733783884039837,4.1598296321857703e-10,0
pred_000230,2025-09-04T22:33:00,v1,691.9595242096458,12,0.252804574400332,761,3,15.731545778970029,0,0.9168363445043584,4.793564993281881e-07,0
pred_000231,2025-09-04T22:50:00,v1,156.04748523540673,4,0.7754675138208852,105,10,26.32842411477803,0,0.0649979390485372,0.9999722224482565,1
pred_000232,2025-09-04T22:54:00,v1,975.7540044071688,14,0.0849125189686218,543,3,20.82729845952403,0,0.8192571375840464,3.463615240534758e-07,0
pred_000233,2025-09-04T22:59:00,v1,1906.431390144906,22,0.0682752660921133,939,2,14.572105253355284,1,0.8914655214031154,5.201829066106556e-13,0
pred_000234,2025-09-04T23:37:00,v1,1939.6437436190104,12,0.3217453359639275,893,0,3.0790163578249197,0,0.6837293411842541,2.6893185413955657e-13,0
pred_000235,2025-09-05T00:06:00,v1,453.1887368094802,16,0.2410718767582901,359,2,12.119602113799113,0,0.6619587483708942,7.259616414585291e-05,0
pred_000236,2025-09-05T01:29:00,v1,565.6542307611995,17,0.345360905954604,475,2,5.298019549726362,0,0.9679566705826006,2.7505388642335123e-06,0
pred_000237,2025-09-05T01:31:00,v1,744.4804132072325,22,0.1221635893654123,522,1,10.636501162690267,0,0.726431981548582,9.473644762135527e-08,0
pred_000238,2025-09-05T01:40:00,v1,953.3864191727102,14,0.0837174949890505,886,1,10.548685811958782,0,0.934123029507814,6.048435428422608e-10,0
pred_000239,2025-09-05T02:01:00,v1,345.4711189963458,8,0.149110623951818,470,6,23.587848207491575,1,0.7022200963352473,0.049720194560340256,0
pred_000240,2025-09-05T02:35:00,v1,830.6507775717591,8,0.2283247142898311,604,1,2.8474289499523295,0,0.8527226253653943,1.0326814333580575e-07,0
pred_000241,2025-09-05T02:36:00,v1,2281.3307751916755,17,0.1395497858667748,187,2,23.026591720453663,0,0.8027187358826161,7.878812906323446e-11,0
pred_000242,2025-09-05T02:59:00,v1,1527.8523401229545,9,0.1606570692890285,199,1,21.618320038129443,0,0.8700178347951126,2.5667374889822528e-08,0
pred_000243,2025-09-05T03:05:00,v1,601.7400707477285,19,0.0791291505715814,136,2,29.399272262085976,0,0.6589026842001783,0.00015187283390367574,0
pred_000244,2025-09-05T03:06:00,v1,276.8696437604541,10,0.1391683418566544,853,3,0.5762750088299163,0,0.8959057416796472,3.76327411491744e-06,0
pred_000245,2025-09-05T03:22:00,v1,509.4442432551572,13,0.1457493263032059,224,2,4.963017417512001,0,0.8045150744597473,0.00010468237145394188,0
pred_000246,2025-09-05T03:25:00,v1,380.38945258916215,14,0.4082444555139723,415,4,30.353398887984437,0,0.865288297703692,0.0013488313055042111,0
pred_000247,2025-09-05T03:49:00,v1,980.2602684220144,19,0.1315061075100337,347,2,0.3611440679707262,0,0.8701584422422758,1.798223387630958e-07,0
pred_000248,2025-09-05T04:14:00,v1,709.4421456858759,7,0.1402751466262587,804,3,7.509145934662847,0,0.7832465176768258,5.230272711312366e-07,0
pred_000249,2025-09-05T04:20:00,v1,2292.005931729459,13,0.0615117776965235,387,1,11.974181940700106,0,0.763972600453153,3.5652728922740037e-12,0
pred_000250,2025-09-05T04:46:00,v1,2339.139845823858,21,0.2999862479103271,647,4,11.789952181253506,0,0.9445639365776664,1.7525743697455304e-12,0
pred_000251,2025-09-05T05:38:00,v1,2427.377382768505,10,0.1057867553126758,155,4,3.003694595185796,0,0.8444267912321666,4.032178694171692e-10,0
pred_000252,2025-09-05T05:45:00,v1,970.2561134021392,8,0.0868766709334539,79,2,21.547508639659963,0,0.6498333640970919,5.486989081711778e-05,0
pred_000253,2025-09-05T08:43:00,v1,1178.880044179983,11,0.095335632667994,850,0,13.08912901327122,1,0.8903467280293699,2.3649641410759326e-10,0
pred_000254,2025-09-05T09:59:00,v1,216.5443575265056,19,0.355610234742104,935,1,11.142324803842246,0,0.915796127014172,1.5709338315935387e-07,0
pred_000255,2025-09-05T10:00:00,v1,902.1421437383322,20,0.0324160120414138,208,3,31.534446883734457,0,0.973987345449102,5.433196647798205e-06,0
pred_000256,2025-09-05T10:11:00,v1,2017.645980010513,16,0.1446596171868508,839,1,12.4256881596255,0,0.792175442842224,2.55153413481428e-13,0
pred_000257,2025-09-05T10:48:00,v1,1545.3456534420147,13,0.2069093101757988,693,0,2.573066845989386,0,0.9402421284434196,1.2784447267497012e-11,0
pred_000258,2025-09-05T10:51:00,v1,549.6268666252817,17,0.227597883046315,921,1,4.062034245233826,0,0.8847841393429099,1.0373275927695176e-08,0
pred_000259,2025-09-05T10:59:00,v1,928.3987491342708,7,0.081474787533205,971,4,8.47227036625771,0,0.907707714156486,2.9782740579061186e-08,0
pred_000260,2025-09-05T11:10:00,v1,488.05301856223326,8,0.0717173056004837,564,2,4.8580275342327175,1,0.5807971831414332,4.1803705838127807e-05,0
pred_000261,2025-09-05T11:16:00,v1,365.6493665781113,7,0.2328481909684788,784,0,9.517367437889236,1,0.6170592393493425,2.1039036358794146e-06,0
pred_000262,2025-09-05T11:36:00,v1,935.9129926443628,16,0.2624694873076725,904,1,5.202445951676048,0,0.5862432298196896,2.0121346715534262e-09,0
pred_000263,2025-09-05T12:06:00,v1,935.8630276988982,21,0.3897571915025657,421,2,24.05090719746412,1,0.755991359581207,1.511056753173536e-06,0
pred_000264,2025-09-05T12:11:00,v1,543.2873413154975,10,0.0775647590854464,177,1,36.32127086841999,0,0.8452327171188894,0.00011825855695868362,0
pred_000265,2025-09-05T12:33:00,v1,1093.1079329634747,19,0.1805182891594781,114,1,20.153709815882365,0,0.9299375300103968,3.957873058747264e-07,0
pred_000266,2025-09-05T13:23:00,v1,1006.896409998862,15,0.2148412637172512,165,2,8.356364295194657,0,0.7146303435010508,4.495662444583427e-06,0
pred_000267,2025-09-05T13:31:00,v1,1138.451301744656,10,0.1350393447633981,874,3,8.724767077497006,0,0.8356943203875102,4.2903178472275895e-09,0
pred_000268,2025-09-05T13:31:00,v1,1849.3018440165545,10,0.1911213248649148,763,1,1.9846065601362275,0,0.8793986101347112,3.0933042862380736e-12,0
pred_000269,2025-09-05T13:43:00,v1,1348.28153734718,11,0.2815851049817848,855,3,15.101270262408118,0,0.7435243303024932,1.9997090991440654e-09,0
pred_000270,2025-09-05T14:04:00,v1,1662.3005410606984,14,0.1936118252116495,325,3,9.366249502153146,0,0.9740134502976894,6.164883867180286e-09,0
pred_000271,2025-09-05T14:37:00,v1,1090.7785039818204,11,0.0986835052644316,606,6,4.401469010673638,0,0.8089606612498514,2.3909977919454884e-06,0
pred_000272,2025-09-05T14:51:00,v1,453.54841689886223,11,0.1137916880601308,470,1,4.897700646957333,0,0.8564197005939741,4.381735848824594e-06,0
pred_000273,2025-09-05T14:57:00,v1,500.86690169858014,18,0.363351101284318,719,2,2.3161649189341085,0,0.6522857704257946,1.013393055376509e-06,0
pred_000274,2025-09-05T15:19:00,v1,1294.5662054555448,14,0.3430852289498486,991,1,37.12646566739978,0,0.8416873028720268,7.995720986006944e-11,0
pred_000275,2025-09-05T16:48:00,v1,863.0946306826042,10,0.1519123695975039,822,1,10.45531995455387,0,0.8979451771094912,5.822866170611096e-09,0
pred_000276,2025-09-05T16:52:00,v1,1082.045793832914,21,0.1963708904552058,273,1,4.416062926748114,0,0.8230225569107741,6.085472412671024e-08,0
pred_000277,2025-09-05T16:52:00,v1,1273.0200115512357,13,0.1734908420427936,280,3,13.661115866148055,0,0.8829734479006947,4.031651626339499e-07,0
pred_000278,2025-09-05T17:09:00,v1,711.5741868767003,15,0.062240327896517,974,1,1.9234149897522468,1,0.8175704642730084,4.622571675101671e-09,0
pred_000279,2025-09-05T17:23:00,v1,770.7681802371073,15,0.0485490445584366,358,1,10.560168088642932,1,0.64090685370781,3.394775251677698e-06,0
pred_000280,2025-09-05T17:26:00,v1,458.1237718049674,7,0.1078275858020867,547,1,19.33975221329598,0,0.7618856306039744,7.518421064182842e-06,0
pred_000281,2025-09-05T17:41:00,v1,794.7898104257599,11,0.3555076845976729,781,3,6.567857010432844,0,0.7946092513580135,2.96403108321103e-07,0
pred_000282,2025-09-05T17:59:00,v1,1631.7904288526263,19,0.4293188510313008,328,0,13.587243493077995,0,0.7488848305993101,5.158945471262706e-10,0
pred_000283,2025-09-05T18:58:00,v1,1024.020136715567,9,0.4876706714720427,295,3,6.222510176750904,0,0.689534604089774,1.6656854410492414e-05,0
pred_000284,2025-09-05T19:06:00,v1,1862.173424638779,18,0.2819942908129937,193,2,14.213403629038206,0,0.9430763099119336,1.2923924214607744e-09,0
pred_000285,2025-09-05T19:21:00,v1,1664.4614168494138,9,0.3774741607717656,655,3,19.17969468440969,0,0.7329085975639211,2.3034674401473464e-09,0
pred_000286,2025-09-05T19:40:00,v1,754.4025273870591,7,0.1529929351406461,281,1,13.17989518573646,0,0.8008307193703474,7.933816801157167e-06,0
pred_000287,2025-09-05T21:20:00,v1,892.1795450447321,10,0.236988862678417,606,0,47.77990109704477,0,0.8037758363605615,7.003313790553374e-08,0
pred_000288,2025-09-05T21:42:00,v1,1840.9047523472743,15,0.1393154160209588,969,3,0.0670460525133473,1,0.865205338970044,4.90547836055532e-12,0
pred_000289,2025-09-05T22:19:00,v1,488.8596915720561,22,0.0730590314549835,282,1,3.5692242641530685,0,0.8231094282359522,4.299972482966276e-06,0
pred_000290,2025-09-05T22:24:00,v1,772.0487098017027,20,0.054714954537355,489,2,4.622137860346691,0,0.8048862909633782,2.3998975506295475e-07,0
pred_000291,2025-09-05T22:26:00,v1,181.53034149950912,17,0.2080264769015219,639,2,52.07669858515901,0,0.7844200782546545,6.996444994633031e-05,0
pred_000292,2025-09-05T22:43:00,v1,931.7763219174344,12,0.3700467072384938,619,1,35.06841605493047,0,0.8145913534868591,9.73015440028699e-08,0
pred_000293,2025-09-05T22:46:00,v1,682.4223043349244,7,0.1975991395811553,911,3,8.071992833858562,0,0.8609356625566165,1.9752451653890897e-07,0
pred_000294,2025-09-05T23:00:00,v1,1591.4770774794008,16,0.1298259177391592,737,5,11.378272839948268,0,0.9396611595823332,1.3606319512482818e-09,0
pred_000295,2025-09-05T23:19:00,v1,936.611398621369,18,0.4897193255999769,843,2,4.8115920450643825,1,0.5942706458233645,4.1569774712395666e-08,0
pred_000296,2025-09-05T23:56:00,v1,829.7979156729227,20,0.1572373357385858,667,4,2.8970870378185287,0,0.4753498737939274,1.0296373928284213e-06,0
pred_000297,2025-09-06T00:40:00,v1,921.7841422522828,18,0.4422909631830646,143,5,4.1855689437997565,0,0.5868852442288285,0.0005985945905946895,0
pred_000298,2025-09-06T00:46:00,v1,1578.7203620605176,15,0.1759079355508063,166,2,10.244740084666304,0,0.8004920386744209,2.97397385018956e-08,0
pred_000299,2025-09-06T00:55:00,v1,915.864485191515,17,0.2740376722286937,450,1,17.35552601406894,1,0.7100869560129064,5.262585741153105e-07,0
pred_000300,2025-09-06T01:38:00,v1,1476.801899983853,22,0.1698420746033315,97,1,9.38763331309428,1,0.9564263708622226,2.296796062122881e-08,0
pred_000301,2025-09-06T02:29:00,v1,1911.940033819576,18,0.2066388753999453,404,1,7.121872115929714,0,0.770954470361153,3.898290364637461e-11,0
pred_000302,2025-09-06T02:29:00,v1,846.385192222756,13,0.0974124078525107,976,4,14.053809450013055,0,0.8611695544701533,3.373110940058337e-08,0
pred_000303,2025-09-06T02:35:00,v1,1387.1362719956046,8,0.3399362007891026,76,2,8.019520386779924,0,0.829496850963138,1.2449931524948048e-06,0
pred_000304,2025-09-06T02:37:00,v1,486.49315964211206,16,0.2232727510604102,128,0,14.177443939173063,0,0.905369943715164,2.345874375110094e-05,0
pred_000305,2025-09-06T03:00:00,v1,252.08638010919876,9,0.1729704772088758,672,1,9.671734959837313,0,0.8367709473091659,5.707082890936587e-06,0
pred_000306,2025-09-06T03:07:00,v1,1066.8919710438486,10,0.1472397362402854,327,0,25.848031510151895,0,0.835832006504515,1.0104756478973426e-07,0
pred_000307,2025-09-06T03:26:00,v1,1408.1629465319186,14,0.2436262382496074,708,2,35.813323056875774,1,0.8149326562759667,3.962731526007775e-09,0
pred_000308,2025-09-06T03:29:00,v1,1750.75744239067,15,0.0534323897396873,146,3,28.885805724442307,0,0.6687925461613261,6.029817088657486e-08,0
pred_000309,2025-09-06T03:45:00,v1,1316.014697443382,11,0.3999035489655543,875,3,18.11374965053225,0,0.7045027246035206,3.6278192114782693e-09,0
pred_000310,2025-09-06T04:03:00,v1,1596.9662081406818,20,0.4286567136175918,947,3,26.299721442129645,0,0.9041990634244478,3.25468924226344e-11,0
pred_000311,2025-09-06T04:48:00,v1,3257.4782758292445,21,0.1129531605497271,165,4,8.151026421343396,0,0.7466528918436329,1.4339669857448193e-13,0
pred_000312,2025-09-06T05:21:00,v1,1300.4003918316112,20,0.1936878092111983,670,1,8.721617029079988,0,0.6800682153398929,4.089811700141722e-10,0
pred_000313,2025-09-06T05:32:00,v1,1188.680773088642,7,0.0427413838669288,396,4,1.0061671515607389,0,0.808558678249219,1.2104742962994372e-06,0
pred_000314,2025-09-06T06:18:00,v1,487.90212641086407,21,0.1000631121894683,850,0,23.25789573516187,0,0.9002587705776972,7.566650133685708e-09,0
pred_000315,2025-09-06T06:24:00,v1,748.9320781185403,19,0.088698519340356,439,2,6.938904332272625,0,0.5836628401748782,1.4344917551434387e-06,0
pred_000316,2025-09-06T07:26:00,v1,832.7967378388383,7,0.2572778488285552,206,3,10.099521837203138,0,0.8830857632998779,8.168007939472794e-05,0
pred_000317,2025-09-06T07:49:00,v1,1105.16908727795,11,0.1859601806461469,579,2,2.7014085161572083,0,0.9180502895949236,2.0865743596471572e-08,0
pred_000318,2025-09-06T07:56:00,v1,479.4211149588763,21,0.2169489794076654,127,4,19.764938696659524,0,0.8248908839710744,0.0020262621630164845,0
pred_000319,2025-09-06T07:59:00,v1,1507.9441165371647,12,0.1753374123712114,366,2,8.261417157291756,0,0.9420368698407844,6.165642630555156e-09,0
pred_000320,2025-09-06T08:19:00,v1,453.4615246916307,19,0.0728775801466676,384,2,49.02929635771271,0,0.6319950341488548,8.304785155449853e-05,0
pred_000321,2025-09-06T08:22:00,v1,903.1175072208468,18,0.2075445369026893,279,1,0.4462445523798652,0,0.8949847768889654,2.6805987171676843e-07,0
pred_000322,2025-09-06T08:51:00,v1,1280.4738979314309,10,0.2895536359350399,303,1,6.282477635363442,0,0.927323622447792,4.0983135786964405e-08,0
pred_000323,2025-09-06T09:02:00,v1,358.1436279413556,13,0.2548184530479166,993,0,28.19711737857881,0,0.8583829127618291,3.3146728330622256e-08,0
pred_000324,2025-09-06T09:09:00,v1,874.3739772488865,13,0.2468961249325383,805,1,0.5145283322748856,0,0.9624739790090492,3.0243401201964505e-09,0
pred_000325,2025-09-06T09:12:00,v1,189.45234485238385,13,0.1641409418286403,301,4,3.49232909772054,0,0.5984004828985943,0.013961376561140609,0
pred_000326,2025-09-06T09:30:00,v1,831.596947593742,15,0.1207955033383995,353,1,13.90372971329735,0,0.915550862463274,3.987090594079656e-07,0
pred_000327,2025-09-06T10:07:00,v1,1232.8177279082722,20,0.0912914243896366,438,2,3.788740176407305,0,0.7357580693399622,1.285698386748966e-08,0
pred_000328,2025-09-06T10:10:00,v1,639.8222072302493,19,0.2274060133101914,413,3,6.099600116041719,0,0.8854909262237161,6.888736864601305e-06,0
pred_000329,2025-09-06T10:55:00,v1,472.1533716501937,12,0.1884783734710449,726,3,11.100981121942528,0,0.965952697729162,2.524923962281391e-06,0
pred_000330,2025-09-06T11:50:00,v1,227.78903273486867,0,0.640695529874721,145,14,36.75229310927018,0,0.1175077979745985,0.9999995224481533,1
pred_000331,2025-09-06T11:52:00,v1,501.49675174892553,20,0.2732826604961687,624,3,33.10371219806445,1,0.8701594907895775,1.637967286465276e-05,0
pred_000332,2025-09-06T12:06:00,v1,717.0158998529253,21,0.212766538503273,108,3,9.034872674680733,0,0.7606956726517249,9.822414356896542e-05,0
pred_000333,2025-09-06T12:19:00,v1,725.1062601065021,8,0.2009712327729676,236,4,28.958692420773023,1,0.9593798950236372,0.0013033963592170195,0
pred_000334,2025-09-06T12:24:00,v1,370.8966041331883,12,0.1499228557591618,818,1,36.84687123532502,0,0.7412814870609168,9.902807336613989e-07,0
pred_000335,2025-09-06T13:14:00,v1,2279.945354873593,7,0.2708933295792821,264,1,0.5768677745548324,0,0.5714043455115182,7.76417174244855e-11,0
pred_000336,2025-09-06T13:15:00,v1,588.3208446028287,15,0.1478849135074127,45,2,4.6322927191627175,0,0.9394941434382948,0.00015381342792823922,0
pred_000337,2025-09-06T13:34:00,v1,384.79973224886305,3,0.4164359531258854,14,9,185.9459585584764,0,0.1362115233546448,0.9999955125230465,1
pred_000338,2025-09-06T13:37:00,v1,1302.5463763494297,22,0.4151322100875729,107,2,4.661879300796361,0,0.7923289523992763,2.9420200634192406e-07,0
pred_000339,2025-09-06T13:50:00,v1,1550.1923149384174,12,0.1195374689423625,976,3,28.955178637813216,0,0.8213959556494133,7.577734372014013e-11,0
pred_000340,2025-09-06T14:54:00,v1,832.195216145015,7,0.1783284724663148,851,4,0.4765749523883507,0,0.9389071446630864,1.9552854722600684e-07,0
pred_000341,2025-09-06T14:57:00,v1,2382.329335062694,8,0.2610545929774224,668,2,9.782093771115768,1,0.7175867971312484,3.33708964501528e-12,0
pred_000342,2025-09-06T15:18:00,v1,632.7325970484499,12,0.0696094027421064,154,1,14.591386524129636,0,0.7481395996622182,3.794038147939714e-05,0
pred_000343,2025-09-06T16:08:00,v1,1128.326270728939,22,0.1849319329316962,753,3,2.845485314091976,0,0.529408131666896,7.776793181201226e-09,0
pred_000344,2025-09-06T16:13:00,v1,310.774218589882,18,0.0267733810479229,63,3,10.21878731321716,0,0.8000208675720225,0.0036723819381020042,0
pred_000345,2025-09-06T16:28:00,v1,942.9085531022888,16,0.3436557434848416,787,1,13.68059134562095,0,0.8021660863316861,4.57869504419269e-09,0
pred_000346,2025-09-06T16:50:00,v1,1531.1570116952887,12,0.037568375057649,743,3,15.460568369495498,0,0.7949522229070771,5.449076200394396e-10,0
pred_000347,2025-09-06T17:37:00,v1,425.6640717917511,21,0.0691190931699948,306,0,8.276327316275069,0,0.9062853700350076,1.728310605971077e-06,0
pred_000348,2025-09-06T17:47:00,v1,830.4947119023623,20,0.3111428856881761,180,0,11.26865800732779,0,0.9645241265628816,4.3423636113198805e-07,0
pred_000349,2025-09-06T17:55:00,v1,1754.5470946490798,15,0.226894915836536,160,1,0.9023118140934852,0,0.9187921410128392,1.3066563945633895e-09,0
pred_000350,2025-09-06T18:06:00,v1,387.8337707522183,22,0.2372793327340558,114,4,14.235116152816415,0,0.8282364813485867,0.00368592044892727,0
pred_000351,2025-09-06T18:41:00,v1,78.31912122749192,2,0.7695596442694863,108,7,48.18220208503913,1,0.2671649565501865,0.9998527324993685,1
pred_000352,2025-09-06T19:00:00,v1,1028.6570670856247,16,0.1237110838378578,231,4,37.31194793091313,1,0.8677815865803173,5.326000857572704e-05,0
pred_000353,2025-09-06T19:11:00,v1,3656.0550075160127,18,0.2673722013060522,301,2,23.889138142233566,0,0.6581688707142849,6.991181888689667e-16,0
pred_000354,2025-09-06T20:26:00,v1,1238.7798433784264,19,0.007223239140994,96,1,1.619281592106132,0,0.9261066947472504,5.305749613453275e-08,0
pred_000355,2025-09-06T21:03:00,v1,1953.3092661179364,11,0.2226052744778713,699,5,14.328311175751534,0,0.7655341577134884,5.603689554131217e-10,0
pred_000356,2025-09-06T21:04:00,v1,674.0825848297086,16,0.0504643184560343,675,2,8.617297852948596,0,0.9425253717624844,1.000925165610342e-07,0
pred_000357,2025-09-06T22:06:00,v1,2616.499958063131,18,0.1179649837859515,729,1,5.531453777548677,0,0.893677882768117,2.3031517156347672e-15,0
pred_000358,2025-09-06T22:13:00,v1,1075.9760747633716,11,0.1228342866067463,897,3,18.679421429700255,0,0.9428870347105784,4.406228089961303e-09,0
pred_000359,2025-09-06T22:14:00,v1,638.9108241112004,17,0.2490919198991085,205,2,4.879091700015497,0,0.7233642109430289,4.2753868038427706e-05,0
pred_000360,2025-09-06T22:23:00,v1,458.1962393372988,17,0.1994972653690526,257,2,44.49668655891405,0,0.7197184520456846,0.00033750326494932345,0
pred_000361,2025-09-06T22:33:00,v1,1519.2045587646155,17,0.237383280723051,644,2,4.301412847895825,1,0.6428593400689179,1.350359063791372e-09,0
pred_000362,2025-09-06T22:42:00,v1,780.2360980669577,17,0.0472096939885397,653,1,20.037237931850616,0,0.903371190229279,2.2984406693729833e-08,0
pred_000363,2025-09-06T22:45:00,v1,598.2479204296309,21,0.0944238053697762,472,5,1.7628186680294702,0,0.8976244398789008,2.4610490515516385e-05,0
pred_000364,2025-09-06T22:54:00,v1,396.147406761194,11,0.3315358817977824,139,2,20.39233175098137,0,0.9289642461968204,0.0013804916678763102,0
pred_000365,2025-09-06T22:54:00,v1,1169.8096881727254,14,0.4412424943133198,641,3,5.423955074906247,0,0.8686431985176272,3.408846343464355e-08,0
pred_000366,2025-09-06T23:25:00,v1,919.4394561976428,14,0.0241167685238328,615,1,2.0599394031432707,0,0.9538008025662372,7.55926406277143e-09,0
pred_000367,2025-09-06T23:48:00,v1,214.21067164383345,23,0.6922011935654893,68,4,86.83783684499046,1,0.2741530043401308,0.9264057313989722,1
pred_000368,2025-09-07T00:00:00,v1,1855.2235072075505,9,0.0396920705514266,350,4,3.539571260864139,0,0.9688486241258688,3.806537392170972e-09,0
pred_000369,2025-09-07T00:06:00,v1,658.9384419034333,12,0.4707307358842788,596,1,27.956847926649484,0,0.786527227149623,1.299208256861034e-06,0
pred_000370,2025-09-07T00:11:00,v1,1172.3482905105295,11,0.2033311681807755,904,4,27.74540095473294,0,0.9017734927893024,1.1354699921588555e-08,0
pred_000371,2025-09-07T00:19:00,v1,480.7431951550273,12,0.1420729277304211,841,1,56.282365390391,0,0.8128226277778257,4.4538393832599585e-07,0
pred_000372,2025-09-07T00:24:00,v1,1282.8644417289631,21,0.1672137518779807,557,1,14.821540882854976,0,0.7897764726525767,9.739366618162401e-10,0
pred_000373,2025-09-07T00:41:00,v1,628.9799266892461,17,0.2031222006713859,616,2,16.431963353355382,1,0.7935878869980101,1.978697265552502e-06,0
pred_000374,2025-09-07T00:49:00,v1,973.525834353812,10,0.1090874708290801,446,2,16.386513251131625,0,0.6953877974656804,7.533013045982695e-07,0
pred_000375,2025-09-07T01:35:00,v1,311.6974047243286,21,0.4178249792251611,55,1,3.1620212886455374,0,0.7599755677792525,0.0006199230577900824,0
pred_000376,2025-09-07T01:44:00,v1,1021.2199157562056,22,0.4327655320683189,659,1,2.134317339366047,0,0.8157019949277217,3.0664855789845775e-09,0
pred_000377,2025-09-07T02:01:00,v1,608.9493241734052,22,0.1683741049502408,621,2,10.776276885262307,0,0.5365111278160832,7.549347006640157e-07,0
pred_000378,2025-09-07T02:49:00,v1,665.776120552248,8,0.1744463314535393,462,1,1.5937391773395433,0,0.8821459366030617,1.2524797842394609e-06,0
pred_000379,2025-09-07T03:00:00,v1,382.44651737130795,0,0.673251890561959,121,15,6.753829887173322,0,0.3419644107811723,0.9999978571229771,1
pred_000380,2025-09-07T03:51:00,v1,265.53114137811735,5,0.4230106435651501,93,7,77.91246652755436,0,0.377186707283546,0.9965196300884877,1
pred_000381,2025-09-07T03:51:00,v1,966.1117660959754,17,0.1411353139670493,266,4,9.082716152030804,0,0.9007240778646056,7.634474180486187e-06,0
pred_000382,2025-09-07T04:05:00,v1,1024.0239110040957,21,0.1283235807095434,998,1,13.114196092264322,0,0.441812796849242,2.7931882698307966e-10,0
pred_000383,2025-09-07T04:18:00,v1,570.0419079365442,8,0.2941715816843022,625,3,8.456121098896347,0,0.9100076557343204,8.307576074265085e-06,0
pred_000384,2025-09-07T04:25:00,v1,1554.988226041835,12,0.1520104620891404,209,3,8.373922832823585,0,0.9224645026225736,6.688596078468614e-08,0
pred_000385,2025-09-07T04:42:00,v1,988.1082351991328,12,0.2844160815325116,237,2,0.7399933518207996,0,0.7919394472039446,2.803204149837776e-06,0
pred_000386,2025-09-07T05:00:00,v1,675.4086602388676,19,0.1540736337440803,689,1,16.70113949783282,0,0.7170428665168265,6.465831906519353e-08,0
pred_000387,2025-09-07T05:15:00,v1,1488.7470634990896,11,0.0343771138793163,206,3,10.068911052397256,0,0.8399185416714358,1.4359521924051216e-07,0
pred_000388,2025-09-07T05:34:00,v1,998.6460811505146,10,0.2020763470023131,498,2,0.8434783772981373,1,0.5940505736292874,1.1115539908770233e-06,0
pred_000389,2025-09-07T05:55:00,v1,830.2062217166629,7,0.1994085087242491,505,3,8.625800060484504,0,0.8342371864614642,4.006816851619524e-06,0
pred_000390,2025-09-07T06:02:00,v1,767.7082552698744,20,0.3227287480431463,219,1,3.735900184922048,0,0.6580264624901284,3.834119633641864e-06,0
pred_000391,2025-09-07T06:13:00,v1,523.2339123480612,8,0.3759303625547995,734,0,25.42404400290845,0,0.93079969639711,2.3527732023281655e-07,0
pred_000392,2025-09-07T06:31:00,v1,316.0674250877896,12,0.3280795811322285,817,5,9.30938577370522,0,0.8899004067522102,6.600817969829033e-05,0
pred_000393,2025-09-07T06:56:00,v1,744.2627235520604,10,0.1090920421900903,830,1,0.4876254649245056,0,0.8026858636932332,1.3082321800029717e-08,0
pred_000394,2025-09-07T07:25:00,v1,1124.6482202961895,21,0.3030482691013345,479,3,7.943160838375624,0,0.8747902743739919,6.780679645139061e-08,0
pred_000395,2025-09-07T07:30:00,v1,1131.276390145783,19,0.34120542518786,300,3,45.709078854206865,0,0.703862201513464,3.4371887702153005e-06,0
pred_000396,2025-09-07T07:34:00,v1,2067.470920770701,21,0.1745973661938249,627,4,76.46986861585127,0,0.7255242513934913,2.3307331191597867e-10,0
pred_000397,2025-09-07T07:37:00,v1,2447.0264589083004,8,0.0659681816336312,495,1,17.736074698890768,0,0.9051008651107546,5.12774140804736e-13,0
pred_000398,2025-09-07T07:39:00,v1,2614.4637015743124,18,0.1315684069298424,426,3,3.1622732371685327,1,0.6625898000730707,3.0912759855036184e-12,0
pred_000399,2025-09-07T08:13:00,v1,1203.3698727804629,19,0.5616807804418512,551,3,5.215898127183541,0,0.7815184988704952,5.722788881265097e-08,0
pred_000400,2025-09-07T08:20:00,v1,1580.0832013662107,15,0.1250492151958684,624,2,13.9853130258547,0,0.895705141941405,2.030696232742641e-10,0
pred_000401,2025-09-07T08:51:00,v1,1540.384442089273,10,0.2049887631666494,522,2,3.4345793532922153,0,0.836157129788704,1.7780700096286845e-09,0
pred_000402,2025-09-07T08:52:00,v1,613.0396731807641,9,0.2682411224477135,893,2,8.119904278521732,0,0.734113753709834,1.8262386592288292e-07,0
pred_000403,2025-09-07T09:11:00,v1,2905.2812996451953,7,0.268919558251232,280,2,10.285267849262755,0,0.8733031671626159,5.946294898591867e-13,0
pred_000404,2025-09-07T10:02:00,v1,1255.65802161678,14,0.0044308032248055,322,5,0.6215438221372994,0,0.9696225712747903,8.659001863450686e-07,0
pred_000405,2025-09-07T10:44:00,v1,640.5671842212893,18,0.55811469845695,863,3,16.222142530598816,0,0.6933255779913471,5.336619073549694e-07,0
pred_000406,2025-09-07T11:44:00,v1,888.9167409669391,21,0.057632817032174,534,1,5.329158302803058,1,0.663564110370471,7.343566120559518e-08,0
pred_000407,2025-09-07T11:58:00,v1,547.5782124601518,8,0.1551350589337594,514,2,5.617943317460481,0,0.9090734246340636,6.12543296098942e-06,0
pred_000408,2025-09-07T13:07:00,v1,570.830559992623,18,0.1381388882512434,510,2,6.714284479320872,0,0.687201712778154,2.6926198374898825e-06,0
pred_000409,2025-09-07T13:38:00,v1,320.3928768459105,21,0.1343920808792705,48,0,41.7617653926678,0,0.8925516997778625,0.00019341718990435565,0
pred_000410,2025-09-07T14:09:00,v1,648.274316278534,16,0.0989063126198183,401,2,11.5383487821043,0,0.8698168614454903,3.1515116606303773e-06,0
pred_000411,2025-09-07T14:18:00,v1,615.51232341442,14,0.0769187929092506,590,3,0.5392113682909105,0,0.8579240701075337,1.8451324773516465e-06,0
pred_000412,2025-09-07T15:20:00,v1,1143.9478592723356,17,0.2634513704126899,623,3,3.7874642635325615,0,0.7219519362021334,3.328397594734469e-08,0
pred_000413,2025-09-07T15:25:00,v1,1650.1532287015414,22,0.2850686724093778,472,1,0.2175138599333101,0,0.9235124337331226,5.287346727382641e-11,0
pred_000414,2025-09-07T15:31:00,v1,803.8234894209351,11,0.2144745718172814,123,3,12.021536905653534,0,0.7552066282381699,0.00020066397411201798,0
pred_000415,2025-09-07T16:11:00,v1,430.36734010241935,1,0.6749824030755683,156,6,156.29256720802044,1,0.2355143568785405,0.9995375565087229,1
pred_000416,2025-09-07T16:33:00,v1,1437.1227356712136,22,0.162737519773866,921,1,24.89392021266096,0,0.9612291913405208,4.453979070632345e-12,0
pred_000417,2025-09-07T17:47:00,v1,491.7859918286604,17,0.4068667524242789,363,1,6.71294242137584,0,0.8118053491382368,1.031828678347987e-05,0
pred_000418,2025-09-07T17:54:00,v1,581.5088302003365,22,0.190819883259333,353,2,1.6860565104747098,0,0.8933687481966207,3.1461536087533264e-06,0
pred_000419,2025-09-07T18:00:00,v1,627.8700622037247,17,0.1438682015097479,402,2,26.59304090996849,0,0.9382092333198908,4.465791129372699e-06,0
pred_000420,2025-09-07T18:14:00,v1,911.225996366819,12,0.1534101254581168,826,2,2.7911238424809732,0,0.7856677770139072,1.0737063225999239e-08,0
pred_000421,2025-09-07T18:44:00,v1,421.7277612706993,19,0.0824928183990524,997,2,4.017056364059628,0,0.5829421921500103,6.671261014107971e-08,0
pred_000422,2025-09-07T18:53:00,v1,1495.5945534673822,16,0.3249561653266551,934,2,45.951035961684894,0,0.8102893230203454,9.333354097697071e-11,0
pred_000423,2025-09-07T19:16:00,v1,1270.495965675554,8,0.0852726039615832,215,1,33.3142134344089,0,0.928484236741456,1.9828408946072566e-07,0
pred_000424,2025-09-07T19:31:00,v1,1159.6451267514751,19,0.152496895305888,117,3,0.3760134136760712,0,0.6699101722636911,2.9500815261755912e-06,0
pred_000425,2025-09-07T19:54:00,v1,2651.68870201827,11,0.2085882047947287,854,2,6.081736211802271,0,0.8397188805532426,6.789782071045952e-15,0
pred_000426,2025-09-07T20:13:00,v1,1031.734195855445,17,0.0479425690333717,36,0,1.3576674108175375,0,0.528036077911192,9.974938760068345e-07,0
pred_000427,2025-09-07T20:16:00,v1,1129.5597198622816,15,0.2059630276593122,639,2,34.81842507378609,0,0.7887873402631022,2.3628179531833636e-08,0
pred_000428,2025-09-07T20:52:00,v1,1920.9374964068832,10,0.0850529471962266,264,3,105.84501026541028,0,0.8101908879092287,6.782558054968016e-08,0
pred_000429,2025-09-07T22:21:00,v1,1235.1838939069185,17,0.0725932655227796,109,1,5.15860859062473,0,0.869471445216073,1.0351923431169307e-07,0
pred_000430,2025-09-07T22:27:00,v1,1279.0006235798994,17,0.397542859159797,985,1,25.722272341867395,0,0.8848837766287615,4.3023391857308485e-11,0
pred_000431,2025-09-07T22:34:00,v1,918.547431775072,19,0.4647037575265659,215,0,16.22884130834354,0,0.7725219867879723,5.898630817270644e-07,0
pred_000432,2025-09-07T23:00:00,v1,730.0573413957011,13,0.3724246136196974,268,4,1.681587406247379,0,0.9077663360385808,0.00012811566003170512,0
pred_000433,2025-09-07T23:23:00,v1,201.8293971115037,21,0.0220961573881958,740,0,43.55068772311261,0,0.51341888301933,1.4517493597522e-06,0
pred_000434,2025-09-07T23:30:00,v1,750.6910276428089,12,0.2161283210830152,861,5,9.070533670802048,0,0.8120703976056786,1.2078468416023612e-06,0
pred_000435,2025-09-07T23:41:00,v1,723.1842404426848,20,0.1024141045194363,102,0,71.07209836917427,0,0.9567438355137744,8.870859872641179e-06,0
pred_000436,2025-09-08T00:04:00,v1,748.4219828112613,15,0.0989834449587503,342,5,11.424395873074024,0,0.9779109078358176,6.601680470606418e-05,0
pred_000437,2025-09-08T00:40:00,v1,503.73628401345894,16,0.06341554652636,193,3,35.051247912351315,0,0.7076902303444557,0.0009097437465235816,0
pred_000438,2025-09-08T01:05:00,v1,2594.9363908646105,9,0.2340045540215019,33,2,1.610759040007834,0,0.7837427361121401,6.488989507336503e-11,0
pred_000439,2025-09-08T01:45:00,v1,805.8713699006616,22,0.2675739057793765,259,3,2.166057874145203,0,0.7022451826421905,1.0263317267299514e-05,0
pred_000440,2025-09-08T02:41:00,v1,737.9745202278577,8,0.1464315988246778,44,4,0.4352316988226575,0,0.7542391349406923,0.0022296405252748655,0
pred_000441,2025-09-08T03:14:00,v1,771.0050747184371,15,0.0612645257721934,420,1,6.091588935195173,0,0.6327172077523815,6.155283162048531e-07,0
pred_000442,2025-09-08T03:29:00,v1,1240.33204169263,14,0.265777271391371,319,0,8.551375670781889,0,0.8364423789919048,1.1728760063906283e-08,0
pred_000443,2025-09-08T04:51:00,v1,853.0850569129076,10,0.2047387570969744,639,2,2.934347512176218,0,0.9108120492100082,1.1149102784418548e-07,0
pred_000444,2025-09-08T06:17:00,v1,1577.0209336784765,12,0.0781102774604558,261,2,24.674767515674,0,0.948263937073438,1.2882603081382655e-08,0
pred_000445,2025-09-08T07:22:00,v1,937.5634574040872,7,0.0159629231633083,235,2,3.731587961721838,0,0.5704610582121572,1.093711858649809e-05,0
pred_000446,2025-09-08T07:31:00,v1,945.0190256796916,20,0.0663776519721774,708,0,33.778253992090924,0,0.7650057787085683,1.8241927465073828e-09,0
pred_000447,2025-09-08T07:55:00,v1,823.8977878977852,13,0.1153608934672487,217,1,19.675548877988636,0,0.6790377685410709,6.159372981380747e-06,0
pred_000448,2025-09-08T08:06:00,v1,885.704104023334,20,0.0372594626734015,896,2,14.428875131196987,1,0.8477010624450086,4.743929105492122e-09,0
pred_000449,2025-09-08T08:06:00,v1,986.139468501284,15,0.0765319309582684,434,2,3.4889317730675686,0,0.9006627286061814,1.096064345725224e-07,0
pred_000450,2025-09-08T08:53:00,v1,1109.5961103874054,8,0.0821292636828567,949,1,9.75548655543694,0,0.8404551935803029,2.917812639249779e-10,0
pred_000451,2025-09-08T09:55:00,v1,835.7637599468273,16,0.1823833729603982,672,3,6.714655185042771,0,0.7325443225983711,2.483674876889298e-07,0
pred_000452,2025-09-08T10:45:00,v1,1244.031760943714,14,0.2108002888886965,482,1,10.58136205066906,0,0.8843919841297634,5.515952128874894e-09,0
pred_000453,2025-09-08T12:25:00,v1,828.950189540321,10,0.1975775906332795,181,1,11.17703370619535,0,0.8047394752325606,7.948659704815153e-06,0
pred_000454,2025-09-08T12:31:00,v1,1793.9875823320715,22,0.2777811257323,652,3,2.701929189164773,0,0.942738185763804,2.7302326313201296e-11,0
pred_000455,2025-09-08T12:43:00,v1,988.8942008149844,15,0.0803992563578017,545,2,54.074524681814445,0,0.5929745647786608,5.109568037222455e-07,0
pred_000456,2025-09-08T13:09:00,v1,878.1007358985925,11,0.0604436664579001,902,1,21.988878341500325,0,0.7108476186854982,4.396388443441424e-09,0
pred_000457,2025-09-08T13:10:00,v1,641.8546364559182,22,0.3307610857524153,79,2,20.415667816628243,0,0.8209197159894679,0.00010117791703919656,0
pred_000458,2025-09-08T13:18:00,v1,1933.221954850824,16,0.2454988507218531,71,0,8.159285307556875,0,0.7099558470095231,5.565455178779159e-10,0
pred_000459,2025-09-08T13:18:00,v1,1260.940979814435,7,0.0449452086866078,497,0,3.529417133414427,1,0.9518248572611718,4.0111642215251476e-09,0
pred_000460,2025-09-08T14:18:00,v1,727.6411539424868,16,0.2701581103427133,901,2,2.697542329195348,0,0.8869487142416672,1.1739881959737262e-08,0
pred_000461,2025-09-08T15:04:00,v1,1194.047195068195,12,0.3407806405976989,973,1,1.0511827134536615,1,0.9257129803178268,1.903563581237609e-10,0
pred_000462,2025-09-08T15:09:00,v1,2347.2651148132213,18,0.1838824516228036,176,2,7.63499036714234,1,0.9561084631256908,4.859628202857314e-11,0
pred_000463,2025-09-08T15:35:00,v1,557.6480397775318,8,0.3669777507254775,624,3,21.600933364310755,0,0.6861465523770508,3.7428443644222184e-05,0
pred_000464,2025-09-08T17:27:00,v1,325.27026633376613,0,0.6204326739223192,118,14,25.55546515829048,1,0.6236173692220882,0.9999973113976276,1
pred_000465,2025-09-08T17:35:00,v1,512.9485475002471,12,0.068671313931518,613,5,38.846629608764864,0,0.9499490437714532,0.00010846983364119493,0
pred_000466,2025-09-08T18:09:00,v1,516.1779990680086,18,0.0237965636657812,981,3,6.41542685059669,0,0.6575103927148721,9.608134880506005e-08,0
pred_000467,2025-09-08T18:23:00,v1,1087.8881473120764,22,0.1023320680395388,198,4,32.53935534793669,0,0.7729139125417337,8.045637645257296e-06,0
pred_000468,2025-09-08T18:36:00,v1,642.690478457792,12,0.3135892266899624,908,1,20.76900416619939,0,0.9263981284750196,2.0692032688181455e-08,0
pred_000469,2025-09-08T18:55:00,v1,945.5835388783532,7,0.0414070842748168,551,5,18.974183972212632,0,0.7372999148986122,1.3291183470674204e-05,0
pred_000470,2025-09-08T19:27:00,v1,963.0421783741232,18,0.1496090652185823,211,2,19.901404456260476,0,0.884140849403188,1.7266726532935904e-06,0
pred_000471,2025-09-08T19:32:00,v1,1006.0325883766608,8,0.0220483233800216,960,4,11.25713697372442,0,0.9839515124445132,1.0904450706661614e-08,0
pred_000472,2025-09-08T19:33:00,v1,666.8988752328014,18,0.234847108320376,197,3,12.846812332674215,0,0.7155809030666831,0.00013039010015504453,0
pred_000473,2025-09-08T19:41:00,v1,914.4958449702864,17,0.0793977807863952,506,0,21.30782024813344,0,0.8431194187154724,1.475773525957343e-08,0
pred_000474,2025-09-08T19:58:00,v1,1248.8979496073932,14,0.1881363890742323,796,2,7.263807087089319,0,0.4470488825751074,2.917092078989011e-09,0
pred_000475,2025-09-08T19:59:00,v1,1107.943695236592,14,0.3987879635334067,156,3,0.2253317550227923,0,0.765178904905385,8.331456673946651e-06,0
pred_000476,2025-09-08T20:10:00,v1,1790.137308178487,14,0.3042649900181714,740,2,7.192087489173268,0,0.8125342416472783,2.262349800420701e-11,0
pred_000477,2025-09-08T20:10:00,v1,1323.5337962435297,7,0.4125696685517858,349,3,20.62536523369278,0,0.624364102871257,1.8353556119442125e-06,0
pred_000478,2025-09-08T20:27:00,v1,1740.0975248390962,17,0.2705083093904218,694,1,5.705927057542402,0,0.7940917709272041,1.0163824142295681e-11,0
pred_000479,2025-09-08T20:56:00,v1,572.7383990482501,13,0.0414137471952099,720,2,4.890657753285202,0,0.8203061639752249,3.0277214651081736e-07,0
pred_000480,2025-09-08T21:14:00,v1,383.3482734137618,0,0.710125728904693,176,7,443.4434219674049,0,0.1538994671675564,0.9999999743530814,1
pred_000481,2025-09-08T21:37:00,v1,587.6540934244039,9,0.1613989411781272,316,2,3.379222762215044,1,0.9910148439136864,5.4291594703140295e-05,0
pred_000482,2025-09-08T21:51:00,v1,907.910593956078,13,0.1107190331797585,177,2,20.405937409042476,0,0.8822370208234486,7.318720203357908e-06,0
pred_000483,2025-09-08T22:04:00,v1,853.2816153436155,15,0.2326455568539867,70,3,18.059367210806833,0,0.497786994280844,0.0004052793997805282,0
pred_000484,2025-09-08T22:20:00,v1,813.8397486281791,8,0.188394128328581,717,4,40.22929926984485,1,0.8082722956874886,1.1647191562461415e-05,0
pred_000485,2025-09-08T22:33:00,v1,489.0968972136986,14,0.2202529670491331,365,4,22.856334955042243,1,0.8143316074443198,0.0014778561843850936,0
pred_000486,2025-09-08T22:58:00,v1,2106.949404617493,19,0.5407482771506649,449,0,14.574535647297624,0,0.827776971648896,3.2683409887255936e-12,0
pred_000487,2025-09-08T23:17:00,v1,659.0539232467667,17,0.3093579222831136,667,0,0.0077333821802967,0,0.7406505751679636,3.11547987953758e-08,0
pred_000488,2025-09-08T23:53:00,v1,1501.2430527592546,11,0.4549119208009042,931,1,12.959729055165138,0,0.7346253452189185,3.869292764993748e-11,0
pred_000489,2025-09-09T00:02:00,v1,993.1412396642868,18,0.2343620302579987,319,3,17.288078406333216,1,0.4688079679916199,2.01214459683328e-05,0
pred_000490,2025-09-09T00:39:00,v1,573.449970662071,18,0.1755892133824915,95,1,9.51760731515399,0,0.950901011051017,2.5232634492205038e-05,0
pred_000491,2025-09-09T00:53:00,v1,1116.9272728620165,19,0.244626070176078,724,0,15.766044273311008,0,0.85947758541867,2.83802246865624e-10,0
pred_000492,2025-09-09T01:55:00,v1,2026.2400637013768,20,0.1348044653527876,921,0,7.213730634283804,0,0.8496885833955022,1.2181967735083551e-14,0
pred_000493,2025-09-09T02:29:00,v1,735.4495921033584,11,0.2007150946649032,622,0,37.099530699562344,0,0.8975591686852722,8.646675157407293e-08,0
pred_000494,2025-09-09T02:30:00,v1,1006.472440932044,18,0.1772477801406695,153,1,14.137925283518069,0,0.930401672015684,5.139613767918398e-07,0
pred_000495,2025-09-09T02:44:00,v1,935.291337290632,11,0.0726139001416504,843,1,21.82575703749043,0,0.6315072210697588,6.817895728904046e-09,0
pred_000496,2025-09-09T03:02:00,v1,2390.2433209211085,8,0.0828213040062021,758,1,7.434546519122957,0,0.9601614705726624,3.567561186503004e-14,0
pred_000497,2025-09-09T03:18:00,v1,302.41598248745373,20,0.2584589692446981,206,3,46.19427135287946,0,0.9508591018997262,0.0022369975896375793,0
pred_000498,2025-09-09T03:23:00,v1,425.4445797487689,8,0.2713041972527514,97,2,4.753604150244574,0,0.6128049492394073,0.004188005707597538,0
pred_000499,2025-09-09T03:40:00,v1,1413.6185843126034,15,0.1116220345120887,881,0,20.161441746040435,0,0.8825464631819722,6.984024473797075e-12,0
pred_000500,2025-09-09T04:08:00,v1,697.0785981028134,15,0.1276426888484509,55,1,25.19252516219322,0,0.8259916502516568,4.8070278650231557e-05,0
pred_000501,2025-09-09T04:37:00,v1,1406.3448154435816,12,0.3183941195099263,769,4,9.57000691671145,0,0.7786711961193897,6.733882192792711e-09,0
pred_000502,2025-09-09T05:31:00,v1,903.4870280464625,11,0.112281433038628,760,2,7.701208899674775,0,0.9044382459645516,1.7669475938471375e-08,0
pred_000503,2025-09-09T05:32:00,v1,1265.5189061319688,19,0.0263985146583821,844,4,7.823168769309316,1,0.8733206815316632,3.1420857443792032e-09,0
pred_000504,2025-09-09T05:37:00,v1,762.8910993025414,15,0.1933564122755993,911,2,8.095087342745094,0,0.813534530950332,1.1646388320149682e-08,0
pred_000505,2025-09-09T05:45:00,v1,622.7525092046175,8,0.0874099172731195,786,2,2.270088506750134,0,0.7974147218314693,2.4106968833518434e-07,0
pred_000506,2025-09-09T06:18:00,v1,1042.691544184609,14,0.2031948771629845,516,1,3.6972990233768006,0,0.8853358411948774,1.5941495669491562e-08,0
pred_000507,2025-09-09T06:24:00,v1,1087.7824566692414,11,0.2232155435079717,204,2,16.457346310578536,0,0.6598348548024529,4.4901136247696386e-06,0
pred_000508,2025-09-09T07:07:00,v1,790.6491189110467,17,0.184138335359955,338,2,2.9846550246527057,0,0.8406574274518386,1.7039071896949713e-06,0
pred_000509,2025-09-09T07:50:00,v1,846.0718612876457,21,0.1487471551728535,336,1,39.58955098539879,0,0.5614207338327286,1.4850771664913957e-06,0
pred_000510,2025-09-09T07:53:00,v1,480.13813496301935,19,0.3337776791641225,799,2,11.480707323269812,0,0.6772461021440708,5.218352118820689e-07,0
pred_000511,2025-09-09T08:08:00,v1,672.6499241900506,14,0.154457349248293,605,1,14.531273409271828,0,0.8012867670058529,2.2141210787163485e-07,0
pred_000512,2025-09-09T08:17:00,v1,1486.471153396052,20,0.0189372038465999,272,5,2.6533123845548015,1,0.6652014078065904,8.155798047596456e-07,0
pred_000513,2025-09-09T08:30:00,v1,322.6276045042797,12,0.3104176674957127,115,1,38.755088980451,0,0.9217816919063454,0.0014796322616201154,0
pred_000514,2025-09-09T08:31:00,v1,1755.7352055145288,17,0.3176832149738111,516,0,27.265221523780102,0,0.8179716768291317,3.390667073532006e-11,0
pred_000515,2025-09-09T08:34:00,v1,1320.608627371582,12,0.0713288434038053,582,2,18.8060514047926,0,0.9512767355498356,3.3068627998511625e-09,0
pred_000516,2025-09-09T08:54:00,v1,678.5211037820977,18,0.1207971964453858,153,3,10.40446397146209,0,0.8471448572724734,8.009692819799508e-05,0
pred_000517,2025-09-09T09:19:00,v1,586.6474356305251,20,0.1618483321950205,515,1,21.00087602986808,0,0.8431252827044038,4.955591829656554e-07,0
pred_000518,2025-09-09T10:01:00,v1,784.4703349983619,21,0.1201761192486441,926,0,8.569461227413974,1,0.6705688975062369,1.2940389395185969e-09,0
pred_000519,2025-09-09T10:11:00,v1,960.076739867082,16,0.1687211355990799,825,1,12.171818931085644,0,0.8055395891079987,1.638042313176285e-09,0
pred_000520,2025-09-09T11:19:00,v1,1145.9842201362042,12,0.3689545829022625,780,1,14.263672919773333,0,0.8545684426769339,1.5138952516175672e-09,0
pred_000521,2025-09-09T11:22:00,v1,469.6194658120229,11,0.0644878520204122,106,4,6.332526163515819,0,0.8816511289429961,0.004236374895081204,0
pred_000522,2025-09-09T11:48:00,v1,487.7016678327444,18,0.130151259126684,549,2,12.759141818198998,0,0.7884761085819251,2.944917264786147e-06,0
pred_000523,2025-09-09T12:17:00,v1,1335.7939048961714,19,0.2400891826097938,376,1,3.1571296013528767,0,0.7224794884478366,5.6050096464867945e-09,0
pred_000524,2025-09-09T13:04:00,v1,1311.8556310323208,13,0.3411294792709474,82,1,5.786085629218219,0,0.8656748878251543,2.669145636161593e-07,0
pred_000525,2025-09-09T13:28:00,v1,1330.698774164622,21,0.1039347362620354,647,1,0.7350449123377403,0,0.8717339274644462,1.0898706656149977e-10,0
pred_000526,2025-09-09T14:24:00,v1,1718.3945481340402,21,0.3204788760736426,717,2,33.63715307706816,0,0.7876983633529387,4.786151914107321e-11,0
pred_000527,2025-09-09T14:37:00,v1,736.6691741095044,22,0.1328810609267417,371,3,24.98661483093305,0,0.9570231735000662,3.380442912604578e-06,0
pred_000528,2025-09-09T14:46:00,v1,485.7992518397429,13,0.1373090211287761,861,2,46.52331378466339,0,0.7447601877569138,9.041929713994286e-07,0
pred_000529,2025-09-09T14:53:00,v1,830.8047577571048,10,0.4027643684281679,750,2,14.391004404444407,0,0.8717676879043814,1.1855642169880536e-07,0
pred_000530,2025-09-09T15:53:00,v1,499.25932404509217,16,0.3496819800218219,169,2,13.709219686904936,0,0.939113612895889,0.0001745270717744146,0
pred_000531,2025-09-09T16:05:00,v1,748.3278246237836,16,0.2547506159112652,830,1,49.674087857527944,0,0.8654647447239066,2.820840043929494e-08,0
pred_000532,2025-09-09T16:24:00,v1,985.4735989559852,7,0.5320515286297158,179,1,10.468481310408674,0,0.6964262118945237,1.1838225879780731e-05,0
pred_000533,2025-09-09T16:28:00,v1,158.80611271542028,2,0.6275047272477041,147,4,264.55561166238726,0,0.0827377920661932,0.9999659231231486,1
pred_000534,2025-09-09T16:28:00,v1,1402.9843090591223,7,0.2015811232152709,349,1,39.32094347046005,0,0.7202500324658205,6.874499051932322e-08,0
pred_000535,2025-09-09T16:52:00,v1,1530.0226347003006,10,0.2871387867646858,438,1,6.8588068258722235,0,0.8290925525258162,1.9730700985305316e-09,0
pred_000536,2025-09-09T17:06:00,v1,910.5498583314238,15,0.2178836341188231,963,3,3.434856450815703,0,0.7018832574238023,9.137338658312822e-09,0
pred_000537,2025-09-09T17:18:00,v1,818.6857850779178,18,0.0009140966825837,822,1,16.21196621628906,0,0.8370544378574296,2.639223771972004e-09,0
pred_000538,2025-09-09T17:27:00,v1,668.3538095640282,9,0.3493970115797584,861,2,10.3888635152437,0,0.7664310053512585,1.8889728039865427e-07,0
pred_000539,2025-09-09T17:35:00,v1,2698.5188707774214,14,0.3010111976984144,811,1,19.023789534292376,0,0.8369120607423187,2.7438353421291195e-15,0
pred_000540,2025-09-09T17:56:00,v1,1383.6978856641408,9,0.2172926601716379,582,2,5.338788692732944,0,0.951870703730202,2.914686411242453e-09,0
pred_000541,2025-09-09T18:04:00,v1,1031.3979750631738,10,0.2155168553350891,596,3,7.488854854168481,0,0.9457233053364108,1.3532853058877768e-07,0
pred_000542,2025-09-09T18:26:00,v1,2574.7816189106684,15,0.0911114772118279,924,7,0.1979873693425917,0,0.5919874867436504,1.8110876559211242e-12,0
pred_000543,2025-09-09T18:28:00,v1,1991.223228855595,7,0.1251652544941042,363,2,33.24778213063384,0,0.9400945913105572,4.937116330721191e-10,0
pred_000544,2025-09-09T18:47:00,v1,755.416178884113,16,0.1348699607245761,892,4,37.02978562396724,0,0.9122873678239324,1.9983325048765764e-07,0
pred_000545,2025-09-09T19:02:00,v1,1398.7493969042075,19,0.5099995510798245,515,0,12.527676059767732,0,0.7426035130787104,6.347757078322823e-10,0
pred_000546,2025-09-09T20:10:00,v1,699.7197738328667,7,0.2222245884316319,454,2,44.483969742695166,0,0.647787400113016,3.7953848613126934e-05,0
pred_000547,2025-09-09T20:45:00,v1,710.5612680767215,14,0.1763578507059144,332,5,31.962956054026662,0,0.7237184169595443,0.0006575699884354696,0
pred_000548,2025-09-09T21:34:00,v1,621.4597744541322,10,0.3555111602849796,388,1,12.247982136347764,0,0.6943865998235371,1.2246483125192256e-05,0
pred_000549,2025-09-09T21:36:00,v1,775.710011666575,21,0.3691882685699159,819,0,3.859414693020175,0,0.7821288323468957,1.641096276597917e-09,0
pred_000550,2025-09-09T21:55:00,v1,1402.9088707238302,17,0.1236993469360852,769,3,14.593196487077638,1,0.7067665068204051,2.6059206258133297e-09,0
pred_000551,2025-09-09T21:56:00,v1,1209.7891761853314,9,0.3075332174823444,724,0,24.96930818548964,0,0.7910712518860203,1.1399913875691913e-09,0
pred_000552,2025-09-09T22:06:00,v1,1157.835957228267,18,0.3545579094602077,41,5,0.9171564850797224,0,0.7380854759452162,0.00010301671638123616,0
pred_000553,2025-09-09T23:29:00,v1,1176.306396933438,8,0.1825513584712381,937,3,22.060726839937978,0,0.7802696872052645,4.6505940550277355e-09,0
pred_000554,2025-09-09T23:52:00,v1,801.3487721501041,15,0.1165265921218366,472,2,25.373315340156704,0,0.8797328934216667,7.935802190437516e-07,0
pred_000555,2025-09-09T23:58:00,v1,2005.4407866196943,15,0.1102920834292099,685,4,18.37486955197494,0,0.692153935122387,8.107050982332541e-11,0
pred_000556,2025-09-10T00:00:00,v1,1115.9847176775845,14,0.2827835246833579,429,1,2.9362136014289137,0,0.7724087669275945,3.779505431019641e-08,0
pred_000557,2025-09-10T00:49:00,v1,685.6079505456202,17,0.2245368611180852,501,1,6.516153022254986,0,0.7849763783271998,3.6307116839148665e-07,0
pred_000558,2025-09-10T00:57:00,v1,477.9055875277394,21,0.11621543817365,839,3,7.595056964887826,0,0.9228570707420508,1.8069010296817712e-07,0
pred_000559,2025-09-10T01:05:00,v1,1254.9683187440744,13,0.1180803302314754,541,1,11.458978311114674,1,0.5069257190075536,2.7433128815324986e-08,0
pred_000560,2025-09-10T01:20:00,v1,1274.6807342849695,10,0.3683697482440637,921,1,47.59380241506379,0,0.8883706063674252,4.264683772884185e-10,0
pred_000561,2025-09-10T01:42:00,v1,823.5589561305295,21,0.2359985038888269,776,3,27.712337294771487,0,0.7642698954461423,9.113827628594967e-08,0
pred_000562,2025-09-10T02:22:00,v1,489.639626689583,7,0.2240579325819042,409,2,20.64771878781226,0,0.8384215828292333,8.025214218190132e-05,0
pred_000563,2025-09-10T02:22:00,v1,1582.1231617295964,21,0.1523617834957524,514,2,15.397810617716235,0,0.764195588025985,4.5330575087103044e-10,0
pred_000564,2025-09-10T02:23:00,v1,621.693106882177,16,0.173132035906165,957,0,31.3417326915776,0,0.9152775599883416,2.6258567943496844e-09,0
pred_000565,2025-09-10T02:47:00,v1,916.294912438306,7,0.0716798962846445,655,1,5.878256801977445,0,0.9302410315761616,1.985401041471772e-08,0
pred_000566,2025-09-10T03:19:00,v1,941.4811036486476,22,0.1422875204610804,41,2,9.59384285140949,0,0.8195310702695761,5.736066302883011e-06,0
pred_000567,2025-09-10T03:39:00,v1,696.5557134129531,21,0.4003423484024144,559,1,14.935788531525665,0,0.7768886722995763,2.1610626059429555e-07,0
pred_000568,2025-09-10T03:52:00,v1,1674.9314045245414,22,0.0423241485273975,848,1,29.466052068473385,0,0.9692555903487944,1.1039188339100777e-12,0
pred_000569,2025-09-10T04:01:00,v1,1241.0059473807148,13,0.2062997702644484,467,1,2.1901627031283013,0,0.4935011694726172,2.3435365484845648e-08,0
pred_000570,2025-09-10T04:57:00,v1,1115.637267839603,9,0.1430438183934648,933,3,14.682086858279348,0,0.6938650779894014,6.719958848809254e-09,0
pred_000571,2025-09-10T05:10:00,v1,672.285606868272,21,0.3070112815895582,658,3,24.379235621021213,0,0.7123124607892466,1.3383532069862374e-06,0
pred_000572,2025-09-10T05:29:00,v1,1037.8886953472563,12,0.1092245664730707,94,4,45.734314393148495,0,0.8524233008312553,0.0001710868274410477,0
pred_000573,2025-09-10T05:34:00,v1,672.795593615252,10,0.019941651405671,103,2,14.279900770442175,0,0.7199955755684659,0.00019032648749644146,0
pred_000574,2025-09-10T05:59:00,v1,987.4978989224091,13,0.1418455080953349,789,4,5.151744951095008,0,0.678835435099066,1.1484072466399743e-07,0
pred_000575,2025-09-10T06:11:00,v1,1637.185368332368,16,0.0694186390223582,709,1,29.920631174696545,0,0.7525077817432837,3.450573020206454e-11,0
pred_000576,2025-09-10T06:29:00,v1,997.9967398569224,11,0.1710788504864876,572,4,20.83192929853776,0,0.900907459861769,9.995141846284228e-07,0
pred_000577,2025-09-10T06:41:00,v1,225.8063797442906,2,0.6839565175653222,178,9,27.35462085470471,1,0.3966532225251312,0.9996382866560575,1
pred_000578,2025-09-10T06:49:00,v1,941.3448687798898,12,0.2439536232510522,609,3,25.81190870448329,0,0.5929682691326522,1.2389998409035734e-06,0
pred_000579,2025-09-10T07:20:00,v1,1742.783594490708,19,0.0995907625415216,445,1,15.710997886774855,1,0.6302644023396271,3.963808229030255e-10,0
pred_000580,2025-09-10T07:56:00,v1,1081.5566260769078,8,0.0907237701651842,45,3,4.236458009930115,0,0.7999242045874253,3.464429274959675e-05,0
pred_000581,2025-09-10T08:14:00,v1,801.6084293597203,11,0.2220992084322365,897,0,29.749718049707536,0,0.8273159357594092,3.3952072822093003e-09,0
pred_000582,2025-09-10T08:15:00,v1,2140.910021055397,8,0.1790538793764251,685,3,7.741276706208867,0,0.8127667458534926,1.287404930374085e-11,0
pred_000583,2025-09-10T08:40:00,v1,841.1592033438832,20,0.2565882084985397,378,1,34.76555126572894,0,0.8100828537296493,5.451025452745435e-07,0
pred_000584,2025-09-10T09:34:00,v1,617.3217296509039,15,0.035243045825574,440,2,5.5358038168419625,0,0.677039142027807,4.44864731601098e-06,0
pred_000585,2025-09-10T09:55:00,v1,599.485922499052,8,0.2136966546833798,552,3,3.6507543368003144,0,0.7241364624057504,1.861375362290855e-05,0
pred_000586,2025-09-10T10:01:00,v1,1407.662433651259,22,0.1735120601196584,696,3,1.9191469751413592,0,0.9236028086950034,3.271368894904116e-10,0
pred_000587,2025-09-10T10:02:00,v1,554.5814442599432,11,0.1869533623578193,262,4,2.5447076903901897,0,0.7475098411483261,0.0008640676736905418,0
pred_000588,2025-09-10T10:14:00,v1,1209.4058575842182,8,0.105784687608382,921,0,2.8786340075139347,0,0.6956142830824479,7.672422226498051e-11,0
pred_000589,2025-09-10T10:41:00,v1,1558.677477617004,18,0.1960852056604214,267,1,2.260468337909209,0,0.901156946554648,1.45352270087895e-09,0
pred_000590,2025-09-10T10:48:00,v1,826.3900086666738,7,0.0748896076583904,322,1,62.71373524106585,0,0.75226065839384,1.326295667163776e-05,0
pred_000591,2025-09-10T10:51:00,v1,1814.7012114230035,20,0.1489569229429126,345,7,6.999499606827618,0,0.7203090243367913,1.3381161284804706e-07,0
pred_000592,2025-09-10T10:53:00,v1,1926.1581517438783,7,0.3278990700276584,346,4,9.53600180201418,0,0.7398837791902063,1.692924474674449e-08,0
pred_000593,2025-09-10T10:56:00,v1,1266.9696449943142,13,0.271539293451319,392,0,5.972375495717355,0,0.7914256008964173,5.7506169393233706e-09,0
pred_000594,2025-09-10T11:21:00,v1,953.2317932153748,15,0.2022241149433161,45,3,1.5835076034429991,0,0.8068914950491508,4.243933294682861e-05,0
pred_000595,2025-09-10T11:45:00,v1,791.5129335126309,10,0.1027333818614879,502,0,11.238694540689057,0,0.5975024874972954,2.1671373675522944e-07,0
pred_000596,2025-09-10T12:42:00,v1,332.45634467273544,22,0.194227314050565,226,1,1.4723230597586143,0,0.9465386002846876,2.2215840650057195e-05,0
pred_000597,2025-09-10T12:51:00,v1,1785.801330413576,17,0.2941587942092026,455,2,5.752081075365344,0,0.7856852614439104,2.755989062311503e-10,0
pred_000598,2025-09-10T12:56:00,v1,1837.2702014443375,19,0.1775899957232104,38,1,5.877728893511912,0,0.8716080495780965,1.5518824740056743e-09,0
pred_000599,2025-09-10T13:19:00,v1,1000.3468893940473,20,0.4303658527358509,559,2,13.966688475479891,1,0.7073546055683894,2.475925686657106e-07,0
pred_000600,2025-09-10T13:23:00,v1,574.1472247829855,14,0.1124862380254914,912,2,18.853198558438237,0,0.5723415630868811,1.6726279840920015e-07,0
pred_000601,2025-09-10T13:42:00,v1,557.9062311535938,21,0.232423726765677,683,4,5.276291856155026,1,0.9595879562468188,4.373278552097308e-06,0
pred_000602,2025-09-10T13:52:00,v1,1708.2794867676375,15,0.1833308582206967,935,1,46.11188472970838,0,0.913826309757546,2.8387491287497992e-12,0
pred_000603,2025-09-10T15:10:00,v1,1386.389548229797,22,0.1899756211889043,149,2,6.802843727395824,0,0.5191754489603125,1.55472746017657e-07,0
pred_000604,2025-09-10T15:13:00,v1,794.6732806196806,13,0.1635215375400989,560,2,41.890857823349506,1,0.5507418634664765,7.67652971633486e-06,0
pred_000605,2025-09-10T15:37:00,v1,486.06497053426506,22,0.2845008145336999,741,1,17.437787965677632,0,0.5794247365532892,2.69799434746369e-07,0
pred_000606,2025-09-10T15:39:00,v1,489.1538862272577,11,0.2976355382294067,64,0,2.547066962574379,0,0.795789553880161,0.00011297930939072759,0
pred_000607,2025-09-10T16:11:00,v1,1109.3637112604374,10,0.2082982657861033,572,2,25.73449116465972,0,0.6017545703155319,1.6794278748027444e-07,0
pred_000608,2025-09-10T17:46:00,v1,566.562556085998,21,0.0830862267538892,737,1,21.01128185299404,1,0.6115130304246862,2.7413907584981463e-07,0
pred_000609,2025-09-10T18:09:00,v1,1736.128050996684,22,0.2817910954520349,226,1,6.251448332076235,0,0.8424814409458162,5.019602725694954e-10,0
pred_000610,2025-09-10T18:17:00,v1,1057.178470829007,22,0.1224087247367979,189,0,14.994924689330055,0,0.8668804250346399,4.596605846864314e-08,0
pred_000611,2025-09-10T18:22:00,v1,672.1638948557398,9,0.0471945013920513,489,1,9.882820758556576,1,0.9873798551865548,1.3702503901273765e-06,0
pred_000612,2025-09-10T18:40:00,v1,693.7193864042393,15,0.0667198519054223,67,2,0.6090619916705157,0,0.9266085403420616,3.921347879216002e-05,0
pred_000613,2025-09-10T18:40:00,v1,1340.175335241852,15,0.3250290550457879,210,2,34.941103682614354,0,0.8728754185188508,3.242593455862087e-07,0
pred_000614,2025-09-10T19:32:00,v1,484.4138847833553,7,0.0977202907522297,524,1,10.831434882344327,0,0.8678828276443774,3.920008545071124e-06,0
pred_000615,2025-09-10T19:40:00,v1,1344.5705987698136,22,0.1414012673126976,614,1,41.227730206589534,0,0.7761143755882679,6.39944214737084e-10,0
pred_000616,2025-09-10T19:58:00,v1,1007.3402350669576,11,0.2088358343607931,503,3,3.115328244881972,1,0.8534373233226673,1.1834937406515972e-06,0
pred_000617,2025-09-10T20:23:00,v1,810.4953966641629,8,0.1440829032013282,795,2,28.848088455982342,0,0.8656471911011133,9.854927045056657e-08,0
pred_000618,2025-09-10T20:44:00,v1,497.3358443104218,8,0.2475743367402414,501,2,17.536995032956888,0,0.6951287889924498,4.1420098074334705e-05,0
pred_000619,2025-09-10T21:17:00,v1,555.1587742115619,19,0.3157745795590523,253,1,1.4987788986495827,0,0.924382183553884,6.294441435408322e-06,0
pred_000620,2025-09-10T22:03:00,v1,3461.8525745419224,21,0.2794031146847261,900,2,53.614478667635936,0,0.5521178093757979,1.9777194431965514e-17,0
pred_000621,2025-09-10T22:37:00,v1,577.9720054494594,19,0.1842402820790681,116,3,11.596849608737571,0,0.8928415246882837,0.00023643989896166283,0
pred_000622,2025-09-10T23:09:00,v1,783.9542137099319,11,0.2438508832558555,440,0,0.6571803190877719,0,0.8917759749991806,1.341371525566823e-07,0
pred_000623,2025-09-10T23:15:00,v1,899.2742875143034,7,0.0592455701997278,947,2,8.16063278979572,0,0.7891653537827705,6.638677102396333e-09,0
pred_000624,2025-09-10T23:17:00,v1,605.652629643933,17,0.1320753948563548,479,3,22.248518708746584,1,0.7091747311524198,4.1499884902584595e-05,0
pred_000625,2025-09-11T00:04:00,v1,731.5790780321955,20,0.1010890382553318,805,2,3.35287023759651,0,0.9118258493994084,1.0154353286737657e-08,0
pred_000626,2025-09-11T00:18:00,v1,227.00544434262665,4,0.375947585970877,102,5,116.89869720949402,1,0.2968859505861598,0.9976932679773941,1
pred_000627,2025-09-11T00:24:00,v1,529.6385679557351,11,0.0720320963832529,970,1,5.444164327409104,0,0.8627550956143393,1.3560126417519868e-08,0
pred_000628,2025-09-11T00:27:00,v1,641.8288973758246,14,0.2346748759371261,603,2,2.6625058105540873,1,0.9416228039742216,1.3087989516679996e-06,0
pred_000629,2025-09-11T00:32:00,v1,413.7984267288819,12,0.1651366092876223,589,0,13.89817147507318,1,0.9527759670229125,1.425671318775249e-06,0
pred_000630,2025-09-11T00:53:00,v1,933.490927286506,12,0.1227028127921573,760,1,9.339527332400625,0,0.8017440120098307,5.7958230365373254e-09,0
pred_000631,2025-09-11T01:23:00,v1,1422.2265202829308,22,0.0411454657118661,535,1,26.608360408321705,0,0.7353080379958205,4.291257359820193e-10,0
pred_000632,2025-09-11T01:59:00,v1,1677.0037886979762,15,0.1989356843729676,861,5,23.97515725871187,1,0.7645867249602278,2.016012046877755e-09,0
pred_000633,2025-09-11T02:47:00,v1,1466.5576503481277,10,0.4098542889269874,968,2,28.158970355935978,0,0.8013133309184629,1.48261999714815e-10,0
pred_000634,2025-09-11T02:57:00,v1,1762.7966356322402,7,0.2677366648859738,781,2,50.56833104794679,0,0.8108760734538207,1.8289230606176007e-10,0
pred_000635,2025-09-11T03:28:00,v1,328.33721051790315,20,0.4232068076047837,353,2,4.551425067860891,0,0.9656767041927028,5.0578404319365175e-05,0
pred_000636,2025-09-11T03:40:00,v1,688.56531719608,8,0.0651864096991222,980,1,8.09806437909008,0,0.956789255111374,3.961946123219788e-09,0
pred_000637,2025-09-11T04:29:00,v1,987.3289481653956,9,0.072681454643076,702,2,1.2925412360554078,0,0.641780138079347,4.060394685302441e-08,0
pred_000638,2025-09-11T04:31:00,v1,1010.0778885112892,13,0.010112585485245,345,3,9.741838559721772,0,0.5525067706046906,3.3944926567951745e-06,0
pred_000639,2025-09-11T05:15:00,v1,1052.1853491410222,11,0.3676386608840543,923,3,29.28445554557028,1,0.9761067988182248,2.5831497822448072e-08,0
pred_000640,2025-09-11T05:29:00,v1,726.886001484752,15,0.1267525777449405,928,2,12.406504013318246,0,0.9062589496638924,9.11449466018784e-09,0
pred_000641,2025-09-11T05:30:00,v1,1282.4161439054262,19,0.0176431413035828,226,0,34.10009157520978,0,0.6576786797589198,2.2882758176868493e-08,0
pred_000642,2025-09-11T06:19:00,v1,783.208084155151,18,0.0429165999751222,943,3,29.80790831876916,0,0.8015147381596266,2.076375923464172e-08,0
pred_000643,2025-09-11T06:24:00,v1,985.0560118848272,11,0.2043076264314686,776,2,1.579722649365065,0,0.9340253285412674,7.270669379640321e-09,0
pred_000644,2025-09-11T06:26:00,v1,384.7623144832588,10,0.1682203429749868,391,4,10.754699843628966,0,0.9599453050068518,0.0006252048298039998,0
pred_000645,2025-09-11T06:32:00,v1,971.9309926658352,21,0.1079884679189943,90,3,32.87479998234392,0,0.7825877298139592,2.1913218425055236e-05,0
pred_000646,2025-09-11T07:00:00,v1,763.5736748531108,20,0.1385699556684139,814,2,5.889421035309486,0,0.908610351779241,8.602788917324548e-09,0
pred_000647,2025-09-11T07:03:00,v1,552.4806337253411,21,0.0578210080081729,146,2,4.870237639974276,0,0.7347191447928042,5.166096073197423e-05,0
pred_000648,2025-09-11T07:07:00,v1,839.0854987983352,11,0.1684375936498559,161,3,7.092169990311945,0,0.4756311148612999,0.00021262959923516937,0
pred_000649,2025-09-11T07:10:00,v1,1551.399401578294,9,0.0645686980118236,728,1,93.23209171838096,0,0.8893930944667505,6.885366368203393e-10,0
pred_000650,2025-09-11T07:11:00,v1,668.6448452755421,14,0.296160976185305,382,1,25.067866527167016,0,0.7286768211541441,5.603024598508865e-06,0
pred_000651,2025-09-11T07:46:00,v1,4083.1456614688623,13,0.3980943125111091,78,0,78.52621661669853,0,0.9044751823143052,1.2904874823468835e-16,0
pred_000652,2025-09-11T07:50:00,v1,1284.3735313224704,19,0.1479251361113248,675,2,4.001146886991415,0,0.9659410822951604,4.564239128441674e-10,0
pred_000653,2025-09-11T07:52:00,v1,872.2296319409002,20,0.0446225305405172,883,3,16.5552246359896,0,0.6693781703441154,1.4679959444722701e-08,0
pred_000654,2025-09-11T08:01:00,v1,654.7667147915002,22,0.048530698162154,618,1,13.997816966290133,0,0.944317660667901,3.155384890748795e-08,0
pred_000655,2025-09-11T08:24:00,v1,622.3487697457381,8,0.2948216882658436,163,3,0.3315561798153056,0,0.9722842739279126,0.0003575740546181644,0
pred_000656,2025-09-11T09:47:00,v1,1042.5757042208857,18,0.3328406346046804,168,1,4.000483285800049,0,0.766287437896787,6.41793972194343e-07,0
pred_000657,2025-09-11T10:16:00,v1,920.2585622433356,12,0.100955893899626,740,1,5.772210334640005,0,0.8765084092568283,5.120852797290545e-09,0
pred_000658,2025-09-11T10:25:00,v1,562.2970928140442,20,0.2619746807686172,901,1,13.309558712921255,0,0.6019335519689368,2.957173468553474e-08,0
pred_000659,2025-09-11T11:03:00,v1,983.7313091595972,9,0.3423533722334243,982,2,2.8003266359950043,1,0.6534881192738876,1.349080808779346e-08,0
pred_000660,2025-09-11T11:12:00,v1,733.2719700037527,8,0.1650826096653178,718,1,2.3591667488296144,1,0.9589851601643412,1.1297871413574178e-07,0
pred_000661,2025-09-11T11:18:00,v1,1605.469213019743,14,0.1176436377643438,922,1,16.438024114031073,0,0.5057372572067067,1.2518705783591244e-11,0
pred_000662,2025-09-11T11:22:00,v1,1555.5212246141602,16,0.0426348253193171,446,1,27.51870870377846,0,0.8862007175802422,5.129305256589957e-10,0
pred_000663,2025-09-11T11:28:00,v1,1983.029259093349,21,0.2629621189120087,641,2,0.5165021758799666,0,0.6280630959947502,6.506798522599531e-12,0
pred_000664,2025-09-11T11:43:00,v1,1256.75847365987,15,0.1670383114360182,279,4,9.3049374371876,0,0.4821891635386527,4.0254237251761405e-06,0
pred_000665,2025-09-11T11:52:00,v1,861.2602896704341,11,0.1359086594027703,199,0,10.821646569537249,0,0.7773160711692461,1.2753732611538263e-06,0
pred_000666,2025-09-11T12:06:00,v1,753.3288133639901,10,0.1441839329737959,965,2,7.975492702706776,0,0.7871272455136913,1.4610399249050523e-08,0
pred_000667,2025-09-11T12:11:00,v1,642.6334889171801,7,0.3562056960454574,769,6,27.32118707449781,0,0.8216100121203145,0.00011972631077412085,0
pred_000668,2025-09-11T13:01:00,v1,486.394623759972,16,0.2490483182484218,165,4,0.940243504074522,1,0.7091367409699084,0.006702641179062693,0
pred_000669,2025-09-11T13:59:00,v1,400.3984547608291,13,0.1797811192860691,87,2,2.079715635888595,0,0.8631282357994765,0.0008198768500598712,0
pred_000670,2025-09-11T13:59:00,v1,1409.8180204702558,7,0.1111894365424578,226,1,10.98525692888021,0,0.6123943206114633,1.0890868294724958e-07,0
pred_000671,2025-09-11T14:15:00,v1,759.4734860394631,9,0.0389526704113862,687,1,1.438656994255053,0,0.8679573552032657,3.8616282923861916e-08,0
pred_000672,2025-09-11T14:36:00,v1,647.9299246947787,9,0.1996976471257134,129,3,12.0512348969062,0,0.8239922019314512,0.0006786040810569668,0
pred_000673,2025-09-11T14:42:00,v1,1386.4083358490416,9,0.1954437022063878,783,2,0.0596293054038543,0,0.9402144181923202,3.1385077869548625e-10,0
pred_000674,2025-09-11T15:44:00,v1,710.4174703870713,17,0.18786265011903,401,5,12.880096799457512,0,0.986099538662102,4.724330470704368e-05,0
pred_000675,2025-09-11T16:31:00,v1,400.8484698296117,12,0.0973832536980623,848,3,0.7699353650360076,0,0.5858240054331508,2.9500492761004113e-06,0
pred_000676,2025-09-11T16:37:00,v1,549.6950596026652,15,0.2860145531973999,252,2,7.056800774182259,0,0.9808168717885364,3.450741740629205e-05,0
pred_000677,2025-09-11T16:39:00,v1,1069.8580410518543,7,0.1824455644873333,781,2,3.386003138219187,0,0.8010070003824213,9.981570898915915e-09,0
pred_000678,2025-09-11T16:41:00,v1,1687.9243123133865,13,0.2109922189687701,89,2,12.84393962377263,0,0.9056732685956428,2.8931674819725785e-08,0
pred_000679,2025-09-11T17:01:00,v1,1643.8107822637344,20,0.0753395372907495,784,6,1.248389868988827,0,0.8456553478348608,8.832056708618914e-10,0
pred_000680,2025-09-11T17:04:00,v1,217.16350424230583,16,0.1348227751729623,418,4,16.538716797136182,1,0.6064505053726453,0.008193015201002036,0
pred_000681,2025-09-11T17:13:00,v1,787.2340308921346,19,0.0976670152942636,212,4,2.1730526399041685,0,0.7086554880111864,6.066223759210079e-05,0
pred_000682,2025-09-11T18:10:00,v1,423.1629396651792,14,0.3387511916623354,964,5,27.642344209047664,1,0.8038025505323472,3.148498673312939e-05,0
pred_000683,2025-09-11T18:49:00,v1,1290.3162956809783,11,0.2262385604407855,912,4,7.507727790078496,0,0.9507565824357236,1.899406647748634e-09,0
pred_000684,2025-09-11T19:29:00,v1,1284.4025900978718,17,0.478597281863215,928,0,44.05008468143658,0,0.8395601116416361,5.809373843651103e-11,0
pred_000685,2025-09-11T19:57:00,v1,1362.1965861786605,19,0.120896091026483,431,3,21.917951558651907,0,0.5487908759617756,6.614479417285006e-08,0
pred_000686,2025-09-11T20:00:00,v1,919.6780929058224,0,0.586286700640372,36,9,107.85026013559154,0,0.498054364051719,0.9924687015803025,1
pred_000687,2025-09-11T20:49:00,v1,899.0380597238131,14,0.019458280983557,703,5,12.36466526541383,0,0.8189773663484581,8.690460495498814e-07,0
pred_000688,2025-09-11T21:09:00,v1,497.3156330728796,14,0.3121869539886812,919,0,12.961257389741244,0,0.8294199879112066,1.554481030232555e-08,0
pred_000689,2025-09-11T21:19:00,v1,497.988257804836,20,0.2950097377958365,43,0,6.459503775459023,0,0.7904305977453082,4.005750727987032e-05,0
pred_000690,2025-09-11T21:43:00,v1,1202.7389971746225,14,0.2143572176566093,63,3,15.909966130041548,0,0.6434691646432916,1.546737617640732e-05,0
pred_000691,2025-09-11T21:43:00,v1,853.380613823687,19,0.2262576791112901,889,0,3.572180012788534,0,0.6392038378003447,6.604014886754385e-10,0
pred_000692,2025-09-11T22:13:00,v1,1228.043891560838,18,0.3287898099729409,189,4,1.101775713335048,0,0.8216932221823737,2.8332086014754565e-06,0
pred_000693,2025-09-11T22:36:00,v1,1229.0656207239665,13,0.1461380500968563,748,3,18.866699073052875,0,0.7759900039983156,8.242061829369475e-09,0
pred_000694,2025-09-11T22:39:00,v1,539.1710525838799,11,0.0304458819312664,55,3,35.96383249947101,1,0.9386842950393792,0.006381764711005233,0
pred_000695,2025-09-11T22:40:00,v1,947.9735140807592,7,0.0656474818602357,55,2,8.92984797346715,0,0.7425386357446826,4.455972461113507e-05,0
pred_000696,2025-09-11T23:23:00,v1,1021.9805300172044,7,0.1478157377794912,80,2,7.0531660212312985,0,0.6624871131111638,2.932364262498195e-05,0
pred_000697,2025-09-11T23:43:00,v1,1906.170234666041,12,0.1581744928230224,513,2,27.29391785293893,0,0.7473516046560149,1.8887657467248812e-10,0
pred_000698,2025-09-12T00:17:00,v1,707.904168744592,22,0.6345290931605874,138,9,8.523353713463306,1,0.285391190577705,0.7634366208000041,1
pred_000699,2025-09-12T00:22:00,v1,1267.4203710499494,13,0.0892198546437023,784,1,39.093550653602094,0,0.7090677935229603,8.338184195586393e-10,0
pred_000700,2025-09-12T00:30:00,v1,1142.7560799283756,17,0.0657456317925698,935,1,18.07038602826063,0,0.877094437085776,7.532488179164197e-11,0
pred_000701,2025-09-12T00:52:00,v1,1548.0284922650274,8,0.1930738077323948,809,4,2.3331372409648723,0,0.6515544829244625,2.3198709430365124e-09,0
pred_000702,2025-09-12T00:53:00,v1,414.54443502069665,9,0.0511103499996041,439,1,2.085655464007552,0,0.6041870877608384,2.1200855225202343e-05,0
pred_000703,2025-09-12T00:56:00,v1,1398.649835413456,18,0.1124141299388136,288,4,2.299646820128537,0,0.6147867688778329,3.254468299118876e-07,0
pred_000704,2025-09-12T00:57:00,v1,1207.2041485113923,13,0.0625858469925862,991,2,30.34615397717537,0,0.8502356245569385,2.333523888556205e-10,0
pred_000705,2025-09-12T01:26:00,v1,3162.836647797893,18,0.1204942451615828,916,1,1.682023306735597,0,0.7869507730616507,5.312011188319904e-18,0
pred_000706,2025-09-12T01:58:00,v1,1907.9380379812112,15,0.373525828795263,32,3,14.677393126650768,0,0.7292791230783817,6.192725455494503e-08,0
pred_000707,2025-09-12T02:09:00,v1,519.3969769601271,13,0.2314770470675822,577,1,19.772154810321876,0,0.629398318381988,3.136534471078593e-06,0
pred_000708,2025-09-12T02:20:00,v1,624.8287101645424,19,0.1765813800655377,854,3,36.85448710064223,0,0.8701505139798561,2.1937547818979232e-07,0
pred_000709,2025-09-12T02:30:00,v1,734.7857588796247,18,0.0858929306903704,709,0,15.314081680877807,0,0.8562124617926307,5.730166118895574e-09,0
pred_000710,2025-09-12T03:31:00,v1,2875.4972204921232,7,0.270651959100035,35,5,9.79538428792294,0,0.8739068968813235,2.957398864189059e-10,0
pred_000711,2025-09-12T04:34:00,v1,329.7157469732906,12,0.128073781634612,563,3,2.5270533887161735,0,0.7550132391722296,5.830784755679516e-05,0
pred_000712,2025-09-12T05:30:00,v1,598.2082550374859,7,0.1605774887290972,837,0,16.62786589133931,0,0.7803149691537404,3.932524957806731e-08,0
pred_000713,2025-09-12T05:43:00,v1,797.0643714259594,11,0.1741888757049053,47,2,5.715761268762723,1,0.9485512297656096,0.00014369625781711346,0
pred_000714,2025-09-12T05:43:00,v1,672.2781120713872,15,0.2310775345627636,218,4,23.412260052738148,0,0.9461449994149986,0.0003034665359022682,0
pred_000715,2025-09-12T05:47:00,v1,932.5085492363512,11,0.0958343380543403,294,1,0.5949072881140407,0,0.9012840170864496,3.7148083204264026e-07,0
pred_000716,2025-09-12T05:55:00,v1,552.2210654068756,16,0.328610279084735,288,2,3.1331258028136353,0,0.9205470113762448,2.486801992019902e-05,0
pred_000717,2025-09-12T06:07:00,v1,1027.892506523278,19,0.0764501016029532,89,2,69.15067340586876,0,0.8719478045817562,1.2075908789804092e-05,0
pred_000718,2025-09-12T06:34:00,v1,743.3312627525926,10,0.0895226358183215,282,1,35.48821451279137,0,0.685946890083253,1.4249205482148034e-05,0
pred_000719,2025-09-12T06:43:00,v1,397.5030799341897,14,0.0994074151818678,467,3,1.5036407310489284,0,0.874799760364963,3.8772748968709806e-05,0
pred_000720,2025-09-12T07:31:00,v1,2370.069899616054,11,0.1184692726587853,894,3,51.5788773393265,0,0.7863349447336991,5.734905835510135e-13,0
pred_000721,2025-09-12T07:36:00,v1,1003.261160263698,14,0.1963809572332267,583,2,16.69868693243943,0,0.813522497310818,6.848766408964875e-08,0
pred_000722,2025-09-12T07:54:00,v1,813.6497382552606,21,0.0407733223068413,170,3,1.4031788097436035,0,0.9476637835962726,6.236630560084286e-06,0
pred_000723,2025-09-12T08:00:00,v1,634.2412369879072,21,0.3364023450084196,583,1,1.7887523208783769,0,0.7203028739525212,1.9485416509311332e-07,0
pred_000724,2025-09-12T08:16:00,v1,1199.93196616225,17,0.2209102670699101,169,3,20.52381707726072,0,0.8159253318985685,2.222432083412986e-06,0
pred_000725,2025-09-12T08:30:00,v1,911.2937507683796,7,0.1072268901381877,123,2,3.3303769344700505,0,0.8160843414103571,2.1727102787795172e-05,0
pred_000726,2025-09-12T08:40:00,v1,1099.744934392775,11,0.4036477508738658,599,3,23.88969931326666,0,0.8627973920649462,2.3510210834484824e-07,0
pred_000727,2025-09-12T08:42:00,v1,183.53727858810285,3,0.1929388617343987,53,11,105.54935758065396,1,0.2458811750428503,0.9999985465730529,1
pred_000728,2025-09-12T09:22:00,v1,1143.2384123190675,7,0.1279532232134207,193,1,3.148176179852782,0,0.7201906073494725,7.426393542114067e-07,0
pred_000729,2025-09-12T09:56:00,v1,1324.1510224489246,18,0.0635477587553153,270,3,5.678449871981891,0,0.7016775789855253,1.599827320375908e-07,0
pred_000730,2025-09-12T10:23:00,v1,861.7633367795474,8,0.258152746035069,240,1,7.001543842537257,0,0.8767131915729618,3.5561853106380807e-06,0
pred_000731,2025-09-12T11:09:00,v1,495.4086203892916,10,0.2045163034299151,969,1,3.9838993582680735,0,0.9399409854336678,2.1285636952086893e-08,0
pred_000732,2025-09-12T11:27:00,v1,867.4702254684656,14,0.2272406504946917,826,6,26.178151590281068,0,0.8765771739469188,2.2196811804437873e-06,0
pred_000733,2025-09-12T11:36:00,v1,509.5420143401315,7,0.2072308393957464,483,5,26.222741390368626,0,0.5823459193290224,0.0030593637878973067,0
pred_000734,2025-09-12T11:39:00,v1,888.4022532329001,19,0.2988618403734879,762,1,7.075737024447313,0,0.8425160392410509,3.733660662282733e-09,0
pred_000735,2025-09-12T11:56:00,v1,1612.0871306370302,17,0.2471288772956938,866,3,7.394339022688193,0,0.8098791440703931,4.945224968045314e-11,0
pred_000736,2025-09-12T12:02:00,v1,721.0110813085153,13,0.2260649966667084,124,3,2.401494130875269,0,0.7714603601964769,0.0002101050732248349,0
pred_000737,2025-09-12T12:11:00,v1,1158.9605580843722,10,0.092934916170832,213,3,12.546197671240582,0,0.809883547522267,3.1767104131398295e-06,0
pred_000738,2025-09-12T12:50:00,v1,941.8239228964006,14,0.3372136517225728,745,2,42.74681823350082,0,0.6638951802621093,1.209947680781086e-07,0
pred_000739,2025-09-12T12:53:00,v1,1981.818593347388,17,0.2875714327899422,194,3,36.63529674421209,0,0.5750781181466903,1.3631317254238901e-08,0
pred_000740,2025-09-12T13:33:00,v1,750.0785214180398,15,0.0939097543089901,832,2,15.548400962513504,0,0.7815551120372178,3.148086372929237e-08,0
pred_000741,2025-09-12T13:53:00,v1,535.0834090300477,20,0.0332716407245007,504,0,2.0498360816327295,0,0.7342582173578204,1.54559972674204e-07,0
pred_000742,2025-09-12T14:20:00,v1,289.55653118289877,11,0.1504572820184017,922,1,5.05369997538482,0,0.8896507522841957,1.7070005917681608e-07,0
pred_000743,2025-09-12T14:20:00,v1,921.5494194849128,21,0.5123506382964458,492,2,2.417965999041764,0,0.647487159708123,3.128438690435356e-07,0
pred_000744,2025-09-12T14:48:00,v1,2097.9720680565165,13,0.1201618210524283,417,2,2.370327706556284,0,0.656563694524039,5.2135335249093514e-11,0
pred_000745,2025-09-12T14:56:00,v1,759.5329632629087,17,0.1227275248878592,447,2,17.960551201990096,0,0.7219833419792945,1.5217212023727987e-06,0
pred_000746,2025-09-12T14:56:00,v1,647.2913558825735,15,0.1738392555488451,638,2,40.834304207523274,0,0.9924055140182562,6.52538396220622e-07,0
pred_000747,2025-09-12T15:50:00,v1,879.4055077263304,15,0.1910760332970446,95,1,62.79077815215579,1,0.689409102878625,0.00012198193988664078,0
pred_000748,2025-09-12T16:05:00,v1,590.1393093145036,12,0.229833720750773,276,2,4.634629333521794,0,0.8210079255745047,4.2911227788403885e-05,0
pred_000749,2025-09-12T16:24:00,v1,652.6868563006852,12,0.1361394247755526,408,3,37.32431947321432,0,0.7411482759160738,6.337880618020829e-05,0
pred_000750,2025-09-12T16:41:00,v1,532.849363505659,12,0.2594904480985864,930,2,1.9876252204335647,1,0.7791967221452369,2.9274299401618507e-07,0
pred_000751,2025-09-12T17:01:00,v1,882.4441410973664,10,0.1712666686770178,610,0,41.70488345390362,0,0.8653072961782987,4.092741950077327e-08,0
pred_000752,2025-09-12T17:09:00,v1,1031.5439378662077,8,0.12137880678357,794,1,6.273766688473309,1,0.8036032074019451,8.1236806551201e-09,0
pred_000753,2025-09-12T17:28:00,v1,1117.7102702378534,13,0.1513875385243372,860,2,14.903683391555592,1,0.985130868582288,2.3700716731897247e-09,0
pred_000754,2025-09-12T17:52:00,v1,684.3960475211406,8,0.2203174999054589,508,2,8.813538313102747,0,0.6824280669378467,6.254210185170881e-06,0
pred_000755,2025-09-12T18:03:00,v1,368.26821039578806,5,0.3787805202963067,151,8,161.87350768031556,0,0.2229291071908467,0.9997865608788551,1
pred_000756,2025-09-12T18:14:00,v1,521.4645365573012,7,0.1191659960294394,278,4,9.18945775553742,0,0.720202588683452,0.0019648456437885257,0
pred_000757,2025-09-12T18:16:00,v1,946.3876879735512,15,0.0777609893613801,752,0,32.52208609939499,0,0.9482567384793602,1.232684869590453e-09,0
pred_000758,2025-09-12T18:39:00,v1,1092.0512136588648,19,0.3094192664069212,859,3,7.251942371240664,0,0.8936644113423263,2.37766545047042e-09,0
pred_000759,2025-09-12T19:07:00,v1,464.0567132893368,22,0.1750931149664059,920,3,3.291637710876007,0,0.8717506870552341,9.420168106958641e-08,0
pred_000760,2025-09-12T19:12:00,v1,286.94856543751735,21,0.3174777109659927,180,2,6.098439803033428,0,0.4801034200992407,0.0015939507015257986,0
pred_000761,2025-09-12T19:54:00,v1,1695.780033208205,16,0.1386654485475011,978,2,1.3342374553994956,1,0.777994651843019,5.569034302567806e-12,0
pred_000762,2025-09-12T20:17:00,v1,810.2581747960812,12,0.151464413002265,910,1,12.55092174153,0,0.8284805254767224,3.763540785324758e-09,0
pred_000763,2025-09-12T20:25:00,v1,309.5052594462523,15,0.1620363823478203,359,1,50.681072106736714,0,0.6697963233452846,0.00022182641428305505,0
pred_000764,2025-09-12T20:29:00,v1,1635.540326860546,12,0.0540354388630552,395,7,7.5416315777606355,0,0.8878358131699882,4.896931484556426e-07,0
pred_000765,2025-09-12T21:22:00,v1,337.0841435680052,17,0.1408296494875396,659,3,5.1069143931835805,0,0.6337893317452172,1.736721441001387e-05,0
pred_000766,2025-09-12T21:36:00,v1,319.55952679964474,21,0.0957441238742202,386,1,46.5641343955758,0,0.8038686416931725,2.9893953775624296e-05,0
pred_000767,2025-09-12T22:00:00,v1,445.94908727964736,13,0.0922776600022768,842,2,2.627784475650157,0,0.8853986279537331,2.0888703555904707e-07,0
pred_000768,2025-09-12T22:00:00,v1,358.10506053461626,13,0.1120731741111549,573,2,5.777804886442992,0,0.662172047548355,1.662536043155987e-05,0
pred_000769,2025-09-12T22:09:00,v1,781.758851785244,21,0.1090059413380351,994,0,17.988664389696318,0,0.6886416241500076,2.984095564328425e-10,0
pred_000770,2025-09-12T23:41:00,v1,534.105461813618,20,0.0990521417714589,424,2,19.97651187565279,0,0.5420840030286203,1.4847086255788845e-05,0
pred_000771,2025-09-12T23:41:00,v1,1074.9393583368803,19,0.2757286568809186,641,1,12.4634006635133,0,0.8174746881832872,3.3739307132443684e-09,0
pred_000772,2025-09-12T23:43:00,v1,1429.012459587315,20,0.2422982275841058,554,2,25.83908082505524,0,0.7178748757644159,2.5042395528381236e-09,0
pred_000773,2025-09-13T00:50:00,v1,1926.93138302486,9,0.2550858041180889,930,1,16.23750886603166,1,0.837622217469076,2.0436798266294847e-12,0
pred_000774,2025-09-13T00:57:00,v1,731.2725341776447,19,0.2508348166972692,124,0,16.150266872708155,0,0.7636028784640609,4.062083321395695e-06,0
pred_000775,2025-09-13T01:26:00,v1,787.4137302714694,20,0.2970664774235911,771,5,12.311044706912444,0,0.6566873158150152,1.6400572358975879e-06,0
pred_000776,2025-09-13T02:05:00,v1,1008.0432918626698,14,0.1532708719644434,423,4,4.715118042742615,0,0.774849342574196,2.4316185932325704e-06,0
pred_000777,2025-09-13T02:18:00,v1,238.79333640403985,1,0.7359160112473194,150,7,25.08033068380228,0,0.5045275032354058,0.9898697317072919,1
pred_000778,2025-09-13T02:23:00,v1,584.6276083889346,20,0.5152504330867049,899,2,41.91120239043683,1,0.894329359578141,3.5982569326889056e-07,0
pred_000779,2025-09-13T02:29:00,v1,446.42023591492085,8,0.3666302195665049,720,0,5.3175809821276445,0,0.9698359490923266,2.3043310995672192e-07,0
pred_000780,2025-09-13T02:59:00,v1,1033.0028478898437,20,0.0446623311916218,62,3,5.885300689788312,1,0.8322335340319055,1.71589672049745e-05,0
pred_000781,2025-09-13T03:10:00,v1,489.0211142451452,20,0.2627405405415118,240,0,5.789342937758231,1,0.91222615835043,9.390256058185987e-06,0
pred_000782,2025-09-13T03:38:00,v1,1926.410995153316,8,0.3323240342982303,212,3,0.0633088302255204,0,0.9106719119418156,7.177551520131878e-09,0
pred_000783,2025-09-13T03:47:00,v1,2676.266116838524,18,0.0314233168847211,388,1,11.123420397803834,0,0.9024710675258152,4.086891448420759e-14,0
pred_000784,2025-09-13T04:10:00,v1,649.8329539757144,20,0.3588702839283715,592,0,18.67114411349041,0,0.855681530469609,6.212077997235148e-08,0
pred_000785,2025-09-13T04:27:00,v1,619.8018733822573,11,0.2011403957727744,222,4,16.29033833113053,0,0.8650378246789501,0.0007939995433431226,0
pred_000786,2025-09-13T04:51:00,v1,350.9815375002894,4,0.6442501959155305,190,8,19.762796888573188,0,0.5164583685426798,0.9722010771272854,1
pred_000787,2025-09-13T05:08:00,v1,454.7522300229803,11,0.1457998758666595,769,1,16.236392757604992,0,0.8865332477899311,2.942135665254467e-07,0
pred_000788,2025-09-13T06:11:00,v1,550.4645879656244,20,0.3168638827171515,782,2,6.409634414172676,0,0.8474492923099783,1.3441662871648662e-07,0
pred_000789,2025-09-13T06:25:00,v1,1772.7795345251334,18,0.1010665884614924,308,0,65.03843306498159,0,0.9003890922757144,2.8885764597414644e-10,0
pred_000790,2025-09-13T06:32:00,v1,1066.2841496562278,15,0.2054720123360692,596,4,8.6411374900071,0,0.917122565232205,1.770645601252167e-07,0
pred_000791,2025-09-13T06:43:00,v1,1197.3422879013772,22,0.3125581167828662,838,5,16.966452627418263,0,0.8524879884592524,1.3170650755044638e-08,0
pred_000792,2025-09-13T07:24:00,v1,873.4445570638005,14,0.1983583111369327,880,1,18.85393285192641,0,0.7935508303756258,3.532334267175872e-09,0
pred_000793,2025-09-13T07:33:00,v1,1665.2981986530062,16,0.32993761665691,798,3,12.437313577430714,0,0.968980923987278,6.02285909301609e-11,0
pred_000794,2025-09-13T07:43:00,v1,902.983579930704,8,0.2323868477675523,201,3,13.56659980153921,0,0.6256400482617932,0.00010995475244869456,0
pred_000795,2025-09-13T07:46:00,v1,978.6257069853764,7,0.2856251775723759,397,1,41.23865412529214,0,0.7250277307160374,1.7398016616074624e-06,0
pred_000796,2025-09-13T08:34:00,v1,1264.1030318769958,10,0.113597911991063,133,1,11.897551088586283,0,0.9215404902948368,2.022004367066134e-07,0
pred_000797,2025-09-13T08:56:00,v1,934.4455921977402,10,0.2407299826360379,154,2,5.549800311541633,1,0.8303306769381231,3.314019119172677e-05,0
pred_000798,2025-09-13T09:08:00,v1,1347.5418335549878,15,0.0906670682929034,848,4,0.9274490671637206,0,0.8268665496094101,1.140340293644351e-09,0
pred_000799,2025-09-13T09:31:00,v1,1019.3092389137328,19,0.0741153508644117,957,3,25.7813301441013,0,0.8404375489719387,1.8907582251921905e-09,0
pred_000800,2025-09-13T09:40:00,v1,492.8413969013055,20,0.0507102929363584,717,3,23.069236238601295,0,0.7270918934313896,1.747229053673555e-06,0
pred_000801,2025-09-13T10:07:00,v1,1804.7378980276812,22,0.068156132970498,255,4,21.027775174052877,0,0.5933179257372395,1.5985948714120966e-08,0
pred_000802,2025-09-13T10:09:00,v1,1052.3850144795636,21,0.2115447591218237,728,1,44.52932425829613,0,0.8623294058194124,2.468335436054512e-09,0
pred_000803,2025-09-13T10:33:00,v1,607.1403167859321,19,0.3390101985162945,706,0,8.913482470043675,0,0.8690504922972876,2.1555011085059545e-08,0
pred_000804,2025-09-13T11:20:00,v1,1364.88666118424,12,0.1644072186616633,803,2,70.18423486674442,0,0.8528933798509921,2.204624579312287e-09,0
pred_000805,2025-09-13T11:25:00,v1,762.4846249634178,16,0.1681652184688656,355,3,12.279809552569544,0,0.7839343523660233,1.0554933376515825e-05,0
pred_000806,2025-09-13T12:29:00,v1,1891.4962222451268,12,0.3264456777514796,261,3,10.58524036209614,0,0.5690123826810083,1.505507328107879e-08,0
pred_000807,2025-09-13T12:35:00,v1,1073.8788257187248,12,0.3747763934494187,358,3,5.956215228974082,0,0.7013715841034567,2.7062452627997047e-06,0
pred_000808,2025-09-13T13:09:00,v1,724.5624343865986,13,0.2039989393977708,536,1,20.733329484009666,1,0.8949226886204482,9.030693180575689e-07,0
pred_000809,2025-09-13T13:22:00,v1,999.1452383105562,11,0.2099547787875808,137,1,7.560705530406792,0,0.7526805614277486,2.9722364673418086e-06,0
pred_000810,2025-09-13T13:23:00,v1,455.9391291816207,21,0.1146571465778648,921,1,25.01047180107164,0,0.6442385180731391,4.2247313938585375e-08,0
pred_000811,2025-09-13T13:48:00,v1,1400.49620200942,10,0.1290565182862584,412,4,8.394046249846165,0,0.8705554364082204,1.486631512159328e-07,0
pred_000812,2025-09-13T13:56:00,v1,1717.9070325343444,12,0.282098497250676,508,4,8.29986423615102,0,0.9022384557719506,4.17011916628651e-09,0
pred_000813,2025-09-13T14:00:00,v1,1113.9074227154022,13,0.0515876813580444,657,3,10.252716409881447,1,0.8739662167244616,6.095538289743051e-08,0
pred_000814,2025-09-13T14:09:00,v1,466.6527475715542,13,0.1401679289709181,50,3,25.094707739664564,0,0.871179544447488,0.004000007289080477,0
pred_000815,2025-09-13T15:08:00,v1,1100.9942895740992,16,0.1697153543446912,483,2,37.49135858719588,1,0.8438616956834815,2.7602333220738715e-07,0
pred_000816,2025-09-13T16:03:00,v1,1061.8492430262852,12,0.4855368131774852,646,0,22.3420568847913,0,0.7310264934081402,9.711911936476995e-09,0
pred_000817,2025-09-13T16:51:00,v1,394.4470252051252,7,0.2887157854661644,788,2,32.416834411636735,0,0.9666667617375811,4.089883030664998e-06,0
pred_000818,2025-09-13T16:55:00,v1,1122.8411661922803,16,0.2215670939305999,327,2,24.499346356647727,0,0.6597377784689661,6.020907030770683e-07,0
pred_000819,2025-09-13T17:31:00,v1,1445.1649361161255,17,0.1888683582625044,74,0,29.58915680225362,0,0.7244854082543047,3.9891314504386134e-08,0
pred_000820,2025-09-13T17:32:00,v1,1145.179484366619,10,0.2439255490773204,51,1,5.382716549526178,0,0.9449570784574052,1.276458875294885e-06,0
pred_000821,2025-09-13T17:45:00,v1,522.9781727831345,22,0.2999311149159385,744,3,1.7856221978324287,0,0.9006377812854153,4.0715182500789625e-07,0
pred_000822,2025-09-13T18:07:00,v1,1092.393108863744,12,0.0565162874319528,627,2,8.575675049526591,0,0.8962956682772527,1.1505889879084983e-08,0
pred_000823,2025-09-13T18:26:00,v1,877.1886139321238,20,0.2749880279997884,106,5,25.61275480814984,0,0.8600731518292785,0.000447537550341011,0
pred_000824,2025-09-13T18:27:00,v1,1445.7667075961708,7,0.1335167699991211,889,3,9.6299270536343,0,0.7809369760601801,5.810177883015258e-10,0
pred_000825,2025-09-13T19:40:00,v1,760.2921712216452,14,0.1334303310684466,860,1,25.149868147238564,0,0.9545062969820964,6.303587861674773e-09,0
pred_000826,2025-09-13T19:45:00,v1,1179.7539274883677,22,0.3306387942419146,481,5,0.1454643100439637,0,0.900896512878306,2.9126990074330333e-07,0
pred_000827,2025-09-13T20:37:00,v1,2367.8460944255494,13,0.2025837961063248,875,1,38.366527644076726,1,0.9713066121275702,5.89861333502413e-14,0
pred_000828,2025-09-13T20:59:00,v1,1384.6057750637287,19,0.2482284028992548,242,1,0.4592316286474661,1,0.5798251934093912,6.202322113079661e-08,0
pred_000829,2025-09-13T21:15:00,v1,297.00292789633625,19,0.386086699601769,949,3,0.3376945875974607,0,0.8591532522042717,6.936719996744194e-07,0
pred_000830,2025-09-13T22:01:00,v1,282.18467113599496,23,0.6467418383588273,93,7,252.18563968854457,1,0.0438895640143629,0.9999845871367439,1
pred_000831,2025-09-13T23:03:00,v1,85.99094248120045,0,0.2623777115248614,18,7,70.51197022841139,0,0.2607005541591078,0.9997713228658771,1
pred_000832,2025-09-13T23:38:00,v1,748.4752340205217,8,0.1246459692732362,122,1,13.219542470463027,0,0.905418228679749,2.2955345862393263e-05,0
pred_000833,2025-09-14T00:52:00,v1,940.7908321625584,15,0.1516555849973849,136,3,10.838804235851974,0,0.8911964594298729,1.626023295201275e-05,0
pred_000834,2025-09-14T01:38:00,v1,1406.39124871955,21,0.1782848277799539,965,4,6.12313961687783,0,0.8538903055413185,1.206336620008198e-10,0
pred_000835,2025-09-14T02:11:00,v1,487.1890540185529,17,0.1009281344742444,844,2,0.1535654592340866,1,0.3422139332470688,1.4687144947586773e-06,0
pred_000836,2025-09-14T02:26:00,v1,1209.2118401318965,8,0.1765389794924929,802,5,19.998008231523304,0,0.7854709901637357,1.3047274286524598e-07,0
pred_000837,2025-09-14T02:53:00,v1,1993.0581395144452,19,0.1123115057725705,151,3,9.865075221561405,0,0.844900328811997,1.5226523110751014e-09,0
pred_000838,2025-09-14T03:08:00,v1,699.8934146613544,16,0.1488715207826791,976,1,61.60558192847682,0,0.7355452988957546,1.6888216699618058e-08,0
pred_000839,2025-09-14T03:59:00,v1,342.83151629370633,14,0.3004257933629868,199,2,14.292678479039306,0,0.761519244888617,0.0010455522556252763,0
pred_000840,2025-09-14T04:02:00,v1,1909.5268237495695,21,0.4412434651589638,321,1,45.69107159052108,1,0.7438549254539295,1.0741770313102619e-09,0
pred_000841,2025-09-14T04:13:00,v1,1065.6759041659188,14,0.139725465001028,552,0,38.2928830649301,0,0.6330738825972357,1.7542931444145857e-08,0
pred_000842,2025-09-14T05:00:00,v1,764.2672287270981,21,0.1044803646474615,70,1,33.83053995295112,0,0.8082935740761645,1.3098082253797102e-05,0
pred_000843,2025-09-14T05:44:00,v1,959.0453468900388,9,0.2151415062420012,776,0,19.149141780904475,0,0.8588676176492892,2.6953141874467095e-09,0
pred_000844,2025-09-14T05:49:00,v1,643.513098504009,16,0.286540250031066,555,1,15.949259629867248,0,0.9442659594206704,3.0496330432594767e-07,0
pred_000845,2025-09-14T06:31:00,v1,785.7997535182623,12,0.2490921868488645,985,5,15.62496663065912,0,0.7750842962765752,3.9502381460754986e-07,0
pred_000846,2025-09-14T06:57:00,v1,1165.1388873495491,11,0.356741801154245,807,2,33.03012712200895,0,0.8962846273400402,5.495162943860573e-09,0
pred_000847,2025-09-14T07:26:00,v1,1137.8705286114662,11,0.1177227977192583,941,4,11.13880007473076,0,0.8329458434550915,6.353839461696663e-09,0
pred_000848,2025-09-14T07:39:00,v1,749.5329058629005,17,0.1662340234077507,309,3,16.85377778691673,0,0.8569935114314604,1.4251047002973504e-05,0
pred_000849,2025-09-14T08:00:00,v1,482.12945116125974,12,0.4532828160549881,192,3,10.601195271346786,0,0.9006897471518898,0.0012423719830358206,0
pred_000850,2025-09-14T08:01:00,v1,399.081839420958,12,0.2498782063075816,836,2,15.20716697045788,0,0.4649210941427418,3.7344667060445566e-06,0
pred_000851,2025-09-14T08:36:00,v1,1611.052665815537,22,0.2904042056481788,556,2,24.071535059215357,0,0.8984716449120932,2.3333631774025154e-10,0
pred_000852,2025-09-14T08:41:00,v1,734.8833790620414,14,0.280175929847739,252,3,1.3101368913545055,0,0.6071868077217655,8.897210549139053e-05,0
pred_000853,2025-09-14T09:06:00,v1,770.61869416689,19,0.1522903615986249,703,1,18.89037923320612,0,0.8605661811517129,1.6482143689097438e-08,0
pred_000854,2025-09-14T09:31:00,v1,405.5079348759774,22,0.7808564005090303,84,11,29.36085697622822,0,0.260000452279078,0.9986788046969719,1
pred_000855,2025-09-14T09:51:00,v1,2597.31272665446,22,0.251092411846627,773,2,56.73846312485074,0,0.8358797065379981,2.6320449696977716e-14,0
pred_000856,2025-09-14T10:00:00,v1,572.9842211298067,19,0.1234101291691353,864,3,0.952868250953196,0,0.5979481535791842,2.2907237692190808e-07,0
pred_000857,2025-09-14T12:11:00,v1,439.0199793027591,15,0.039780672176388,443,1,0.7048711833505209,0,0.8276156904734521,2.9148788236502437e-06,0
pred_000858,2025-09-14T12:25:00,v1,1241.9641069111972,9,0.1193918056773563,339,3,0.751128449603375,0,0.8171018672127464,3.7845625260013827e-07,0
pred_000859,2025-09-14T12:41:00,v1,640.2098789638578,19,0.091809598381134,327,0,12.472841137887276,1,0.7007322743348032,2.2331071075153593e-06,0
pred_000860,2025-09-14T12:51:00,v1,535.785713154229,20,0.1406810298193732,877,4,4.906090321318695,0,0.9283220880107036,2.7461943590251696e-07,0
pred_000861,2025-09-14T13:05:00,v1,699.6363528853841,8,0.1576784076358653,719,1,0.0708638690962451,0,0.9035912793725446,6.013710459723266e-08,0
pred_000862,2025-09-14T13:33:00,v1,691.5583056987391,12,0.042776931619087,454,0,16.591747415700596,0,0.9560111651417048,1.6710625841350324e-07,0
pred_000863,2025-09-14T13:35:00,v1,916.4604972233576,20,0.2375556829766089,336,3,16.62958382266208,0,0.5714564304765617,5.942001145024696e-06,0
pred_000864,2025-09-14T13:38:00,v1,451.8263781294974,22,0.2492686416247549,707,1,30.066934203190023,0,0.5725143581700425,6.974296031418896e-07,0
pred_000865,2025-09-14T13:42:00,v1,1373.1748637410135,16,0.339808243855412,868,2,25.283354887249978,1,0.9497381737708986,4.4571957185213125e-10,0
pred_000866,2025-09-14T13:47:00,v1,974.4344570694687,9,0.1682645508735791,507,1,7.95595420471957,0,0.7004866132689014,1.2755605133994456e-07,0
pred_000867,2025-09-14T14:02:00,v1,1475.51599295001,9,0.0404535472825605,666,0,27.08256920315344,0,0.8093566469060808,1.188984812352417e-10,0
pred_000868,2025-09-14T14:17:00,v1,509.8643302007003,19,0.1609658748938626,434,2,57.33056128575062,1,0.8740131734328144,5.8855873828614954e-05,0
pred_000869,2025-09-14T14:18:00,v1,283.2628280261206,8,0.1779142874742752,148,1,2.551269709897035,1,0.8234599223452292,0.0023459648901582343,0
pred_000870,2025-09-14T14:54:00,v1,1392.3512594960764,22,0.1033810819373721,820,2,2.17461608517272,0,0.8816854803233567,3.226405478633519e-11,0
pred_000871,2025-09-14T15:25:00,v1,398.19330877224536,11,0.3839459142820334,964,2,20.65512490224428,0,0.8841271846504978,4.4537831488889306e-07,0
pred_000872,2025-09-14T15:41:00,v1,713.6834899939278,19,0.0789276828396566,238,3,2.6027791408166547,0,0.904962621781268,1.2647236354545422e-05,0
pred_000873,2025-09-14T15:43:00,v1,520.6142493227178,21,0.0406551675967139,398,4,26.238929960274692,1,0.8655458881343434,0.00017325582742825263,0
pred_000874,2025-09-14T15:57:00,v1,620.9472485980492,10,0.369951065516142,723,7,14.083335924169452,1,0.7723351260049585,0.001053207546160403,0
pred_000875,2025-09-14T16:56:00,v1,317.18519212295183,19,0.0633177355149848,79,0,14.306625365448433,0,0.8077171227053626,9.353998431905728e-05,0
pred_000876,2025-09-14T17:31:00,v1,624.104450529663,10,0.1036606167763121,671,7,0.7867356978341475,1,0.9465331913738044,0.0003126895921217685,0
pred_000877,2025-09-14T18:00:00,v1,1076.9616367644626,7,0.1927661531295904,923,2,37.74632705450145,0,0.8179993154128946,6.31802421932273e-09,0
pred_000878,2025-09-14T18:27:00,v1,1292.9857292343215,11,0.2862668821985382,527,1,22.81615982351506,0,0.635928151199224,1.5675318056320364e-08,0
pred_000879,2025-09-14T18:58:00,v1,394.595155248204,18,0.1402249756760655,264,1,10.13390029826116,0,0.9191263420415852,2.0556049114543142e-05,0
pred_000880,2025-09-14T19:08:00,v1,870.09715934422,21,0.1943908351076966,140,2,18.97856090485616,0,0.9296654949295784,4.508468254535455e-06,0
pred_000881,2025-09-14T19:17:00,v1,733.8999926074492,16,0.0403960076037248,916,1,22.63888134084768,0,0.6353680559410012,7.579958180663752e-09,0
pred_000882,2025-09-14T19:22:00,v1,1958.7825011123875,18,0.2746617608633492,701,1,3.3642369263321257,0,0.7834699614458269,1.3441843305555804e-12,0
pred_000883,2025-09-14T19:45:00,v1,458.0415435484298,22,0.2690957397910718,335,0,37.42087672325864,0,0.825113040432715,4.712788562079456e-06,0
pred_000884,2025-09-14T20:38:00,v1,1616.7350159336129,7,0.1254132745255455,378,3,64.17774256068618,0,0.7989871602995524,1.2529852772847845e-07,0
pred_000885,2025-09-14T21:03:00,v1,423.1276213077961,13,0.056004848412868,755,0,6.417779671740141,0,0.8690623689681848,6.35343762687174e-08,0
pred_000886,2025-09-14T21:38:00,v1,140.60157603995472,3,0.7558873063604741,140,2,15.466609136589218,0,0.3115016508310626,0.4474256546403652,0
pred_000887,2025-09-14T21:54:00,v1,1337.704125943788,14,0.1091193519215709,368,2,6.462710028023658,0,0.67147394954052,3.800227876828503e-08,0
pred_000888,2025-09-14T22:13:00,v1,592.09626310427,17,0.2896306009548727,101,1,58.77531165767698,0,0.8226143428803441,0.0002307081314209787,0
pred_000889,2025-09-14T22:18:00,v1,781.1221999147693,10,0.3161764618633671,923,0,34.06990488234117,0,0.8417036225146096,4.928758603820628e-09,0
pred_000890,2025-09-14T22:47:00,v1,760.6668701413598,15,0.2446893623954571,894,0,13.236277054125344,0,0.7759822671838585,2.078051447789316e-09,0
pred_000891,2025-09-14T23:04:00,v1,2725.5941248469485,21,0.2227369078860792,51,1,7.619378584068193,0,0.8424090217477406,9.583632691664009e-13,0
pred_000892,2025-09-14T23:40:00,v1,416.38134053929207,19,0.3360131017383337,196,2,8.711448494081509,0,0.9467705986433056,0.0001357296726566007,0
pred_000893,2025-09-14T23:48:00,v1,1107.961600187776,22,0.2446757423479382,323,2,2.256226104943105,0,0.9446440476572848,5.6666576955871974e-08,0
pred_000894,2025-09-15T00:07:00,v1,1483.782355404589,7,0.1360628116366702,527,3,48.83420771612547,0,0.893116079778178,3.7504969154919015e-08,0
pred_000895,2025-09-15T00:18:00,v1,631.6619847481048,13,0.3156288199361179,364,4,38.11552534139032,1,0.7754512951545683,0.0012721340977262063,0
pred_000896,2025-09-15T00:26:00,v1,1298.454571341003,13,0.1283109724900356,539,2,5.532859858497082,0,0.6537491999305021,1.1715141997983914e-08,0
pred_000897,2025-09-15T01:48:00,v1,382.5416389841613,10,0.0752863431087216,150,2,17.028353783868738,1,0.7980623166127515,0.0032526537741283915,0
pred_000898,2025-09-15T02:24:00,v1,707.8560852616661,20,0.0887400567172439,152,1,7.533946532536881,0,0.6052792668961294,9.194367054577849e-06,0
pred_000899,2025-09-15T02:50:00,v1,953.3446616033297,9,0.0874342904129808,665,2,17.551083552289988,0,0.7697700568433127,8.475165160885004e-08,0
pred_000900,2025-09-15T03:23:00,v1,1891.203147307939,15,0.2915917062877708,902,2,41.06170008061756,0,0.7509479797048576,5.7853439973000275e-12,0
pred_000901,2025-09-15T03:30:00,v1,889.5858105723817,17,0.1054956212558718,118,3,16.487981531239008,0,0.9114791449900158,2.18008851336019e-05,0
pred_000902,2025-09-15T04:13:00,v1,861.0045579913902,15,0.4520433336590599,178,3,2.7846676994059836,0,0.6268619302463565,8.776507929928946e-05,0
pred_000903,2025-09-15T04:24:00,v1,1160.7056078553896,19,0.240692419511013,373,4,21.83222663253169,1,0.8090303294434719,2.873909404284772e-06,0
pred_000904,2025-09-15T04:25:00,v1,825.5209309661719,10,0.1760945091789819,825,0,0.956245316744606,1,0.6608092089828105,1.2005480590142867e-08,0
pred_000905,2025-09-15T04:44:00,v1,635.5801106234264,14,0.0878410651165098,887,3,2.981534627561634,1,0.814559871085765,2.761361144353204e-07,0
pred_000906,2025-09-15T05:25:00,v1,1218.0997215967343,21,0.1415749598182891,880,3,2.4971493053716975,0,0.7991125238857513,4.058146705357232e-10,0
pred_000907,2025-09-15T05:52:00,v1,2199.8533087858855,11,0.39612218509033,830,0,20.44825930912112,1,0.7518053454752333,3.121806102160238e-13,0
pred_000908,2025-09-15T05:55:00,v1,1221.1767356373157,22,0.0722596293828654,148,2,8.246680676660233,0,0.7879736181310073,1.7902011645885429e-07,0
pred_000909,2025-09-15T06:36:00,v1,1394.650139086007,16,0.284643988915352,659,0,3.3078684384759716,0,0.566505285923601,1.8855232536907424e-10,0
pred_000910,2025-09-15T07:21:00,v1,1402.0521084144843,13,0.2852489773486136,981,2,52.315628001188465,0,0.7859010389491786,2.3164317212562623e-10,0
pred_000911,2025-09-15T07:51:00,v1,1380.5056638564656,16,0.0921131025819697,694,2,5.16392253344937,0,0.8029189053977293,4.2914451160987355e-10,0
pred_000912,2025-09-15T08:14:00,v1,1500.180333755413,12,0.1418140189610807,577,2,67.52934361520319,0,0.6605617824873127,1.2377768528400534e-08,0
pred_000913,2025-09-15T08:28:00,v1,196.6351971604406,4,0.8681389465006473,37,3,97.81094961523956,0,0.3820578275667906,0.9818047639151761,1
pred_000914,2025-09-15T09:00:00,v1,836.0584196390631,9,0.5580990280656891,472,3,4.080972269667552,0,0.385631159973096,4.2850259024135106e-05,0
pred_000915,2025-09-15T09:32:00,v1,1592.7270702101691,11,0.2486894721817296,293,1,1.7330158627803915,0,0.5251979900176376,1.0125952824158171e-08,0
pred_000916,2025-09-15T10:03:00,v1,326.7076943837498,18,0.1795600446648727,615,0,9.249963980027966,0,0.9101632456580908,3.5703296587781383e-07,0
pred_000917,2025-09-15T10:46:00,v1,973.4756241854258,16,0.1235663178939218,925,2,16.39417349853897,0,0.8163164000622368,1.6851466859310792e-09,0
pred_000918,2025-09-15T11:25:00,v1,2274.451578669357,15,0.2706830681060795,96,6,34.99529838980507,0,0.8377128331793634,5.360918927698731e-08,0
pred_000919,2025-09-15T11:33:00,v1,879.3428426428666,21,0.0857174695318674,155,4,17.002969062483245,0,0.773528542176412,4.639124846288555e-05,0
pred_000920,2025-09-15T11:34:00,v1,628.2121401925773,20,0.1614261039071038,613,0,0.5046770509712878,0,0.721949242153217,3.324337851208883e-08,0
pred_000921,2025-09-15T11:46:00,v1,866.3536294430145,11,0.1068591516631261,527,2,9.388148507596515,0,0.8503623021204593,3.1664794780067005e-07,0
pred_000922,2025-09-15T11:47:00,v1,2191.795585233851,18,0.1806350281888183,548,3,9.549666644822278,0,0.866627071261654,6.917873953503451e-12,0
pred_000923,2025-09-15T12:37:00,v1,1233.5223084428828,7,0.1347189994828431,798,1,1.791446954046901,1,0.7927107196436247,1.6279751831171621e-09,0
pred_000924,2025-09-15T12:51:00,v1,514.167891602075,8,0.0908852630905379,480,4,24.521720322651426,0,0.6309213392772789,0.00048474381698981184,0
pred_000925,2025-09-15T13:00:00,v1,412.9535438143998,10,0.2328835011408094,742,2,19.95967926551071,0,0.845745346506205,3.2795695187766315e-06,0
pred_000926,2025-09-15T13:16:00,v1,1361.7832606510894,11,0.2422290118156988,367,0,3.713001876229408,0,0.7199376151043216,5.1076765653307285e-09,0
pred_000927,2025-09-15T13:30:00,v1,2011.7711921429532,21,0.1346605911849622,815,2,0.2685766550566122,0,0.8865817622632077,2.526126832131952e-13,0
pred_000928,2025-09-15T13:47:00,v1,252.7468675738504,10,0.320978794126411,363,2,7.951313136814547,0,0.4994188979123967,0.001645285798015827,0
pred_000929,2025-09-15T13:48:00,v1,46.16089860156107,4,0.4211079185952051,193,6,159.9517427855236,1,0.0917965204158404,0.9999537160504052,1
pred_000930,2025-09-15T14:35:00,v1,454.9327620936812,4,0.3310306607061541,20,10,43.24043769725469,0,0.3110304255999387,0.9994054962802934,1
pred_000931,2025-09-15T15:12:00,v1,785.1687818753711,22,0.3286041980063549,457,0,1.9918842585874588,0,0.9466794470511316,2.3956002535072285e-08,0
pred_000932,2025-09-15T15:23:00,v1,850.5920722103207,8,0.3026968826480868,475,1,8.55480500773127,0,0.7976536096405928,5.669513471490708e-07,0
pred_000933,2025-09-15T15:30:00,v1,1310.0613776607038,10,0.1921086163051528,468,3,3.381052808877976,0,0.6381629545659696,1.264810036546521e-07,0
pred_000934,2025-09-15T15:54:00,v1,386.6330947811521,13,0.5281883456998918,273,2,14.445187528716636,0,0.9121738829436542,0.00042035513364762343,0
pred_000935,2025-09-15T17:25:00,v1,2419.209207638532,10,0.1512291421099907,578,0,17.439317320434704,0,0.829672593520702,1.0418415956121582e-13,0
pred_000936,2025-09-15T18:12:00,v1,1126.864149167864,11,0.4175819092464349,669,3,51.148359151025666,1,0.897398643579433,5.414848341463835e-07,0
pred_000937,2025-09-15T18:45:00,v1,66.47922580427914,22,0.4878838546651755,10,9,9.083610598071743,1,0.2895324553001991,0.9993387582214824,1
pred_000938,2025-09-15T19:03:00,v1,187.77272230815785,0,0.3185211873697562,43,12,326.0505827577251,0,0.0598966583769746,0.9999999997067193,1
pred_000939,2025-09-15T19:08:00,v1,1022.0714083033772,14,0.3241212474647817,203,5,22.804202457324728,0,0.6683303037607258,0.00025500648196795573,0
pred_000940,2025-09-15T19:09:00,v1,243.4747065743232,19,0.1845955681443631,858,4,19.33309926765971,0,0.8730083082346627,8.89643592529673e-06,0
pred_000941,2025-09-15T19:13:00,v1,3091.585254312293,16,0.1818083775222811,964,3,13.498071942561452,0,0.7098897146422892,1.8029152426607257e-16,0
pred_000942,2025-09-15T19:25:00,v1,1274.1732707801389,17,0.203669076478945,641,2,2.866714846172347,0,0.6683728019805002,3.014945435439465e-09,0
pred_000943,2025-09-15T19:37:00,v1,853.9497758089537,14,0.3285544345696122,893,2,11.85216985280174,0,0.8158077688310253,1.2098458690772972e-08,0
pred_000944,2025-09-15T19:57:00,v1,784.5335421162099,17,0.2233118730151004,865,4,15.36488524971892,0,0.7292850341128883,2.1984196801325668e-07,0
pred_000945,2025-09-15T20:30:00,v1,985.7185815166162,21,0.147747011566129,436,1,3.469896440569858,0,0.979869472502788,1.26142611218784e-08,0
pred_000946,2025-09-15T20:52:00,v1,1057.9424831069443,16,0.2720123945914362,456,2,10.328581041911828,1,0.7143135097650063,4.563006603132158e-07,0
pred_000947,2025-09-15T21:15:00,v1,769.5590299930238,20,0.0869020604050707,822,1,14.860466763419469,0,0.6383916327612823,7.146900115237125e-09,0
pred_000948,2025-09-15T22:07:00,v1,317.12121413034214,20,0.1783707445571436,927,0,30.72573042045967,0,0.9200202231306704,2.3227033644184638e-08,0
pred_000949,2025-09-15T22:12:00,v1,970.9101553626728,22,0.2260985639297065,242,3,4.485691581697227,0,0.5216383159498502,5.852895258769652e-06,0
pred_000950,2025-09-15T22:25:00,v1,1489.1136696830508,12,0.0972643227992344,841,3,17.611623775652173,0,0.5790397495180251,7.689130653315289e-10,0
pred_000951,2025-09-15T22:35:00,v1,702.4997580536804,16,0.0456696815134605,811,2,4.668431714763218,0,0.8593336579124963,2.3674522185370707e-08,0
pred_000952,2025-09-15T22:58:00,v1,1031.6417081292464,19,0.1223929983808301,226,1,5.583969671496034,0,0.84693035135678,1.5561765251799958e-07,0
pred_000953,2025-09-15T23:38:00,v1,800.0993473330059,12,0.1121104204796683,761,1,44.38784503864253,0,0.5264150623002771,1.3174876053685634e-07,0
pred_000954,2025-09-16T00:22:00,v1,926.1672005261164,16,0.1218454132073578,115,2,1.811678727765497,0,0.8773654085911803,4.473196513525888e-06,0
pred_000955,2025-09-16T01:10:00,v1,1300.0980098479895,8,0.2956120490901375,467,2,6.2575911832360225,0,0.6651065802824448,7.447192598162157e-08,0
pred_000956,2025-09-16T01:11:00,v1,634.851119422524,16,0.1548632955003852,535,1,38.50126153416056,0,0.8619703134284388,7.74654241190862e-07,0
pred_000957,2025-09-16T01:23:00,v1,1262.3094765196731,17,0.117198478453793,897,0,23.37053517304846,0,0.8104745574164219,2.2103117643639952e-11,0
pred_000958,2025-09-16T01:26:00,v1,714.8906494153617,18,0.3325693968019235,257,2,0.3104776626225618,0,0.9314988876619688,6.0038463275994774e-06,0
pred_000959,2025-09-16T02:06:00,v1,1380.5286091858304,17,0.100198436851596,332,4,0.2839630800537379,1,0.8802733676662828,2.689362718754543e-07,0
pred_000960,2025-09-16T02:10:00,v1,530.1094749362425,18,0.198659522521635,675,2,9.540251011681748,0,0.969184798609318,3.3001073108647797e-07,0
pred_000961,2025-09-16T02:13:00,v1,857.3143679388905,13,0.40094365264178,166,1,3.715308932278511,0,0.9647483735157282,3.561839227299909e-06,0
pred_000962,2025-09-16T02:37:00,v1,1512.5159838158934,21,0.3131108399874092,748,1,22.622548049205896,0,0.8586571354624577,3.149413346026659e-11,0
pred_000963,2025-09-16T02:45:00,v1,633.7690997586918,14,0.2672348402168015,262,3,18.51261929778141,1,0.9136322201336758,0.0002760165746794452,0
pred_000964,2025-09-16T02:57:00,v1,2028.5316429419984,12,0.4400348493367376,221,6,4.874674318056173,0,0.7784359981292267,1.3014844332324416e-07,0
pred_000965,2025-09-16T03:29:00,v1,932.4286494854724,20,0.0188443374198272,589,0,7.259532256964429,0,0.8532709042531257,1.9037476586190187e-09,0
pred_000966,2025-09-16T04:22:00,v1,1110.8593571329386,18,0.3066052350522168,514,4,4.966785352493371,0,0.9109194269280744,2.147012704797064e-07,0
pred_000967,2025-09-16T04:59:00,v1,776.8139475737889,21,0.2572487740842728,205,1,15.295127481843462,1,0.8888195286103597,5.132477305490232e-06,0
pred_000968,2025-09-16T05:06:00,v1,457.51700906309054,11,0.0983226246662976,627,0,13.073828483888043,0,0.5447117881942845,1.0208134418991892e-06,0
pred_000969,2025-09-16T06:32:00,v1,640.1939829515967,16,0.1136321180726428,807,3,15.716955871671104,0,0.7124036036291775,3.7365508928981465e-07,0
pred_000970,2025-09-16T07:12:00,v1,622.9317314096553,19,0.2520405394855342,877,2,14.847837313535898,0,0.7926055921054963,4.4275931709502e-08,0
pred_000971,2025-09-16T07:15:00,v1,1359.8056706994284,21,0.1678548545311802,658,3,8.02860141139517,0,0.535633475133989,3.912176805694241e-09,0
pred_000972,2025-09-16T07:18:00,v1,443.4089368345229,13,0.0833458012242546,170,1,28.803530335136372,0,0.6240843391480467,0.0003276486453459851,0
pred_000973,2025-09-16T07:38:00,v1,846.8635987985524,17,0.1839323843231263,465,6,7.821896057353869,0,0.670214899474977,6.858789465279694e-05,0
pred_000974,2025-09-16T08:09:00,v1,1306.0137142477088,8,0.0401088475027493,375,2,27.336419117351117,0,0.8801182544611508,8.364477525847497e-08,0
pred_000975,2025-09-16T08:10:00,v1,1009.6303220404288,19,0.5372513785000893,967,2,3.8241839474419272,0,0.9004319845114747,7.622633055036198e-10,0
pred_000976,2025-09-16T08:18:00,v1,893.8077861628926,11,0.202180521643413,82,3,37.101854900002365,0,0.9323968199291072,0.0001635134182969968,0
pred_000977,2025-09-16T08:32:00,v1,817.2865020726323,19,0.2167919064070992,923,5,21.42973485496547,0,0.9057431295162208,1.4252155630821836e-07,0
pred_000978,2025-09-16T08:35:00,v1,622.707504098593,14,0.1528815509283858,121,3,8.886951209347194,0,0.9137117258266704,0.00025472661869741056,0
pred_000979,2025-09-16T09:46:00,v1,1163.313188511597,17,0.1572334931963784,577,3,7.098553525887922,0,0.8653564189897918,2.29029008748447e-08,0
pred_000980,2025-09-16T09:57:00,v1,1661.4023647285162,19,0.3325560383898873,314,1,9.114490254819575,0,0.9042484714499296,5.864179315666042e-10,0
pred_000981,2025-09-16T10:23:00,v1,276.1618003050041,16,0.1069489132528647,110,1,44.92824957968926,0,0.5775157744925768,0.0031296032804355414,0
pred_000982,2025-09-16T10:34:00,v1,670.3202821807802,12,0.4335957246326827,853,1,21.359599947557324,0,0.6423306657536819,1.0983104107688473e-07,0
pred_000983,2025-09-16T11:16:00,v1,1880.5155496593763,20,0.0946757379251968,443,1,9.765408846254246,0,0.6337420875883976,3.3846272469704945e-11,0
pred_000984,2025-09-16T11:52:00,v1,1555.0357605229735,7,0.3815949134419339,635,1,6.566781425587372,0,0.8235075915354388,4.387102075125396e-10,0
pred_000985,2025-09-16T12:35:00,v1,801.7617080120569,18,0.2152704619143972,736,2,18.260993897706285,0,0.7949610640556226,4.9670669709755647e-08,0
pred_000986,2025-09-16T12:58:00,v1,1299.5524932752835,10,0.1266328393111348,56,0,17.18071074862446,0,0.7011941146262769,2.740683846025197e-07,0
pred_000987,2025-09-16T13:36:00,v1,597.3106726619245,17,0.2651159768345552,992,3,13.287612569141768,1,0.8848377128589489,1.4214654682944868e-07,0
pred_000988,2025-09-16T13:37:00,v1,674.7770413134461,9,0.2055117030841916,761,3,2.5952490187359554,0,0.9755535677418624,4.0782446643961074e-07,0
pred_000989,2025-09-16T13:51:00,v1,1094.4206357611229,8,0.1897486453830628,315,1,19.805294293966647,0,0.8352100093811872,3.633255681788759e-07,0
pred_000990,2025-09-16T13:56:00,v1,1180.6329683908812,19,0.1142511647768734,702,6,18.89524750315462,0,0.8492722772852161,1.9229756326804476e-07,0
pred_000991,2025-09-16T14:00:00,v1,363.7714134608452,13,0.0942781554596511,797,3,20.304623326198872,0,0.9235443083769006,3.1430994709562917e-06,0
pred_000992,2025-09-16T15:09:00,v1,573.7922491072783,15,0.0591722228668129,306,3,20.7491307397424,0,0.849156513361713,7.276640175745975e-05,0
pred_000993,2025-09-16T15:14:00,v1,483.09129042381613,12,0.0856124652029215,689,2,6.37122719440204,0,0.6990538370903269,1.7975635759821259e-06,0
pred_000994,2025-09-16T15:27:00,v1,971.1710081274696,13,0.1842988256918426,907,1,19.810532298933904,0,0.8657655597934834,1.0772177845514782e-09,0
pred_000995,2025-09-16T15:37:00,v1,1670.4512764157585,18,0.0717106109274726,457,0,4.822270930871971,0,0.947143675985244,1.7863070247377793e-11,0
pred_000996,2025-09-16T16:28:00,v1,192.58369260867377,0,0.7974495012270129,50,11,15.231421277741685,0,0.3612012184604347,0.9999856602372859,1
pred_000997,2025-09-16T17:03:00,v1,1430.7465581427537,8,0.2591145169409365,918,2,36.797372806433216,0,0.6361241841274795,7.075671961002348e-10,0
pred_000998,2025-09-16T17:33:00,v1,461.732053021015,3,0.5620710997776832,134,6,90.08140003232884,0,0.7379343286474259,0.9010924861128551,1
pred_000999,2025-09-16T18:38:00,v1,994.6167999233206,16,0.0731838394910086,279,1,6.620651923557061,0,0.8023151057274838,2.0391122846106726e-07,0
pred_001000,2025-09-16T19:15:00,v1,533.6893138463619,8,0.3126182829027848,79,1,0.3392847829571517,0,0.8290145326030549,0.0002898654832053918,0
pred_001001,2025-09-16T19:22:00,v1,455.4371500930804,9,0.1215937293736779,464,2,6.541212187048967,0,0.7357228497498123,3.263158375601663e-05,0
pred_001002,2025-09-16T19:28:00,v1,1404.8788289718157,22,0.2314791349506116,870,1,15.505120311003749,0,0.5772775873187634,3.401904426779959e-11,0
pred_001003,2025-09-16T19:34:00,v1,919.620335762756,10,0.0428590500806709,647,2,40.30268374275164,0,0.8940429646104551,1.3429982961007902e-07,0
pred_001004,2025-09-16T19:51:00,v1,588.8761788452177,19,0.1973911116751511,80,2,4.267887308959945,0,0.6723924290395659,0.00017500530588632695,0
pred_001005,2025-09-16T20:27:00,v1,1182.2222575194237,19,0.275014207805565,858,1,28.14046112426688,0,0.5552994429382899,6.5331935423589e-10,0
pred_001006,2025-09-16T20:38:00,v1,799.2021752799569,13,0.2772433177414107,254,1,0.0829122367144052,0,0.5863876861260816,5.931795111195396e-06,0
pred_001007,2025-09-16T20:49:00,v1,581.6529552169012,12,0.443676087219659,736,2,88.60998301375217,0,0.5291684580078321,2.9493235665937083e-05,0
pred_001008,2025-09-16T20:59:00,v1,2492.3425920823383,7,0.079698977496171,402,4,51.71193913201679,0,0.9269464041070292,9.624615942410406e-11,0
pred_001009,2025-09-16T21:13:00,v1,515.095810387469,21,0.3857694713315805,429,0,22.722183973663352,0,0.8782288468375317,9.349018946437667e-07,0
pred_001010,2025-09-16T21:16:00,v1,690.5809662800973,15,0.0940747236167216,575,1,1.9783525971772469,1,0.9715725030144152,1.926693331434018e-07,0
pred_001011,2025-09-16T21:54:00,v1,255.6658331036526,22,0.1846749411329474,584,3,24.461158424190167,0,0.7688653044274056,4.369432565915282e-05,0
pred_001012,2025-09-16T22:05:00,v1,1305.3518870289206,19,0.207180387847717,384,2,23.838372549613347,0,0.9374052092734454,1.730296337894703e-08,0
pred_001013,2025-09-16T22:26:00,v1,582.6032381846807,9,0.1447705611752824,749,4,5.424485763546231,1,0.8072630427230182,1.4613158048792841e-05,0
pred_001014,2025-09-16T22:51:00,v1,1631.0601192232946,22,0.2760710874564356,729,4,27.505043913943183,0,0.7126208134755864,7.470137800979694e-10,0
pred_001015,2025-09-16T23:10:00,v1,821.7956880333178,21,0.091996988592351,885,1,32.76334502093869,0,0.6011606212930758,4.3145691391876625e-09,0
pred_001016,2025-09-16T23:25:00,v1,2045.0074078088735,16,0.0461681670058163,595,2,36.09915085140273,0,0.8174079204703555,1.1442006459951318e-11,0
pred_001017,2025-09-16T23:37:00,v1,1859.220922045202,12,0.0335345362450278,653,4,14.25141698849723,0,0.7525981107923891,3.3274096983665474e-10,0
pred_001018,2025-09-17T00:00:00,v1,524.7149380588481,7,0.4525952144432927,127,1,3.9751651041506606,0,0.6466842131293752,0.0006817552996798957,0
pred_001019,2025-09-17T00:22:00,v1,463.6973994392558,22,0.1753016529094592,732,3,31.868557799843355,0,0.8765905063681676,1.5058398177960686e-06,0
pred_001020,2025-09-17T00:57:00,v1,668.0937377824922,8,0.1470877413253402,911,3,58.19995816564285,0,0.8262127436627165,9.074264248024676e-07,0
pred_001021,2025-09-17T01:40:00,v1,760.7334724270079,8,0.135095571600545,177,2,8.254666906526662,0,0.8945808336047978,3.511455322845749e-05,0
pred_001022,2025-09-17T01:40:00,v1,1528.1270280056865,11,0.2237297516871017,492,1,5.413146105221645,1,0.6338221352007536,4.47553442400735e-09,0
pred_001023,2025-09-17T03:09:00,v1,982.144638683374,17,0.2262484805253511,377,1,11.12239905441092,1,0.8635994523426648,2.6990382477996483e-07,0
pred_001024,2025-09-17T03:22:00,v1,1251.5803582174376,21,0.1354302281253873,58,4,22.351404590073408,0,0.9133392037031308,4.8310491754000776e-06,0
pred_001025,2025-09-17T03:26:00,v1,985.1824160731312,14,0.2241715621181394,349,2,1.9109766696444936,0,0.7386878161493331,7.45519087851877e-07,0
pred_001026,2025-09-17T03:31:00,v1,799.7046604777769,11,0.4323013353469709,858,1,13.842886296363863,0,0.664487366485897,3.067341876693425e-08,0
pred_001027,2025-09-17T03:40:00,v1,1343.0809096246787,13,0.2225478421058859,598,1,2.4865891235582853,1,0.9331545962580168,1.6192896839889655e-09,0
pred_001028,2025-09-17T03:49:00,v1,430.2230470313148,21,0.2953525794896252,966,4,8.194015492426718,0,0.7755936666664273,6.480969823860525e-07,0
pred_001029,2025-09-17T04:45:00,v1,1243.5863673920087,9,0.2180173076663417,213,2,2.2464084513110567,0,0.8419785652510835,5.098740105407873e-07,0
pred_001030,2025-09-17T05:40:00,v1,1006.1953096081684,20,0.1801150041859495,80,2,26.162505597017702,0,0.8158427675670517,5.706314478794214e-06,0
pred_001031,2025-09-17T05:40:00,v1,901.2071823480264,14,0.084467311621405,75,0,21.142750570755695,0,0.8596683825653163,1.8728457770880243e-06,0
pred_001032,2025-09-17T05:49:00,v1,911.3988885335348,22,0.3020999663734778,164,0,1.8243294404076276,0,0.8184956758683722,2.4217233875026014e-07,0
pred_001033,2025-09-17T05:59:00,v1,363.56488130055624,20,0.0740736010323144,603,1,15.877359213004032,0,0.8325507909848978,8.897609280298631e-07,0
pred_001034,2025-09-17T06:25:00,v1,997.7743060350364,20,0.3782120213789484,370,4,10.601188050538168,0,0.946177354292868,2.1740897088218104e-06,0
pred_001035,2025-09-17T07:23:00,v1,425.1127788194515,8,0.1031234974152363,457,4,0.4644671349124373,0,0.666571061904793,0.0005432221845838499,0
pred_001036,2025-09-17T07:33:00,v1,1221.8324211776903,10,0.1080604319016313,595,2,29.17903206124923,0,0.7986447670826828,2.2709865447574224e-08,0
pred_001037,2025-09-17T07:37:00,v1,1408.824869625179,11,0.1524324174364222,229,6,16.46659127813455,0,0.4393806181142529,5.023801077949966e-05,0
pred_001038,2025-09-17T07:40:00,v1,622.6880708001104,12,0.3127204016625011,85,0,30.005170094520057,0,0.8718751746180494,4.946170333507532e-05,0
pred_001039,2025-09-17T07:53:00,v1,1546.6253978196671,17,0.1594691028185381,616,3,12.222542962895323,0,0.7411292008590316,1.2489608816332656e-09,0
pred_001040,2025-09-17T08:01:00,v1,1527.3046846703712,10,0.2085209488794794,496,1,4.0929538855490675,0,0.681441032883896,1.4304482610391565e-09,0
pred_001041,2025-09-17T08:32:00,v1,1271.3605941808949,20,0.5740004515551647,69,1,8.400754055394785,0,0.8845672696847225,2.801698600478252e-07,0
pred_001042,2025-09-17T08:44:00,v1,1708.978135154072,16,0.1697895145715825,134,1,29.753141700571963,0,0.6618714958915772,1.1305652035365581e-08,0
pred_001043,2025-09-17T08:48:00,v1,1573.8808562793824,10,0.2119485668248024,950,2,75.36405104319032,0,0.9138215370220416,1.2992468496649348e-10,0
pred_001044,2025-09-17T08:50:00,v1,1020.9150904738055,18,0.0063455059108308,252,3,21.775580412627686,0,0.7718990023719181,2.520115276808669e-06,0
pred_001045,2025-09-17T09:15:00,v1,1350.110655572233,14,0.0560138905677349,855,2,18.228982882846125,0,0.9072736959938068,1.366290793541129e-10,0
pred_001046,2025-09-17T09:56:00,v1,2421.9543897299095,8,0.2142763756391868,799,2,4.292816350436627,0,0.5057383846502964,3.771581353176574e-13,0
pred_001047,2025-09-17T10:07:00,v1,365.11321290015866,14,0.2984160463420658,554,0,1.429934299536701,0,0.7419748598459665,1.6754366944472304e-06,0
pred_001048,2025-09-17T11:10:00,v1,1453.0997313975054,17,0.1436245420499774,788,3,1.934720321706153,0,0.6576167095360624,4.4363105045106916e-10,0
pred_001049,2025-09-17T11:47:00,v1,641.9097918889206,16,0.3389682251401671,629,3,3.714014348665194,0,0.7462973055202657,2.405044749690592e-06,0
pred_001050,2025-09-17T11:59:00,v1,501.1788295268853,15,0.1434556802963683,370,2,14.828703056490314,0,0.5408384133839268,6.648177712718283e-05,0
pred_001051,2025-09-17T12:19:00,v1,1159.445881039566,7,0.1964699381779984,739,2,41.88849835837636,0,0.7553742302256755,2.9665386535763684e-08,0
pred_001052,2025-09-17T12:40:00,v1,2602.6784792848043,18,0.227718923217969,495,4,5.749406718403585,0,0.7252433087179706,2.2167122876290138e-12,0
pred_001053,2025-09-17T12:47:00,v1,2252.6484578890536,8,0.0821829680549786,944,2,30.078172752038565,0,0.7682308352440741,2.1620131180578416e-13,0
pred_001054,2025-09-17T12:52:00,v1,1218.8121331723385,15,0.3369358290661003,962,4,14.01046212601681,0,0.870366215765189,2.480705518796265e-09,0
pred_001055,2025-09-17T13:07:00,v1,3101.4709232461014,18,0.2375287628530441,392,1,9.570149783935284,0,0.6558931828360998,4.7691290093955326e-15,0
pred_001056,2025-09-17T13:12:00,v1,919.0567236127896,17,0.1453680260010904,933,5,37.13692837090924,1,0.7994551850530021,4.07185926581751e-07,0
pred_001057,2025-09-17T13:26:00,v1,539.9536060424018,7,0.0549564175001354,54,1,9.07611554841036,0,0.9582086127284212,0.00017591116331770352,0
pred_001058,2025-09-17T13:35:00,v1,476.97672251943624,17,0.1714234048995524,492,2,26.13703451956841,0,0.8108776791515235,1.0270290565026234e-05,0
pred_001059,2025-09-17T14:00:00,v1,1182.608444816218,14,0.1234006075854151,683,2,5.059267598929728,0,0.7791459281907822,3.784204809044966e-09,0
pred_001060,2025-09-17T14:01:00,v1,1790.036487017862,8,0.0840399392136112,208,1,6.018511593512689,0,0.9269223875969942,1.3225576190765316e-09,0
pred_001061,2025-09-17T14:01:00,v1,728.1834286655983,19,0.21613478675408,275,2,3.224569083576677,1,0.7916716359086404,1.4199693891531689e-05,0
pred_001062,2025-09-17T14:24:00,v1,1190.440311375653,11,0.2729183754437198,281,0,22.567468792895507,0,0.9206427089223836,4.6622084607183285e-08,0
pred_001063,2025-09-17T15:18:00,v1,692.7002715150346,16,0.3116214091215196,443,3,1.1158606497733363,0,0.7064669307718343,1.0304521129511993e-05,0
pred_001064,2025-09-17T15:46:00,v1,1965.2605358233284,19,0.2472590701312005,694,2,3.223281979473097,0,0.7315900309431418,4.255630990926941e-12,0
pred_001065,2025-09-17T16:22:00,v1,776.399453393272,20,0.272032322772646,547,0,8.169013505668369,0,0.8481239641364141,2.071732078473258e-08,0
pred_001066,2025-09-17T16:34:00,v1,1558.3605017279633,16,0.6013357723195017,648,3,0.285267950736321,0,0.8492908009336615,1.3731356745002085e-09,0
pred_001067,2025-09-17T16:51:00,v1,815.2798911579138,12,0.0916151691390709,835,1,23.949126770684213,0,0.4706274101720825,3.386139913693256e-08,0
pred_001068,2025-09-17T17:20:00,v1,1800.9557297903832,9,0.130784461441232,819,4,13.349804831694035,1,0.8153033145246592,4.208307260965452e-10,0
pred_001069,2025-09-17T17:51:00,v1,511.28296162308624,19,0.1100894397152432,307,2,6.463081902930814,0,0.9045105090451232,1.2463924607991933e-05,0
pred_001070,2025-09-17T18:15:00,v1,654.4136235818672,17,0.3487787591584749,451,1,19.974072979813972,0,0.8250155463793312,1.4011915343861882e-06,0
pred_001071,2025-09-17T18:41:00,v1,3637.049105571747,22,0.1758280629800145,507,0,17.135582429826687,0,0.8282066265868934,1.923839873419985e-18,0
pred_001072,2025-09-17T18:46:00,v1,672.017878530527,18,0.0499718291692512,549,5,10.573742269107496,0,0.6593921152887291,2.6416578972048414e-05,0
pred_001073,2025-09-17T18:59:00,v1,2096.7598800521973,20,0.3561329297501577,313,2,18.696820576225445,0,0.625319154881926,1.8378663313443366e-10,0
pred_001074,2025-09-17T19:13:00,v1,383.77101088921864,2,0.5988346649688303,15,8,279.55844137167503,0,0.1686575201725861,0.9999995190649354,1
pred_001075,2025-09-17T20:01:00,v1,930.463249409619,21,0.2822506192776758,104,3,66.34742718111485,0,0.6341278930443824,0.00020004676515572237,0
pred_001076,2025-09-17T20:13:00,v1,351.9165790985784,20,0.2008306838038105,915,2,8.161854201685733,1,0.9088904919263638,3.046309082157438e-07,0
pred_001077,2025-09-17T20:33:00,v1,655.439981579729,19,0.0504528338386449,904,1,23.19932239606571,1,0.6370827428548972,2.962774652737554e-08,0
pred_001078,2025-09-17T20:37:00,v1,1616.6773195416986,14,0.2772880799128138,892,1,4.341685666416859,0,0.8928694166059622,3.996649892765709e-12,0
pred_001079,2025-09-17T20:46:00,v1,1854.4638793345327,16,0.1930551293024563,136,1,7.61908480999118,0,0.8749797401349952,8.42641720223291e-10,0
pred_001080,2025-09-17T21:00:00,v1,980.9040693367008,22,0.1544333134745121,883,4,8.051253743234499,0,0.4420580180660165,3.332253691481423e-08,0
pred_001081,2025-09-17T21:29:00,v1,547.8362961094108,18,0.0260812298652901,358,2,5.577290727953277,1,0.9181910484314084,1.3041605127075697e-05,0
pred_001082,2025-09-17T22:26:00,v1,1726.8563650320923,7,0.135442375199138,605,2,2.9983231753331534,0,0.6723822760282501,3.866173307707043e-10,0
pred_001083,2025-09-17T23:23:00,v1,550.3280641220473,21,0.0746747002349642,677,3,6.865660149361848,0,0.9163713981326516,4.6221650609709295e-07,0
pred_001084,2025-09-17T23:25:00,v1,1902.1578651356183,17,0.2110163351456389,85,1,21.26028896283298,1,0.6479599271885135,8.108559971019741e-09,0
pred_001085,2025-09-18T00:12:00,v1,817.3199939018349,11,0.3382083332214873,454,1,24.447175222452096,0,0.9459068951317768,6.269919537477977e-07,0
pred_001086,2025-09-18T00:38:00,v1,1667.4600196588904,20,0.10603625567895,294,1,20.212036667946247,1,0.8576388145724855,1.50737166284827e-09,0
pred_001087,2025-09-18T01:04:00,v1,1111.39344040448,9,0.1021415069478917,993,4,49.44570529966448,0,0.7736298160941629,2.4397420316434732e-08,0
pred_001088,2025-09-18T01:30:00,v1,1312.4023859935944,20,0.2342777249636549,483,3,7.697871570462663,0,0.7905900156870009,1.8352474753344426e-08,0
pred_001089,2025-09-18T01:56:00,v1,826.5174267068892,20,0.4903655580820825,684,1,46.09216518607701,0,0.8336142124541923,6.639496232121213e-08,0
pred_001090,2025-09-18T03:23:00,v1,769.1196883607764,14,0.2189278840425166,685,4,15.894881272980951,0,0.755804952258044,2.170151207511742e-06,0
pred_001091,2025-09-18T03:34:00,v1,1643.5762891707352,10,0.031210076388391,844,4,14.065985245746363,1,0.8511934113692619,7.115531444961201e-10,0
pred_001092,2025-09-18T03:35:00,v1,760.4315574671597,12,0.2183494005279827,91,2,4.163754536694246,0,0.5154197772024826,0.00019760939579498547,0
pred_001093,2025-09-18T03:36:00,v1,911.7851280192548,22,0.1296260833228601,265,2,4.441162489264102,0,0.5883571323245089,1.4364625479481326e-06,0
pred_001094,2025-09-18T03:37:00,v1,1192.8718737175373,22,0.3388340527875052,407,2,5.1267120688744665,0,0.9607563941280716,1.5939822470728104e-08,0
pred_001095,2025-09-18T03:54:00,v1,1025.6819655343272,11,0.0373907753124286,213,3,22.655139962225277,0,0.9617101569137186,5.621550867791984e-06,0
pred_001096,2025-09-18T04:04:00,v1,534.9810043188775,14,0.147534855750142,459,3,22.67247294106597,0,0.977512299639027,2.0724764948005082e-05,0
pred_001097,2025-09-18T04:12:00,v1,825.4979241262034,18,0.0669300752952611,281,1,16.49190863139889,0,0.7092553303644594,1.105662843366366e-06,0
pred_001098,2025-09-18T05:04:00,v1,726.0313765745968,17,0.0757265741022479,42,3,10.18953951539943,0,0.9180435853212232,0.00013253950139161048,0
pred_001099,2025-09-18T05:06:00,v1,1143.357276829916,14,0.0620163495705403,555,5,3.7886518186687166,0,0.8367964655242975,4.2311614723557807e-07,0
pred_001100,2025-09-18T05:53:00,v1,2104.3673306252267,12,0.4759256278932923,866,2,51.417041224701855,1,0.8458836620920024,9.706431349750071e-12,0
pred_001101,2025-09-18T05:58:00,v1,1322.135768302257,12,0.3144220149419874,210,1,1.3848878785601204,1,0.9154240558053858,1.4504890274862382e-07,0
pred_001102,2025-09-18T06:19:00,v1,702.0163176363899,12,0.2276147681423217,249,1,6.308457333299133,0,0.601449943687882,1.6149275339767886e-05,0
pred_001103,2025-09-18T06:41:00,v1,904.5507724586148,16,0.1342827568840099,987,1,0.362564193113943,1,0.7986086852839501,8.903753326215859e-10,0
pred_001104,2025-09-18T06:47:00,v1,536.7324203531513,10,0.5002615320949881,373,3,30.49323487213372,0,0.9298044185880784,0.00032351723090358325,0
pred_001105,2025-09-18T07:01:00,v1,1274.394918962578,21,0.0457794604778843,324,3,7.382116749229621,0,0.7851330535482652,6.722812592790044e-08,0
pred_001106,2025-09-18T07:35:00,v1,1139.4166658651543,18,0.3281516535501715,769,3,32.655383365708445,0,0.7874892357014381,1.565522454725716e-08,0
pred_001107,2025-09-18T07:43:00,v1,849.8250712076491,7,0.1960243146293273,205,0,2.857701866528715,0,0.8010726059446693,1.9722763230004417e-06,0
pred_001108,2025-09-18T07:47:00,v1,480.7508059758029,10,0.1307249141801049,131,5,10.515875602241964,0,0.7612050608257237,0.022778363466591848,0
pred_001109,2025-09-18T07:54:00,v1,883.5673693658143,18,0.2015387425766474,514,3,10.706486073137732,0,0.9919223155782,2.912485322498112e-07,0
pred_001110,2025-09-18T07:59:00,v1,470.864488403224,16,0.1622513484827308,954,1,7.5469111862343246,1,0.8357580028637889,5.008139681090713e-08,0
pred_001111,2025-09-18T08:20:00,v1,1167.692403569078,15,0.3264761840363804,665,3,91.00211485217456,0,0.8308995233993975,2.8744743476206946e-07,0
pred_001112,2025-09-18T08:28:00,v1,612.7278992789826,13,0.1076870193237198,880,3,6.365008934766228,0,0.8399931206717661,1.6167950142362547e-07,0
pred_001113,2025-09-18T08:29:00,v1,867.0885799579727,20,0.2965560698636593,913,2,21.186101439976152,0,0.8231994587144333,4.447727788522455e-09,0
pred_001114,2025-09-18T08:40:00,v1,56.58706670443145,1,0.4748819822659101,25,11,137.0121530591208,1,0.3609300635131282,0.9999999195043419,1
pred_001115,2025-09-18T08:41:00,v1,890.3128191784942,19,0.0461413470582719,671,2,3.9431729859924625,0,0.8983449307105263,1.1572175759123314e-08,0
pred_001116,2025-09-18T08:54:00,v1,1225.2903095071724,15,0.3527063046295773,291,2,4.750943964053034,0,0.7837086646572933,2.1088938078773252e-07,0
pred_001117,2025-09-18T09:40:00,v1,2033.9584223979855,12,0.0199194405268131,698,0,5.268350775466324,0,0.9452046565947092,1.7387063793492162e-13,0
pred_001118,2025-09-18T09:49:00,v1,937.5913998655298,10,0.1011936926543969,245,1,1.146534677616486,0,0.8068635082967794,9.770245670815917e-07,0
pred_001119,2025-09-18T10:11:00,v1,913.1997528884648,8,0.1505656692087899,367,2,6.242924929474791,0,0.8393209349626802,1.7733380048143744e-06,0
pred_001120,2025-09-18T10:39:00,v1,674.6330735848827,11,0.0421036274317466,637,1,27.954161571614986,0,0.9160224833114612,1.8472816252942732e-07,0
pred_001121,2025-09-18T11:46:00,v1,763.2143280555819,14,0.1986811464999113,745,2,41.090646802139815,0,0.8759436564869217,1.6228424156210464e-07,0
pred_001122,2025-09-18T12:13:00,v1,954.90798713132,14,0.1244542257950582,977,1,16.485235972653072,0,0.8315721400001425,4.590039408651908e-10,0
pred_001123,2025-09-18T12:23:00,v1,941.2955475019712,9,0.1620467118238934,50,2,16.492311993378394,1,0.4213335164103709,0.000513513737282399,0
pred_001124,2025-09-18T12:28:00,v1,1156.4172658737696,11,0.4577338004477387,843,2,5.615059027100918,0,0.8837342263357671,2.3668812260055307e-09,0
pred_001125,2025-09-18T12:29:00,v1,706.5549898928825,15,0.248850413626872,527,5,24.668582290908105,0,0.8493722123677251,5.0251065366972533e-05,0
pred_001126,2025-09-18T12:32:00,v1,1064.837358418316,21,0.3274089313063366,925,1,7.345315298284111,0,0.750196689960692,1.9283255113956323e-10,0
pred_001127,2025-09-18T12:38:00,v1,1077.6994146468448,11,0.2957235463988334,115,2,2.0304037044206593,1,0.8092821221810959,1.4686360174928129e-05,0
pred_001128,2025-09-18T12:38:00,v1,857.0080435003106,19,0.2160003570736821,413,3,22.232690930531696,0,0.5388755926326422,6.494566367786595e-06,0
pred_001129,2025-09-18T12:55:00,v1,967.5534234563532,16,0.1824359937691205,863,3,102.5560035497655,0,0.6613105642760686,3.132542517802034e-07,0
pred_001130,2025-09-18T13:34:00,v1,276.00463130128236,14,0.293029470341564,281,2,15.00971142496148,0,0.7990561531756191,0.0006916783626933564,0
pred_001131,2025-09-18T13:35:00,v1,822.7953325671216,14,0.1610973330285847,703,2,0.2403159038777732,0,0.6333831943356556,9.267199316154423e-08,0
pred_001132,2025-09-18T13:38:00,v1,502.48888944959265,9,0.060231686839654,743,3,47.59766939709133,0,0.9171909047288562,6.865307854189827e-06,0
pred_001133,2025-09-18T14:08:00,v1,66.5734402741261,23,0.6172407229718024,10,6,116.28821313567376,0,0.1222431625455189,0.9990173855711834,1
pred_001134,2025-09-18T14:23:00,v1,815.3390964455597,10,0.3125553553698059,811,5,8.612892306015995,0,0.7233721679822408,2.7351936192673544e-06,0
pred_001135,2025-09-18T14:26:00,v1,1395.220859232653,21,0.2786334550700661,748,1,59.656011649848935,0,0.8065085800496299,2.858859152000654e-10,0
pred_001136,2025-09-18T14:34:00,v1,2131.949289331051,10,0.1923280166665634,494,2,14.67474215790196,0,0.7985521482762238,2.983140586511052e-11,0
pred_001137,2025-09-18T14:52:00,v1,1603.5496534113497,19,0.1494368005137835,519,3,9.24479655392924,0,0.7441381708516385,1.3730407236675418e-09,0
pred_001138,2025-09-18T15:55:00,v1,1904.17101997209,14,0.476836159129213,807,2,51.01043547122523,1,0.8686221925242036,6.137962294266026e-11,0
pred_001139,2025-09-18T16:20:00,v1,994.1076344183898,7,0.0954882206485567,452,1,3.708242205981765,0,0.7179946755556802,1.732267540253611e-07,0
pred_001140,2025-09-18T16:23:00,v1,373.2022795474506,15,0.0473286342387526,674,0,8.725997702305493,0,0.8830027383292848,1.6149070004080202e-07,0
pred_001141,2025-09-18T16:30:00,v1,668.7529514054581,13,0.2238321814446842,154,1,0.8869300586888452,1,0.7790905935878905,5.771750458369698e-05,0
pred_001142,2025-09-18T17:28:00,v1,768.445695500026,13,0.3386895848243879,278,3,14.161141770237084,0,0.5770818255414221,0.00011605851796841622,0
pred_001143,2025-09-18T17:58:00,v1,778.8708548283109,7,0.3058751696303616,568,3,5.2235464839998675,0,0.7596965103066834,4.965391887151194e-06,0
pred_001144,2025-09-18T18:02:00,v1,262.24712413943564,15,0.0558678397944845,858,5,18.83757361642872,1,0.8486643089748017,9.281705607031983e-05,0
pred_001145,2025-09-18T18:07:00,v1,904.2446058913076,18,0.0604000673080558,162,1,30.204119549493896,0,0.8482281750281473,1.7724148703023727e-06,0
pred_001146,2025-09-18T18:47:00,v1,550.5383415086035,20,0.1042447486886609,967,1,40.8667098794759,0,0.9290263777154382,8.185108846895796e-09,0
pred_001147,2025-09-18T19:09:00,v1,1545.9099210466777,12,0.2148940720500252,328,2,3.358369572967036,0,0.7949107461139348,1.066794242421649e-08,0
pred_001148,2025-09-18T19:10:00,v1,1576.7288914130834,8,0.202012840679001,992,1,21.771110675261856,0,0.9069820849577772,6.523994310722719e-12,0
pred_001149,2025-09-18T19:20:00,v1,1222.1532637491598,8,0.2633904832863967,809,2,0.3211088797910852,1,0.712422968195614,7.856421497971649e-09,0
pred_001150,2025-09-18T19:20:00,v1,1497.7673715451565,20,0.1639052111775238,754,3,23.118769255261423,1,0.8564063599143186,7.645394706397553e-10,0
pred_001151,2025-09-18T19:43:00,v1,958.7342451034611,7,0.4889382504031887,282,0,14.884954190117613,0,0.8107566361341246,1.1047914328525182e-06,0
pred_001152,2025-09-18T19:58:00,v1,823.579443126265,7,0.063727424224722,980,1,2.9315435561450025,0,0.8672441267271811,1.7818576970609964e-09,0
pred_001153,2025-09-18T19:59:00,v1,1078.9026127209809,20,0.290003132397946,820,0,0.5935444155253415,0,0.795575770504265,1.1173342608563684e-10,0
pred_001154,2025-09-18T20:09:00,v1,1568.8970871516085,10,0.0330718580032567,933,2,7.384230413977645,0,0.8593727986573003,1.4956281276840815e-11,0
pred_001155,2025-09-18T20:28:00,v1,1012.7397840650282,19,0.2691207965056198,952,0,7.254701701316577,0,0.6583621563667118,1.1141796315106762e-10,0
pred_001156,2025-09-18T20:48:00,v1,1697.4950305659231,19,0.2347246405891536,800,5,9.281548447605232,0,0.856851998846438,3.227152265111208e-10,0
pred_001157,2025-09-18T22:04:00,v1,146.73956178560914,5,0.7905225466226887,118,9,357.92065092990634,1,0.3571162353524325,0.9999999963376709,1
pred_001158,2025-09-18T22:25:00,v1,668.4717489969233,17,0.3468870155972667,552,1,3.2686005823602855,0,0.7066151059710281,4.07628364698005e-07,0
pred_001159,2025-09-18T22:31:00,v1,243.20878504402287,0,0.5944599707510546,38,9,182.62139161046375,0,0.2005846508180583,0.9999989670360229,1
pred_001160,2025-09-18T22:37:00,v1,2203.596654242899,11,0.3674310711045357,896,4,3.013755588535624,0,0.8297704719360914,2.506729938772135e-12,0
pred_001161,2025-09-18T22:58:00,v1,973.2865100812336,18,0.1126039901126703,219,2,19.020337912543912,0,0.822660382668187,1.6162074304866189e-06,0
pred_001162,2025-09-18T23:02:00,v1,781.5912644979882,13,0.0522453475000878,686,1,3.9459499564165847,1,0.6091356162757469,1.3982752247405063e-07,0
pred_001163,2025-09-19T00:24:00,v1,763.9063867175295,21,0.0621059482142102,44,4,11.4259248898058,0,0.9270133801469832,0.00016666539594662862,0
pred_001164,2025-09-19T00:38:00,v1,646.1311891651865,12,0.251179895224661,74,1,4.860050495749725,1,0.9208178534074586,0.00013155649836821585,0
pred_001165,2025-09-19T00:55:00,v1,1232.2884149999625,18,0.326335186172088,805,0,6.274533833080355,0,0.964583935968104,3.564422062452845e-11,0
pred_001166,2025-09-19T01:11:00,v1,2357.7546423550966,20,0.3266492238593763,703,0,0.4379844410022714,0,0.9711437032053738,6.306829386829836e-15,0
pred_001167,2025-09-19T01:18:00,v1,1345.8292051199817,9,0.1412726935146311,280,5,11.7175429692513,0,0.975097113221341,2.5780681676069607e-06,0
pred_001168,2025-09-19T01:40:00,v1,972.4146531347064,14,0.1390271319181704,68,2,0.3704626225988298,0,0.7306463333061144,1.1135720481140983e-05,0
pred_001169,2025-09-19T01:47:00,v1,1143.548737542809,9,0.2941987127008357,275,1,26.178248562732147,0,0.7428996277626152,6.970989699992911e-07,0
pred_001170,2025-09-19T01:59:00,v1,1307.0737281833456,13,0.4134236785398519,923,4,10.995693081239327,0,0.5360553805856939,8.758901111382087e-09,0
pred_001171,2025-09-19T02:02:00,v1,617.2549541759623,12,0.4316815395328786,944,0,0.777904892723215,0,0.7627059470011356,7.1651537209932295e-09,0
pred_001172,2025-09-19T02:25:00,v1,890.38806510119,15,0.0751233390146496,560,5,13.009346860624984,0,0.8503714885230368,3.5865462969360033e-06,0
pred_001173,2025-09-19T02:38:00,v1,286.5605991866998,7,0.048133219557606,646,0,6.6443984688254245,0,0.62926304625728,3.2383874093655825e-06,0
pred_001174,2025-09-19T02:51:00,v1,3039.1550038672653,17,0.0563561979984845,119,2,23.289485998033584,0,0.6766940896193618,4.159144880864997e-13,0
pred_001175,2025-09-19T02:53:00,v1,431.9886308006843,8,0.054115858654562,308,1,73.7776854636037,0,0.8707370133815,0.0002878976751411554,0
pred_001176,2025-09-19T02:54:00,v1,1369.2491618010176,16,0.093798059255799,560,0,65.62723264499118,0,0.449209838663588,4.087958526768405e-09,0
pred_001177,2025-09-19T02:56:00,v1,1039.8658147778583,21,0.282747475940099,205,1,45.51480530839144,1,0.712097847597691,3.087621892273563e-06,0
pred_001178,2025-09-19T02:56:00,v1,1002.2922050714576,16,0.0791131298002674,703,1,0.6304364652960601,0,0.6042598046870165,4.540668585172811e-09,0
pred_001179,2025-09-19T03:56:00,v1,844.8654170670912,20,0.503665661946984,685,1,5.489022973109952,0,0.9809194371144482,9.788772545477916e-09,0
pred_001180,2025-09-19T04:45:00,v1,486.68717139649647,15,0.2803176146050106,511,3,74.95556786740296,0,0.6869229472796456,0.00031615860506366235,0
pred_001181,2025-09-19T04:52:00,v1,1139.573230713022,7,0.0644618100931298,344,0,3.0720998834612416,0,0.6995242226921733,4.732457621337074e-08,0
pred_001182,2025-09-19T05:06:00,v1,923.4073247010984,11,0.3439431037434228,589,1,43.12069709064771,0,0.8205795085948213,1.918761506879065e-07,0
pred_001183,2025-09-19T05:21:00,v1,1930.943221821866,18,0.0657219757903542,31,0,7.078043842426061,0,0.8290452582790382,2.535397723074758e-10,0
pred_001184,2025-09-19T05:52:00,v1,766.7126976626656,16,0.045427940339154,397,3,11.024859665276088,0,0.923956929188763,2.846785704715384e-06,0
pred_001185,2025-09-19T06:17:00,v1,1572.3922095857256,20,0.1611243171220456,360,3,2.17880622564184,0,0.9295556210139718,3.245559091147943e-09,0
pred_001186,2025-09-19T06:50:00,v1,1034.6394525260946,17,0.0738171951991,909,3,4.688209365006542,0,0.626600076669764,4.0376984479259085e-09,0
pred_001187,2025-09-19T07:06:00,v1,622.2350451631113,7,0.0804398055015165,149,1,4.555587196193148,0,0.8594770374668027,4.55138148393854e-05,0
pred_001188,2025-09-19T07:34:00,v1,1398.058952436371,9,0.2132868531941198,212,0,9.235750399521391,1,0.8257290062902896,5.005244020395156e-08,0
pred_001189,2025-09-19T07:50:00,v1,647.701635254451,21,0.1231905174999774,734,4,0.6812186065848955,0,0.8417926377655783,4.612909497117668e-07,0
pred_001190,2025-09-19T07:55:00,v1,732.3404630980222,20,0.2373278756741517,969,4,11.473588341308988,0,0.2841149253232869,3.430102229359655e-07,0
pred_001191,2025-09-19T08:08:00,v1,1515.8741327277917,13,0.1040028109966196,801,5,1.690491001326992,0,0.9291900929980024,1.4708429187212801e-09,0
pred_001192,2025-09-19T08:10:00,v1,1078.7344112751157,15,0.2616961013702988,582,1,22.812178629626665,0,0.4365894218497548,5.5178187057296455e-08,0
pred_001193,2025-09-19T08:46:00,v1,2099.9772199052845,15,0.1619434897218065,43,4,34.94508297085837,0,0.8196514945892587,2.9569651450974e-08,0
pred_001194,2025-09-19T10:14:00,v1,701.7219030668764,11,0.1558161021427795,222,4,1.6383497043366937,0,0.8450736762811784,0.00024724745453803587,0
pred_001195,2025-09-19T10:16:00,v1,721.3323304462006,22,0.1315363058968721,507,5,7.852164660791125,0,0.8641120098708582,8.204167427061083e-06,0
pred_001196,2025-09-19T10:33:00,v1,375.9874886938251,8,0.2850243218302965,839,1,2.3002581346887268,0,0.6539771066704522,9.064434138185178e-07,0
pred_001197,2025-09-19T10:41:00,v1,525.4216324546331,21,0.0453755847904959,746,1,7.58605633072675,0,0.7012216867997539,5.578434982602371e-08,0
pred_001198,2025-09-19T11:01:00,v1,1070.612096801263,10,0.197197212891656,771,3,5.946600224503685,0,0.8167107047265743,2.4253692919453954e-08,0
pred_001199,2025-09-19T11:37:00,v1,951.0911982646962,17,0.2003165796030259,937,3,0.7347697619976191,0,0.7656238654643868,4.465918568423043e-09,0
pred_001200,2025-09-19T11:42:00,v1,461.5991902354479,11,0.2210906444165092,112,1,1.187137205351644,1,0.928105971351118,0.00037564284263243315,0
pred_001201,2025-09-19T12:04:00,v1,1689.7678940375006,10,0.0627810295021635,974,0,3.7528809941568873,1,0.7891612291859341,1.2026657884234423e-12,0
pred_001202,2025-09-19T12:07:00,v1,1294.0762069514171,13,0.1442318026781429,709,2,11.077249803393702,0,0.888794749988447,1.1661741410442886e-09,0
pred_001203,2025-09-19T12:21:00,v1,1045.4999391726835,21,0.0594080408926697,470,4,23.314057292245273,0,0.7978340820827973,5.200737734960663e-07,0
pred_001204,2025-09-19T12:44:00,v1,731.3575252799719,21,0.4944250038324525,327,2,7.681562698970295,1,0.818391561314264,1.2975408777174247e-05,0
pred_001205,2025-09-19T13:19:00,v1,1043.6120068207997,20,0.0328368132877193,790,3,25.783740838903466,0,0.4545044528711768,2.5866571167391523e-08,0
pred_001206,2025-09-19T13:27:00,v1,977.097472289366,16,0.3627813198080052,376,4,3.1844678818084855,0,0.9569051220508684,3.186939158031675e-06,0
pred_001207,2025-09-19T14:03:00,v1,1026.548000532746,7,0.3048059769403015,76,4,26.863432598703422,0,0.8649111135356979,0.00040798959048881045,0
pred_001208,2025-09-19T14:29:00,v1,575.348768026703,8,0.2954543829791111,819,3,0.1366418084406533,0,0.936941115352273,7.901987930946199e-07,0
pred_001209,2025-09-19T14:52:00,v1,786.6627602238691,16,0.0772693479283787,757,0,17.13876076750025,0,0.6282749160645414,7.23772763957536e-09,0
pred_001210,2025-09-19T15:57:00,v1,1395.246335720556,17,0.0875537624040905,681,1,9.519154573635976,0,0.9010866599256137,9.285469788732144e-11,0
pred_001211,2025-09-19T16:25:00,v1,1181.0434724670347,16,0.1411903987105838,483,2,5.56997932114298,0,0.8143387625251023,2.0206341301809534e-08,0
pred_001212,2025-09-19T16:31:00,v1,927.8935499928886,9,0.1043817440402037,182,2,27.48693923385979,0,0.873664501727028,1.3387768259028994e-05,0
pred_001213,2025-09-19T16:53:00,v1,1092.5228524932254,7,0.1963365832621403,350,0,6.195443458136555,0,0.6903966119584062,1.0412203236938991e-07,0
pred_001214,2025-09-19T17:16:00,v1,414.73618340525354,8,0.1900426803051874,441,2,39.456444086094784,1,0.7352453329690946,0.000599474083448952,0
pred_001215,2025-09-19T17:40:00,v1,494.4291715569272,8,0.0603079578964857,588,4,7.1441996781849895,0,0.7386559695887623,7.023930444896371e-05,0
pred_001216,2025-09-19T18:00:00,v1,961.545137131962,10,0.1101391418950442,629,2,25.46283565077229,0,0.925208068033906,7.660628185926306e-08,0
pred_001217,2025-09-19T18:35:00,v1,1134.0493523188868,10,0.1390153937549432,724,3,4.226929524643143,0,0.9075808505052668,1.3726977135056772e-08,0
pred_001218,2025-09-19T19:00:00,v1,1506.8149783347887,22,0.0416128344218858,102,8,17.195840900781633,0,0.8053517518556779,3.543724736907406e-05,0
pred_001219,2025-09-19T19:12:00,v1,495.87571827552995,17,0.0758408202178702,239,5,3.375284972766607,0,0.9294694530764837,0.0009530410187978095,0
pred_001220,2025-09-19T19:31:00,v1,1354.6286084521562,16,0.3618678125026687,660,3,0.9083764546079104,0,0.7589439443436488,4.898970459253401e-09,0
pred_001221,2025-09-19T20:30:00,v1,1206.700154844661,15,0.0980857685524906,648,2,21.541719707799523,0,0.8217415947070706,5.142902764462412e-09,0
pred_001222,2025-09-19T21:25:00,v1,1078.4592871005918,14,0.1128904543629517,987,1,4.76160572504171,0,0.7883895540576871,1.1929075051448e-10,0
pred_001223,2025-09-19T21:34:00,v1,1522.1363743499028,8,0.048194260552598,569,1,10.790092070655236,0,0.8743407125017219,3.9262112457080016e-10,0
pred_001224,2025-09-19T21:42:00,v1,873.1954916571141,12,0.1100149713150639,730,2,0.0673194870376133,0,0.7344360828904295,3.810803011201403e-08,0
pred_001225,2025-09-19T21:43:00,v1,304.92011368914325,22,0.774305181948657,60,5,222.16605877973024,0,0.7938939530806605,0.9913709652401164,1
pred_001226,2025-09-19T21:56:00,v1,838.812899029154,15,0.0349186800935957,66,0,11.90831309567611,0,0.838339235112408,2.1047651070072903e-06,0
pred_001227,2025-09-19T22:10:00,v1,772.0678923162016,16,0.0597901301260631,749,4,8.349190634016201,0,0.8581289175562219,3.036082879128e-07,0
pred_001228,2025-09-19T23:45:00,v1,722.820082144953,15,0.1866556921948192,613,3,9.8219685426881,0,0.9863484342058516,5.880780994607598e-07,0
pred_001229,2025-09-19T23:55:00,v1,348.01593339518917,3,0.7423256274129282,93,11,139.6836866563772,1,0.154884190763182,0.9999994868700564,1
pred_001230,2025-09-20T00:02:00,v1,1213.63931734995,19,0.1797694428969972,127,2,7.473053550243129,0,0.8635746460916425,3.5687505373575956e-07,0
pred_001231,2025-09-20T00:05:00,v1,552.780993287283,17,0.2263643738831621,990,6,24.96264018675295,0,0.8805219974198119,3.3745272237374114e-06,0
pred_001232,2025-09-20T00:07:00,v1,811.2452314807459,12,0.4732299862407282,619,1,7.6805204436161985,0,0.4278071073250725,5.749351089440635e-07,0
pred_001233,2025-09-20T00:14:00,v1,663.3102701622302,19,0.1882598331477412,115,2,18.54995875201489,1,0.7638565283449074,0.0002005934777403171,0
pred_001234,2025-09-20T00:14:00,v1,1001.9218279056092,22,0.3168657298539883,75,1,11.356540361045154,0,0.938421910116567,8.323131182592948e-07,0
pred_001235,2025-09-20T00:49:00,v1,844.0318563090383,19,0.0771532543795489,217,1,14.796667605549368,0,0.8897803820638941,8.006429946211452e-07,0
pred_001236,2025-09-20T01:30:00,v1,359.4071589008367,4,0.3978008693859196,100,13,351.5442399444109,0,0.0367647385855418,0.9999999995998037,1
pred_001237,2025-09-20T01:42:00,v1,1446.8743798206656,18,0.0890388458624055,717,0,14.079699594344534,0,0.926754508017558,1.2013542596441843e-11,0
pred_001238,2025-09-20T01:58:00,v1,827.5920334912191,8,0.1657469823629943,252,0,7.60806377571359,0,0.8047888706164019,1.3467595417860144e-06,0
pred_001239,2025-09-20T02:16:00,v1,1691.9184354924182,7,0.1411199142362361,253,2,6.512430051339774,0,0.281366507984721,8.211025146126472e-08,0
pred_001240,2025-09-20T02:28:00,v1,617.6994006741733,17,0.2228887174253244,398,0,5.434460274216454,1,0.6321217503077192,2.514296135976672e-06,0
pred_001241,2025-09-20T02:30:00,v1,1830.9316211134535,16,0.1865731999542817,306,2,16.407406174608298,0,0.4403134461946214,3.6123087245765815e-09,0
pred_001242,2025-09-20T02:49:00,v1,851.3542915585938,18,0.0725144447392853,970,4,13.475090985307006,0,0.7308375925559519,2.4400731661909306e-08,0
pred_001243,2025-09-20T03:04:00,v1,1089.1659387184843,7,0.3390767174312405,564,3,20.31147675185625,1,0.6540879344697981,2.8500454596183096e-06,0
pred_001244,2025-09-20T03:43:00,v1,209.47192256602668,12,0.4450105927107224,903,0,9.115245813372946,0,0.9007213448961716,2.4631424760154357e-07,0
pred_001245,2025-09-20T03:52:00,v1,1878.7177727418327,17,0.2052821366903048,67,3,0.257725035472105,0,0.6258515107066601,2.484319281322587e-08,0
pred_001246,2025-09-20T04:45:00,v1,556.9997198245885,19,0.1737580443620943,208,3,6.312731086435088,0,0.8478038951769556,0.0001075943441013133,0
pred_001247,2025-09-20T04:52:00,v1,615.5544381643945,10,0.1617773297456128,876,2,9.374132498988004,0,0.8842891184161569,8.51046472126187e-08,0
pred_001248,2025-09-20T05:06:00,v1,1252.6519465958395,17,0.4206601813283953,559,2,41.4754203915209,0,0.6735068009293924,4.65678233676551e-08,0
pred_001249,2025-09-20T05:08:00,v1,1647.642547296161,21,0.3433922256690042,586,4,3.166333595441832,0,0.8449024231043737,1.1096442741001222e-09,0
pred_001250,2025-09-20T05:47:00,v1,701.3061327578542,9,0.1106485899478355,383,2,5.084449224224269,0,0.6460667490676032,1.275544526737259e-05,0
pred_001251,2025-09-20T05:52:00,v1,1763.8103204660845,15,0.1145916817861545,469,1,7.845386509168714,0,0.8996824304664709,5.348971954225763e-11,0
pred_001252,2025-09-20T06:24:00,v1,775.9836218663338,10,0.2560369309161268,56,2,22.81954723080123,0,0.8327453276249641,0.0002097003553689033,0
pred_001253,2025-09-20T07:05:00,v1,1578.8601934709675,20,0.2419996805307711,472,0,39.433068774078166,0,0.9103718000656432,1.2490566087077555e-10,0
pred_001254,2025-09-20T07:15:00,v1,1268.0127419383998,14,0.2399773877285266,146,1,11.622643481812828,0,0.913719353534475,1.3494038811863943e-07,0
pred_001255,2025-09-20T07:40:00,v1,698.1689563440764,8,0.2063044297060593,96,0,7.75486206254541,0,0.924693491475896,1.3547373393408184e-05,0
pred_001256,2025-09-20T07:42:00,v1,1096.383021597056,8,0.3497136930905886,71,3,4.284240461259317,0,0.7946115515552389,4.661736130435769e-05,0
pred_001257,2025-09-20T08:05:00,v1,1097.199344034865,21,0.3764716514887211,436,2,8.98997989276809,1,0.8727082277110342,1.3906840318586742e-07,0
pred_001258,2025-09-20T08:24:00,v1,918.710592604784,11,0.2936539298837517,448,2,23.67009510898203,0,0.5994867300447305,2.8204946483048937e-06,0
pred_001259,2025-09-20T08:31:00,v1,663.2872563370079,21,0.2755454874769614,823,3,27.57307072217864,0,0.9275838647243724,1.286490577860307e-07,0
pred_001260,2025-09-20T09:01:00,v1,350.17737360594913,2,0.5090386313727748,126,6,154.89382743869524,0,0.3248611566530154,0.9987719644164729,1
pred_001261,2025-09-20T09:04:00,v1,834.9181868600958,13,0.0909458277737639,315,3,0.8857575633920216,0,0.7951026317297404,7.508912009727596e-06,0
pred_001262,2025-09-20T09:45:00,v1,1666.3291843222485,21,0.1464487670633238,699,4,6.113650651121209,0,0.739466503528674,2.947160083930741e-10,0
pred_001263,2025-09-20T10:02:00,v1,1290.6010333378915,15,0.0576790850279645,634,2,10.921650360713526,0,0.4247816492136129,8.011605369821542e-09,0
pred_001264,2025-09-20T10:12:00,v1,419.8357327201209,20,0.1799081065284407,464,4,23.357875068741187,0,0.6900212830057649,0.0002096892998148753,0
pred_001265,2025-09-20T10:51:00,v1,568.3684909688312,21,0.1085766066125685,890,2,14.969995778195129,0,0.7733895722007007,3.377665349218068e-08,0
pred_001266,2025-09-20T10:53:00,v1,367.61295495735374,12,0.0223068748898221,715,2,0.3969156482426681,0,0.770011949131713,1.943999208581135e-06,0
pred_001267,2025-09-20T11:00:00,v1,590.6464776192873,15,0.124114130868414,588,1,11.08648179269325,0,0.8474056120086818,3.126642074299611e-07,0
pred_001268,2025-09-20T11:25:00,v1,662.9914707575374,17,0.1243934390856712,527,0,2.825460356905122,0,0.611868409788106,1.3382489807453762e-07,0
pred_001269,2025-09-20T11:44:00,v1,716.4226168525161,20,0.112104829721141,287,1,18.460270209981143,0,0.7318093102837261,2.081863096427328e-06,0
pred_001270,2025-09-20T12:40:00,v1,580.202211335323,9,0.308461052546983,221,2,16.896844685895022,0,0.8223536453840051,0.00022331306528519679,0
pred_001271,2025-09-20T12:42:00,v1,653.4518460652013,9,0.2255241125946949,822,1,3.230295985326189,0,0.6984416943415822,7.31310032114224e-08,0
pred_001272,2025-09-20T13:00:00,v1,765.2937918723956,15,0.0507724880244968,457,3,11.599393324219433,0,0.6663225674088441,4.712730553893843e-06,0
pred_001273,2025-09-20T13:08:00,v1,2087.3231308679915,18,0.1052945138616467,82,3,5.914235938142254,1,0.7258857200039077,5.938591664202336e-09,0
pred_001274,2025-09-20T13:42:00,v1,1025.430106620805,10,0.1253218565642845,625,1,7.200564060863931,0,0.980435262473834,7.120071628014111e-09,0
pred_001275,2025-09-20T13:54:00,v1,569.873898634429,20,0.0855990652944772,328,2,3.910748020084752,0,0.6329795218873455,1.2385442225916079e-05,0
pred_001276,2025-09-20T13:58:00,v1,442.7395118034631,9,0.1851287643278728,478,3,0.4635028585667903,0,0.7778431650101535,8.467324890857625e-05,0
pred_001277,2025-09-20T14:03:00,v1,944.4275057382876,20,0.3536929291521405,496,2,47.45471813932566,0,0.5286708648132815,1.19396493039996e-06,0
pred_001278,2025-09-20T14:30:00,v1,379.0131387337059,15,0.4516435708813704,647,3,88.14715843874158,0,0.7862297237324701,0.00031508735801272794,0
pred_001279,2025-09-20T14:38:00,v1,732.3018566927661,16,0.3378442033240944,722,3,0.5008841647879577,0,0.858838171883627,2.71785107308119e-07,0
pred_001280,2025-09-20T15:36:00,v1,1622.7847008903134,9,0.3047206532635907,542,1,9.0105744860496,0,0.9867703415630776,2.387535991837965e-10,0
pred_001281,2025-09-20T15:37:00,v1,1833.708139245043,9,0.076458298106775,229,4,4.943816477674841,0,0.8829703899780996,2.398514741077563e-08,0
pred_001282,2025-09-20T16:24:00,v1,1154.95610783304,15,0.12575481648057,802,3,44.676122950985246,0,0.631535780178429,2.3189733897327172e-08,0
pred_001283,2025-09-20T17:00:00,v1,1271.7450680178808,8,0.3151736615246929,260,1,0.4462953927303767,0,0.8834999059245684,9.46380904512516e-08,0
pred_001284,2025-09-20T17:12:00,v1,1685.6968421197084,14,0.2205320168589355,767,0,13.11563722426845,0,0.6863878215208884,5.939035186165201e-12,0
pred_001285,2025-09-20T17:27:00,v1,296.96460663407663,23,0.6896306680050859,167,10,118.21999947500947,0,0.857475199039693,0.9968413994586504,1
pred_001286,2025-09-20T17:58:00,v1,2099.464306986951,16,0.3674159917367527,797,4,29.01832758192841,0,0.9844780080784066,9.91273929706972e-12,0
pred_001287,2025-09-20T18:07:00,v1,1112.898747951122,8,0.2633316249926494,975,0,27.563469351927512,0,0.6777515150041602,3.3505167568576257e-10,0
pred_001288,2025-09-20T18:13:00,v1,867.6131638629176,10,0.0891400097901596,912,2,20.876304891747807,0,0.9565290026087104,6.961322427947097e-09,0
pred_001289,2025-09-20T18:33:00,v1,760.5974771736451,18,0.3947700847878232,34,2,0.1685265683992774,0,0.7641720012130153,8.32882608771061e-05,0
pred_001290,2025-09-20T19:07:00,v1,1411.845902963411,12,0.3749224777040519,767,0,8.310942215130472,0,0.7634272097762173,7.177417350187469e-11,0
pred_001291,2025-09-20T19:34:00,v1,492.93430848758527,10,0.3001095533483008,531,3,10.474349993358675,0,0.9028121650851646,3.333199636682952e-05,0
pred_001292,2025-09-20T19:56:00,v1,900.5694181941326,7,0.2045111338459265,621,1,21.545222573407244,0,0.7971237683564956,1.1683937131811319e-07,0
pred_001293,2025-09-20T21:06:00,v1,2055.245866616312,16,0.3749171307341361,187,3,4.548477701362107,0,0.936558017379391,1.1772592908681154e-09,0
pred_001294,2025-09-20T21:52:00,v1,1369.0470146695675,9,0.1393599460624848,619,3,21.18665247302196,0,0.8028122811482512,1.6638434402547577e-08,0
pred_001295,2025-09-20T21:52:00,v1,475.9807642080337,22,0.3137379842805746,753,0,41.06825105579633,0,0.7485156501895258,9.892371562839138e-08,0
pred_001296,2025-09-20T22:00:00,v1,1765.3278748764756,21,0.1669454385124294,515,1,1.4607460651468662,0,0.8079498766241932,1.8023883222302362e-11,0
pred_001297,2025-09-20T22:21:00,v1,1290.0966848447135,9,0.285746714075473,55,1,9.779089203459614,1,0.6811866147180575,3.883755851736526e-06,0
pred_001298,2025-09-20T22:34:00,v1,922.186142878529,19,0.1214454468020381,837,2,10.416184907975875,0,0.7964328315059122,3.5638762981026693e-09,0
pred_001299,2025-09-20T22:34:00,v1,1132.177717586693,17,0.2811362691241946,976,2,10.215687652438696,0,0.7306348639812564,3.9989717183613266e-10,0
pred_001300,2025-09-20T23:56:00,v1,1496.3865015372178,7,0.4406683715805353,275,1,4.136981044559431,0,0.6925780635637817,4.606526109211633e-08,0
pred_001301,2025-09-20T23:59:00,v1,1483.8645868086498,15,0.0950021527183174,129,0,9.704406750607893,1,0.6963264376265021,2.859280085133223e-08,0
pred_001302,2025-09-21T00:27:00,v1,550.2581143747942,15,0.1734437577181333,808,1,69.93291279050283,0,0.9354187470466868,2.433158064461392e-07,0
pred_001303,2025-09-21T00:43:00,v1,3334.0804908020373,21,0.3240129309478435,598,1,3.641120578158475,0,0.7154139003976315,4.848544763078707e-17,0
pred_001304,2025-09-21T00:51:00,v1,1516.4693867536448,13,0.1949619516021173,217,4,17.632832860819715,0,0.6607246047207673,8.909779546874192e-07,0
pred_001305,2025-09-21T02:10:00,v1,1047.2660360826435,7,0.2373279130357058,439,0,5.83369438601298,0,0.6293038157138624,8.374820103470836e-08,0
pred_001306,2025-09-21T02:15:00,v1,4281.697113429283,9,0.2717311520061667,501,2,0.4461544625888851,0,0.7567098956050605,7.210996265526684e-19,0
pred_001307,2025-09-21T02:21:00,v1,1939.2870399165831,12,0.2493836023833666,382,2,20.0584633001946,0,0.7734956149103467,4.962676355901624e-10,0
pred_001308,2025-09-21T02:34:00,v1,798.0756319636492,15,0.4028853511558767,60,4,10.624484563001186,0,0.6566700889465019,0.0015685258483961364,0
pred_001309,2025-09-21T02:47:00,v1,696.6350158869044,11,0.1678875735813129,186,0,3.291820042528307,0,0.8591118663268001,3.5655267184930512e-06,0
pred_001310,2025-09-21T02:50:00,v1,868.6308377949762,10,0.3804813776823199,862,1,20.62910603139459,1,0.6894003190973262,5.242821535726851e-08,0
pred_001311,2025-09-21T05:14:00,v1,471.79922348549616,17,0.0986046117507061,487,2,17.664606523271008,0,0.5811109072103336,1.6352332603453563e-05,0
pred_001312,2025-09-21T05:18:00,v1,1239.6787818916844,10,0.1138199440919135,994,3,10.970262098064136,0,0.6360704668173258,1.1612989700364064e-09,0
pred_001313,2025-09-21T05:43:00,v1,383.8905812694088,11,0.1785070393567355,917,3,7.8490624707031555,0,0.8766538086756567,1.0581290244664074e-06,0
pred_001314,2025-09-21T05:49:00,v1,2174.631570303892,18,0.2120034110390682,510,1,19.12274148593484,0,0.6228312792716959,3.928848807392295e-12,0
pred_001315,2025-09-21T05:49:00,v1,517.0987242762334,17,0.1058625394339194,866,5,29.237136864673612,1,0.7723379213344126,1.652308957305124e-05,0
pred_001316,2025-09-21T06:20:00,v1,642.4592465968121,12,0.1793682002248116,912,0,17.479402629079082,0,0.4857479848742839,1.91673853132887e-08,0
pred_001317,2025-09-21T06:26:00,v1,307.50991732805875,2,0.6454136353711655,163,6,76.19698053847956,0,0.4442018797155618,0.9844815502609195,1
pred_001318,2025-09-21T06:36:00,v1,497.2244349438298,8,0.539833103032115,451,3,10.932263118605617,0,0.9027673445764388,0.00018036766472611344,0
pred_001319,2025-09-21T07:24:00,v1,1285.1450256236174,14,0.4713360070935283,768,3,14.14805558526583,1,0.7809092421052893,1.9517032797671112e-08,0
pred_001320,2025-09-21T07:41:00,v1,663.8016987530228,15,0.1104022467987464,653,1,2.961695082357032,0,0.8691049151009338,6.204448406482563e-08,0
pred_001321,2025-09-21T08:07:00,v1,1032.4259945028373,14,0.2073747167386613,390,1,3.4597575392722137,0,0.7233634478888916,1.1064924786088335e-07,0
pred_001322,2025-09-21T08:11:00,v1,335.7351235760705,22,0.4486593467729116,895,1,8.293816880079225,0,0.7942913113991689,1.0300158519320176e-07,0
pred_001323,2025-09-21T08:16:00,v1,646.3272198919392,21,0.373846941224732,595,2,2.5839949470982013,0,0.7478389787087475,5.145592111512517e-07,0
pred_001324,2025-09-21T08:16:00,v1,873.8636491100463,11,0.2808274409701237,342,1,8.818429917116953,0,0.9279211633561728,6.94134961830822e-07,0
pred_001325,2025-09-21T09:04:00,v1,2455.4901483162485,11,0.1805510919796722,536,3,2.0004527491492157,0,0.8748320259343254,1.937254936317699e-12,0
pred_001326,2025-09-21T09:53:00,v1,1140.7789440516324,22,0.0825938822242475,856,1,4.942550927049016,0,0.8473388034314855,6.331160911895508e-11,0
pred_001327,2025-09-21T10:21:00,v1,809.0338244764912,19,0.124858989469009,316,0,10.287297487726711,0,0.7606645866909333,1.8969861104389643e-07,0
pred_001328,2025-09-21T10:42:00,v1,1071.8385396805322,17,0.1167899954794376,645,2,6.297087245340923,0,0.9273200138538444,5.324018937727156e-09,0
pred_001329,2025-09-21T11:25:00,v1,936.3845011499604,9,0.1180133925193401,186,5,4.646199156602719,0,0.6624312439359387,0.00043318115510775117,0
pred_001330,2025-09-21T11:28:00,v1,712.5533886972293,13,0.1142688064466685,644,4,11.272205251726554,0,0.8460153758991749,2.8938908804277304e-06,0
pred_001331,2025-09-21T13:05:00,v1,571.96568482264,4,0.6419082171081198,43,4,183.19086068609553,1,0.3918725745029095,0.993834994222078,1
pred_001332,2025-09-21T13:11:00,v1,575.1206098090083,22,0.1302181130555251,750,1,0.9312482369655818,0,0.922469038006764,1.4136700131805369e-08,0
pred_001333,2025-09-21T13:16:00,v1,574.6529920106716,17,0.239413150954684,86,3,55.5364663027405,0,0.7306322785523073,0.0035320449799652524,0
pred_001334,2025-09-21T13:37:00,v1,662.2296282857614,11,0.0922855120723655,821,3,3.0827975848321083,0,0.9060466859691964,1.797402619168612e-07,0
pred_001335,2025-09-21T14:07:00,v1,520.8913769400907,13,0.3038483082415626,696,3,2.512508178950717,0,0.8528416092850374,3.0563118155694895e-06,0
pred_001336,2025-09-21T14:21:00,v1,542.9725662995271,22,0.0458653103692128,150,1,1.9139919465624688,0,0.8267268430572207,9.170521441780258e-06,0
pred_001337,2025-09-21T14:30:00,v1,1254.0781285701148,11,0.1710919949832392,98,1,20.628350033147928,0,0.8447895091333896,5.395144332571069e-07,0
pred_001338,2025-09-21T14:39:00,v1,1604.6883641435663,10,0.5359970882527039,557,3,3.268930072015241,0,0.3439951392813161,3.1952361296290616e-08,0
pred_001339,2025-09-21T15:55:00,v1,322.02792940259013,10,0.222414325508626,719,2,4.896756184304819,0,0.7589991834170983,7.214860846042898e-06,0
pred_001340,2025-09-21T16:49:00,v1,384.950119154222,22,0.2129706362881226,664,3,16.0728670097397,0,0.9596666753757618,2.844705950297296e-06,0
pred_001341,2025-09-21T17:01:00,v1,1156.119179369507,17,0.361531253110711,561,2,41.36348192214591,1,0.8796601003186824,1.120874577555373e-07,0
pred_001342,2025-09-21T17:02:00,v1,2479.419155980137,16,0.0133086517359904,383,1,3.34866045524324,0,0.7571851583490324,3.607391653599502e-13,0
pred_001343,2025-09-21T18:12:00,v1,505.2510595240072,18,0.2728759982691812,450,1,6.443264104867956,0,0.8062670714307224,2.3885594738435857e-06,0
pred_001344,2025-09-21T18:14:00,v1,1775.3094742730116,9,0.1027753006840182,430,0,48.4523440006208,0,0.6679326442575402,4.2190029380040234e-10,0
pred_001345,2025-09-21T18:19:00,v1,850.0963617204276,17,0.3853803536085858,137,6,14.319785106844629,1,0.7888164569697717,0.006627790620004072,0
pred_001346,2025-09-21T18:43:00,v1,529.3397342253406,7,0.1695626706189688,643,2,46.22049347799091,0,0.8563320331051884,9.897415942277425e-06,0
pred_001347,2025-09-21T18:58:00,v1,411.5226703295219,22,0.1374833718373837,280,3,3.9482307684223743,0,0.9052059092050652,7.590897208713586e-05,0
pred_001348,2025-09-21T19:45:00,v1,958.7417532469004,9,0.1181937486153996,953,4,0.4442683080223463,0,0.9488422581156468,1.539248001825086e-08,0
pred_001349,2025-09-21T20:06:00,v1,791.9487583139608,19,0.1451982079866452,98,0,14.577685972704304,0,0.845714246300409,1.7473329189419057e-06,0
pred_001350,2025-09-21T20:07:00,v1,708.1679081744435,16,0.2394981896495804,872,1,1.9201844013709497,0,0.8232310127384149,6.493922515139278e-09,0
pred_001351,2025-09-21T20:09:00,v1,223.77083997101195,20,0.0373387267192431,978,1,17.093540322154073,0,0.712006464052956,9.19408570787813e-08,0
pred_001352,2025-09-21T20:12:00,v1,2127.9796759221795,10,0.25285202879602,816,1,27.016688633651913,0,0.9538287712107684,3.6499976587491586e-13,0
pred_001353,2025-09-21T21:04:00,v1,1315.1653100044823,20,0.38639720064286,490,4,1.8946275164888189,0,0.8655551878222837,5.063798626123746e-08,0
pred_001354,2025-09-21T21:06:00,v1,1104.8372349799745,14,0.2916197066298134,946,1,7.837452730819171,0,0.8115000028033662,2.324134058216201e-10,0
pred_001355,2025-09-21T21:41:00,v1,2801.0649618538087,18,0.3829582049667337,39,1,11.96590188730472,0,0.6395040787231787,3.218195283956834e-12,0
pred_001356,2025-09-21T21:57:00,v1,381.913494067848,13,0.1600480083796438,486,2,21.812201244848932,1,0.7523759885196278,0.00012097263814948133,0
pred_001357,2025-09-21T22:04:00,v1,1296.6005550781254,7,0.3936971649378209,89,2,15.034666820654506,0,0.6022563262439612,8.488985053003128e-06,0
pred_001358,2025-09-21T22:31:00,v1,571.94680462106,20,0.596625743541992,362,6,3.7619593401688367,1,0.8333287843180921,0.004498421301052219,0
pred_001359,2025-09-21T23:15:00,v1,1211.7338986327234,8,0.0990875063062548,328,1,43.012843121015344,0,0.8999236341814888,1.5870506076730726e-07,0
pred_001360,2025-09-21T23:38:00,v1,903.9134826843148,22,0.071027628223753,387,4,3.0213184419586203,0,0.861813110795657,1.4367335575247854e-06,0
pred_001361,2025-09-21T23:55:00,v1,813.8360573590693,7,0.1814279497325579,241,1,8.471834053415874,1,0.8493201782909914,1.5576546290335598e-05,0
pred_001362,2025-09-22T00:04:00,v1,1471.2718033211263,13,0.2422102387055633,819,1,24.281226017806873,0,0.8610052854411508,6.018111224421724e-11,0
pred_001363,2025-09-22T00:41:00,v1,1700.0083477052665,12,0.1892693183616288,660,3,17.982992214800916,0,0.7640355990774603,5.652085473324658e-10,0
pred_001364,2025-09-22T00:48:00,v1,417.4925287758875,9,0.1133223064039989,420,2,4.969502392481565,0,0.684796731264881,7.75300303935849e-05,0
pred_001365,2025-09-22T00:52:00,v1,1087.1467109742648,10,0.3013466992680321,148,1,46.23095113352347,0,0.9515238225338588,3.0978143903941013e-06,0
pred_001366,2025-09-22T00:56:00,v1,615.7617535813583,21,0.0475008350866372,933,1,16.616779200256502,0,0.958136337819935,2.1507025693757956e-09,0
pred_001367,2025-09-22T01:03:00,v1,538.114271531103,17,0.1932509650392731,681,4,0.080155416129328,0,0.8810303542482686,3.513191503575285e-06,0
pred_001368,2025-09-22T01:11:00,v1,502.6599019730679,15,0.0906640273883433,443,1,12.64656138656967,0,0.8235262091402245,2.905191543149597e-06,0
pred_001369,2025-09-22T01:18:00,v1,1168.505065898965,21,0.3777228383921506,486,0,64.80969858428799,0,0.7908367280815962,1.2671896498736527e-08,0
pred_001370,2025-09-22T02:02:00,v1,729.5740043966923,19,0.2067041522745452,393,1,15.020824076985177,0,0.9163152174643172,4.3890956676761706e-07,0
pred_001371,2025-09-22T02:03:00,v1,1125.5239950342511,18,0.393338889842496,880,1,3.618354617998438,0,0.8990639353643077,1.7736989983515627e-10,0
pred_001372,2025-09-22T02:20:00,v1,2562.457466292185,14,0.3881080058625766,167,0,20.844541043651457,0,0.7704771508962001,2.8764493292311423e-12,0
pred_001373,2025-09-22T02:33:00,v1,513.2116098003378,20,0.3623574617551268,661,1,18.58340833618313,0,0.9030325947191066,2.5782195036771e-07,0
pred_001374,2025-09-22T02:55:00,v1,486.4965884870448,17,0.0216730298310475,855,1,23.95163025497912,0,0.746217499730062,6.088124137045022e-08,0
pred_001375,2025-09-22T03:39:00,v1,1255.8078859967716,21,0.0648981528926233,125,2,2.8305847866555585,0,0.7569843794272325,1.8248318344190843e-07,0
pred_001376,2025-09-22T03:48:00,v1,1149.9328543043275,20,0.0557390346744084,530,4,23.64088183227781,0,0.9395024254620064,8.454954247530571e-08,0
pred_001377,2025-09-22T04:40:00,v1,905.1378667768224,15,0.1181292410068385,681,1,3.1556667050629024,0,0.8496159734895371,7.1959908351067785e-09,0
pred_001378,2025-09-22T04:52:00,v1,1291.4833050740424,20,0.4617610833810606,627,3,2.6503065093078937,0,0.8170641509713472,7.063325814211766e-09,0
pred_001379,2025-09-22T04:56:00,v1,1083.8811436488372,9,0.1256099806215498,185,1,7.815697845440329,1,0.7015782216650018,3.2673624914754267e-06,0
pred_001380,2025-09-22T05:07:00,v1,1192.92400006434,8,0.1693086335065758,51,2,1.025406280135946,0,0.9553719298319192,2.592319530209051e-06,0
pred_001381,2025-09-22T05:44:00,v1,938.8821521533048,20,0.1529334122645665,730,3,5.114032623206668,0,0.9149752521626192,1.532662088704859e-08,0
pred_001382,2025-09-22T06:00:00,v1,564.8994915036862,15,0.054337478875693,76,2,6.6118536201190325,0,0.8840440496116257,0.00013911472958812412,0
pred_001383,2025-09-22T06:29:00,v1,819.161084417736,15,0.0858731991178485,597,1,2.9261875913803808,0,0.971049697267772,2.0059198448249883e-08,0
pred_001384,2025-09-22T06:56:00,v1,595.61407501642,17,0.3094362338701985,415,2,38.86567258159978,0,0.953422416864784,1.0771932996406322e-05,0
pred_001385,2025-09-22T07:04:00,v1,494.1053286562707,7,0.3185692962213013,50,1,37.76405465279575,0,0.4862512311302256,0.006818873342170865,0
pred_001386,2025-09-22T07:10:00,v1,1022.9948994983234,10,0.1719790398086102,504,3,11.913335762294414,1,0.8948670029087356,1.2311620920721732e-06,0
pred_001387,2025-09-22T07:15:00,v1,1007.5279920340054,7,0.2807368114292882,713,2,56.29525096631816,0,0.7357381940190046,2.767907097534363e-07,0
pred_001388,2025-09-22T07:41:00,v1,996.907349784802,16,0.3296910590090514,433,3,10.99237569237082,0,0.8211793560049971,9.020463791365942e-07,0
pred_001389,2025-09-22T07:53:00,v1,1132.56254181768,12,0.1130038751551097,544,1,11.372774391093946,0,0.7850052712738464,1.1163395351220515e-08,0
pred_001390,2025-09-22T07:59:00,v1,582.7838075661844,10,0.1406088199669657,111,3,35.01201996504818,0,0.8713491743434841,0.0017720216421862145,0
pred_001391,2025-09-22T09:54:00,v1,674.6257520914667,8,0.2068656945090813,650,1,17.62935279538197,0,0.5569452324354617,9.99155586661302e-07,0
pred_001392,2025-09-22T10:11:00,v1,550.4126955386646,13,0.0562320542088485,921,3,3.425266314658585,0,0.8173014463401818,1.5423386900095988e-07,0
pred_001393,2025-09-22T10:38:00,v1,617.5101517472506,19,0.1380189487719703,749,3,4.008468607417425,1,0.7153412315547011,1.0399068973864216e-06,0
pred_001394,2025-09-22T10:43:00,v1,346.380056557792,9,0.3027500099109693,169,3,9.998155329415733,0,0.815443661795661,0.006617940445376337,0
pred_001395,2025-09-22T10:51:00,v1,712.5705809874173,7,0.1033270463275474,894,5,2.084355694595079,0,0.972340347221875,8.33212969214782e-07,0
pred_001396,2025-09-22T11:34:00,v1,755.0545139680618,13,0.1408337617452369,818,4,2.6743048130669025,0,0.8482338966439631,2.872789097424771e-07,0
pred_001397,2025-09-22T12:05:00,v1,1938.3664257892729,21,0.3554089793163097,692,1,0.5355714985786983,0,0.6487664033423423,2.0446905081801423e-12,0
pred_001398,2025-09-22T13:17:00,v1,1470.580399093085,7,0.2457039766232879,535,2,10.43970306772284,0,0.6978826015980796,9.64056800223552e-09,0
pred_001399,2025-09-22T13:27:00,v1,1178.381950153122,10,0.297752959202834,751,2,20.60839545958419,0,0.9388981667189038,5.0432794248621315e-09,0
pred_001400,2025-09-22T13:31:00,v1,562.5309703209492,10,0.4426488292112873,896,1,2.903209238805786,0,0.8456441805420101,6.3915571271373e-08,0
pred_001401,2025-09-22T14:45:00,v1,679.5375670795866,13,0.1995426385357006,921,2,19.41872213367659,1,0.5167864310505168,3.160491722680486e-07,0
pred_001402,2025-09-22T14:46:00,v1,773.2489542553861,11,0.1110564125833968,307,1,5.3675018610693925,0,0.8613824041583161,1.6593299161811617e-06,0
pred_001403,2025-09-22T15:02:00,v1,507.5979631036604,7,0.4395683404885042,716,2,21.00821719197088,0,0.9442437128801444,3.752996876236975e-06,0
pred_001404,2025-09-22T15:14:00,v1,631.2595287778837,13,0.397511961300706,40,3,3.0557751258296815,0,0.7186269459228266,0.001941035588426989,0
pred_001405,2025-09-22T15:40:00,v1,467.323994718097,13,0.4448627812507967,219,2,9.508495193254571,1,0.9420927511639448,0.0006378926486633504,0
pred_001406,2025-09-22T16:07:00,v1,281.93501544224694,21,0.1639984627795625,873,6,4.230856293855693,0,0.87175622778093,2.5791769536542037e-05,0
pred_001407,2025-09-22T18:18:00,v1,609.8300052062024,13,0.2429680229038599,310,2,0.3894070036496244,0,0.8870972769521513,1.6041011708844107e-05,0
pred_001408,2025-09-22T18:53:00,v1,1118.0866519363178,22,0.0879328681040675,127,5,15.01107148389314,0,0.6963933606524689,3.04620553131523e-05,0
pred_001409,2025-09-22T18:56:00,v1,1469.8740633768634,11,0.2362603852185164,518,4,5.642369389627207,0,0.9617258613202456,2.181128008573833e-08,0
pred_001410,2025-09-22T19:19:00,v1,746.1692112969753,15,0.2046110848068127,987,0,28.826626078874913,0,0.9385869586742992,7.500556603214842e-10,0
pred_001411,2025-09-22T20:02:00,v1,1677.4195184372716,11,0.1931493672089728,108,1,33.232233597095856,0,0.8879900779437873,2.0751825994157756e-08,0
pred_001412,2025-09-22T20:15:00,v1,914.49695474056,17,0.042476672538802,186,2,45.574513756811236,0,0.7327903509585555,1.10892470290615e-05,0
pred_001413,2025-09-22T20:17:00,v1,1505.1316028936933,9,0.0700269222354293,38,3,34.43812621074427,0,0.836667570556986,2.1647715078775385e-06,0
pred_001414,2025-09-22T20:26:00,v1,315.5595392196547,5,0.6085431154954428,143,8,164.61395714903142,0,0.1954786142149448,0.999940577701778,1
pred_001415,2025-09-22T20:48:00,v1,1587.842401748167,19,0.1930815288611066,313,2,42.14174831982094,0,0.868270622601426,7.728751960917913e-09,0
pred_001416,2025-09-22T20:53:00,v1,3494.82945145524,22,0.2190408036074897,464,0,34.99629690070682,0,0.736400626483293,2.5556134521833548e-17,0
pred_001417,2025-09-22T20:59:00,v1,1465.9612352362917,7,0.1667193486500372,785,1,5.138793021720926,0,0.7720803938562324,1.3272863487761427e-10,0
pred_001418,2025-09-22T21:37:00,v1,977.46340399531,9,0.0959648725719905,848,1,15.64577087810951,0,0.7560826706204755,3.4513600853815815e-09,0
pred_001419,2025-09-22T22:24:00,v1,945.561745457686,20,0.178681315252286,412,5,10.904575296067096,1,0.9208229803123542,1.270355159834177e-05,0
pred_001420,2025-09-22T22:51:00,v1,1250.8101351896453,19,0.4487926694337598,333,2,18.474661258134827,0,0.8503296432115589,9.654355537249378e-08,0
pred_001421,2025-09-22T23:00:00,v1,2071.01316008155,22,0.0361124150625495,700,2,12.9413473159799,1,0.4246589281600845,7.04820640668857e-12,0
pred_001422,2025-09-22T23:19:00,v1,339.6903481973164,12,0.2063235689737198,508,2,25.159535950807168,0,0.889152619821535,4.442499015837442e-05,0
pred_001423,2025-09-22T23:42:00,v1,1216.8826253180664,8,0.4252753172301796,930,2,1.4120594145899057,0,0.7414557204100224,1.2497892830434758e-09,0
pred_001424,2025-09-23T00:05:00,v1,636.8380427170313,21,0.2930923884795451,435,2,8.830044867786818,0,0.840278204098277,1.9850350993600906e-06,0
pred_001425,2025-09-23T00:12:00,v1,940.2970380125012,13,0.2513638013361163,546,1,23.315968589125248,0,0.8206311162529275,8.228835043711012e-08,0
pred_001426,2025-09-23T00:15:00,v1,1002.3970512384336,15,0.165600629255038,93,1,15.765457698542791,0,0.8776003640638187,1.8584725299077278e-06,0
pred_001427,2025-09-23T00:20:00,v1,1034.2006649981656,9,0.4565399588914463,836,2,19.674184147355387,0,0.7559489761194964,2.2431023630522086e-08,0
pred_001428,2025-09-23T00:47:00,v1,1161.561907337553,15,0.3680284470168333,225,1,27.054614200200508,0,0.7336847170021771,5.332162837844028e-07,0
pred_001429,2025-09-23T01:14:00,v1,1673.966418517204,10,0.1519701278577737,980,2,16.235553664224216,0,0.9705399872652244,4.735068624087118e-12,0
pred_001430,2025-09-23T01:55:00,v1,1980.472118120552,7,0.4488173368254138,550,3,2.6603676573779813,0,0.8411517367243324,3.2985105962723387e-10,0
pred_001431,2025-09-23T02:09:00,v1,989.6409220286428,10,0.078430279532911,594,3,24.298209493645395,0,0.8073319260816887,3.7851906790744417e-07,0
pred_001432,2025-09-23T02:10:00,v1,1332.654281735328,14,0.1241657024218218,958,2,3.8813230180422966,1,0.8051201957830327,1.665844462446054e-10,0
pred_001433,2025-09-23T02:13:00,v1,791.7672838812603,20,0.1782264744677476,657,2,6.473059738825333,0,0.9625571521258056,3.09691294770077e-08,0
pred_001434,2025-09-23T03:13:00,v1,777.9627942787815,17,0.2329684137592933,188,4,8.150012531398646,0,0.8179068875668112,0.0001282807243746472,0
pred_001435,2025-09-23T03:32:00,v1,795.2466440086331,15,0.2165228679100402,321,2,27.74319806447568,0,0.5550939371513759,1.6963941121452765e-05,0
pred_001436,2025-09-23T03:42:00,v1,827.7082278830311,10,0.1176970753091495,887,1,6.991863216257092,0,0.779777904268404,5.062414624837305e-09,0
pred_001437,2025-09-23T03:57:00,v1,1735.4664212787704,7,0.3106200864152738,259,5,15.059725967475693,0,0.9278999772100636,3.599652388238138e-07,0
pred_001438,2025-09-23T03:58:00,v1,901.012915754797,18,0.3746672433077193,715,0,3.5237082049925603,0,0.9101568000597564,1.6593763607375957e-09,0
pred_001439,2025-09-23T04:00:00,v1,3754.206520144538,9,0.0331370405354486,228,2,20.21626408348721,0,0.9599511680575576,4.0667916004440585e-16,0
pred_001440,2025-09-23T04:05:00,v1,1348.550413690801,20,0.1911393993851978,781,2,16.777384362164536,0,0.7557778951179865,2.8240122763557456e-10,0
pred_001441,2025-09-23T04:05:00,v1,718.3440297369965,16,0.0181602619883114,853,1,4.0327239297647575,0,0.8360857323272513,4.202434788526013e-09,0
pred_001442,2025-09-23T04:07:00,v1,1389.3304339461583,15,0.3538921395523566,397,4,9.718514128549693,0,0.755470232495466,2.5491051253771505e-07,0
pred_001443,2025-09-23T04:30:00,v1,1257.821517282136,9,0.1414958148095907,594,0,12.4264568337663,0,0.6278062176780785,2.2756144832109247e-09,0
pred_001444,2025-09-23T04:36:00,v1,2236.507139072189,15,0.0511717193522877,986,1,7.090403862160859,0,0.903675467346293,5.04112306328193e-15,0
pred_001445,2025-09-23T04:43:00,v1,1152.544809044068,20,0.1032317778923045,372,2,4.130680031985426,0,0.9529807284169388,2.3077226672192395e-08,0
pred_001446,2025-09-23T05:07:00,v1,723.0962512880191,15,0.2713573584165306,595,1,3.0597255918225077,0,0.83399772194385,1.1772174145436294e-07,0
pred_001447,2025-09-23T06:01:00,v1,1015.5307428819672,14,0.2663351751712297,392,2,3.7978324632925,0,0.8016225783826951,3.5561606169765245e-07,0
pred_001448,2025-09-23T06:06:00,v1,1017.1150824014752,12,0.1717459644859341,78,2,14.716154531446138,0,0.5333699620499684,3.2155258135108184e-05,0
pred_001449,2025-09-23T06:24:00,v1,761.5806401781914,21,0.338556433542396,392,3,2.488986435123385,0,0.6770808213253776,5.893372003009803e-06,0
pred_001450,2025-09-23T06:25:00,v1,636.330481933355,19,0.3008600457070676,127,1,13.61137157571387,0,0.99302788759612,1.2714389255432387e-05,0
pred_001451,2025-09-23T06:37:00,v1,557.0361200864912,9,0.2223672164094354,494,3,10.232566083950594,0,0.7271482716560437,5.067517350333334e-05,0
pred_001452,2025-09-23T07:12:00,v1,342.8794642091464,10,0.2375639393013345,842,1,18.783007019705146,1,0.4880549411501349,6.279087425967862e-06,0
pred_001453,2025-09-23T07:12:00,v1,775.1579871080647,7,0.3837274794077351,238,2,5.904808044407754,1,0.7533987966992909,0.00015423466032457822,0
pred_001454,2025-09-23T07:13:00,v1,783.7165159612738,15,0.0993811665384542,103,1,0.2379022527642443,0,0.9215217492356748,4.450450045631483e-06,0
pred_001455,2025-09-23T07:35:00,v1,1244.3784450965657,19,0.1831908281234514,317,4,27.313350895121896,0,0.8756613428886176,7.572177726735729e-07,0
pred_001456,2025-09-23T07:55:00,v1,937.356771968956,14,0.185959467541681,284,1,2.763828461885298,0,0.8880765515920744,3.599887209191543e-07,0
pred_001457,2025-09-23T07:56:00,v1,716.7179406979137,11,0.194528139069517,186,2,2.1387216447892983,0,0.8674445561966463,3.143227782297452e-05,0
pred_001458,2025-09-23T08:04:00,v1,680.5387719691523,10,0.1723080733735943,776,0,7.150062660078113,0,0.95967886172937,9.713890951248092e-09,0
pred_001459,2025-09-23T08:21:00,v1,1456.312228778848,11,0.2007532368193021,743,2,0.8971901490326155,0,0.6539753650031556,5.748783443143913e-10,0
pred_001460,2025-09-23T08:54:00,v1,958.67438178346,17,0.1164181844545893,458,4,9.353058079236844,0,0.862668253702846,1.2676639421918297e-06,0
pred_001461,2025-09-23T10:25:00,v1,600.6972597129055,16,0.3135488979207851,308,2,0.333450430963474,0,0.6953852775146299,2.7005687938866856e-05,0
pred_001462,2025-09-23T10:40:00,v1,657.7351689908861,16,0.1592558018365724,874,3,1.923348432031358,0,0.9502825874336744,5.148992638314843e-08,0
pred_001463,2025-09-23T10:57:00,v1,1619.0140923771717,19,0.3345652739438343,203,2,17.287279630198483,0,0.7405365613624751,1.9016330741393164e-08,0
pred_001464,2025-09-23T11:31:00,v1,1718.7330897752677,21,0.1362339502735899,380,2,3.767812611961854,0,0.922918210554259,2.1820511362972837e-10,0
pred_001465,2025-09-23T12:02:00,v1,1009.6665720609788,13,0.2433133831256831,888,3,47.78480772591535,0,0.7369524877684187,4.3407727744355074e-08,0
pred_001466,2025-09-23T12:20:00,v1,1240.4592196391268,20,0.2907675530521328,50,3,24.148814039674313,0,0.7332368261943532,6.1616239954649e-06,0
pred_001467,2025-09-23T12:25:00,v1,2663.772561367875,11,0.154911001385769,381,1,11.8699071590728,0,0.822137052357165,2.5147252181058496e-13,0
pred_001468,2025-09-23T12:32:00,v1,1515.0905538914128,21,0.4882312745909167,731,4,7.79862493381326,0,0.8329319023051713,1.3189485010703465e-09,0
pred_001469,2025-09-23T12:41:00,v1,2715.10355978316,21,0.2729666001415098,219,3,13.724497819773052,0,0.8198842412379105,2.9559160710552923e-12,0
pred_001470,2025-09-23T14:09:00,v1,811.7309556791303,20,0.1862892453881553,117,1,0.9511519029427288,0,0.7988853169873316,2.935652009481778e-06,0
pred_001471,2025-09-23T14:18:00,v1,299.8835398550939,21,0.1727278264738765,180,2,15.260208717359689,0,0.93948695435032,0.00025569606744538226,0
pred_001472,2025-09-23T14:29:00,v1,870.796209926177,9,0.3176060959850801,48,2,25.233852164063208,0,0.930778311586819,0.00010785699916590135,0
pred_001473,2025-09-23T14:46:00,v1,367.04930828173434,8,0.2889022454284642,183,2,8.277941311169515,0,0.9347165370564608,0.0010483334536703782,0
pred_001474,2025-09-23T15:08:00,v1,1418.814932043398,9,0.2941982637055,512,1,9.925792917605383,0,0.7377999010713147,4.155977446500433e-09,0
pred_001475,2025-09-23T15:39:00,v1,584.7040534685508,12,0.0913468494298188,715,4,33.697098727120505,0,0.7953566208505486,1.0523221616192615e-05,0
pred_001476,2025-09-23T15:44:00,v1,858.2005322055433,20,0.1136135470251999,587,1,9.64388918189297,0,0.646185685212633,3.290852174086277e-08,0
pred_001477,2025-09-23T16:03:00,v1,826.3756935713502,17,0.1350887623963261,195,1,13.48154090490467,0,0.6832097437099882,3.596459444812717e-06,0
pred_001478,2025-09-23T16:45:00,v1,1929.6935508881777,16,0.4217135733923708,790,1,13.227936390644512,0,0.9523182461966868,1.0036526860064986e-12,0
pred_001479,2025-09-23T17:05:00,v1,1009.989576515154,9,0.0280836553522562,443,4,6.005307651935157,0,0.9514069051383116,1.6312648286028641e-06,0
pred_001480,2025-09-23T17:35:00,v1,2417.476561130742,11,0.0202004536667898,570,1,3.393053743168122,0,0.9642142087227994,9.120821431169833e-14,0
pred_001481,2025-09-23T17:43:00,v1,726.4272331560621,12,0.1432680292618484,923,3,0.3474004509598052,0,0.7388836788308422,6.252380648331485e-08,0
pred_001482,2025-09-23T17:47:00,v1,632.3377667658066,11,0.6004213397483175,773,2,19.034429962342447,0,0.7185783796332,1.3537252332181326e-06,0
pred_001483,2025-09-23T17:58:00,v1,659.7375840719601,12,0.1359212622301064,51,1,6.23740215358237,0,0.8283885850939289,5.900943529861443e-05,0
pred_001484,2025-09-23T17:59:00,v1,642.6103068810395,14,0.180144466565818,83,2,31.690918986471175,0,0.6473463151538763,0.0005569557956435931,0
pred_001485,2025-09-23T18:02:00,v1,757.5516771268436,9,0.2910794370024795,905,1,3.786606122013078,0,0.7723129937542734,1.2507560026073126e-08,0
pred_001486,2025-09-23T18:05:00,v1,442.6970958243457,9,0.4064166964373702,213,2,25.67322820908678,1,0.7686443454865564,0.004118001570058733,0
pred_001487,2025-09-23T18:16:00,v1,504.8555620647533,8,0.1301123852489991,853,0,14.977540573857231,0,0.8495696354265496,4.248812152515405e-08,0
pred_001488,2025-09-23T18:22:00,v1,957.228217750906,17,0.2562968204218714,487,0,14.38242870862657,0,0.9486620936191432,1.0948697087658406e-08,0
pred_001489,2025-09-23T18:43:00,v1,3134.8649588762037,8,0.2926245096483386,702,1,7.419209077774672,0,0.8036981739468392,4.3314448894925754e-16,0
pred_001490,2025-09-23T19:05:00,v1,837.3422507367862,20,0.2892295455034956,961,2,31.059729607091754,0,0.8730768157867722,3.89783488356e-09,0
pred_001491,2025-09-23T19:23:00,v1,565.4390464970891,13,0.2061736623043157,649,1,30.624630257511292,0,0.7737511476616983,8.172156153640018e-07,0
pred_001492,2025-09-23T19:39:00,v1,917.8634959478436,22,0.1730807883658595,206,2,54.566363068528105,0,0.7476354733253573,7.44439797630785e-06,0
pred_001493,2025-09-23T19:52:00,v1,690.9812131894626,8,0.3010401034309873,729,0,12.44142148763972,0,0.8713570216851038,4.3038976528048245e-08,0
pred_001494,2025-09-23T20:54:00,v1,1150.8697878777582,9,0.2131291416995846,152,1,3.7654889821220214,0,0.7278268730148858,9.719136051390253e-07,0
pred_001495,2025-09-23T21:37:00,v1,685.8979499753821,12,0.2158659614113489,906,3,5.91944097315427,0,0.8791888381861808,8.948328742131272e-08,0
pred_001496,2025-09-23T22:25:00,v1,776.0110304663426,8,0.3342921053816194,793,2,21.54763943604132,0,0.7059606477142426,3.0493981424876954e-07,0
pred_001497,2025-09-23T22:31:00,v1,1678.018652720945,16,0.0865932322253328,860,2,11.08268314189226,0,0.7059703407206839,1.191733722410743e-11,0
pred_001498,2025-09-23T22:41:00,v1,1506.096584811924,20,0.1583667138494916,915,0,8.979498141604783,0,0.7018376571546534,1.7088315311677759e-12,0
pred_001499,2025-09-23T22:41:00,v1,2350.9521803508537,16,0.2868599577607372,858,1,3.439279549725481,1,0.6894918109465091,5.949356330259753e-14,0
pred_001500,2025-09-23T22:57:00,v1,1349.3456397738548,12,0.5914869387870165,359,0,4.836860358660511,0,0.8722749142749476,7.745629888862167e-09,0
pred_001501,2025-09-23T23:58:00,v1,827.7271117673232,7,0.198725018963333,377,2,0.1493180769811088,0,0.8969976289734369,2.833126692784812e-06,0
pred_001502,2025-09-24T00:21:00,v1,900.11377487771,19,0.0512946886368978,609,1,16.58727123587308,1,0.7740969322550769,3.957917610487667e-08,0
pred_001503,2025-09-24T00:36:00,v1,368.3309439490272,21,0.1671717828080483,958,1,5.061396873666944,0,0.938148932724982,1.2773281131223075e-08,0
pred_001504,2025-09-24T00:54:00,v1,614.7352691781668,8,0.4012062719981534,208,2,2.5601290987430185,0,0.7748660974522238,0.0002136355742982096,0
pred_001505,2025-09-24T01:14:00,v1,1371.4068897070154,13,0.04379089350916,855,2,6.735804153419005,0,0.7306755319418577,1.6938871977768604e-10,0
pred_001506,2025-09-24T01:20:00,v1,1349.2476696952997,7,0.2385013812678315,278,0,10.10752733341594,0,0.9204020534254612,1.4679698916685363e-08,0
pred_001507,2025-09-24T01:28:00,v1,1674.9331243993752,16,0.1343612665558922,134,0,12.96572470200385,1,0.7852396358674711,4.408091475514818e-09,0
pred_001508,2025-09-24T01:38:00,v1,725.8241582632589,9,0.1633957402363068,56,0,14.40925800016507,0,0.9309909380299568,1.508694004233432e-05,0
pred_001509,2025-09-24T01:50:00,v1,577.8962227750592,19,0.2850547930205075,641,0,2.1466756834377136,0,0.7566093765751379,5.5650480057551964e-08,0
pred_001510,2025-09-24T02:25:00,v1,1699.9239114992845,18,0.1467787476460434,203,1,4.054055912091355,0,0.8381911728179289,1.024082442180826e-09,0
pred_001511,2025-09-24T03:04:00,v1,377.3915462871469,9,0.0669778308543139,800,2,7.7965407492844205,0,0.807973652520097,1.4511005237164256e-06,0
pred_001512,2025-09-24T03:08:00,v1,1306.6792479962228,15,0.3506771422509074,883,1,1.455928193728897,0,0.8502928550078498,6.07525786339753e-11,0
pred_001513,2025-09-24T03:51:00,v1,512.0376117843388,22,0.0592515657031793,995,1,23.172161608562114,0,0.9096154125975876,3.4799801932197394e-09,0
pred_001514,2025-09-24T03:52:00,v1,1041.819779428885,10,0.3872758791356276,152,1,27.122296212713188,0,0.6603525384688511,8.376465727190338e-06,0
pred_001515,2025-09-24T03:57:00,v1,157.79863951082783,1,0.780001249839604,8,7,178.06203030492154,0,0.2056492830271737,0.9999966650302453,1
pred_001516,2025-09-24T04:55:00,v1,712.96923838602,8,0.3439813360233767,379,3,22.04655094055647,0,0.6843281132524046,0.00012037025371620068,0
pred_001517,2025-09-24T05:34:00,v1,741.5086356665835,11,0.3033524007224319,578,2,7.104727769241515,0,0.884848894171435,7.111767279346008e-07,0
pred_001518,2025-09-24T05:59:00,v1,876.9890241182742,15,0.2892257281500809,699,1,35.616199264580835,0,0.571842046837117,8.639498251573525e-08,0
pred_001519,2025-09-24T06:02:00,v1,1404.0467840591966,16,0.0943404496737939,730,5,19.430252489939157,0,0.6901234173440468,1.9262956242923598e-08,0
pred_001520,2025-09-24T06:05:00,v1,384.0566685066825,12,0.3586816774100203,880,5,7.392006383124595,0,0.6770484575230844,4.377215832905376e-05,0
pred_001521,2025-09-24T06:24:00,v1,674.7244441872647,16,0.4653482863130646,506,4,9.204728811656576,0,0.9698933304063246,1.5084989561401815e-05,0
pred_001522,2025-09-24T06:24:00,v1,1929.974416470223,10,0.1426812020798521,431,2,55.73092948601713,0,0.5109208831691171,2.5797921282713617e-09,0
pred_001523,2025-09-24T06:27:00,v1,123.22810830915294,4,0.81582316996248,25,8,441.7162385142155,1,0.089101438728896,0.9999999999124727,1
pred_001524,2025-09-24T06:59:00,v1,401.69204517821544,14,0.0818625359152502,501,1,3.04481237457115,0,0.6560828829182465,5.626358718246546e-06,0
pred_001525,2025-09-24T07:20:00,v1,1040.6646065472958,14,0.4002525502940024,545,0,27.67898551651423,0,0.7593600802240189,2.0519472442423137e-08,0
pred_001526,2025-09-24T07:49:00,v1,2344.819352061647,20,0.4169829246468223,117,3,48.52758699080961,1,0.8136232038062596,2.323049603227519e-09,0
pred_001527,2025-09-24T07:55:00,v1,744.4429366887189,10,0.2625203218412411,160,3,2.253316035728827,0,0.834277591565451,0.00016304971290047814,0
pred_001528,2025-09-24T08:49:00,v1,937.5943441068232,20,0.2189096791448371,533,3,30.037096606371463,0,0.8234334341521795,4.026567930684589e-07,0
pred_001529,2025-09-24T09:02:00,v1,1123.162125562142,14,0.0655482625282617,187,1,1.471036085234834,0,0.9794829215024048,1.074356949561199e-07,0
pred_001530,2025-09-24T09:06:00,v1,1676.3037785396734,19,0.0676346311216909,530,2,2.979155661998501,0,0.927781748563794,7.312977948756515e-11,0
pred_001531,2025-09-24T09:27:00,v1,1118.0657717598158,16,0.1005774361678692,370,3,63.088833322444174,0,0.9734211969638676,1.037460376505619e-06,0
pred_001532,2025-09-24T09:45:00,v1,750.9988281346225,17,0.2707959874605448,589,3,21.64254652691252,0,0.829136552635474,1.396471537613414e-06,0
pred_001533,2025-09-24T09:45:00,v1,1010.8553069404106,10,0.1632437206448944,214,2,7.612127908477259,0,0.8096684557553607,3.3548763409033293e-06,0
pred_001534,2025-09-24T10:08:00,v1,1488.0093822195524,12,0.189232721866181,172,0,7.056124945860579,0,0.9348233140551035,5.07818094095685e-09,0
pred_001535,2025-09-24T10:15:00,v1,836.1806319982988,13,0.4981844593434113,459,1,31.46457954741679,0,0.6904104377017829,1.7797361125280795e-06,0
pred_001536,2025-09-24T10:15:00,v1,795.5994618650146,12,0.1849538703762975,467,2,3.0462179530948843,0,0.8573628134805084,8.722628783068979e-07,0
pred_001537,2025-09-24T10:30:00,v1,866.2495273460372,8,0.2289540798206174,452,1,13.957340512819702,0,0.9129320537240662,4.086369697037549e-07,0
pred_001538,2025-09-24T10:59:00,v1,1599.032617864338,21,0.4704167156879097,918,5,12.30133029601327,0,0.7583176680102138,4.656957760540332e-10,0
pred_001539,2025-09-24T11:04:00,v1,793.8691600744675,19,0.393128406061038,866,2,44.74554666172412,1,0.6989489299094153,1.6973150294330716e-07,0
pred_001540,2025-09-24T11:20:00,v1,475.8488090074765,16,0.054453007533645,777,2,6.3854776821823505,0,0.8960465602291161,2.0022937300843286e-07,0
pred_001541,2025-09-24T11:49:00,v1,1113.3267602272435,18,0.1832527863542814,858,1,4.73915195452241,0,0.7074176281910404,2.942614847225825e-10,0
pred_001542,2025-09-24T11:59:00,v1,534.635514851542,9,0.3379902024189642,898,4,12.35188192801439,0,0.7240819543517721,4.8131391498735054e-06,0
pred_001543,2025-09-24T12:32:00,v1,1625.6842589664932,19,0.0450862155145745,40,2,15.524532710711854,0,0.9149581537572437,2.2654795489680716e-08,0
pred_001544,2025-09-24T12:36:00,v1,308.8205137094481,12,0.3308702427978627,266,3,13.341293428676536,0,0.6386850413278389,0.004899421750724435,0
pred_001545,2025-09-24T13:18:00,v1,832.8119068188494,12,0.0665039436962223,576,2,6.742364003240417,0,0.848670094560142,1.8347227064864326e-07,0
pred_001546,2025-09-24T14:03:00,v1,1897.2141671198492,7,0.1697931612507516,641,0,12.655394199571326,0,0.890633662008135,4.371360814228991e-12,0
pred_001547,2025-09-24T14:07:00,v1,1524.0335594990506,13,0.0494905792858388,76,2,14.119046500377426,0,0.7823863142126508,1.3442258336355947e-07,0
pred_001548,2025-09-24T14:27:00,v1,1108.2233506876214,8,0.2091932774605447,730,0,15.777109582748142,1,0.8663802296967147,3.4600592755956953e-09,0
pred_001549,2025-09-24T14:33:00,v1,1133.0088582021706,20,0.2476478010638159,123,0,38.675591960985855,0,0.832344143461124,2.0969957380975483e-07,0
pred_001550,2025-09-24T14:43:00,v1,542.3548312649241,7,0.1632834068367374,316,0,28.208263905314396,1,0.8768574369041395,3.3166471763715916e-05,0
pred_001551,2025-09-24T14:54:00,v1,850.3644540630648,9,0.0600187125761143,525,1,5.555557864544961,0,0.8855261125857202,1.0632481333480365e-07,0
pred_001552,2025-09-24T15:00:00,v1,709.3877245583906,15,0.2636388663066145,73,1,16.132732664853787,0,0.8415825424937758,3.658794797198553e-05,0
pred_001553,2025-09-24T15:22:00,v1,491.3469047098184,20,0.2155240816730271,356,7,63.82953878595673,0,0.7440133257832047,0.03557460897573253,0
pred_001554,2025-09-24T15:44:00,v1,310.7818718912506,15,0.1168681781983581,212,2,20.62733825784495,0,0.7589710620386116,0.0007927057695887552,0
pred_001555,2025-09-24T16:25:00,v1,847.8425273950635,20,0.1562494422169943,54,4,14.679758946813198,0,0.7235256929284822,0.0002558864114015713,0
pred_001556,2025-09-24T16:33:00,v1,1173.3366554237225,20,0.3113256492578346,49,4,13.261356073439533,0,0.8153871160544535,1.939176683920952e-05,0
pred_001557,2025-09-24T17:26:00,v1,1210.807819869544,20,0.2508196541569217,548,2,4.471805394364049,1,0.9130188406217395,1.1243523579162273e-08,0
pred_001558,2025-09-24T17:50:00,v1,527.7131570540453,7,0.080728077111428,863,1,16.473768048943715,0,0.6790398233284567,2.017320343123642e-07,0
pred_001559,2025-09-24T18:29:00,v1,1313.0397907863498,20,0.2323167411353338,733,2,20.176934336074048,1,0.8182334216771386,1.647702904379715e-09,0
pred_001560,2025-09-24T18:29:00,v1,1791.6002171850237,16,0.1886577397647649,232,2,8.472566107669799,0,0.90486795141422,1.5681483535812697e-09,0
pred_001561,2025-09-24T18:29:00,v1,751.9236585655608,17,0.2048511776441609,587,3,4.583891727168468,0,0.8571917304943784,6.364303540455565e-07,0
pred_001562,2025-09-24T19:01:00,v1,1112.5419572565063,18,0.1420030667905695,481,2,4.587974627585576,0,0.9862037669883104,1.4160361984813426e-08,0
pred_001563,2025-09-24T19:14:00,v1,891.5289862199197,14,0.0410915612854551,874,3,4.259088183152767,0,0.881340575039293,1.0434710292627325e-08,0
pred_001564,2025-09-24T19:43:00,v1,948.537859553951,16,0.2361200351806139,189,1,1.0773691643864984,0,0.8277551011334021,8.568513528134533e-07,0
pred_001565,2025-09-24T20:09:00,v1,336.74498483014,11,0.1840984332635731,137,6,4.920475864085511,0,0.8584975303515959,0.11835911197701969,0
pred_001566,2025-09-24T20:14:00,v1,1195.0158143985686,14,0.2314026170718579,398,1,1.2091466880444308,0,0.8908437131153185,1.477540670901052e-08,0
pred_001567,2025-09-24T20:19:00,v1,717.8208729166826,11,0.1672790511547823,449,4,5.729264354326867,0,0.9551997431528289,1.731036559385171e-05,0
pred_001568,2025-09-24T20:41:00,v1,718.9461250087418,17,0.5366502515060484,392,1,1.5321892047960648,0,0.6805326687240819,2.289670916556109e-06,0
pred_001569,2025-09-24T20:43:00,v1,2502.691123428787,18,0.1758799648440609,716,0,6.455026727841233,0,0.6708532744913495,5.456362332803647e-15,0
pred_001570,2025-09-24T22:09:00,v1,598.1197022193236,10,0.1772008503633459,964,0,52.763262135967594,0,0.6112472035710392,4.1422416137913486e-08,0
pred_001571,2025-09-24T22:16:00,v1,1259.5523904403271,22,0.1531158217375792,966,2,7.836181880592933,1,0.6399755813236712,1.910009165247708e-10,0
pred_001572,2025-09-24T22:39:00,v1,357.4092630582072,18,0.2668591381604144,116,4,0.5655959689479376,0,0.870557801446269,0.005016862140671073,0
pred_001573,2025-09-24T23:04:00,v1,428.968330452357,18,0.0849616804868621,485,3,0.8912379113903826,0,0.8385075998360876,1.5042280257494733e-05,0
pred_001574,2025-09-24T23:08:00,v1,533.771014545727,21,0.1666843728090518,951,2,3.668775051390778,1,0.7490613877256711,5.870392732548125e-08,0
pred_001575,2025-09-24T23:37:00,v1,754.113090726829,18,0.0914282188955149,411,4,14.958379642395876,0,0.9550666045114014,7.4896026630839785e-06,0
pred_001576,2025-09-24T23:57:00,v1,459.36254674121386,14,0.0591293865691368,991,2,7.091684716869835,1,0.6315739581168546,2.5656668537660527e-07,0
pred_001577,2025-09-25T00:03:00,v1,765.3459992900185,8,0.5191761284519001,523,1,16.168947109709567,0,0.877412896668015,1.1570615779593128e-06,0
pred_001578,2025-09-25T00:06:00,v1,1771.6191484743656,7,0.0804316268862512,950,1,6.789664308356374,0,0.9863300144085076,8.16690133044207e-13,0
pred_001579,2025-09-25T00:30:00,v1,215.39265288887088,20,0.0288017230457912,322,1,38.90884427711801,0,0.886992456187451,7.614518085919047e-05,0
pred_001580,2025-09-25T00:35:00,v1,1516.5918207051964,22,0.0668477756363616,94,4,17.752289460203638,0,0.8830428806455094,2.716236195976426e-07,0
pred_001581,2025-09-25T00:38:00,v1,2214.775730640452,16,0.0458526478792826,379,3,0.7124670686105721,1,0.8532999906947657,6.5101483572126e-11,0
pred_001582,2025-09-25T00:59:00,v1,313.76055105665205,14,0.1724618050426607,356,0,52.837846660594856,1,0.8372105682942321,0.00013059152683848728,0
pred_001583,2025-09-25T01:24:00,v1,1125.028281737341,15,0.0791688279073654,478,3,34.6992269469386,0,0.9075391132139294,1.8905802450148782e-07,0
pred_001584,2025-09-25T01:35:00,v1,1953.2054684674697,19,0.0855242817627078,45,2,12.269870334083054,0,0.8317278651826996,2.012966475757171e-09,0
pred_001585,2025-09-25T01:41:00,v1,896.9181547797386,17,0.2053007887229028,949,4,3.23941732753353,0,0.6723514515129386,3.0261883231541534e-08,0
pred_001586,2025-09-25T01:58:00,v1,2206.7312604368917,9,0.0855171667052128,384,1,14.958217836945824,0,0.9503805836779105,7.899798074718481e-12,0
pred_001587,2025-09-25T02:00:00,v1,3261.6052943484588,20,0.3774089674833346,237,3,4.205799147209389,0,0.629235800086612,6.360024772831744e-14,0
pred_001588,2025-09-25T02:07:00,v1,1045.842294809142,8,0.2127689318542643,47,6,10.849099088145593,0,0.8079309729179339,0.0024612389190899996,0
pred_001589,2025-09-25T02:23:00,v1,1953.372774609908,16,0.1833369298176132,370,4,17.919591484947667,0,0.9371727430699583,1.272883162150508e-09,0
pred_001590,2025-09-25T03:12:00,v1,383.43714045524086,20,0.1475433249074424,382,0,5.005342975880284,0,0.8284450220105614,1.908508186345973e-06,0
pred_001591,2025-09-25T03:44:00,v1,858.4450099284853,22,0.2374795557316297,835,2,1.0394676299948875,0,0.8209425743518866,3.632983740724417e-09,0
pred_001592,2025-09-25T03:57:00,v1,1433.1863211102986,8,0.3058706108457735,341,0,28.72335331253819,0,0.8760277825483792,8.412166450212702e-09,0
pred_001593,2025-09-25T04:02:00,v1,338.484346572169,19,0.1427570911109526,214,2,32.79834533492728,1,0.8149359894765154,0.00120384638355742,0
pred_001594,2025-09-25T04:05:00,v1,787.6825411133703,18,0.3090754827975209,520,2,4.734188835167879,0,0.9495211675491262,2.365052769413095e-07,0
pred_001595,2025-09-25T04:09:00,v1,1088.2426310875198,19,0.2004468236615491,553,0,3.545279992065711,0,0.990741831789022,7.698492223152395e-10,0
pred_001596,2025-09-25T04:19:00,v1,537.3602389108252,11,0.2018934689773712,917,2,13.362511636128591,0,0.9337448692756004,9.665910236030863e-08,0
pred_001597,2025-09-25T04:32:00,v1,833.9422146873685,13,0.2656594807964086,477,2,39.47550654827209,1,0.8206499668301308,5.90617762710507e-06,0
pred_001598,2025-09-25T04:48:00,v1,1385.208624516856,11,0.3230831437086047,184,1,8.018074155886195,1,0.7935692672152577,2.533587896508895e-07,0
pred_001599,2025-09-25T05:08:00,v1,432.1176423822407,19,0.3103355514387115,685,1,13.089871187509068,0,0.9607507357799274,2.7237227285765017e-07,0
pred_001600,2025-09-25T05:15:00,v1,849.6543835777561,8,0.2396574678739153,582,2,7.849241712842675,0,0.845338363960566,4.3886438486233573e-07,0
pred_001601,2025-09-25T05:23:00,v1,1286.37486618598,13,0.155289138120074,256,2,7.773476147435955,0,0.8273961351128537,1.3879089234475649e-07,0
pred_001602,2025-09-25T05:25:00,v1,2257.415204634697,17,0.2626022120780837,107,3,18.87540409132734,0,0.937229927538058,5.136876581298501e-10,0
pred_001603,2025-09-25T05:34:00,v1,1758.0482219388643,17,0.1040060791444599,80,1,31.656057494569236,0,0.7801386009746913,6.642569575229527e-09,0
pred_001604,2025-09-25T06:25:00,v1,413.2682418461159,14,0.0989512323658618,417,4,43.94210172967533,0,0.8922814781194932,0.0006375939090406252,0
pred_001605,2025-09-25T06:26:00,v1,951.7421507182652,19,0.0849663083260535,292,0,11.60761948419379,0,0.8175569860389026,5.8003688159477915e-08,0
pred_001606,2025-09-25T06:45:00,v1,1378.6495288504238,14,0.3714207802231998,398,2,0.0975511276775463,0,0.7602611338000572,2.3429229158168723e-08,0
pred_001607,2025-09-25T06:47:00,v1,743.4947676603288,15,0.0449095218887682,260,2,44.4517964283162,0,0.8558848563141701,1.7737091300464544e-05,0
pred_001608,2025-09-25T07:16:00,v1,946.4287943851788,22,0.1678705205159218,862,1,12.208847243918832,0,0.7592727251526424,6.198619750799074e-10,0
pred_001609,2025-09-25T07:17:00,v1,935.0739328967107,20,0.0080762884519377,34,1,9.862489490485116,0,0.6264968598135636,3.851507096668124e-06,0
pred_001610,2025-09-25T07:29:00,v1,1548.946328879112,8,0.1064953667162893,548,2,7.684954331617319,0,0.8438334651832327,1.4747818821505735e-09,0
pred_001611,2025-09-25T07:42:00,v1,373.28869331345504,13,0.110851265920896,633,6,14.88039293827208,0,0.8958016037920093,0.0004937280486653499,0
pred_001612,2025-09-25T07:50:00,v1,2359.962875185056,22,0.1336013936639769,923,3,2.559322682625696,0,0.8051154775352172,1.9824013563178047e-14,0
pred_001613,2025-09-25T08:02:00,v1,382.7804033803626,20,0.2623873434907004,68,2,7.773016825827163,0,0.7293660688654411,0.0009825734079241622,0
pred_001614,2025-09-25T08:22:00,v1,1212.1466309699615,21,0.3063049474286595,622,2,10.951511884942846,0,0.7473314108105545,4.2577039882693265e-09,0
pred_001615,2025-09-25T08:49:00,v1,1179.9868269642698,10,0.1587143597281164,525,1,10.764773739738644,0,0.636205440526707,2.3070097315784645e-08,0
pred_001616,2025-09-25T08:50:00,v1,480.9518353818651,18,0.1242838349317173,593,3,3.045215861144716,0,0.9191704742165828,2.933037974090176e-06,0
pred_001617,2025-09-25T09:28:00,v1,880.3216563140049,22,0.3813268758533945,349,1,51.755378758492085,0,0.8457588351141497,8.135210356899121e-07,0
pred_001618,2025-09-25T09:35:00,v1,897.3210684967788,11,0.3094788920576882,823,3,0.0029891930754951,0,0.6614513993453645,9.818035367126938e-08,0
pred_001619,2025-09-25T10:02:00,v1,529.2514479493113,13,0.3892172618218373,893,2,14.044975841630531,0,0.8218600367864715,2.4138210100047096e-07,0
pred_001620,2025-09-25T10:29:00,v1,852.0130162780937,15,0.1048931720523176,741,3,15.272918904458171,0,0.4529495997104994,3.649784225712366e-07,0
pred_001621,2025-09-25T11:29:00,v1,636.8684349690725,7,0.1235750800781161,716,1,7.585533570161701,0,0.93201795103839,1.2512375092718296e-07,0
pred_001622,2025-09-25T11:47:00,v1,864.6913584265959,10,0.0240727038562037,116,5,27.083532968732797,0,0.8164579763058813,0.00124029267586546,0
pred_001623,2025-09-25T11:54:00,v1,2669.351792964841,7,0.0869372528009787,521,2,5.904450148173337,0,0.7260935976725027,3.3209767239763107e-13,0
pred_001624,2025-09-25T12:12:00,v1,423.5776106646991,9,0.1285846133216579,710,3,25.98850004045058,0,0.5945274637611269,3.510703127576372e-05,0
pred_001625,2025-09-25T13:38:00,v1,1542.9101881434517,15,0.1109816441383355,77,2,6.321563127451435,0,0.8969874594240196,5.1951876391616526e-08,0
pred_001626,2025-09-25T14:49:00,v1,1019.5259176233878,18,0.1157461886232542,396,3,0.3522894835036806,0,0.830841347300136,3.277387367091119e-07,0
pred_001627,2025-09-25T15:15:00,v1,623.7195654728198,7,0.3097059368426306,559,1,5.813803435431842,0,0.4672558555396678,5.4375438568228085e-06,0
pred_001628,2025-09-25T15:30:00,v1,344.6802653482906,8,0.0926546834402125,48,2,31.106003430431837,1,0.8138145990965354,0.024837999199124754,0
pred_001629,2025-09-25T16:23:00,v1,1451.0618067867365,17,0.3588854236458689,840,2,2.4990608414516253,0,0.646254716832508,1.5205124504271224e-10,0
pred_001630,2025-09-25T16:55:00,v1,1023.4296863255856,11,0.0370958992932839,956,3,43.249570747215415,1,0.8413656134527112,2.519915408879561e-08,0
pred_001631,2025-09-25T17:32:00,v1,957.0443564000584,19,0.2112584743881611,640,1,5.4553391243558105,0,0.6132189222567318,1.2618793771017592e-08,0
pred_001632,2025-09-25T18:03:00,v1,1246.2953702502818,16,0.0356355286597147,405,2,53.6600731752144,0,0.8532597534687552,7.733428783323625e-08,0
pred_001633,2025-09-25T18:36:00,v1,1062.2836399949902,11,0.0838295614540717,175,0,31.38028537571233,0,0.8622888099276765,3.865754347700554e-07,0
pred_001634,2025-09-25T19:06:00,v1,1433.735759504758,9,0.1007610050193608,702,3,45.51774293739736,1,0.6603875041797572,3.72091228705455e-08,0
pred_001635,2025-09-25T20:05:00,v1,1354.0457561892074,14,0.1735374852481529,97,2,0.3615663489528715,0,0.8205718644421709,2.931781470671531e-07,0
pred_001636,2025-09-25T20:20:00,v1,1024.2576545943975,15,0.1628499221044529,368,3,5.6014424009938715,0,0.904553417025642,6.604063262276336e-07,0
pred_001637,2025-09-25T20:36:00,v1,968.64237169677,22,0.0311193470361121,939,4,0.7724997710810625,0,0.8975277125344964,2.3933905747384644e-09,0
pred_001638,2025-09-25T21:24:00,v1,1004.0338569939372,16,0.2064631461008702,933,2,15.207727395764902,1,0.7665903292420876,4.6958717439228976e-09,0
pred_001639,2025-09-25T21:24:00,v1,736.5705234895248,8,0.1834985041367841,565,3,4.746085607208068,0,0.8601041677024425,3.1471101893229558e-06,0
pred_001640,2025-09-25T21:47:00,v1,1817.8007316941955,9,0.2282738753854444,154,1,1.6396740293465737,0,0.9607468738536088,1.7557272445728292e-09,0
pred_001641,2025-09-25T21:48:00,v1,1544.269734303953,10,0.1741829929589154,170,3,1.9920118903349584,0,0.6685639741112799,3.1134126505422516e-07,0
pred_001642,2025-09-25T22:52:00,v1,459.69799324349344,20,0.2826354483877186,659,1,12.45976047938426,0,0.7466845303081846,4.801522977179838e-07,0
pred_001643,2025-09-25T23:52:00,v1,615.4149427476165,22,0.0360199381075219,654,1,0.2407118077468782,0,0.9209007093111562,2.0767091325664835e-08,0
pred_001644,2025-09-26T00:07:00,v1,969.5105131367868,13,0.2003513015257763,589,2,10.49319969001097,0,0.6134873694886864,1.6718339794385676e-07,0
pred_001645,2025-09-26T00:16:00,v1,951.7200976286556,10,0.2909708520617289,875,0,9.535459049083162,1,0.7463637079446551,3.33866784331782e-09,0
pred_001646,2025-09-26T00:17:00,v1,3041.2187083456124,14,0.1618402338795183,965,3,26.56702245552975,0,0.901630638899516,2.5887962212151775e-16,0
pred_001647,2025-09-26T01:14:00,v1,1625.453936943578,15,0.0458120834325981,202,5,4.213476438782836,1,0.8725612302481959,5.908365261540137e-07,0
pred_001648,2025-09-26T01:15:00,v1,1245.7675764233943,12,0.2818106525653938,281,2,0.1355623749702849,0,0.79841879148399,2.097095188734467e-07,0
pred_001649,2025-09-26T01:22:00,v1,512.260262592602,19,0.3635046501421886,98,2,37.20285434577726,0,0.811815529090254,0.0007031603643598176,0
pred_001650,2025-09-26T01:23:00,v1,940.906600771596,15,0.2725756398810774,478,3,8.472572520135701,0,0.6405120453162637,1.5950283873000082e-06,0
pred_001651,2025-09-26T01:30:00,v1,795.0894444405426,12,0.0911307036894601,318,1,0.2681890405221029,0,0.8939857581965119,7.756399864069327e-07,0
pred_001652,2025-09-26T01:35:00,v1,3002.325489127387,7,0.2580865302003924,30,3,9.317417713863277,0,0.5564234799208275,3.16926404910797e-11,0
pred_001653,2025-09-26T01:52:00,v1,1125.9908523601227,22,0.2180802877038722,435,1,22.06177772011411,1,0.7802060983697566,4.1648213966920795e-08,0
pred_001654,2025-09-26T01:57:00,v1,1009.2121028132524,11,0.3165899584253481,186,0,0.8299452055154409,0,0.8223660491261098,4.3043646669600324e-07,0
pred_001655,2025-09-26T02:32:00,v1,1494.7250376660684,17,0.0456925112521693,317,1,29.84634024785819,0,0.5187741713612775,1.0778575238004124e-08,0
pred_001656,2025-09-26T02:38:00,v1,130.21424553917274,22,0.6100276887585979,88,5,94.0959303209152,0,0.1589677337783354,0.9771484747555211,1
pred_001657,2025-09-26T02:51:00,v1,800.0229699424492,14,0.11739523074262,592,4,4.647543449239742,0,0.7742381290967001,2.197561290327497e-06,0
pred_001658,2025-09-26T03:20:00,v1,1625.4277987396777,15,0.0349242334008433,460,2,43.18344853473384,0,0.9846943971564696,1.0525238159022548e-09,0
pred_001659,2025-09-26T03:47:00,v1,869.3840320022708,13,0.4275987910261949,371,1,84.70764316836373,0,0.7854863958776076,1.0270304644998113e-05,0
pred_001660,2025-09-26T03:55:00,v1,420.56786266287713,10,0.0907831779307104,182,0,3.3430375198538376,1,0.7463214796242552,0.00013679177992922975,0
pred_001661,2025-09-26T04:18:00,v1,815.0125946427263,9,0.2668767636735729,365,0,0.0261577403959629,0,0.7679464893361555,4.808470128161231e-07,0
pred_001662,2025-09-26T05:31:00,v1,634.7826114593604,13,0.1671781473927773,680,2,1.9024225885029824,0,0.5350799902972428,9.513204817046247e-07,0
pred_001663,2025-09-26T05:37:00,v1,1733.9923658380155,18,0.2187395844489568,108,7,18.25264919880441,0,0.8842833983953919,3.5643944163489058e-06,0
pred_001664,2025-09-26T05:58:00,v1,801.1548892333691,17,0.2313558742230202,909,4,16.151478498723076,0,0.7658913908900328,1.1301111980663885e-07,0
pred_001665,2025-09-26T06:18:00,v1,1010.2113373120588,13,0.3618955446567725,455,7,31.43557001588437,1,0.4969792707183257,0.0019131563277664243,0
pred_001666,2025-09-26T06:29:00,v1,484.130817627221,13,0.1423196914037928,735,4,9.767437704669629,0,0.933378253791,5.576308512264384e-06,0
pred_001667,2025-09-26T06:38:00,v1,2038.5887440921697,14,0.1435384027455699,912,4,13.872294406767038,0,0.542637705091859,1.1694560814338525e-11,0
pred_001668,2025-09-26T06:41:00,v1,905.837838716316,19,0.3047071825303767,48,1,19.73451279360451,0,0.7543601904208476,8.992975219170517e-06,0
pred_001669,2025-09-26T07:13:00,v1,610.514825538032,18,0.0296465624003435,323,3,10.298166018619684,0,0.5814844792933086,5.1219287581443155e-05,0
pred_001670,2025-09-26T07:21:00,v1,298.3043193525282,16,0.1658916947594559,201,1,54.156308248713046,0,0.6620066409296379,0.0011959894212841932,0
pred_001671,2025-09-26T07:47:00,v1,1392.6904591323748,7,0.3416460288160231,56,3,3.5719606008633464,0,0.6394087480520695,9.355020106286058e-06,0
pred_001672,2025-09-26T08:03:00,v1,1184.7974771069323,22,0.2331421259020043,84,5,8.168755845991878,0,0.7249215234349325,2.8842230265634552e-05,0
pred_001673,2025-09-26T08:26:00,v1,2854.8598015491557,13,0.2042431540788277,307,1,12.618737663886026,0,0.9521140008512768,6.092084571764695e-14,0
pred_001674,2025-09-26T08:31:00,v1,1157.803004677482,17,0.2513217299793943,649,1,14.544748273814138,1,0.4855920867725558,1.8967236950405615e-08,0
pred_001675,2025-09-26T08:57:00,v1,1079.1165368182565,22,0.3054080338333472,993,0,9.876233357585004,0,0.7986638443772398,1.9963795879817167e-11,0
pred_001676,2025-09-26T09:33:00,v1,1781.0487866674168,8,0.1635924267385658,344,0,44.74430501828282,0,0.5802596995009196,1.5789974398660482e-09,0
pred_001677,2025-09-26T10:11:00,v1,828.4356272939585,10,0.3345105155102467,732,0,11.7812672651192,0,0.9161883047542476,9.249758809683048e-09,0
pred_001678,2025-09-26T10:16:00,v1,1368.5695983014086,13,0.1618485335604812,46,2,7.318651084026544,0,0.8412598921019049,5.641207199348135e-07,0
pred_001679,2025-09-26T11:10:00,v1,1064.0933123953207,18,0.2007323239854797,526,0,1.3334149052556894,0,0.7806674832445513,2.81870525913264e-09,0
pred_001680,2025-09-26T11:20:00,v1,1112.626134486182,10,0.2350977165616269,708,1,18.70913125852443,1,0.672480385335041,2.3459783580797492e-08,0
pred_001681,2025-09-26T11:59:00,v1,2361.6709780405326,15,0.2037339764686712,480,2,0.4323691525500491,0,0.9228324629346438,1.0813354474039762e-12,0
pred_001682,2025-09-26T12:32:00,v1,749.5526380777246,12,0.3750638027652053,228,2,0.6024397310224648,0,0.79870310955225,2.6270483197162326e-05,0
pred_001683,2025-09-26T12:36:00,v1,280.39375374947184,20,0.2575789769777598,986,1,16.123171288624064,0,0.902368208634036,4.6026295758952766e-08,0
pred_001684,2025-09-26T13:31:00,v1,1345.738085553157,7,0.3058222967834395,521,2,1.7478946716250048,0,0.941533994414547,1.1437436036688895e-08,0
pred_001685,2025-09-26T13:32:00,v1,712.8307844515622,14,0.4837868065331753,277,2,6.790015759541338,1,0.8139582607256627,6.663779463094795e-05,0
pred_001686,2025-09-26T14:25:00,v1,1728.5822258478909,22,0.2489658995617854,735,3,0.8145080349148331,0,0.7884551588986267,3.062724757715643e-11,0
pred_001687,2025-09-26T14:28:00,v1,976.1063332860584,19,0.3789410928857336,820,4,13.10441966854529,1,0.7942227335563995,1.6252799894209064e-07,0
pred_001688,2025-09-26T14:28:00,v1,1122.8342412411855,7,0.0402600511622348,335,2,3.4036815472692754,0,0.7262396620604418,5.313893581591169e-07,0
pred_001689,2025-09-26T14:35:00,v1,618.036023301975,14,0.1488818579690443,529,2,15.923646032976698,0,0.8455940093035307,2.1045795785619724e-06,0
pred_001690,2025-09-26T14:45:00,v1,888.283772956556,19,0.1305828357478641,351,2,2.6533701281353874,0,0.6208411402397607,9.546597110421276e-07,0
pred_001691,2025-09-26T14:54:00,v1,706.8791243211433,13,0.0499089130550987,729,1,106.30788182615191,0,0.8982667591786846,5.206829103487929e-07,0
pred_001692,2025-09-26T14:59:00,v1,546.0703958451048,20,0.2499593400030873,392,1,12.645340661249284,0,0.8634559825674976,2.142489839350497e-06,0
pred_001693,2025-09-26T15:00:00,v1,930.4082920006952,15,0.1522877612126728,239,0,2.714219172071197,0,0.8048446506924615,1.9881308531651373e-07,0
pred_001694,2025-09-26T15:04:00,v1,58.03208749206824,3,0.7334534406686276,199,11,8.27749084517267,0,0.426967376363091,0.9999383716462003,1
pred_001695,2025-09-26T15:07:00,v1,1165.3067526511522,12,0.2664790839794737,755,4,14.633775265225538,0,0.9372337978280154,3.218666908264959e-08,0
pred_001696,2025-09-26T15:40:00,v1,1485.7975681965745,11,0.135002243510682,75,2,14.959946329960278,0,0.8734645387922765,2.287070235745391e-07,0
pred_001697,2025-09-26T15:44:00,v1,275.12783123488265,1,0.6577829761603614,162,11,98.37671658967874,0,0.15767009175559,0.9999947639875039,1
pred_001698,2025-09-26T17:17:00,v1,948.4529550530394,19,0.0553040585161742,723,4,6.0690326783173685,1,0.9386976574539264,1.1395414788826068e-07,0
pred_001699,2025-09-26T17:28:00,v1,1143.3925816488086,8,0.0218989366347874,758,1,2.303720223208025,0,0.837214394854026,1.047960441139731e-09,0
pred_001700,2025-09-26T17:38:00,v1,357.46808066655484,0,0.6381565149711984,90,5,58.168585581146445,1,0.0996084011556474,0.9948180475984888,1
pred_001701,2025-09-26T17:40:00,v1,1240.521693559272,10,0.1421582793500857,896,0,28.97210772028094,0,0.7579998586641743,1.1310157806158101e-10,0
pred_001702,2025-09-26T18:06:00,v1,1338.542261666384,11,0.4001598361258362,498,2,4.172777043292956,0,0.6735954549288025,3.051925625964935e-08,0
pred_001703,2025-09-26T18:12:00,v1,322.3131350614636,4,0.6252860865415281,180,6,25.102941906686468,0,0.0843792947161767,0.9613294778125161,1
pred_001704,2025-09-26T19:02:00,v1,1101.1943776876728,22,0.0713169260356599,760,4,0.6219561587473413,0,0.8248687479690546,7.071705649147441e-09,0
pred_001705,2025-09-26T20:05:00,v1,790.3976580336245,21,0.2204680681920718,677,3,32.57654811621783,0,0.8145891319145135,3.0294025761129734e-07,0
pred_001706,2025-09-26T20:33:00,v1,1594.886017545182,21,0.3427265227057759,872,2,38.405485792289255,0,0.8334160488367117,2.8567881209221758e-11,0
pred_001707,2025-09-26T20:35:00,v1,595.9958912866493,17,0.0953220138288375,644,1,28.692933009441145,0,0.9660376216108906,1.336164604405779e-07,0
pred_001708,2025-09-26T20:57:00,v1,1017.6427284788584,15,0.3425540344464123,137,5,8.002058340142579,0,0.9076077215700056,0.00012514611592037632,0
pred_001709,2025-09-26T21:46:00,v1,2695.5096664763946,8,0.1215358158035118,416,0,25.8507748265674,0,0.8350715533849485,8.883219807582849e-14,0
pred_001710,2025-09-26T22:05:00,v1,3203.3723764445976,12,0.2517817185259592,663,0,6.0724245736265186,0,0.8571171148145543,4.5502199619080816e-17,0
pred_001711,2025-09-26T22:28:00,v1,997.6225120643712,15,0.0990374437935391,546,0,1.4543308351393085,0,0.6805785877121799,6.791991913606825e-09,0
pred_001712,2025-09-26T23:25:00,v1,671.158258362463,21,0.1311599825492236,45,1,28.882381549463283,0,0.8246667530646009,3.11648247241988e-05,0
pred_001713,2025-09-27T00:02:00,v1,1943.779112197887,14,0.1154926786642923,239,3,3.5006180920483274,0,0.90484863149215,1.2948079811938982e-09,0
pred_001714,2025-09-27T00:22:00,v1,952.744370292748,12,0.1000146868225442,900,1,23.780922380186983,0,0.8293556426268974,1.6157146235144322e-09,0
pred_001715,2025-09-27T00:32:00,v1,1008.6174138517432,20,0.0850861539793738,314,3,3.5103894426571527,0,0.8095021998152506,6.743022625934595e-07,0
pred_001716,2025-09-27T00:50:00,v1,288.5238998089239,8,0.227401861900942,788,1,26.23375763781185,0,0.6746713620303687,5.220390822812428e-06,0
pred_001717,2025-09-27T01:20:00,v1,1033.2140610192052,21,0.3633341289265296,799,4,2.2299476410588475,0,0.7305563832738302,2.9758416998965983e-08,0
pred_001718,2025-09-27T02:02:00,v1,1191.7836084833584,10,0.095200277117263,986,2,18.33594050316902,0,0.9256882742399788,2.4609937330775077e-10,0
pred_001719,2025-09-27T02:05:00,v1,1327.3815431061416,12,0.0688064457482163,472,2,3.0489541419304804,0,0.9761569576327344,5.2895786847235336e-09,0
pred_001720,2025-09-27T02:15:00,v1,707.7258655832874,11,0.2365468457796007,63,4,13.751570839483067,0,0.7144744697716633,0.003333841047246193,0
pred_001721,2025-09-27T02:45:00,v1,857.923077020756,22,0.1427160673981529,145,1,42.92851602630625,0,0.8617191155775674,2.9914663676677704e-06,0
pred_001722,2025-09-27T03:44:00,v1,736.1207821102066,7,0.1062768668055834,871,2,86.00725323330745,0,0.8655087979114807,5.213346488034662e-07,0
pred_001723,2025-09-27T04:06:00,v1,548.482390740934,19,0.3218095713566315,395,1,6.190372163468646,0,0.8512811808121117,2.419502334712147e-06,0
pred_001724,2025-09-27T04:23:00,v1,1690.3577041105668,7,0.0525326708056174,929,4,11.575047608562988,0,0.8192186724498582,1.2823164396629614e-10,0
pred_001725,2025-09-27T04:31:00,v1,551.8059750365167,19,0.2488288372745098,216,2,4.899484124470555,1,0.9255325382360736,7.694410713112622e-05,0
pred_001726,2025-09-27T04:50:00,v1,1254.8449248759218,19,0.2783145208040086,974,3,5.216634290839965,0,0.9272201814973522,1.5201423249799218e-10,0
pred_001727,2025-09-27T05:05:00,v1,1604.9028702380297,8,0.1057456556773026,774,3,42.47161795325775,1,0.8410985315701391,2.490574485550498e-09,0
pred_001728,2025-09-27T05:25:00,v1,928.5784520547425,17,0.0881800269105836,690,2,3.426288228737546,0,0.561704708632947,3.4143139349664284e-08,0
pred_001729,2025-09-27T06:09:00,v1,907.2653650232968,15,0.3826088623811582,76,2,11.906911278811434,0,0.8579396739869348,2.5501753046831064e-05,0
pred_001730,2025-09-27T06:30:00,v1,558.3566544257743,20,0.143876682595665,243,4,5.413701318509582,0,0.8371609994385358,0.00019467947635551158,0
pred_001731,2025-09-27T06:53:00,v1,1776.9497132708932,11,0.2411896673014233,377,1,19.02052195356944,1,0.639769298368198,2.9364261110605487e-09,0
pred_001732,2025-09-27T07:09:00,v1,1370.7278861618336,20,0.1728761684575684,816,0,7.785863219780751,0,0.7245664915113882,1.2895606239986871e-11,0
pred_001733,2025-09-27T07:35:00,v1,857.09363872073,22,0.1412629519946413,657,1,15.83103254820397,0,0.7360325364651009,1.1549040415264643e-08,0
pred_001734,2025-09-27T08:06:00,v1,1049.4991432840952,8,0.1460188077288668,780,5,2.3238788615944093,0,0.5846817575804522,6.556259504608671e-07,0
pred_001735,2025-09-27T08:24:00,v1,1447.7842738093634,9,0.1815420244491483,503,0,16.770433324189934,0,0.8912686256663078,5.990036951481292e-10,0
pred_001736,2025-09-27T08:42:00,v1,126.26863741088933,3,0.62290703821426,2,10,46.92778099185261,0,0.4107839811010894,0.999982174597574,1
pred_001737,2025-09-27T08:45:00,v1,2723.1546239400845,13,0.1487792705042467,333,2,7.265292659694319,0,0.7960814751687895,5.666763001795657e-13,0
pred_001738,2025-09-27T08:58:00,v1,366.9088367199642,7,0.0671103976029743,640,1,6.567993035691541,0,0.700590476530109,4.667969494874031e-06,0
pred_001739,2025-09-27T09:11:00,v1,1690.4189350059926,7,0.2674134941218528,354,0,1.1371843811315077,0,0.9247448233285102,3.3888117822860425e-10,0
pred_001740,2025-09-27T09:26:00,v1,405.7429024235027,13,0.4414619812616998,124,1,0.8217100616839654,0,0.7476182843132261,0.00047521602520223373,0
pred_001741,2025-09-27T09:38:00,v1,607.1712351773277,18,0.204609001257838,348,3,12.518786282986838,0,0.8890936886427308,2.2787771450666275e-05,0
pred_001742,2025-09-27T09:45:00,v1,467.81938106476184,16,0.2147304191739123,46,1,1.46327989117845,0,0.9034405688115456,0.00013346151730285846,0
pred_001743,2025-09-27T10:26:00,v1,584.600239010682,9,0.1730339187328513,857,2,48.02917175032782,0,0.7845739979302726,7.501065851621587e-07,0
pred_001744,2025-09-27T10:29:00,v1,744.3767770375381,18,0.2077040611095458,421,2,3.2711677440069615,0,0.8784187118200547,8.700274192222297e-07,0
pred_001745,2025-09-27T10:43:00,v1,732.2882194381909,7,0.1264005389774185,646,2,5.076972383868269,0,0.8756596898898601,4.2736307759727615e-07,0
pred_001746,2025-09-27T10:45:00,v1,702.7774408247474,10,0.3956497703749859,180,2,6.216162289454029,0,0.8864790565273563,7.6597513739541e-05,0
pred_001747,2025-09-27T10:48:00,v1,880.8295198235195,15,0.1677622872573489,814,1,14.078436343967343,0,0.8927903415663297,3.1301198621015935e-09,0
pred_001748,2025-09-27T10:58:00,v1,747.1773952261959,20,0.1472601082001449,761,3,1.4158290635748365,0,0.9257186716098114,4.52195760214991e-08,0
pred_001749,2025-09-27T10:59:00,v1,476.9623140549367,17,0.0225146394795462,847,2,3.962362026656769,0,0.7840766535751093,1.0797161308268918e-07,0
pred_001750,2025-09-27T11:30:00,v1,508.3104020004249,19,0.1269676412871551,514,1,41.79328730242933,0,0.5958718668248654,4.6341265346817795e-06,0
pred_001751,2025-09-27T11:45:00,v1,1287.5603914178532,21,0.1241923806569531,730,3,38.71786859014411,0,0.852026472472888,2.5553341074066043e-09,0
pred_001752,2025-09-27T12:16:00,v1,803.5404464698985,18,0.0765349956615964,234,0,0.1688900225658319,0,0.947638798910361,1.7372736940249404e-07,0
pred_001753,2025-09-27T12:56:00,v1,504.6867990389782,12,0.190331726456124,298,2,5.062635586072683,0,0.678526059616052,0.00010516798331990978,0
pred_001754,2025-09-27T13:07:00,v1,624.2609838343426,13,0.3341120792639856,711,2,0.3338922477128983,0,0.8923079089987302,3.0806337107504756e-07,0
pred_001755,2025-09-27T13:20:00,v1,956.4422874496498,11,0.1717180107257368,586,2,29.443604775053316,0,0.9493312541965884,1.2939849629453567e-07,0
pred_001756,2025-09-27T13:52:00,v1,1444.4941203217363,13,0.2042707860560485,524,3,14.392973592363372,0,0.891665050433106,9.109913708449975e-09,0
pred_001757,2025-09-27T14:05:00,v1,588.669146866374,20,0.2217390985781734,473,3,1.3828283289646677,1,0.7660487372509223,1.753509039681899e-05,0
pred_001758,2025-09-27T14:09:00,v1,1352.9585500791595,18,0.0804363143349076,301,2,8.505780518577813,0,0.5949113998897625,4.7986530187293226e-08,0
pred_001759,2025-09-27T14:40:00,v1,1484.579534736283,8,0.3098211922719899,443,2,14.38641158236672,0,0.9402212464202512,1.0531935265684348e-08,0
pred_001760,2025-09-27T14:49:00,v1,392.1344776276793,16,0.1326176401432899,451,4,12.497091243776502,0,0.7256371500447836,0.00029881731646220296,0
pred_001761,2025-09-27T15:00:00,v1,863.6755051349895,21,0.0419865192156972,453,3,0.4410295424482623,0,0.9384696539234884,2.3997604239385507e-07,0
pred_001762,2025-09-27T15:08:00,v1,365.566878614028,7,0.379431644947772,831,1,11.194860790948637,0,0.7867554893783728,1.2910094827224752e-06,0
pred_001763,2025-09-27T15:19:00,v1,646.2334633949422,13,0.372267697133668,783,2,17.079274265007356,0,0.777468934384026,3.481962417923944e-07,0
pred_001764,2025-09-27T15:44:00,v1,1388.301106959118,16,0.4435773079318265,595,1,21.051544079770075,0,0.7357283167923988,1.7327350162245267e-09,0
pred_001765,2025-09-27T16:08:00,v1,1159.685865877006,18,0.169606382476927,482,1,19.703948726258847,0,0.8597349176804816,7.998707161768971e-09,0
pred_001766,2025-09-27T16:27:00,v1,588.5716648390603,14,0.1847755490980983,806,0,9.537600923253706,1,0.8390374537804554,3.95522610346268e-08,0
pred_001767,2025-09-27T17:13:00,v1,1336.337140285911,13,0.1210143528897522,37,3,6.038249535186019,0,0.8846240862726914,1.9179887650749212e-06,0
pred_001768,2025-09-27T17:15:00,v1,654.3439403558114,13,0.1516055045822213,996,0,13.768473640506883,0,0.9874695008279872,8.900973358795106e-10,0
pred_001769,2025-09-27T17:27:00,v1,1683.052261901961,22,0.2167332451824074,906,1,24.2012397554636,0,0.733429284622056,1.7697429261920728e-12,0
pred_001770,2025-09-27T17:30:00,v1,2228.3771935775935,18,0.1489591831974224,699,1,12.26766136027862,0,0.9263658411038428,8.754035360274687e-14,0
pred_001771,2025-09-27T17:40:00,v1,1249.3915344750658,20,0.2193035614807389,954,3,9.266035958456373,1,0.7993862741031604,7.061003401158939e-10,0
pred_001772,2025-09-27T17:46:00,v1,818.1914334010874,19,0.0388437783959815,405,3,6.634222539761703,0,0.8553699742661762,1.2223559346331558e-06,0
pred_001773,2025-09-27T17:46:00,v1,831.7496593250473,11,0.4375102637928607,696,3,1.4209332413672535,0,0.8634540824040408,4.2455505931660197e-07,0
pred_001774,2025-09-27T17:51:00,v1,1161.8149235789997,7,0.0804068671120891,826,0,10.548596137766586,0,0.7139246744518664,3.8025074895441505e-10,0
pred_001775,2025-09-27T18:08:00,v1,1476.793629294763,16,0.2175094001943215,578,3,50.732785394620734,0,0.9090622851222038,7.887303505445967e-09,0
pred_001776,2025-09-27T18:09:00,v1,1923.5355888478848,21,0.2985891661161493,520,1,3.552085460207187,1,0.896282546195968,1.3997744158046868e-11,0
pred_001777,2025-09-27T18:14:00,v1,525.7992244137578,17,0.2398913723580805,288,0,4.14406151693397,0,0.7673851420895637,3.6627320299829882e-06,0
pred_001778,2025-09-27T18:26:00,v1,516.3741860561244,11,0.154816980139384,47,4,17.433808485252744,0,0.7578085076466498,0.014376111230972256,0
pred_001779,2025-09-27T18:48:00,v1,598.7310136565304,18,0.1766464919010296,779,3,37.467250497834456,0,0.7885309305337861,9.132384042844214e-07,0
pred_001780,2025-09-27T18:48:00,v1,1881.7237652917113,21,0.0688228562495138,245,3,30.756757682204753,1,0.8441959614299098,5.113064680330563e-09,0
pred_001781,2025-09-27T19:20:00,v1,1413.1718164555182,10,0.2400997617433699,373,4,7.045714710753322,0,0.8291678913440819,2.931766797943766e-07,0
pred_001782,2025-09-27T19:20:00,v1,515.0118527711606,20,0.0869026381176536,556,1,38.56866226532093,0,0.6574612630637295,1.6272603864359678e-06,0
pred_001783,2025-09-27T20:06:00,v1,2144.2469759734545,10,0.4171504782032512,548,3,7.400030870279784,0,0.7196266142513301,9.443969866279103e-11,0
pred_001784,2025-09-27T20:47:00,v1,690.7425309520895,17,0.1983248266382666,441,5,5.499014997640391,0,0.724518904248693,7.702943123741981e-05,0
pred_001785,2025-09-27T21:07:00,v1,717.5849492993412,8,0.1052378334687723,788,3,4.091958823828526,1,0.837401810686748,9.184603912405914e-07,0
pred_001786,2025-09-27T21:17:00,v1,1595.3319301186605,8,0.0488232153909804,277,0,24.435252263376576,0,0.6844020888466017,3.860855056081651e-09,0
pred_001787,2025-09-27T23:00:00,v1,984.8937467925168,22,0.1459515746206441,761,2,11.60536265685962,1,0.9215133020751752,5.723908683094351e-09,0
pred_001788,2025-09-27T23:20:00,v1,540.8336441028165,11,0.0827103269171559,650,0,3.3222949850536376,0,0.7669622094414494,1.316112411699812e-07,0
pred_001789,2025-09-28T00:18:00,v1,490.7324593086147,12,0.2892850207933518,408,3,19.62753194987135,0,0.8252062617646307,0.00014970099989288987,0
pred_001790,2025-09-28T00:19:00,v1,743.0529694175714,10,0.1382315713528907,208,4,7.943115789597938,0,0.4192953332751435,0.001252030481520927,0
pred_001791,2025-09-28T00:21:00,v1,1603.1592260923862,10,0.1618796061859493,593,3,16.98928445695006,0,0.6912283399202386,3.841713256048468e-09,0
pred_001792,2025-09-28T00:24:00,v1,1008.6247845290784,17,0.1239540810385609,997,1,3.010790916739997,0,0.8976288008778036,8.113994748355016e-11,0
pred_001793,2025-09-28T00:54:00,v1,1360.3431273174488,21,0.0857597198934885,498,1,22.299936814201967,0,0.8627699844162929,7.419812755385371e-10,0
pred_001794,2025-09-28T00:58:00,v1,950.1988214846522,13,0.2640616763371981,645,0,23.889123894037848,1,0.5936128626073701,5.601907893652346e-08,0
pred_001795,2025-09-28T01:23:00,v1,768.5086583666704,9,0.5629140715787985,505,0,34.039270131355146,0,0.6443402887793144,1.627487048220331e-06,0
pred_001796,2025-09-28T01:53:00,v1,1144.3239365441934,16,0.0637166876839517,130,1,15.43935835281376,0,0.839939140944939,3.038720615173805e-07,0
pred_001797,2025-09-28T02:30:00,v1,914.8359112985436,8,0.3173403061846345,652,0,0.2539916000737153,0,0.8322990450063029,1.23891610476548e-08,0
pred_001798,2025-09-28T02:53:00,v1,812.9275261346816,12,0.0897306931552199,925,1,1.007113595383891,0,0.9162799502100551,1.380367074213545e-09,0
pred_001799,2025-09-28T03:05:00,v1,880.2958857219318,9,0.2091697021796366,518,3,1.3151627867446087,1,0.9331894460620932,2.7285940258753732e-06,0
pred_001800,2025-09-28T03:23:00,v1,1379.1982151413588,14,0.1893287875666692,726,1,26.65482812779135,0,0.93111088609874,2.0627899121809636e-10,0
pred_001801,2025-09-28T03:33:00,v1,417.73467469212784,22,0.1006724579291018,39,1,40.45674594499637,0,0.7399129298463033,0.000405258469659063,0
pred_001802,2025-09-28T03:33:00,v1,581.9057105307884,10,0.1531571572032812,397,0,2.014945654560206,0,0.8207412721980256,1.3267497370723718e-06,0
pred_001803,2025-09-28T03:54:00,v1,825.0890648085533,8,0.0392547107640087,658,1,17.96695297230048,0,0.8451010825443978,6.36491752544134e-08,0
pred_001804,2025-09-28T03:59:00,v1,1821.1434309738956,8,0.4240674291738997,255,1,25.73157074475545,0,0.7255685909912104,5.755601111028185e-09,0
pred_001805,2025-09-28T04:07:00,v1,795.9227540735409,20,0.1058928410018491,908,2,35.89955807182223,0,0.8614157095714318,7.085695599170964e-09,0
pred_001806,2025-09-28T04:35:00,v1,2276.2728308848273,13,0.1579102314343035,860,2,40.92880980711291,0,0.9082069554918316,2.070282277439563e-13,0
pred_001807,2025-09-28T05:39:00,v1,467.07429940109665,15,0.0756106622371756,683,3,3.2429156452153,0,0.3504033569190762,1.3916108070191527e-05,0
pred_001808,2025-09-28T06:09:00,v1,1061.4720929642033,22,0.2268988693218144,117,2,39.42713478238985,0,0.6658367149597545,5.440863350348059e-06,0
pred_001809,2025-09-28T06:24:00,v1,1133.2922575959683,12,0.2695626342605205,952,0,0.1580397498143395,0,0.9639899392744808,3.113731037978044e-11,0
pred_001810,2025-09-28T06:33:00,v1,2190.7996359959025,22,0.2360493769957508,310,2,9.453760890927104,0,0.9322566583069666,1.2133323848477692e-11,0
pred_001811,2025-09-28T06:36:00,v1,1320.9805026128065,22,0.2730482608476886,977,2,4.757046458211844,0,0.586781384058125,5.6700846670080395e-11,0
pred_001812,2025-09-28T06:48:00,v1,377.0644492636518,21,0.2514464239640012,178,4,2.34411977924093,0,0.8690359655064492,0.0015142299337067482,0
pred_001813,2025-09-28T08:17:00,v1,293.41751892234083,21,0.1309062125493593,873,0,70.29121097859465,0,0.9164558659464812,1.2896016704180566e-07,0
pred_001814,2025-09-28T08:27:00,v1,431.1412688066308,17,0.0706384003296455,136,5,10.64594847322322,0,0.884501221828973,0.006598297887548606,0
pred_001815,2025-09-28T08:28:00,v1,505.9232375937714,10,0.1055667204570938,367,2,12.337054691028408,0,0.8281500216911815,4.109799523434381e-05,0
pred_001816,2025-09-28T08:39:00,v1,703.1498848147565,10,0.053810188587153,406,2,28.88386017739651,0,0.9271131340233046,5.717947159648693e-06,0
pred_001817,2025-09-28T09:28:00,v1,849.7443494523179,19,0.382064374656453,869,2,2.4402126412072036,0,0.9488332772652056,4.093864998687351e-09,0
pred_001818,2025-09-28T10:02:00,v1,3009.0638364222896,15,0.3841724174639001,837,1,31.380239894854668,0,0.8248016620937892,2.7505867237797615e-16,0
pred_001819,2025-09-28T10:09:00,v1,667.1791141133981,10,0.1021274959583036,125,3,1.4739810678689766,0,0.8711760964733287,0.00024773135340003727,0
pred_001820,2025-09-28T10:21:00,v1,1046.7882367730715,19,0.077093465121662,244,1,19.890763176366573,1,0.7550429384686346,6.034861819658282e-07,0
pred_001821,2025-09-28T10:46:00,v1,1511.9737897523505,13,0.2459373162297559,771,3,48.18873396587905,0,0.948703708571253,1.126844214763116e-09,0
pred_001822,2025-09-28T11:36:00,v1,1863.9545732734969,11,0.3458686645297956,489,2,6.393681926537231,0,0.9400422118420402,1.6611581115908486e-10,0
pred_001823,2025-09-28T11:51:00,v1,858.2105217382535,22,0.3536297195293947,493,1,22.745081813002617,0,0.7209378710570774,1.3459514303032623e-07,0
pred_001824,2025-09-28T11:59:00,v1,1172.1443487801048,9,0.0805579360173081,140,1,0.1091747624971633,0,0.7529764041105793,5.368793784266972e-07,0
pred_001825,2025-09-28T12:39:00,v1,1590.7604958126435,11,0.2910065321722713,959,3,0.502895511204295,1,0.5949719707835627,2.925518791748488e-10,0
pred_001826,2025-09-28T12:49:00,v1,1874.9340098490857,12,0.1359706840557517,592,0,7.782570148102557,0,0.8881103247706319,3.3011687815123096e-12,0
pred_001827,2025-09-28T12:54:00,v1,2065.522710783823,17,0.2169315639849766,279,0,2.7419384678366514,0,0.9686753413221896,6.250892058263806e-12,0
pred_001828,2025-09-28T13:00:00,v1,890.5038213504545,10,0.2929026679079436,106,3,1.986640350582621,0,0.8854060260642856,7.63165375385576e-05,0
pred_001829,2025-09-28T13:20:00,v1,1149.7457974909955,9,0.2240119408039021,392,3,4.870637221575523,0,0.7127156682422141,1.0128552345167317e-06,0
pred_001830,2025-09-28T13:50:00,v1,1543.395632586524,21,0.097966728757089,823,2,4.0210130815731135,0,0.6081377170326311,2.9357396712018155e-11,0
pred_001831,2025-09-28T14:22:00,v1,716.5220772832109,11,0.1837875238795376,265,0,9.983196605607832,0,0.6253375083282466,4.03922398527635e-06,0
pred_001832,2025-09-28T14:23:00,v1,486.12720096653914,9,0.1391520014041021,144,2,15.980251954814683,0,0.5969545324397395,0.0014760872410793655,0
pred_001833,2025-09-28T14:29:00,v1,457.73669934144294,13,0.0599272679616792,673,0,38.427344956843406,0,0.5009224026967335,1.1163625729223742e-06,0
pred_001834,2025-09-28T14:29:00,v1,1510.5994259387514,13,0.089319110783792,370,3,13.675597070038132,1,0.7567534509070251,8.100228098317707e-08,0
pred_001835,2025-09-28T14:46:00,v1,46.889393809709496,5,0.5846462035639309,3,5,241.3270484199059,0,0.3135012305494616,0.9999919377038868,1
pred_001836,2025-09-28T14:48:00,v1,1228.6095218649723,20,0.3462005609003589,899,2,15.421569287968383,0,0.7102461342378211,3.8209539449967145e-10,0
pred_001837,2025-09-28T16:10:00,v1,882.0427987998349,11,0.1883683097755424,898,2,7.372661073596799,0,0.6601656600604868,1.503934453539238e-08,0
pred_001838,2025-09-28T16:31:00,v1,552.4787566132718,10,0.1239522577354748,321,1,7.672465129207917,0,0.705304388953517,1.9543507826646e-05,0
pred_001839,2025-09-28T16:39:00,v1,1288.7229720807422,22,0.0696055917182043,573,1,5.559104149388801,0,0.9031356513486816,2.6633968235000606e-10,0
pred_001840,2025-09-28T17:41:00,v1,1116.9793081048776,17,0.1815765413199734,171,3,21.367451550652483,0,0.6423300890518315,7.397194830779571e-06,0
pred_001841,2025-09-28T18:20:00,v1,700.8060901502258,22,0.2077969638850676,361,1,9.726246051137066,0,0.8040610672777097,6.290284115188922e-07,0
pred_001842,2025-09-28T19:00:00,v1,298.7991462121727,7,0.009375294159281,885,2,25.617424487312405,0,0.9918299733706898,1.2171560697438965e-06,0
pred_001843,2025-09-28T19:23:00,v1,1660.8463895868488,16,0.2009604356114107,867,1,2.708039654308445,0,0.7673190011046804,3.287055581177305e-12,0
pred_001844,2025-09-28T20:14:00,v1,1580.0619506761846,17,0.287980367618539,265,3,4.34031518306761,0,0.7819260792451275,3.0828013660202166e-08,0
pred_001845,2025-09-28T20:19:00,v1,187.62616096689965,23,0.7810793647447023,64,8,38.032803425690105,1,0.0771881328103476,0.9989720963993687,1
pred_001846,2025-09-28T20:40:00,v1,653.5662465432121,14,0.20021713827915,39,0,8.293587068530949,0,0.5461065831809251,5.6003589021486336e-05,0
pred_001847,2025-09-28T20:54:00,v1,372.612419933517,21,0.2640141864452843,548,2,10.808616768480109,0,0.7021122403093119,8.848700572781467e-06,0
pred_001848,2025-09-28T21:20:00,v1,699.8980391779709,8,0.3601611880977169,527,5,19.77607911559283,1,0.7071229660809345,0.0007595630250863871,0
pred_001849,2025-09-28T21:35:00,v1,738.421241649271,10,0.1205806294986302,681,1,23.37605854850232,0,0.9171408443320904,8.598260158067619e-08,0
pred_001850,2025-09-28T21:37:00,v1,1120.362752556803,7,0.3967839546175589,253,1,15.75294212467644,0,0.9450395926844096,6.415891244783869e-07,0
pred_001851,2025-09-28T21:44:00,v1,834.6132539164165,13,0.6426980734775248,319,1,44.20101401271715,0,0.8358687932866028,9.450766848157163e-06,0
pred_001852,2025-09-28T21:47:00,v1,652.5958421345815,18,0.1125893379267188,836,1,5.801664383540263,0,0.6352246141253644,1.7553406803022828e-08,0
pred_001853,2025-09-28T21:54:00,v1,979.5208060515424,16,0.0867303394960931,749,1,17.137510525378918,0,0.924400428336656,1.8638800159673238e-09,0
pred_001854,2025-09-28T22:00:00,v1,1061.8503724280872,15,0.2943960842248109,246,3,19.77971961501543,0,0.746675147807476,6.359307054600059e-06,0
pred_001855,2025-09-28T22:07:00,v1,680.9121352699764,8,0.2638494896145013,602,1,0.7340440302466125,0,0.5450651245085748,1.0993777235137668e-06,0
pred_001856,2025-09-28T22:44:00,v1,609.9825512734759,18,0.2282393655070291,495,1,57.02702121779702,0,0.4480679973017584,9.992820933858663e-06,0
pred_001857,2025-09-28T22:49:00,v1,1040.1490808282974,20,0.5281236662847667,479,3,20.60295469092366,0,0.7428638519361143,6.581133525096751e-07,0
pred_001858,2025-09-28T22:58:00,v1,337.6355086902355,21,0.1538229813632081,761,4,11.051479447755172,0,0.7372340602684103,9.537477741980825e-06,0
pred_001859,2025-09-28T23:08:00,v1,542.5451637864767,21,0.060709172665424,976,2,8.339906604155917,0,0.9346155500596192,7.085777658886799e-09,0
pred_001860,2025-09-28T23:19:00,v1,1052.923861026459,10,0.0412632493394072,636,2,0.0309793048006298,0,0.9699645168951898,1.099350556009361e-08,0
pred_001861,2025-09-28T23:19:00,v1,1440.236488813912,20,0.3057120765255477,34,0,63.49491345811518,0,0.8582127960433369,9.620818055037631e-08,0
pred_001862,2025-09-28T23:36:00,v1,1491.1357868049593,9,0.4033585762695825,568,1,8.724188745946531,0,0.9144803099956248,8.860955517557968e-10,0
pred_001863,2025-09-28T23:58:00,v1,930.7607674854474,7,0.0786622160749911,473,4,39.10285581674527,0,0.7035145855917971,2.3744849192429383e-05,0
pred_001864,2025-09-29T00:28:00,v1,325.4144435471205,17,0.1191487510807537,486,1,4.0471411509461435,0,0.7511079003708288,6.360156335475536e-06,0
pred_001865,2025-09-29T00:30:00,v1,749.0651623666912,13,0.2736974730819932,517,0,5.444612928670346,0,0.6808456646568384,1.6298023947003408e-07,0
pred_001866,2025-09-29T00:38:00,v1,607.3650097214708,22,0.0765089947641748,715,2,22.635774093138007,0,0.7510697556540248,1.573826746043663e-07,0
pred_001867,2025-09-29T01:19:00,v1,841.4334871291006,19,0.3328476094362547,662,0,23.848283804230228,0,0.7480818828588043,1.201118662130317e-08,0
pred_001868,2025-09-29T02:25:00,v1,693.9376954128729,9,0.1528835675647068,434,1,6.064116368340658,0,0.7672836858730705,1.8721434601385379e-06,0
pred_001869,2025-09-29T02:37:00,v1,1059.8067781966663,11,0.1563272616452805,377,2,28.820644053176412,0,0.8443863407083845,6.302314111755207e-07,0
pred_001870,2025-09-29T02:41:00,v1,1422.1387611923867,21,0.2379186053993721,338,1,17.93832280481714,0,0.9303084629225682,2.277523218612339e-09,0
pred_001871,2025-09-29T03:05:00,v1,1268.1176241980447,11,0.133922739322694,327,3,16.748477119095657,0,0.7716220800185913,5.177660017771222e-07,0
pred_001872,2025-09-29T03:38:00,v1,1741.0305548864812,19,0.2172226896151566,665,2,2.315116148886491,0,0.7424765332478775,3.0721407351748697e-11,0
pred_001873,2025-09-29T04:00:00,v1,668.9093693881109,11,0.3874121534288504,422,1,13.045014028671677,1,0.7899844306151451,1.0986591319300641e-05,0
pred_001874,2025-09-29T04:01:00,v1,943.1198593165803,7,0.0670295527575789,932,2,36.50731535901274,0,0.8664788143469313,1.0089493090211472e-08,0
pred_001875,2025-09-29T04:01:00,v1,2159.3094493863746,12,0.1064185413914643,230,1,39.64838302815286,0,0.736066655609731,1.736836282888308e-10,0
pred_001876,2025-09-29T04:33:00,v1,1632.164210558008,12,0.0897543100180169,217,4,31.021192586039778,0,0.8210429057690807,2.6246669386795203e-07,0
pred_001877,2025-09-29T05:08:00,v1,442.1111324759727,11,0.2310923365486034,475,5,43.57855937412844,0,0.8994756881621417,0.00188477609043126,0
pred_001878,2025-09-29T05:32:00,v1,814.1208957119022,9,0.1414145329271302,51,2,20.926288527935508,0,0.9641771242860278,8.231122541496925e-05,0
pred_001879,2025-09-29T05:38:00,v1,1474.7400262336216,7,0.1257173557686179,83,1,6.5349987331204655,0,0.6588900528687944,2.0787151486539933e-07,0
pred_001880,2025-09-29T05:40:00,v1,263.49217174365634,0,0.5675756039943912,189,7,66.74253011471336,1,0.2204489412230195,0.9991044177614816,1
pred_001881,2025-09-29T05:49:00,v1,133.13575453672385,22,0.540762443302369,191,6,66.58459319657572,1,0.5178466873872364,0.9275537525174284,1
pred_001882,2025-09-29T06:52:00,v1,1938.534278655657,12,0.3818999790449471,362,1,4.061176906932165,1,0.7396873923278517,4.976128976339204e-10,0
pred_001883,2025-09-29T07:06:00,v1,1430.4152626178145,18,0.1530174048214981,731,1,19.292806395019305,0,0.8639723203004054,6.65074784507145e-11,0
pred_001884,2025-09-29T07:18:00,v1,1726.1989533255742,7,0.179832169492948,78,3,8.614566380655065,0,0.5285821273272163,5.69064910572666e-07,0
pred_001885,2025-09-29T07:25:00,v1,1742.8940151106387,10,0.4857145224250741,410,2,5.953031031297407,0,0.8058419983166828,2.6032292258124478e-09,0
pred_001886,2025-09-29T07:26:00,v1,727.0732216942391,9,0.0225311141581308,433,2,3.3740467893049426,0,0.7483210798519594,3.2814058723626586e-06,0
pred_001887,2025-09-29T07:28:00,v1,419.50037492089945,3,0.5101778926040307,148,9,501.5385359729124,1,0.343489429327513,0.9999999992336055,1
pred_001888,2025-09-29T08:50:00,v1,1252.980239211686,8,0.228179081008802,457,2,1.5338034752252228,0,0.8699532216717183,4.2293035040044444e-08,0
pred_001889,2025-09-29T09:09:00,v1,1031.012671279513,14,0.1229759328654022,444,1,12.501288340224017,0,0.8918537501001645,3.796925066791188e-08,0
pred_001890,2025-09-29T09:40:00,v1,647.658194257732,11,0.2529090593220802,272,2,12.498155554894671,0,0.6581686025918944,7.837738899941704e-05,0
pred_001891,2025-09-29T09:46:00,v1,875.5999504340169,9,0.2866143290155037,827,1,17.940659338972466,0,0.8684309097228456,1.1430647799613601e-08,0
pred_001892,2025-09-29T09:48:00,v1,632.7939524159259,22,0.0608122456223424,219,1,2.641015918202392,1,0.5557289736984902,1.6768435313555516e-05,0
pred_001893,2025-09-29T10:06:00,v1,872.5625937167069,14,0.2490727558268876,874,3,34.5182655027036,0,0.8285495942850006,6.398752018296746e-08,0
pred_001894,2025-09-29T11:08:00,v1,633.4373550517873,18,0.1012335147363993,955,4,13.168390891707848,0,0.7404434591347655,1.7269092632352362e-07,0
pred_001895,2025-09-29T11:40:00,v1,950.8066448174544,7,0.0805764720359688,741,1,4.5933298527052235,0,0.860993909556695,7.920459922408832e-09,0
pred_001896,2025-09-29T11:46:00,v1,899.6769032881549,21,0.2133153814291006,52,3,37.727904834737224,0,0.9178780551447144,5.432640640646361e-05,0
pred_001897,2025-09-29T12:11:00,v1,729.9828780797119,15,0.0325111502085052,163,0,16.09144759612307,0,0.8787514914782091,1.8810483389882438e-06,0
pred_001898,2025-09-29T12:21:00,v1,2590.8140644898635,13,0.0389900587744375,829,3,45.74304433628644,1,0.995399536189091,1.2013950707494686e-13,0
pred_001899,2025-09-29T12:44:00,v1,1596.6188556047523,17,0.2293996140846583,245,2,8.166289834595561,0,0.9298509479303708,5.854899417772234e-09,0
pred_001900,2025-09-29T13:22:00,v1,501.59036223728714,20,0.1835678261721446,675,1,21.609820978262196,0,0.6734137667380922,3.8962074306149466e-07,0
pred_001901,2025-09-29T14:41:00,v1,776.7240517606384,21,0.1578012354422702,508,1,13.232636286224878,0,0.8681377225766095,6.942020823314175e-08,0
pred_001902,2025-09-29T14:48:00,v1,134.01104061189315,4,0.4285249495680724,98,6,29.85222703167151,0,0.1568222620635707,0.9930578028513629,1
pred_001903,2025-09-29T14:53:00,v1,637.0514179720275,14,0.3719065110991473,886,0,4.591091451458564,0,0.8121778992957926,6.6281113570112e-09,0
pred_001904,2025-09-29T14:59:00,v1,874.7133245698416,17,0.2797887058844417,476,2,48.390040668504625,1,0.464060567550117,1.1690505699193654e-05,0
pred_001905,2025-09-29T15:07:00,v1,1065.617219634223,18,0.2063202888992012,196,2,0.3876733608295137,0,0.8610978115508366,5.9554930421934e-07,0
pred_001906,2025-09-29T15:34:00,v1,429.23029782330815,21,0.0388194512208306,473,0,6.547478975114873,1,0.7736275345137021,1.1956416440377325e-06,0
pred_001907,2025-09-29T15:39:00,v1,573.2153820029835,10,0.036850700777568,758,1,9.583941464746845,0,0.8486140941053183,1.0217239986641527e-07,0
pred_001908,2025-09-29T16:29:00,v1,628.0565913545934,13,0.2956503360171699,135,3,0.8493777722956556,0,0.929686407494414,0.0002592106249118154,0
pred_001909,2025-09-29T16:35:00,v1,2074.296855019946,9,0.1887360903856457,906,1,14.386325044307922,0,0.6283314670938477,4.841693739026496e-13,0
pred_001910,2025-09-29T16:38:00,v1,1619.1714133282053,17,0.1277215090829465,598,1,4.150971050366749,1,0.9184786421169392,8.304356386404151e-11,0
pred_001911,2025-09-29T17:22:00,v1,629.2926811696396,12,0.1083567020590224,185,0,1.4294175829555962,0,0.8487488058132665,4.536620110208026e-06,0
pred_001912,2025-09-29T18:47:00,v1,1286.02854084387,11,0.2105219549892544,940,4,39.0915601625733,0,0.716218844427205,8.793021528182214e-09,0
pred_001913,2025-09-29T18:57:00,v1,853.0571017953489,14,0.2041436162555453,605,2,4.69900966960349,0,0.9250033473201744,8.799259861918855e-08,0
pred_001914,2025-09-29T19:23:00,v1,1172.934705796095,9,0.1220151026162098,819,3,68.33683282591801,1,0.6419574000590125,2.1940489545664567e-07,0
pred_001915,2025-09-29T19:42:00,v1,88.72440171970003,2,0.553675554128476,72,13,14.562911194675028,0,0.0761241794822128,0.9999993199062032,1
pred_001916,2025-09-29T19:46:00,v1,1184.7520471601026,13,0.2011972904218414,148,1,3.46728153973972,0,0.9608460811769384,1.7915578365521744e-07,0
pred_001917,2025-09-29T20:24:00,v1,1804.39179582189,9,0.1598411991818843,627,1,8.667855581099765,0,0.7258846281316623,4.005378114567257e-11,0
pred_001918,2025-09-29T20:41:00,v1,997.4911067498848,16,0.1077844382789903,506,0,10.876879823395877,0,0.8801115784667854,5.910781389316097e-09,0
pred_001919,2025-09-29T20:58:00,v1,607.4540011510022,21,0.0558195857099077,382,3,20.71343673193359,0,0.429760488373017,4.753156134512501e-05,0
pred_001920,2025-09-29T21:18:00,v1,1492.9980304881867,11,0.2461963638302475,747,3,5.667095023362425,0,0.7253629436300825,1.3295746720512414e-09,0
pred_001921,2025-09-29T21:44:00,v1,1353.7925874474645,18,0.432064933670328,167,2,1.1179313246922746,0,0.600223778633436,3.518935524906569e-07,0
pred_001922,2025-09-29T22:07:00,v1,579.48152290958,16,0.27816040237952,56,3,9.411807652422793,0,0.9188037124972628,0.00071614412909446,0
pred_001923,2025-09-29T22:17:00,v1,283.3857579123037,16,0.238566512775508,442,2,41.547631175017784,0,0.8300546464554353,0.00017050668108894732,0
pred_001924,2025-09-29T22:17:00,v1,1294.7030915080063,15,0.1600834239300124,184,1,18.673841084857887,0,0.8067538840950569,9.521772880074293e-08,0
pred_001925,2025-09-29T22:26:00,v1,748.8038125139286,7,0.0998653074996126,370,1,11.571337742679194,0,0.7854327289734003,2.9693520071833254e-06,0
pred_001926,2025-09-29T22:52:00,v1,1625.3505564688285,21,0.0904170350213673,191,3,18.261222051200654,0,0.966045104272806,1.2119883352601019e-08,0
pred_001927,2025-09-29T22:54:00,v1,494.784957871299,14,0.0732146640351493,678,2,13.536001918567692,0,0.9283751316577568,7.277867953207928e-07,0
pred_001928,2025-09-29T22:55:00,v1,944.2349775941822,15,0.3578500917668072,853,4,4.221227262237612,1,0.8635352521429781,1.5181610119123988e-07,0
pred_001929,2025-09-29T23:11:00,v1,651.7218743658203,19,0.3981745912596421,773,2,15.661998790625937,0,0.7253056193568189,1.8930399815649718e-07,0
pred_001930,2025-09-29T23:23:00,v1,1239.6272596750275,15,0.0583605797685908,394,1,2.5840632941797765,0,0.9944284114527148,4.287971188020326e-09,0
pred_001931,2025-09-29T23:33:00,v1,1066.6460342410742,21,0.2093307799834052,273,2,0.9453232105719582,0,0.7453194899595368,2.720236312583872e-07,0
pred_001932,2025-09-29T23:41:00,v1,1540.9311634739454,7,0.4255717988715827,505,6,5.033338576409656,0,0.6318247711584905,1.3361046190783344e-06,0
pred_001933,2025-09-29T23:52:00,v1,312.8249540482977,1,0.683782302831254,22,8,19.03065316834038,0,0.3021856606519755,0.9989329462050419,1
pred_001934,2025-09-30T00:12:00,v1,947.0779368741794,15,0.2328610947480869,245,1,11.096855893790512,0,0.7051611843989022,1.1963480203618967e-06,0
pred_001935,2025-09-30T00:29:00,v1,754.3632251959676,12,0.2306012949827528,214,0,47.83621324626615,0,0.797348493819693,8.479232283864235e-06,0
pred_001936,2025-09-30T01:45:00,v1,437.013224211054,7,0.0639369618872419,489,0,3.061689495343374,0,0.9417837781050068,1.4119247722095943e-06,0
pred_001937,2025-09-30T01:55:00,v1,701.2337875927012,14,0.0646515670576798,516,3,15.767247475975418,0,0.8805292865497943,2.7785197781899735e-06,0
pred_001938,2025-09-30T02:02:00,v1,127.79220132651211,4,0.751288396931773,25,6,24.23558480885524,1,0.5501960523972803,0.9975140045504629,1
pred_001939,2025-09-30T02:05:00,v1,1117.8318081229406,9,0.11850402315718,484,1,7.267698107881801,0,0.7650930847286674,3.421893934991588e-08,0
pred_001940,2025-09-30T02:22:00,v1,545.4121888078937,23,0.5805034246614841,172,6,84.34662868686993,1,0.1992409910346413,0.7364233339327502,1
pred_001941,2025-09-30T02:24:00,v1,1029.5110226914032,13,0.0418857352317941,559,0,3.9592592862792193,0,0.8352802070022537,3.3045346802695175e-09,0
pred_001942,2025-09-30T03:02:00,v1,2092.779690017602,18,0.3777258213879349,184,0,21.53496350179156,0,0.6762175150214346,8.671524652421532e-11,0
pred_001943,2025-09-30T04:04:00,v1,510.3901992738762,9,0.1310749563393452,483,1,3.789561500288066,0,0.9384577955298268,2.4365908139921103e-06,0
pred_001944,2025-09-30T04:11:00,v1,951.7407308682948,13,0.045744989225288,607,2,0.2208689683928894,1,0.6825904267963171,1.681536917222491e-07,0
pred_001945,2025-09-30T05:22:00,v1,912.2755921166772,21,0.1420009063484161,220,3,25.87868334419545,0,0.4906011477839982,2.390889197135998e-05,0
pred_001946,2025-09-30T05:22:00,v1,1608.675537914071,20,0.3189344154644321,170,1,21.79430974613124,0,0.8883818038876908,5.051824634503602e-09,0
pred_001947,2025-09-30T05:31:00,v1,818.4672540357652,14,0.4439869055015091,585,3,21.827886833067183,0,0.7601555966306434,2.5981079745820604e-06,0
pred_001948,2025-09-30T06:10:00,v1,1395.4856417962403,21,0.3822312120836812,790,3,1.740009232283661,1,0.9778307453839912,6.149316321693373e-10,0
pred_001949,2025-09-30T07:02:00,v1,629.065553575323,20,0.0516308115239094,208,3,21.984448788663062,0,0.6631129958849455,0.00011928696820914382,0
pred_001950,2025-09-30T07:40:00,v1,6066.4426077788485,8,0.0083729992857654,204,3,13.756515498014666,0,0.6556028930802048,2.8713784991976284e-23,0
pred_001951,2025-09-30T07:57:00,v1,930.1187588291804,11,0.3866520173729943,508,1,7.492208710506214,1,0.6655463241756248,7.188777124267304e-07,0
pred_001952,2025-09-30T08:29:00,v1,806.0084349291741,13,0.1695380651650787,765,0,5.86590876763666,0,0.9160032297208364,2.812346876854487e-09,0
pred_001953,2025-09-30T08:30:00,v1,598.2662486960121,7,0.2660001643538267,49,2,5.156346642675461,0,0.9634529169181164,0.0005504204755294575,0
pred_001954,2025-09-30T08:40:00,v1,202.96569917634443,10,0.0589926255373376,824,4,10.51319895195283,0,0.7743302871294049,5.08326410648912e-05,0
pred_001955,2025-09-30T09:03:00,v1,574.8406357616063,12,0.1325139707139161,880,1,16.686408323668676,1,0.8608284119919686,9.131482020501197e-08,0
pred_001956,2025-09-30T09:06:00,v1,1911.7395139369933,7,0.0924292019817743,83,0,0.1608677988397663,0,0.6290101526348896,1.5369792877115018e-09,0
pred_001957,2025-09-30T09:42:00,v1,404.22267694970446,7,0.1003167997868978,294,2,6.145719598481765,0,0.8592532234897111,0.00022172215826685884,0
pred_001958,2025-09-30T09:49:00,v1,1597.9005020972809,10,0.4139999715962336,756,3,7.185605398615291,0,0.5573533279962749,1.750215760837985e-09,0
pred_001959,2025-09-30T09:58:00,v1,1125.8736086488725,7,0.0518856781031547,184,2,21.54429938933952,0,0.7926274183656089,3.397352177469241e-06,0
pred_001960,2025-09-30T10:40:00,v1,812.2698193930335,22,0.0935477298705678,328,1,30.702116120315463,0,0.9250416886518598,3.2939530325218297e-07,0
pred_001961,2025-09-30T10:50:00,v1,1820.6133960202849,20,0.2003881096264926,342,1,19.357491448792267,0,0.8709796447070425,1.154416850109819e-10,0
pred_001962,2025-09-30T11:32:00,v1,686.9205333004933,19,0.2078173293480106,325,4,35.64764351609762,0,0.8011020456395315,0.00011829290805316238,0
pred_001963,2025-09-30T12:15:00,v1,1200.133398492014,18,0.1011905143350084,604,2,12.310917214269129,0,0.9875536664112976,2.2853025881868632e-09,0
pred_001964,2025-09-30T12:16:00,v1,910.9817426851464,15,0.2822904951588109,240,1,3.945440408672372,0,0.8056439601293668,1.0707800694210815e-06,0
pred_001965,2025-09-30T12:47:00,v1,338.55852352340645,19,0.124010317827116,446,0,38.34371617651835,0,0.8361424053198729,4.309162599694452e-06,0
pred_001966,2025-09-30T13:19:00,v1,783.1972076919981,16,0.3001230418207666,577,0,53.944468232293936,0,0.8767914282777729,1.043129229891837e-07,0
pred_001967,2025-09-30T13:35:00,v1,1345.7486170318275,21,0.1031824202107784,824,2,9.181976324178194,0,0.8168015014007804,8.213252522548741e-11,0
pred_001968,2025-09-30T14:20:00,v1,829.3618174287573,13,0.0671912085080673,310,1,0.6636201666082076,0,0.4204612599326235,2.8448913689745212e-06,0
pred_001969,2025-09-30T15:04:00,v1,877.2463892103253,21,0.0701840835910623,569,2,3.027878354660089,0,0.7553731330650834,4.638400170421988e-08,0
pred_001970,2025-09-30T15:19:00,v1,1022.924157866075,13,0.2953413452876818,505,1,2.744932865366844,0,0.8709800350417443,3.128423568953456e-08,0
pred_001971,2025-09-30T15:34:00,v1,121.54571698414836,5,0.8033846188808836,66,9,169.87024172000162,1,0.350414699145801,0.999999423756296,1
pred_001972,2025-09-30T16:10:00,v1,662.2644409109167,9,0.2289715657585841,891,2,6.1831633441888,0,0.8903760252511519,6.080221229484881e-08,0
pred_001973,2025-09-30T16:28:00,v1,486.31849450035537,12,0.1256655160819272,729,2,0.0075837832159045,0,0.919814284828741,4.82673375872366e-07,0
pred_001974,2025-09-30T16:53:00,v1,345.6560652396609,19,0.2803019124994207,569,4,1.0293960947143144,0,0.8669147452752992,5.2763196697947084e-05,0
pred_001975,2025-09-30T17:15:00,v1,392.1587263213638,15,0.0542107800212622,343,1,23.43374076922472,0,0.8074967271374156,2.6472247544719108e-05,0
pred_001976,2025-09-30T18:01:00,v1,1244.3237100469348,22,0.3055898361214898,891,2,0.9948202340536468,0,0.9345804103774048,7.033534097549531e-11,0
pred_001977,2025-09-30T18:03:00,v1,852.464690437374,11,0.1282997268564951,345,1,6.51045895118571,1,0.8545993680340328,1.7924584796357919e-06,0
pred_001978,2025-09-30T18:19:00,v1,1524.3211626369775,14,0.1686768980516986,524,0,2.1024375303008087,0,0.9580690814222412,6.056469010554579e-11,0
pred_001979,2025-09-30T18:30:00,v1,431.7513493217672,22,0.0746230910829484,910,1,24.416343311161977,0,0.8743253176624207,1.9359748261538272e-08,0
pred_001980,2025-09-30T18:51:00,v1,1659.1549833382458,15,0.2602377398092503,303,1,19.17763683751176,0,0.7735472330831749,2.168511962660152e-09,0
pred_001981,2025-09-30T19:11:00,v1,962.3863431490696,21,0.2943529819012416,77,1,5.2829663992638976,0,0.6589036107643125,2.7653376916462167e-06,0
pred_001982,2025-09-30T19:13:00,v1,1502.7741277858631,7,0.2715291523643027,683,2,8.73028037197888,0,0.7023460861903694,1.659776392515358e-09,0
pred_001983,2025-09-30T19:19:00,v1,805.7059226727325,11,0.1389955414232317,727,3,13.127216796542578,0,0.6484317757490003,5.570469087357933e-07,0
pred_001984,2025-09-30T19:30:00,v1,875.6154312664358,21,0.5569045931705858,897,2,21.66690595592671,0,0.362155446577432,4.31489407274195e-08,0
pred_001985,2025-09-30T20:00:00,v1,767.8200529118521,15,0.1454920791377193,813,1,19.228466854074284,0,0.6769582535692316,1.9051196155133336e-08,0
pred_001986,2025-09-30T20:07:00,v1,564.6536443978435,9,0.143521650040033,332,0,14.496387450792346,0,0.7840244413298618,5.582506268672763e-06,0
pred_001987,2025-09-30T20:09:00,v1,1433.7383177970382,21,0.4475004452987302,577,0,61.714012504945075,0,0.5399793719186999,1.548482923621839e-09,0
pred_001988,2025-09-30T20:31:00,v1,505.364086985366,10,0.2695712831488394,719,2,5.614126558913837,0,0.6575929044363706,2.6822075210555044e-06,0
pred_001989,2025-09-30T21:56:00,v1,1013.5459091516658,13,0.1005406171900958,877,3,0.2967952599745766,1,0.9470548073736454,9.602097043489797e-09,0
pred_001990,2025-09-30T22:01:00,v1,1064.4538993471756,21,0.1849076104740849,783,1,9.68062174817949,0,0.8374258548729655,4.4400530068919515e-10,0
pred_001991,2025-09-30T22:03:00,v1,761.1734165574944,10,0.0812390553826234,550,1,25.51055594484487,0,0.5154948410218183,1.0884252996421001e-06,0
pred_001992,2025-09-30T22:12:00,v1,1845.6451310970544,8,0.1524711779278284,936,3,8.702773837750334,0,0.923780907817925,7.346908650104362e-12,0
pred_001993,2025-09-30T22:35:00,v1,1652.53761268902,18,0.2051893322286443,896,3,2.608918936572022,0,0.9300226723796738,1.1448778095900905e-11,0
pred_001994,2025-09-30T22:38:00,v1,698.5667066427653,15,0.2514669562240066,655,4,28.413647139962418,0,0.7045293890084325,8.690530461371416e-06,0
pred_001995,2025-09-30T22:53:00,v1,722.141800662026,18,0.1316015881405583,957,2,17.042849739340156,0,0.627444245955548,1.4468062116068783e-08,0
pred_001996,2025-09-30T23:16:00,v1,678.0072257140312,15,0.1681012835993649,370,5,0.7969665411152069,0,0.9740791154550498,7.67592240312144e-05,0
pred_001997,2025-09-30T23:52:00,v1,1750.342308690168,20,0.0991063480239566,905,2,2.4426264937470146,0,0.8036228084297738,1.304695345426061e-12,0
pred_001998,2025-10-01T00:12:00,v1,1572.0957772974086,20,0.1516537769944716,967,3,10.630564297719346,0,0.848044001735368,1.208235388325667e-11,0
pred_001999,2025-10-01T01:24:00,v1,758.5772918258492,10,0.164266179739882,155,1,2.6373082597408084,0,0.869481465643599,1.025020496672128e-05,0
pred_002000,2025-10-01T01:27:00,v1,764.5921351101192,14,0.0890878301060592,795,2,9.593107194917422,0,0.817450219034139,3.393473600100185e-08,0
pred_002001,2025-10-01T01:28:00,v1,931.8093318377198,15,0.0413888389495864,281,4,7.799831588542026,0,0.7700701905228485,1.3808783449234463e-05,0
pred_002002,2025-10-01T02:05:00,v1,1009.2905114446692,9,0.2695217106254818,556,0,18.68760592385102,1,0.8213069497717325,5.8160389640700116e-08,0
pred_002003,2025-10-01T02:15:00,v1,1749.2877578437945,11,0.1023334752521395,960,1,12.581272027299685,0,0.7132619247611481,1.6616575110589478e-12,0
pred_002004,2025-10-01T03:45:00,v1,1100.6074604149164,16,0.1456371183987264,920,3,14.671554384702723,1,0.7441496794192627,7.158829866265291e-09,0
pred_002005,2025-10-01T03:55:00,v1,500.08861236234446,20,0.0720936708296462,646,2,2.1827272677665435,0,0.6636478405989391,7.250357834012566e-07,0
pred_002006,2025-10-01T03:57:00,v1,1122.1315850765222,18,0.2022769798717236,275,2,0.5260892507682455,0,0.8817640731950179,1.5629236199579773e-07,0
pred_002007,2025-10-01T04:27:00,v1,1917.6745769944448,19,0.1672579431904913,189,4,10.36139747561003,1,0.8458133929740604,1.9593432616761893e-08,0
pred_002008,2025-10-01T04:31:00,v1,885.0418143933731,20,0.1426942509030235,587,1,7.542427136055174,0,0.9510839058416646,8.969866875718579e-09,0
pred_002009,2025-10-01T04:34:00,v1,1326.9718993828867,20,0.0806251718220695,971,2,13.3991215135914,0,0.9088700594738534,1.945515620229912e-11,0
pred_002010,2025-10-01T04:38:00,v1,686.2229445870604,21,0.0489975773156399,492,2,18.58602035944776,0,0.761226332346192,7.203710318052478e-07,0
pred_002011,2025-10-01T05:05:00,v1,973.6074407277988,11,0.0399281212482471,373,1,0.9477050068279236,0,0.9725538369535476,8.137700143005921e-08,0
pred_002012,2025-10-01T05:10:00,v1,1174.0257839825829,12,0.2013170845871646,483,1,11.374206392958778,1,0.5525360091437633,1.1544827099778752e-07,0
pred_002013,2025-10-01T05:32:00,v1,1469.1629539093813,13,0.2134175382015719,891,2,1.7581954491113003,0,0.8696828965253045,4.2628162329793826e-11,0
pred_002014,2025-10-01T05:33:00,v1,511.42970841216487,7,0.1203005337284811,549,2,17.20918019789478,0,0.8174732858528079,1.2164642519374449e-05,0
pred_002015,2025-10-01T05:36:00,v1,1310.1409804169912,16,0.4718267474401908,409,4,5.152761320538124,1,0.8572789061999944,8.261864979690823e-07,0
pred_002016,2025-10-01T05:41:00,v1,679.4863624999437,22,0.3347006487866506,590,2,41.41631177422165,0,0.897219170276388,6.334811789820699e-07,0
pred_002017,2025-10-01T05:46:00,v1,616.875247899163,1,0.2880069179665572,161,10,497.1813479739978,1,0.4373825502613737,0.999999997140965,1
pred_002018,2025-10-01T06:02:00,v1,899.677604157309,14,0.0377008914323148,525,1,1.716545401792548,0,0.8754720392155877,2.9844612389652324e-08,0
pred_002019,2025-10-01T06:25:00,v1,802.4692323942802,19,0.111142890859692,151,1,15.730131241520947,0,0.8610330100821649,2.7205184517896737e-06,0
pred_002020,2025-10-01T06:29:00,v1,776.6886726607413,17,0.2106773153797717,661,2,2.3993407787452563,0,0.7154726157882031,1.2050742128271906e-07,0
pred_002021,2025-10-01T07:00:00,v1,1173.4545237673135,19,0.1110222588687237,766,3,11.660513602844167,1,0.8617744123586536,6.616171331823846e-09,0
pred_002022,2025-10-01T07:14:00,v1,932.7422741929888,7,0.1802779412513944,983,1,18.826172700644793,0,0.7776876386956789,2.156751376688524e-09,0
pred_002023,2025-10-01T08:10:00,v1,988.6988317473692,15,0.1596700648794458,643,3,2.351810312044691,0,0.8240117766179672,6.57762099714637e-08,0
pred_002024,2025-10-01T09:33:00,v1,1091.3465931709327,15,0.0890149833093089,94,2,26.0802855600588,0,0.7629962794608508,4.898118820118855e-06,0
pred_002025,2025-10-01T09:33:00,v1,501.9463820062179,21,0.3902144466499185,109,0,1.1357874092628355,0,0.657812962225106,2.988536357926236e-05,0
pred_002026,2025-10-01T09:37:00,v1,565.7206115527086,21,0.1073072641157534,970,2,9.751618652340246,0,0.986569825972118,6.0896609714855116e-09,0
pred_002027,2025-10-01T09:44:00,v1,881.6065293591845,17,0.1826018078612673,403,2,0.580876569364395,0,0.7926232098485085,4.6238059760781706e-07,0
pred_002028,2025-10-01T09:45:00,v1,1288.3394671686697,19,0.0120480244128559,244,0,6.569134569495857,0,0.8459447995559397,3.8865015164153656e-09,0
pred_002029,2025-10-01T09:48:00,v1,556.7511259215272,19,0.2251760338427441,440,2,4.855723667007793,1,0.8259941958206736,1.034482244564275e-05,0
pred_002030,2025-10-01T10:09:00,v1,1563.6867145170145,21,0.2799706480359022,763,1,3.456940577606934,0,0.7957755345034684,1.1313066020372888e-11,0
pred_002031,2025-10-01T10:16:00,v1,1162.341483983622,15,0.0835362969766017,214,2,48.87983085729689,0,0.7694538009028377,1.6013184725328001e-06,0
pred_002032,2025-10-01T10:58:00,v1,427.717586303094,15,0.1609713411348386,267,1,18.436625735964043,0,0.7261669924987949,6.41014683002326e-05,0
pred_002033,2025-10-01T11:02:00,v1,808.2923062463913,14,0.2125127652882706,382,2,33.37314892286928,0,0.8180531284646737,4.391655507356985e-06,0
pred_002034,2025-10-01T11:27:00,v1,2032.6078314450624,7,0.187676890428991,865,2,18.1324428062214,0,0.8365580748488858,2.35854795648222e-12,0
pred_002035,2025-10-01T11:30:00,v1,1350.0828573986917,7,0.2165952278341483,454,2,5.587828264341432,0,0.7744973340939408,3.540250957510221e-08,0
pred_002036,2025-10-01T11:33:00,v1,339.6089988816405,3,0.1896825543952122,21,8,18.928038677522306,1,0.1428130308207552,0.9987114647825166,1
pred_002037,2025-10-01T11:51:00,v1,1175.688868082264,16,0.1761414246060874,996,5,11.491536888707287,0,0.9380908473803954,3.3547649199076938e-09,0
pred_002038,2025-10-01T12:06:00,v1,1589.6729016613165,10,0.254201567736971,775,1,3.6856477138034873,0,0.6224312324358645,7.055575250043846e-11,0
pred_002039,2025-10-01T12:58:00,v1,824.1916334320599,11,0.2128123202069107,910,0,50.99461684356395,0,0.9462046465172133,3.06135518119244e-09,0
pred_002040,2025-10-01T13:13:00,v1,967.281181795792,15,0.1277423402338084,786,1,7.5090373600944655,0,0.7122159016529876,2.8814325393481777e-09,0
pred_002041,2025-10-01T13:34:00,v1,1192.5304630637029,8,0.2211807639983001,366,4,49.54440607959029,0,0.7917014602656691,1.0382960708409359e-05,0
pred_002042,2025-10-01T13:42:00,v1,984.3431179858272,21,0.3151246511429439,67,2,10.522348752662683,0,0.8078837547344929,5.997654596250192e-06,0
pred_002043,2025-10-01T14:18:00,v1,1095.7826482925043,19,0.4222371203885067,270,0,10.050457917234876,0,0.4913576019034033,1.6157826608501654e-07,0
pred_002044,2025-10-01T14:32:00,v1,322.94631352222575,0,0.5582435248667595,167,12,406.87202296078465,1,0.4117454740928196,0.9999999998246947,1
pred_002045,2025-10-01T14:50:00,v1,377.7969699192936,12,0.036101568016285,235,2,47.26625085122866,0,0.8030693847455462,0.000896672655324611,0
pred_002046,2025-10-01T15:06:00,v1,1467.8826203606068,9,0.1143916075528102,131,3,5.607163944029932,1,0.5904016157847078,3.4457116013823498e-06,0
pred_002047,2025-10-01T15:57:00,v1,1905.7358136605503,19,0.0815925905900033,894,5,31.326896710291095,0,0.59510328161733,7.838332290064619e-11,0
pred_002048,2025-10-01T16:11:00,v1,948.2040938930178,13,0.1896842138248589,968,2,7.097156435794763,0,0.6989674816524576,2.800344426519461e-09,0
pred_002049,2025-10-01T16:12:00,v1,913.1885457739868,8,0.1220930731273168,577,3,14.264310261623892,0,0.7877462099476088,9.840064988073917e-07,0
pred_002050,2025-10-01T16:36:00,v1,820.7649083531172,8,0.2703665854338011,987,3,33.58655432350534,0,0.9181634659455024,5.5670994275477105e-08,0
pred_002051,2025-10-01T17:33:00,v1,1096.446953110939,16,0.1534111842677548,806,3,1.9127744580399424,1,0.6538697708794128,2.2167292404610546e-08,0
pred_002052,2025-10-01T17:51:00,v1,1094.2338128289473,21,0.0331071518194549,269,2,14.043511534827442,0,0.6270438928820511,3.3111643847725723e-07,0
pred_002053,2025-10-01T18:38:00,v1,2731.926215257799,15,0.3987951228031021,576,2,3.292986861731998,0,0.9196417237989136,3.6463707052283244e-14,0
pred_002054,2025-10-01T18:53:00,v1,973.0234686971586,8,0.1222263729413211,726,3,0.4742996522405746,0,0.899516589735067,5.870032762079309e-08,0
pred_002055,2025-10-01T18:58:00,v1,291.94156383229887,14,0.1811223950155261,163,2,11.195281922384464,0,0.7358157847867849,0.0016715808679812405,0
pred_002056,2025-10-01T19:18:00,v1,1008.8133484692856,12,0.0082727545571487,739,3,1.9769140258685256,0,0.8964289094202549,1.7020209373199613e-08,0
pred_002057,2025-10-01T19:50:00,v1,451.6250699321516,10,0.2531445098826771,571,2,2.1441433653114625,0,0.9139422986503286,6.374131078395604e-06,0
pred_002058,2025-10-01T20:15:00,v1,563.6375654936695,22,0.1420583588851114,63,1,25.018954111801857,0,0.8930939886016015,3.853064626913226e-05,0
pred_002059,2025-10-01T21:30:00,v1,505.0100507278061,13,0.2049394678569716,290,4,8.953076384063209,0,0.9190108738766624,0.0005048032510695204,0
pred_002060,2025-10-01T21:48:00,v1,2091.967110674994,14,0.0349333494023726,445,3,2.1577010191033468,0,0.8655156404175849,4.3511471845176996e-11,0
pred_002061,2025-10-01T21:55:00,v1,523.8449725815857,21,0.1500517224571708,341,2,0.0952475118033075,0,0.785430444388296,8.293641161712183e-06,0
pred_002062,2025-10-01T22:08:00,v1,821.8346265808503,9,0.2377530664755643,129,2,24.11288673951399,0,0.6864924052092473,0.00013393985161573046,0
pred_002063,2025-10-01T22:41:00,v1,926.9094112544466,18,0.423112883696182,804,2,0.971679872756848,0,0.664384117546405,1.4264382404378982e-08,0
pred_002064,2025-10-01T22:46:00,v1,827.7963444055663,22,0.2178186808581347,192,4,7.5115895173674305,0,0.8914790397498362,2.873303699789284e-05,0
pred_002065,2025-10-01T22:56:00,v1,1090.7572366309068,20,0.1945246829461912,227,1,1.915661251567229,0,0.9465332110646092,6.177293316537853e-08,0
pred_002066,2025-10-01T23:25:00,v1,451.1906733171817,17,0.0836723173582527,979,0,19.364243294409476,0,0.9513086943906822,3.5203482804320124e-09,0
pred_002067,2025-10-01T23:29:00,v1,602.6437928012516,18,0.3561567009134894,104,3,6.047311269453533,0,0.9182278612350376,0.00030063596881489126,0
pred_002068,2025-10-02T00:07:00,v1,787.5083309735525,15,0.1285963385705695,634,4,53.48397681096666,0,0.9176931882922988,3.871388176303323e-06,0
pred_002069,2025-10-02T02:02:00,v1,945.8150415426404,9,0.3312128678526702,843,1,15.395713757122495,0,0.7129551200703751,9.901812194253166e-09,0
pred_002070,2025-10-02T02:33:00,v1,83.83457773253187,22,0.4659818668116247,127,10,74.17642403311206,0,0.1806518027441523,0.9998009201231742,1
pred_002071,2025-10-02T02:57:00,v1,2531.467618048565,15,0.444730910965072,73,4,3.298324517975221,0,0.596739349605564,1.105415785360215e-09,0
pred_002072,2025-10-02T03:13:00,v1,722.2119712272035,16,0.1723571938026165,454,2,46.44081566738778,0,0.8391167926896291,4.023089522660866e-06,0
pred_002073,2025-10-02T03:29:00,v1,1521.4089089900451,21,0.3420926643408821,200,4,10.925032818091134,0,0.8197085523438472,2.1193340151773276e-07,0
pred_002074,2025-10-02T03:32:00,v1,362.4925533382342,3,0.6797143726774589,154,10,99.94643269029136,1,0.6265551231939902,0.9999251213469621,1
pred_002075,2025-10-02T03:58:00,v1,125.75201200739122,1,0.8127614347623889,144,8,150.11802709832102,0,0.3198419329892607,0.9999896184274716,1
pred_002076,2025-10-02T04:03:00,v1,599.2973834648642,10,0.150765738139559,680,2,2.4351806962530222,0,0.9175030255104522,4.887801961914864e-07,0
pred_002077,2025-10-02T05:22:00,v1,694.51877156907,15,0.2289455959328463,441,1,2.888362469075675,0,0.973827300366721,3.8078377497655993e-07,0
pred_002078,2025-10-02T05:48:00,v1,2100.939784239731,22,0.2494797068692627,89,5,16.06943569309884,0,0.9159286616656324,1.0550289628112972e-08,0
pred_002079,2025-10-02T06:07:00,v1,1463.6864094281432,17,0.1912018412899777,865,0,19.37680206798975,0,0.716106477634225,8.836355067270395e-12,0
pred_002080,2025-10-02T06:18:00,v1,804.6205035568779,18,0.2113490019071807,672,0,10.428646643473549,1,0.8499849553224658,1.5525653378575458e-08,0
pred_002081,2025-10-02T08:08:00,v1,774.8041269805842,22,0.0221684347334698,383,2,10.742109287715314,0,0.6811983427873829,8.853452457657173e-07,0
pred_002082,2025-10-02T08:18:00,v1,295.06160196612495,14,0.3213960093924671,997,2,0.2169869220972026,0,0.7263440184825916,3.795248819200612e-07,0
pred_002083,2025-10-02T08:21:00,v1,951.615220678882,20,0.1916756437276229,64,2,9.799004098059708,0,0.7077594571285567,9.535841605527057e-06,0
pred_002084,2025-10-02T09:27:00,v1,930.6406973418104,11,0.2117407841757615,964,1,5.399451682287405,0,0.5724750186413444,2.2058579460494105e-09,0
pred_002085,2025-10-02T09:43:00,v1,1497.38818328423,13,0.1628558691162388,386,2,2.5560520289767688,0,0.8292008572731706,5.764537518719546e-09,0
pred_002086,2025-10-02T09:49:00,v1,745.2387046993445,15,0.0611728020630151,50,4,4.6470263053274055,0,0.599572076377754,0.0011390016235678126,0
pred_002087,2025-10-02T10:08:00,v1,1630.5450905528226,21,0.308961939091915,102,3,0.8578654299039731,1,0.9153078009081024,9.466313428417566e-08,0
pred_002088,2025-10-02T11:08:00,v1,727.040804048658,17,0.2319526083707345,88,2,4.922920289098374,0,0.908302764334426,3.35998074514046e-05,0
pred_002089,2025-10-02T12:12:00,v1,1279.8115842089935,14,0.1766529306086228,370,3,19.583278081436724,0,0.5949881271218216,4.510495674338831e-07,0
pred_002090,2025-10-02T12:35:00,v1,925.2371219909564,16,0.3019625515466018,671,1,1.982792945865701,0,0.7742560014407653,1.1775908351381372e-08,0
pred_002091,2025-10-02T13:04:00,v1,1297.98573135669,15,0.2482100249889586,731,2,16.299803267373985,0,0.9926107222392232,7.150495661200521e-10,0
pred_002092,2025-10-02T15:51:00,v1,2099.95630926459,13,0.0460518594709289,929,1,16.64839934907726,0,0.8596592753637226,5.6746352108303974e-14,0
pred_002093,2025-10-02T16:16:00,v1,945.8652859811908,22,0.05208088972719,806,4,76.98025991805657,0,0.8952962915216004,1.2530219357917098e-07,0
pred_002094,2025-10-02T17:21:00,v1,1568.5488825104885,11,0.3309194458974095,854,4,0.7199462002016724,0,0.8305758834297571,5.736004643206489e-10,0
pred_002095,2025-10-02T17:30:00,v1,1717.1382243490857,20,0.2245452390016865,114,4,5.060618362308458,0,0.6888129174249361,1.1682040911903006e-07,0
pred_002096,2025-10-02T17:30:00,v1,3308.431576609003,16,0.3873939771050952,794,1,13.573842087510664,0,0.8836086309173808,1.502388596721689e-17,0
pred_002097,2025-10-02T19:14:00,v1,1280.824293058582,11,0.3073453344774529,616,2,14.991275476973453,0,0.5751350980282425,2.3331933929529577e-08,0
pred_002098,2025-10-02T19:48:00,v1,618.2378031097045,22,0.2864951558862336,331,3,5.65912559479453,0,0.8923262594821503,1.3581606643945965e-05,0
pred_002099,2025-10-02T20:26:00,v1,1366.2105384469091,10,0.053580792311866,108,1,6.186769923162935,0,0.96775335814586,6.897371448972687e-08,0
pred_002100,2025-10-02T20:42:00,v1,1743.2112271851686,18,0.0666764560482121,186,2,7.355683767395181,0,0.8397943082580153,2.470497764489806e-09,0
pred_002101,2025-10-02T21:12:00,v1,1409.417264103166,20,0.2879508075959276,966,2,27.831036427494578,0,0.8735509227185911,3.148233944095197e-11,0
pred_002102,2025-10-02T21:55:00,v1,943.8659631499584,13,0.1817602785455278,593,1,29.93903333189067,0,0.9165343165920364,3.632961341059356e-08,0
pred_002103,2025-10-02T22:37:00,v1,784.4320059974783,8,0.1024651123722303,776,1,17.550431701545183,0,0.6970497632675469,5.304787210738393e-08,0
pred_002104,2025-10-02T22:54:00,v1,1038.9833266176672,10,0.0183709683852616,520,5,34.558468964649585,0,0.7488248535172154,8.054342777868873e-06,0
pred_002105,2025-10-02T23:03:00,v1,923.7193787595352,19,0.0492248737511391,934,1,2.4364567033596485,0,0.8406316023153702,2.2774894492283286e-10,0
pred_002106,2025-10-02T23:13:00,v1,595.1717022333987,7,0.2268060231999833,804,2,34.99783593922912,0,0.7962213118026681,1.1534226835023268e-06,0
pred_002107,2025-10-02T23:41:00,v1,578.1896213814,12,0.0974343458018708,513,1,19.94840361268812,0,0.9810624714720004,8.715712656733576e-07,0
pred_002108,2025-10-03T00:07:00,v1,584.88095870812,23,0.700365976314361,15,9,193.18364842542871,1,0.044296060351269,0.999956352627958,1
pred_002109,2025-10-03T00:42:00,v1,898.9266655135124,17,0.1706060988467362,594,1,1.896991407087772,0,0.4811112018866668,5.58409242616638e-08,0
pred_002110,2025-10-03T00:55:00,v1,510.6308979967168,19,0.3235734298316166,121,1,107.82451146134365,1,0.9310814732016592,0.0025294095876886922,0
pred_002111,2025-10-03T01:34:00,v1,1623.3154511024093,20,0.3567169791119362,664,7,4.539543694553291,0,0.972458775944593,1.6257615149577282e-08,0
pred_002112,2025-10-03T02:02:00,v1,2487.245183472359,22,0.305474171974841,193,0,57.24602059838142,0,0.9352177695072472,1.775559478114794e-12,0
pred_002113,2025-10-03T02:03:00,v1,1559.4138180387235,16,0.5612452041847965,165,1,1.549588202847528,0,0.8601978435771113,1.553324833859929e-08,0
pred_002114,2025-10-03T02:07:00,v1,876.8393858419008,11,0.1336538769516499,756,4,27.032381070704595,0,0.8895669462773035,4.810170004675167e-07,0
pred_002115,2025-10-03T02:17:00,v1,1881.3287879427644,9,0.1095349145645391,733,2,8.823631755731084,0,0.8521237313480159,1.3301748468762227e-11,0
pred_002116,2025-10-03T02:19:00,v1,1002.064730660274,13,0.3362233502361735,388,0,37.38224682265898,0,0.7673701361689185,1.7696749330603363e-07,0
pred_002117,2025-10-03T03:15:00,v1,813.5967903404926,23,0.6066270305114759,176,10,75.923669255226,0,0.7601175602439041,0.5681842515863798,1
pred_002118,2025-10-03T03:47:00,v1,1467.6736041087904,21,0.3487987150045454,864,4,34.83612398888385,0,0.925253756442834,5.924120536515589e-10,0
pred_002119,2025-10-03T03:56:00,v1,1087.5409452340307,19,0.0865415363796268,484,3,20.092202875603043,1,0.7164779608227243,4.709426671293081e-07,0
pred_002120,2025-10-03T04:25:00,v1,385.08902704921127,7,0.1584583958102288,669,0,0.4180587743399891,0,0.9124082874182652,4.5623053892955253e-07,0
pred_002121,2025-10-03T04:59:00,v1,3593.2190222858458,15,0.3580509855966329,275,3,14.830724115689351,0,0.9462056250827956,2.5662586075089676e-15,0
pred_002122,2025-10-03T05:16:00,v1,1436.6108154884712,13,0.461866350675549,793,2,8.3960011660658,0,0.9559264705747909,2.5408194551427736e-10,0
pred_002123,2025-10-03T05:21:00,v1,874.3617404921857,11,0.1482931032197152,991,2,50.498604400495616,0,0.6906730993058086,1.9378133485265214e-08,0
pred_002124,2025-10-03T05:42:00,v1,862.5849346943206,12,0.0910799953811333,839,4,1.7253504067014995,0,0.8612380796719621,9.137899630313095e-08,0
pred_002125,2025-10-03T05:43:00,v1,1702.6329698372504,17,0.1888480588083011,557,1,0.1385757518052424,1,0.9103390936909056,6.75511571519456e-11,0
pred_002126,2025-10-03T05:55:00,v1,1776.7654051483353,20,0.1678779150605531,946,3,16.24810537960336,0,0.9738446396328564,2.229293850320545e-12,0
pred_002127,2025-10-03T06:00:00,v1,87.2583833458335,2,0.7184049302816513,142,10,52.8781509765787,0,0.2413190510344354,0.9999836223341898,1
pred_002128,2025-10-03T06:44:00,v1,626.6492734589052,12,0.4305452689045563,961,1,4.016009995295713,0,0.7962141749913153,1.7603475669374154e-08,0
pred_002129,2025-10-03T07:47:00,v1,956.9865290376024,16,0.2005107227775064,715,2,4.237887773611383,0,0.7695311420745293,1.5813201181805708e-08,0
pred_002130,2025-10-03T08:21:00,v1,1211.6505225282124,18,0.4616657153064671,85,2,24.53230487891545,0,0.7097499929150041,3.870523715441386e-06,0
pred_002131,2025-10-03T08:41:00,v1,437.20207940207655,11,0.0933593803118693,807,4,0.3572123203887907,0,0.7366621819140536,7.04066941842641e-06,0
pred_002132,2025-10-03T09:29:00,v1,1745.2524657361537,13,0.0134418333003871,624,3,7.3872872026629075,0,0.8618806333262451,1.5745728937554984e-10,0
pred_002133,2025-10-03T09:37:00,v1,1245.7840135017968,17,0.066655889607238,65,0,11.28019105629614,1,0.7646495842151924,2.17210502497642e-07,0
pred_002134,2025-10-03T09:38:00,v1,1237.1554111992175,20,0.1575870057678374,172,1,30.509107189545254,0,0.6864234071231468,1.8303135667944712e-07,0
pred_002135,2025-10-03T10:21:00,v1,588.0358386372793,18,0.0556172190738512,197,1,0.9503496557685274,0,0.768555344695462,8.669687922197005e-06,0
pred_002136,2025-10-03T10:25:00,v1,2253.381759220888,11,0.1996877974922406,352,2,57.77404048336494,0,0.9595611086592796,8.788589545728974e-11,0
pred_002137,2025-10-03T10:57:00,v1,451.91725227539587,20,0.3874947921490326,38,0,62.265878228372195,1,0.931036582854204,0.0007248008254257347,0
pred_002138,2025-10-03T11:02:00,v1,1327.4171700986883,14,0.0955345021846146,852,3,21.244654959023286,0,0.9837295848182092,5.040322669820044e-10,0
pred_002139,2025-10-03T11:46:00,v1,740.1384322661563,15,0.2555766387005097,850,3,5.052192515377871,0,0.9425911809833444,5.612847666849192e-08,0
pred_002140,2025-10-03T12:19:00,v1,668.9895548188241,10,0.2349119718864602,259,2,14.43681737669055,0,0.9576935617036172,3.021609843583992e-05,0
pred_002141,2025-10-03T12:30:00,v1,929.5252763952756,10,0.3588154654150611,528,3,40.05572996027358,0,0.8951975114394267,2.9282318393649757e-06,0
pred_002142,2025-10-03T12:46:00,v1,1529.7118275504747,15,0.1162538787524699,839,0,2.099228620669565,0,0.6157995921383028,6.2028854600371584e-12,0
pred_002143,2025-10-03T13:14:00,v1,420.2674539770423,17,0.1206525409259426,186,2,4.062245838046223,0,0.932353241336368,0.00010249252540257872,0
pred_002144,2025-10-03T13:25:00,v1,812.4110701312908,22,0.1412438028055683,420,1,4.5091168312693615,0,0.6627155874850816,1.6610651505398e-07,0
pred_002145,2025-10-03T13:38:00,v1,929.8601099640022,7,0.0238757469607983,433,2,11.666045395828933,0,0.7970974995601895,9.171419025924029e-07,0
pred_002146,2025-10-03T13:41:00,v1,777.7808077534519,19,0.558432469483329,275,2,51.98568656864342,0,0.8446802198842367,3.1319985495600574e-05,0
pred_002147,2025-10-03T13:55:00,v1,743.5389728200082,16,0.1119574697328935,216,0,0.0269382880667887,1,0.8999665365583844,1.6010125319220632e-06,0
pred_002148,2025-10-03T14:09:00,v1,1499.3852648606744,16,0.0427704660300631,377,1,0.1258078031669331,0,0.6820246695371115,1.440450676188974e-09,0
pred_002149,2025-10-03T14:14:00,v1,1025.1684477711794,11,0.3332674285703115,491,2,65.80212794365798,0,0.866896807572302,1.2091414528071138e-06,0
pred_002150,2025-10-03T15:06:00,v1,1902.0543566276328,19,0.2759649020289931,650,3,11.286292692172688,0,0.8241091700639175,3.549957722997358e-11,0
pred_002151,2025-10-03T15:25:00,v1,874.338807082076,22,0.1235605574741535,856,1,4.318551449131035,0,0.9500504450971976,4.188995590419623e-10,0
pred_002152,2025-10-03T15:43:00,v1,1794.4623919025096,17,0.2494438675989064,523,1,25.848352020262443,0,0.8088772006695656,6.1620001122001e-11,0
pred_002153,2025-10-03T15:45:00,v1,604.3780900539317,12,0.2625807998123843,460,1,25.120885638102006,0,0.885242680744507,3.0277437544164e-06,0
pred_002154,2025-10-03T16:21:00,v1,654.7434415020274,9,0.2027425317229693,682,2,5.111103277563507,1,0.9049864874811832,1.2468814897998576e-06,0
pred_002155,2025-10-03T16:27:00,v1,838.5797538633573,19,0.0791896872417742,773,1,4.1881458016569,0,0.8011292864325843,3.037955101907851e-09,0
pred_002156,2025-10-03T16:52:00,v1,2419.077721042409,10,0.1047353064660594,207,0,17.06993231547876,0,0.7014728140494173,6.121660064052357e-12,0
pred_002157,2025-10-03T16:52:00,v1,503.247855649509,22,0.1387451195112967,195,1,68.14647407847242,0,0.7645308225205627,9.980070417580621e-05,0
pred_002158,2025-10-03T17:20:00,v1,618.5951942614346,14,0.1528987292035353,291,2,6.510558156984482,0,0.8342202885734312,1.8167911691661527e-05,0
pred_002159,2025-10-03T17:21:00,v1,1586.5947360589323,8,0.1243965878075466,804,1,5.240926076480543,1,0.8729945271071816,6.064007497402218e-11,0
pred_002160,2025-10-03T18:01:00,v1,929.335551998048,11,0.0392426979372915,824,7,12.99263616590126,0,0.8828640679619686,2.7405317684338527e-06,0
pred_002161,2025-10-03T18:22:00,v1,475.141703366254,15,0.2704347830720746,782,1,13.238146468518195,0,0.906011745492477,1.4243416335243611e-07,0
pred_002162,2025-10-03T18:37:00,v1,3125.659469624766,14,0.270509832496605,57,5,9.04422278412556,0,0.9107617642526274,9.51923049445311e-12,0
pred_002163,2025-10-03T18:55:00,v1,1120.5691981575765,21,0.2552966904630791,781,3,9.603477720545463,1,0.7406813327831336,1.3656627112834486e-08,0
pred_002164,2025-10-03T18:57:00,v1,500.6536782072926,21,0.4061459050562521,566,1,13.843879415756486,0,0.9003317989659719,6.273676438093266e-07,0
pred_002165,2025-10-03T19:29:00,v1,3019.8516696306115,11,0.2724702266183527,889,1,0.9902276422316167,0,0.9220750176017424,5.5153654769415145e-17,0
pred_002166,2025-10-03T19:42:00,v1,1298.9214836780454,13,0.1813853787345699,180,0,15.487202226430504,0,0.5314175602301613,1.0188227116672342e-07,0
pred_002167,2025-10-03T20:00:00,v1,1323.6183318606036,19,0.2506893719569195,47,3,13.891338564198897,0,0.6260146245309436,3.5922948013064976e-06,0
pred_002168,2025-10-03T20:22:00,v1,2522.2560893045893,22,0.15421522692955,266,1,16.005480076145446,0,0.7555514615929896,7.379490109584456e-13,0
pred_002169,2025-10-03T21:09:00,v1,1348.4198130720672,12,0.1366971424621062,324,2,3.2631786784551036,0,0.9484051886376876,2.6221726123271643e-08,0
pred_002170,2025-10-03T21:15:00,v1,332.8401633499086,4,0.8494367992546212,179,3,327.50435769691484,0,0.1533422563591492,0.9999134383852692,1
pred_002171,2025-10-03T21:23:00,v1,1161.9441111153274,13,0.0766408976549204,652,3,16.51061236467722,0,0.6877096618672932,4.006376283041842e-08,0
pred_002172,2025-10-03T21:40:00,v1,1264.0951425757692,17,0.3111813416745763,129,0,74.58947782757976,0,0.8642022080638757,3.3626372200935005e-07,0
pred_002173,2025-10-03T21:40:00,v1,2956.1965901875833,16,0.2622679833554103,575,1,16.54406980902633,0,0.7960014060997124,2.6374700336111566e-15,0
pred_002174,2025-10-03T21:48:00,v1,333.04890604142554,17,0.1734989494963718,144,0,10.284631188727204,0,0.6557579258225632,0.00011479922160977096,0
pred_002175,2025-10-03T22:35:00,v1,244.85543335123455,14,0.1028181499032203,392,0,35.9522232522777,0,0.8274023574445342,2.9984581958168707e-05,0
pred_002176,2025-10-03T22:39:00,v1,585.3552423633064,22,0.1047488310962369,197,2,31.75960275504319,1,0.840587783873806,9.908054532201112e-05,0
pred_002177,2025-10-03T23:03:00,v1,736.9441324287408,15,0.2492257271486006,392,2,89.71585183594372,0,0.9787953748968748,2.1866302435611294e-05,0
pred_002178,2025-10-03T23:17:00,v1,675.5493967028223,12,0.3788104976958854,595,2,1.268793097931716,1,0.7809217973279884,3.5412769724549268e-06,0
pred_002179,2025-10-03T23:43:00,v1,1667.0449889786007,19,0.0185788120005571,589,1,24.166388419441297,0,0.758067053941828,4.2247359615718264e-11,0
pred_002180,2025-10-04T00:00:00,v1,1212.9067093961028,18,0.1645472911438867,753,2,1.2226858905033902,0,0.9404324130790644,4.5106227739072815e-10,0
pred_002181,2025-10-04T00:18:00,v1,900.7505080544432,11,0.1418611861864003,111,4,27.270986742026537,0,0.909539482332516,0.00025443996050681994,0
pred_002182,2025-10-04T00:47:00,v1,561.877303826705,1,0.8735296993783723,158,9,21.807712558549536,0,0.3406018100733426,0.9935715379553652,1
pred_002183,2025-10-04T01:04:00,v1,491.24793965694545,17,0.1996128665989626,810,3,32.2564026456199,0,0.7105267991595673,2.211101732961017e-06,0
pred_002184,2025-10-04T01:15:00,v1,963.6895925232152,10,0.3438540555394859,653,3,5.995692161525519,0,0.7483729795558447,3.5432630332544383e-07,0
pred_002185,2025-10-04T01:34:00,v1,757.7246787863614,17,0.3051569671645473,166,4,7.26248002505803,1,0.794785601523197,0.0006534340552599744,0
pred_002186,2025-10-04T01:48:00,v1,2014.465024239835,20,0.324042992730048,936,2,10.227732708210652,0,0.8384257370810316,2.2107261363474703e-13,0
pred_002187,2025-10-04T02:02:00,v1,837.8570781254538,17,0.3238552531775998,132,2,12.076729022222906,0,0.7470572620305912,2.4532849870807516e-05,0
pred_002188,2025-10-04T02:13:00,v1,1434.0247241617992,7,0.3797536867800101,725,4,17.807551765752457,0,0.6492470899397751,4.162970302017135e-08,0
pred_002189,2025-10-04T02:45:00,v1,310.53942932250015,17,0.1898432929890109,391,2,4.983169469616489,1,0.7000870155780854,0.0002429739933521711,0
pred_002190,2025-10-04T02:59:00,v1,1424.7751944835868,20,0.0931638226805336,445,1,7.64061730661661,0,0.8848732715456413,5.174168157807527e-10,0
pred_002191,2025-10-04T03:28:00,v1,1301.4656052934145,20,0.3314453227112411,445,1,2.431006631671642,0,0.8526353828132476,2.4752874077482476e-09,0
pred_002192,2025-10-04T04:25:00,v1,601.127189754632,16,0.2418973104753609,199,0,8.003834490948412,0,0.9295791319540604,3.5728928272863434e-06,0
pred_002193,2025-10-04T05:03:00,v1,572.1464190459076,13,0.3735728847053039,743,0,1.018219233460362,0,0.8736986062355293,3.9742550483924404e-08,0
pred_002194,2025-10-04T05:13:00,v1,874.1811400596825,12,0.0457261758610468,92,3,14.56566549454441,0,0.9536438099580148,4.631630696301866e-05,0
pred_002195,2025-10-04T05:19:00,v1,1232.9176602073142,7,0.0802890370544588,436,1,7.308665194190898,0,0.9326085861973568,1.4521374775843421e-08,0
pred_002196,2025-10-04T05:27:00,v1,1172.7912010394575,15,0.2483029378478721,839,1,6.750303656828501,0,0.7582516142642424,3.5602106310303137e-10,0
pred_002197,2025-10-04T06:11:00,v1,424.6451517124305,22,0.1979122427590478,604,2,17.639455972462066,0,0.7551576528343479,2.458942714477239e-06,0
pred_002198,2025-10-04T06:46:00,v1,506.09993656012864,15,0.1049543969565599,132,2,8.5455715495025,0,0.7489034102375774,0.000249983000764919,0
pred_002199,2025-10-04T07:12:00,v1,1444.6471817925026,10,0.0637879857260694,953,3,41.92371504893174,0,0.996134094863563,2.1020252670677104e-10,0
pred_002200,2025-10-04T07:24:00,v1,937.2307093666396,7,0.0991173359931485,411,3,25.83336464745409,0,0.9429313708148318,3.877497338099218e-06,0
pred_002201,2025-10-04T07:29:00,v1,497.7679198797621,15,0.4085858233645345,455,4,3.0276049160029257,0,0.7852102575517701,0.00017068314444578138,0
pred_002202,2025-10-04T08:07:00,v1,1711.4433697279385,16,0.3723218807111756,840,4,7.923467268138487,0,0.9461009174865038,9.15240192088614e-11,0
pred_002203,2025-10-04T08:41:00,v1,1385.0807238172436,11,0.3321271206697477,211,2,31.929463727199373,0,0.7742876309798016,5.258055395320229e-07,0
pred_002204,2025-10-04T08:46:00,v1,692.3560562412263,17,0.1179629625773074,825,2,12.921307504114951,1,0.9593344154621852,5.716838433312553e-08,0
pred_002205,2025-10-04T10:42:00,v1,1024.4533806121494,17,0.1969508544542464,593,2,29.342071067407865,0,0.6510292119048702,8.923538303954484e-08,0
pred_002206,2025-10-04T10:55:00,v1,846.7813226471729,10,0.300069390905284,893,1,12.30528446562461,0,0.9112249055196484,4.7856608044248555e-09,0
pred_002207,2025-10-04T11:35:00,v1,808.5630120686498,15,0.1176290231869362,212,2,4.301757223425345,0,0.7822285719318679,7.615426821301111e-06,0
pred_002208,2025-10-04T11:52:00,v1,1453.2687332658418,19,0.0511067673819135,770,1,5.041088515864522,0,0.7942340090174312,2.0461057035906113e-11,0
pred_002209,2025-10-04T11:55:00,v1,822.9940487445842,15,0.1055667013651837,236,3,27.570521862458897,0,0.849811043547588,2.6851707107433165e-05,0
pred_002210,2025-10-04T12:06:00,v1,665.9695351994867,18,0.1197994215838899,148,1,24.48290429863913,0,0.727512669800794,2.134281769925565e-05,0
pred_002211,2025-10-04T12:07:00,v1,1504.177422088729,11,0.0793268207321101,892,1,1.1907128495760282,0,0.602114915033701,2.3964460512240864e-11,0
pred_002212,2025-10-04T12:36:00,v1,426.0533917967523,11,0.2493378182167911,772,5,18.336632769515223,0,0.6302106243864131,0.00013446268465261416,0
pred_002213,2025-10-04T12:56:00,v1,1791.7151997673482,17,0.2817566472992309,813,2,1.4508115772891843,0,0.8668333957839545,4.4932580136434385e-12,0
pred_002214,2025-10-04T13:24:00,v1,1031.3773913742805,19,0.2025524687647169,169,0,10.879277105258728,0,0.780759119042035,1.577550637593776e-07,0
pred_002215,2025-10-04T14:26:00,v1,1114.6216940871086,14,0.0978986793733353,493,1,37.12062096027514,0,0.617651090438365,6.294603539467026e-08,0
pred_002216,2025-10-04T14:30:00,v1,1755.3781605892336,22,0.2295551176044894,542,1,1.0888122305320285,0,0.69330729946778,2.2473416442805972e-11,0
pred_002217,2025-10-04T14:59:00,v1,1304.1585706982594,11,0.0589046407776074,344,0,6.830869089209995,0,0.9141628151099748,3.5549129610850257e-09,0
pred_002218,2025-10-04T15:03:00,v1,1403.763398634365,10,0.2344872935906361,880,2,2.2407884361120205,0,0.5244263622306341,4.62349327223508e-10,0
pred_002219,2025-10-04T15:52:00,v1,1467.654892104548,8,0.2574922213285122,475,3,2.7541514515788403,0,0.976874606050879,1.506815602144086e-08,0
pred_002220,2025-10-04T16:02:00,v1,415.9545458621094,22,0.3826046077873764,160,4,64.73561632187882,1,0.4161249132871042,0.13268585345179884,0
pred_002221,2025-10-04T16:02:00,v1,1231.8807108178137,19,0.1956293090434631,810,2,22.956184024020303,0,0.935313302365104,4.0710560304702256e-10,0
pred_002222,2025-10-04T16:13:00,v1,670.4879843642027,18,0.0621490233962459,698,0,27.833896941563637,0,0.9050742293535164,1.2614928918447621e-08,0
pred_002223,2025-10-04T16:15:00,v1,1057.832102405931,8,0.0580785717114966,217,3,8.358420103116064,0,0.6350167405200694,1.3973813087605642e-05,0
pred_002224,2025-10-04T16:42:00,v1,547.5042557512612,21,0.2476579066083559,659,0,1.997969967869265,0,0.9610635929376474,1.935939122437637e-08,0
pred_002225,2025-10-04T16:45:00,v1,488.3213830491579,20,0.1031051544796309,525,5,6.053677036501544,0,0.8057465367929941,6.62765142866149e-05,0
pred_002226,2025-10-04T16:52:00,v1,1426.3781443845617,14,0.2206460054450134,259,4,28.768897048290206,0,0.7677866065044712,1.081410439111705e-06,0
pred_002227,2025-10-04T17:29:00,v1,2643.3496199167,18,0.3452657538035942,341,1,5.928733064231372,0,0.656435533990327,3.916032030066472e-13,0
pred_002228,2025-10-04T17:30:00,v1,1239.4333059769108,16,0.1261661742400453,882,0,7.933016321845297,0,0.6398701639986013,4.176302167171542e-11,0
pred_002229,2025-10-04T17:53:00,v1,843.1700431287177,15,0.5217614084346388,822,4,13.494383320350936,0,0.5171317398063721,1.212588120305943e-06,0
pred_002230,2025-10-04T18:00:00,v1,358.1752342001614,15,0.3081641120086423,204,4,10.531923484206878,0,0.808314997318111,0.006001169018692716,0
pred_002231,2025-10-04T18:13:00,v1,881.1751803202009,16,0.1616333845527997,680,0,11.217206362485582,0,0.6913871366470522,5.996710387290687e-09,0
pred_002232,2025-10-04T18:25:00,v1,1535.057237649484,19,0.2816026303396888,901,2,8.863755855712926,0,0.696117962064596,2.5930830368790316e-11,0
pred_002233,2025-10-04T18:37:00,v1,783.5913208487374,10,0.2593735859603535,636,1,47.06435802869165,0,0.8138013770387807,4.031326491226194e-07,0
pred_002234,2025-10-04T18:48:00,v1,817.8197093064432,20,0.1836288963916404,482,2,16.143700529500933,0,0.6594513320737025,5.925613244348076e-07,0
pred_002235,2025-10-04T19:08:00,v1,2606.9749825672006,16,0.4661076520702719,606,0,30.542428395261805,1,0.8867477263655562,5.282763006727582e-14,0
pred_002236,2025-10-04T19:08:00,v1,2589.7563653057487,13,0.2175304210488526,377,1,32.236886096202504,0,0.90467864501959,5.882826278658523e-13,0
pred_002237,2025-10-04T19:15:00,v1,1196.954534335737,16,0.1719551989289063,538,1,31.93349484425214,1,0.6872317942815173,3.335008099771103e-08,0
pred_002238,2025-10-04T19:32:00,v1,623.6350150711595,8,0.7073025936096876,759,1,5.688230226267851,0,0.8162037718911771,4.923673043466404e-07,0
pred_002239,2025-10-04T20:13:00,v1,873.2641903414213,18,0.5245742169390555,762,2,2.2588659957371875,0,0.8622889999113083,2.24190269033809e-08,0
pred_002240,2025-10-04T20:25:00,v1,820.5892139156796,7,0.0962474820501542,959,3,17.889141668167273,0,0.9095664332463468,3.475981649285247e-08,0
pred_002241,2025-10-04T20:46:00,v1,1071.8271863092589,15,0.071583269346112,935,6,27.805082496107673,0,0.940686017843516,6.794753927915472e-08,0
pred_002242,2025-10-04T20:47:00,v1,1192.0371765155865,18,0.1226509782444933,980,6,0.7484263443758836,0,0.96647097465161,4.686444711880367e-09,0
pred_002243,2025-10-04T21:04:00,v1,767.4532624235183,10,0.247870693225902,925,1,0.4429567751969752,0,0.7049729004402187,8.371638440261555e-09,0
pred_002244,2025-10-04T21:18:00,v1,760.9108666542182,22,0.0884121234039079,935,3,5.169368292080351,0,0.7317042925674191,1.0100517396867357e-08,0
pred_002245,2025-10-04T21:30:00,v1,838.0217394770311,17,0.2949854186281522,579,2,0.0360681760758896,0,0.4880713968939267,4.3414740784279564e-07,0
pred_002246,2025-10-04T21:50:00,v1,363.67250248166226,16,0.0906178631213186,606,0,0.1397626029931407,0,0.7414937892196989,4.2490482634459596e-07,0
pred_002247,2025-10-04T21:57:00,v1,2341.747914778495,10,0.1626977194883875,191,2,0.1370454941838503,0,0.752840493506308,7.978379230160298e-11,0
pred_002248,2025-10-04T22:00:00,v1,1070.6612073786528,13,0.0428375367555601,690,0,27.039568235234015,0,0.825402464655511,1.3404656156951039e-09,0
pred_002249,2025-10-04T22:28:00,v1,801.6151573086238,8,0.1817001942020223,55,1,21.1089099891632,0,0.6709338604588363,9.9997767335391e-05,0
pred_002250,2025-10-04T22:37:00,v1,633.3012116237925,10,0.1792960636594728,124,3,71.994950735705,0,0.6894503333939745,0.006836941667979865,0
pred_002251,2025-10-04T22:41:00,v1,1705.2519964890553,20,0.2427067182696316,283,4,6.152346834580145,0,0.7814661804057135,1.8193027795074783e-08,0
pred_002252,2025-10-05T00:03:00,v1,1150.8050227928254,18,0.3100121344995328,732,4,5.914166047035277,0,0.7777866611564741,2.872172401134023e-08,0
pred_002253,2025-10-05T00:22:00,v1,1308.059392435802,21,0.245518645614795,565,1,6.696384556123045,0,0.90514870643402,4.5931588013056903e-10,0
pred_002254,2025-10-05T00:52:00,v1,1336.378031962464,18,0.2022671502470892,413,6,7.255423950207289,0,0.7451104651417445,1.46030069908723e-06,0
pred_002255,2025-10-05T01:02:00,v1,1158.260663393086,8,0.3736733290480618,821,3,11.138959925256133,0,0.791397169445877,1.9340902295612427e-08,0
pred_002256,2025-10-05T01:11:00,v1,720.7548701831729,19,0.3551205552703158,318,5,0.8480236232351331,0,0.8989324426207037,0.00010785936933738099,0
pred_002257,2025-10-05T01:18:00,v1,357.4467954712555,22,0.4777473946737871,89,5,176.42067554000255,0,0.3624112894912455,0.9673342191525088,1
pred_002258,2025-10-05T02:30:00,v1,965.8671227032244,9,0.1285932809932443,53,1,17.97377014583387,0,0.6620131450247972,1.8917970630252424e-05,0
pred_002259,2025-10-05T02:47:00,v1,624.2786844275894,14,0.1081999258333593,518,1,9.748100214126405,0,0.5617977000545611,1.4248341790067726e-06,0
pred_002260,2025-10-05T02:54:00,v1,755.2488222121535,22,0.453027945226187,79,2,36.23833328236559,0,0.7417469960696474,0.00011896163189913073,0
pred_002261,2025-10-05T03:01:00,v1,423.1409300682608,21,0.290731939559823,387,1,0.7059547440363962,0,0.8211657493885387,4.723950484569922e-06,0
pred_002262,2025-10-05T03:16:00,v1,714.9623182584335,18,0.1574030791857809,999,3,8.350269583353358,0,0.7295963780382466,1.828372094940665e-08,0
pred_002263,2025-10-05T03:19:00,v1,1334.7209986443563,16,0.2833818431370226,675,3,4.582194540711056,1,0.9517740733739976,6.219120024422495e-09,0
pred_002264,2025-10-05T03:27:00,v1,872.48963435438,14,0.1957048513118861,938,1,37.214234762142056,0,0.921966851312124,2.201990388970437e-09,0
pred_002265,2025-10-05T03:34:00,v1,1243.340669080301,12,0.3458432377256299,507,1,1.9412836825819968,0,0.7592590461452966,9.72746164549614e-09,0
pred_002266,2025-10-05T03:36:00,v1,793.7132258314107,18,0.0633351996182752,170,3,7.729049761564679,0,0.8066934523633144,2.4237082695287306e-05,0
pred_002267,2025-10-05T03:40:00,v1,899.6389023701448,13,0.2480505622298085,810,5,7.139697642201515,0,0.8563515920363621,4.523891672734135e-07,0
pred_002268,2025-10-05T04:03:00,v1,1244.9751105085568,18,0.3065359277983106,792,1,56.266080091280465,0,0.697327173054764,1.3790429937361772e-09,0
pred_002269,2025-10-05T04:20:00,v1,1742.6113631914425,17,0.2186857917073118,360,2,3.067025221365294,1,0.7982261649953716,2.022014528963881e-09,0
pred_002270,2025-10-05T04:21:00,v1,1154.7801905629815,13,0.0238735162358056,249,1,2.834904612319991,0,0.8674824985628854,7.193311909220318e-08,0
pred_002271,2025-10-05T04:33:00,v1,745.6159032068925,8,0.3630351376891396,627,2,9.74617696176473,0,0.9430737341374732,6.66424790586334e-07,0
pred_002272,2025-10-05T04:40:00,v1,953.3183303451136,8,0.1888643867361381,276,2,11.20635509728758,0,0.8645456992168772,3.765417312444177e-06,0
pred_002273,2025-10-05T04:45:00,v1,640.4077156498906,7,0.2526611952830514,815,3,17.333822176042666,1,0.5427631758430975,9.558324611341485e-06,0
pred_002274,2025-10-05T05:43:00,v1,1335.9280265658929,9,0.1288011639574631,896,1,8.53188557990279,0,0.9286482436591876,5.3837455318326516e-11,0
pred_002275,2025-10-05T06:03:00,v1,818.640595620514,21,0.0582233446505402,76,4,2.607811734705464,0,0.8063035425490881,8.952063166970857e-05,0
pred_002276,2025-10-05T06:08:00,v1,786.3593153713374,22,0.2112917735225523,601,3,28.55620605773769,0,0.8852738155835456,3.9024227927201535e-07,0
pred_002277,2025-10-05T06:22:00,v1,885.6935537286081,20,0.1674179617555861,699,2,31.3731910280516,1,0.5410046086172273,2.445568661453188e-07,0
pred_002278,2025-10-05T06:52:00,v1,1188.7209863403184,11,0.1489959412432745,868,1,0.0740429025955325,0,0.707782313164356,3.157935907846759e-10,0
pred_002279,2025-10-05T07:48:00,v1,2538.447174604529,16,0.2830048861396175,380,2,18.13506602916859,0,0.8866736741297818,1.465506640499015e-12,0
pred_002280,2025-10-05T07:50:00,v1,1166.3887794980806,16,0.2088082363752377,576,2,36.87961249160687,0,0.7624018751297231,3.371652291358281e-08,0
pred_002281,2025-10-05T07:57:00,v1,1193.3296803182586,14,0.1585802332864365,123,1,6.778573734842143,0,0.7389556175199421,4.084937942802115e-07,0
pred_002282,2025-10-05T07:59:00,v1,1242.8596880721527,22,0.3531097314897615,256,1,20.875839132970334,0,0.9578749737717176,2.5852286408177618e-08,0
pred_002283,2025-10-05T08:11:00,v1,1397.1937544147368,12,0.4192415524381098,993,2,17.521638046733237,0,0.8592538996218706,9.064135101766245e-11,0
pred_002284,2025-10-05T08:13:00,v1,1414.3100343946344,13,0.0024328167853419,997,3,24.85197043685004,0,0.8283084734278607,1.0223646879181107e-10,0
pred_002285,2025-10-05T08:20:00,v1,835.123383835595,15,0.1445523951990574,47,1,5.356170676269791,0,0.9016495922563302,7.2738746143382215e-06,0
pred_002286,2025-10-05T08:25:00,v1,569.5913082011637,7,0.1950653338903211,977,4,3.0673308691855623,0,0.6971809139082273,1.2511426535740575e-06,0
pred_002287,2025-10-05T08:51:00,v1,1205.5887517570957,10,0.1665915686511525,923,2,1.032024434047734,0,0.9234934276221676,2.931805811441252e-10,0
pred_002288,2025-10-05T08:53:00,v1,939.745514476599,7,0.1545386873140085,37,3,10.228111539503464,0,0.9622960998122828,0.00010948047610238655,0
pred_002289,2025-10-05T09:12:00,v1,3000.0155744964136,9,0.3381824271046836,218,0,57.752898502988536,0,0.6212800521112992,4.756993052451613e-13,0
pred_002290,2025-10-05T09:35:00,v1,799.3144792873513,12,0.2108609320228186,878,1,10.215478875071517,0,0.7077292061569133,9.466772371652919e-09,0
pred_002291,2025-10-05T09:39:00,v1,259.48153519517086,16,0.3079294179458364,507,2,17.206485268102597,0,0.7528182910044693,7.935014264110898e-05,0
pred_002292,2025-10-05T09:58:00,v1,835.0995855615741,8,0.0689504171729585,756,3,6.6802893400049985,0,0.9451237764943052,1.2007441302996438e-07,0
pred_002293,2025-10-05T10:18:00,v1,827.527806779949,7,0.2901420767237777,903,1,9.4561811949533,0,0.781165964648502,1.113022723895779e-08,0
pred_002294,2025-10-05T10:39:00,v1,489.2935741073095,11,0.2911514388297087,715,0,15.169853628686514,0,0.8054741301302631,2.2262155264221994e-07,0
pred_002295,2025-10-05T11:21:00,v1,527.3431077990429,16,0.325028784430524,147,1,7.138148530799027,0,0.811800432545167,6.499491446307408e-05,0
pred_002296,2025-10-05T11:24:00,v1,859.3648342411749,20,0.0912514721671853,569,3,18.20800955181491,0,0.8601404898213457,2.3238841990692687e-07,0
pred_002297,2025-10-05T11:53:00,v1,934.5336232786524,11,0.3542487270255597,932,2,12.69689691685042,0,0.7232879780610543,9.994620280921846e-09,0
pred_002298,2025-10-05T12:20:00,v1,1058.1592916307047,18,0.3849233794035526,562,5,31.32776069719844,0,0.8470358584122929,2.2770028698593523e-06,0
pred_002299,2025-10-05T12:42:00,v1,2232.494832655922,11,0.1557571708566091,446,4,17.977405342708824,0,0.8457314483302321,1.6298521715169383e-10,0
pred_002300,2025-10-05T13:29:00,v1,771.897832246363,10,0.0858679951064649,244,3,43.57301049751692,0,0.8708146968006351,0.0001128967139845855,0
pred_002301,2025-10-05T13:36:00,v1,1046.555182605034,10,0.1518674550760702,367,1,25.976645777640968,0,0.787651191997096,3.0942040587247127e-07,0
pred_002302,2025-10-05T13:44:00,v1,700.3131579057134,10,0.3011293193753243,159,1,0.193756727263488,0,0.6325497887665448,4.848739198040422e-05,0
pred_002303,2025-10-05T13:46:00,v1,1500.3836244461595,15,0.2893143097239999,262,1,21.01314344554019,0,0.6662795945698567,2.001472248345857e-08,0
pred_002304,2025-10-05T13:52:00,v1,533.7490903512078,17,0.1448323060184058,629,3,13.757888740598236,0,0.7410132279744381,4.263844066339765e-06,0
pred_002305,2025-10-05T14:05:00,v1,611.9432248353852,7,0.2228491507107837,433,1,7.610445814964216,0,0.900846915668553,3.840823311742371e-06,0
pred_002306,2025-10-05T14:08:00,v1,1262.3144214432266,9,0.0735381857745968,351,2,8.955236003252551,0,0.9844635417140936,5.5708296787358775e-08,0
pred_002307,2025-10-05T14:27:00,v1,498.4128940933422,18,0.3475453478165246,77,2,0.2275116518825665,0,0.9379843026822744,0.00021823732715803317,0
pred_002308,2025-10-05T14:33:00,v1,1011.2816708777729,12,0.1351918952816849,948,1,1.806958306160519,0,0.7417101479533421,4.667696162509907e-10,0
pred_002309,2025-10-05T14:44:00,v1,1420.729453804224,15,0.2414069685506016,495,1,0.5881621023075624,0,0.6466669646702828,1.8359727119435164e-09,0
pred_002310,2025-10-05T14:45:00,v1,498.9768002578325,15,0.3047726954939774,868,3,26.707918114377424,0,0.8390188483605293,1.0752809196977788e-06,0
pred_002311,2025-10-05T14:48:00,v1,1469.8093704098094,19,0.2673191422989808,53,3,12.714223841141068,0,0.6432252416615312,9.713084604682181e-07,0
pred_002312,2025-10-05T15:06:00,v1,390.8289302635808,17,0.5649967025873726,687,1,1.4758868111739127,0,0.6518647755539965,2.0112481231279554e-06,0
pred_002313,2025-10-05T15:42:00,v1,930.466059850174,14,0.2973709803236287,538,3,2.1832269132124247,0,0.5040211403526147,1.5646751539657046e-06,0
pred_002314,2025-10-05T17:14:00,v1,955.3961464891904,21,0.1420965820941797,991,2,8.668431415830824,0,0.8873622522693282,3.09735366595656e-10,0
pred_002315,2025-10-05T17:21:00,v1,1608.0755803580637,21,0.1807551711862408,401,2,11.826734126320844,0,0.4369530301182155,3.5559969874853512e-09,0
pred_002316,2025-10-05T17:30:00,v1,1148.2439743269556,11,0.2311252051119957,322,0,20.569558205218563,0,0.6992203176517638,8.105767185087838e-08,0
pred_002317,2025-10-05T17:31:00,v1,713.1363977666232,18,0.2374885514540558,959,1,22.93546466120632,0,0.914553386922652,2.671812990910706e-09,0
pred_002318,2025-10-05T17:51:00,v1,1481.5286804662014,9,0.2160488650121676,328,1,35.3988148184237,0,0.7085124561186258,3.206223921156888e-08,0
pred_002319,2025-10-05T18:01:00,v1,152.1732792704827,5,0.6146018972851731,187,8,39.046118805295585,0,0.2176030301928144,0.9987099310453852,1
pred_002320,2025-10-05T18:04:00,v1,1161.915524217599,14,0.0763382820940823,204,3,32.36305473880834,0,0.8131376809219782,3.3268106932985433e-06,0
pred_002321,2025-10-05T18:18:00,v1,2145.5219864976343,19,0.0630795810448828,358,4,14.127098408563372,0,0.8574299676312077,1.6864821053746093e-10,0
pred_002322,2025-10-05T18:40:00,v1,857.0188867304107,17,0.2810084061615404,550,2,6.320680377005125,0,0.8564840271319412,1.5666382420206593e-07,0
pred_002323,2025-10-05T19:11:00,v1,3003.206887538139,18,0.1040444264298871,476,2,9.166177879838386,0,0.9259924998905084,3.921458093515053e-15,0
pred_002324,2025-10-05T19:38:00,v1,407.8841906672282,17,0.150009455568137,356,0,45.313969277401696,1,0.9589130019747002,1.895251719660314e-05,0
pred_002325,2025-10-05T19:44:00,v1,878.731264937806,15,0.1334244918652833,190,1,63.26478074204656,0,0.8857481744567509,7.494943862358382e-06,0
pred_002326,2025-10-05T20:12:00,v1,1483.8265158414918,15,0.1016081147389377,301,3,12.524087949337796,0,0.831643801624838,4.221889211517111e-08,0
pred_002327,2025-10-05T20:51:00,v1,591.2870741416116,12,0.1986057410254092,556,0,6.947143054085274,0,0.710641438611488,3.5806612072322636e-07,0
pred_002328,2025-10-05T20:58:00,v1,389.8261924232062,22,0.3655326429432903,186,4,0.7147072019017721,0,0.9636512255690528,0.0009868293227864042,0
pred_002329,2025-10-05T21:02:00,v1,70.0658651970857,5,0.7779416635528688,117,11,116.71907670501342,1,0.0125893788343095,0.9999998982030106,1
pred_002330,2025-10-05T21:04:00,v1,409.582700087274,2,0.8526539824264487,137,7,303.1215806994201,0,0.1860649722471515,0.999998245965865,1
pred_002331,2025-10-05T21:13:00,v1,567.3662036815708,14,0.4275915575764111,203,2,4.669840385682892,1,0.9107177076882936,0.00026418823579821217,0
pred_002332,2025-10-05T21:17:00,v1,1242.021474730288,7,0.0534209113694038,405,1,6.270637879521565,0,0.7296714359221406,3.4430335890652876e-08,0
pred_002333,2025-10-05T21:55:00,v1,765.4054979699465,18,0.2477810824836609,549,3,10.470286281219378,0,0.5472641656473733,2.9333751441478443e-06,0
pred_002334,2025-10-05T22:06:00,v1,390.4457284834888,12,0.2585196134612326,915,1,3.94934170037358,0,0.6003998656636488,2.4896805321882997e-07,0
pred_002335,2025-10-05T22:34:00,v1,975.6145512670156,8,0.2478538541638805,634,2,26.95157988882287,0,0.628444849086952,3.733901562610463e-07,0
pred_002336,2025-10-05T23:36:00,v1,1553.1483280422126,20,0.2505488071419461,195,1,18.46262454123373,0,0.84357550824643,5.487565948447639e-09,0
pred_002337,2025-10-05T23:51:00,v1,851.6184693874154,11,0.0920119836961929,274,1,8.95800679595841,1,0.6271832428498011,8.19495718418546e-06,0
pred_002338,2025-10-06T01:27:00,v1,772.779376037613,18,0.0619000396429645,91,1,6.6674402105111845,0,0.6935733877201962,8.894477951293706e-06,0
pred_002339,2025-10-06T01:55:00,v1,1346.394109550897,18,0.5250952398513915,866,1,14.741007027634184,0,0.961719744870308,5.3332736903713826e-11,0
pred_002340,2025-10-06T01:57:00,v1,749.8421969468487,18,0.2188376015817952,214,1,14.88133192158735,0,0.7672144062124245,4.585557095359641e-06,0
pred_002341,2025-10-06T02:03:00,v1,385.37912965794254,21,0.1711596255793558,731,0,20.063186843372392,0,0.9513034657084336,5.243861555458672e-08,0
pred_002342,2025-10-06T02:05:00,v1,936.607492337542,15,0.1992529054855939,813,4,32.72681780660516,0,0.9177404602339532,1.184192138986554e-07,0
pred_002343,2025-10-06T02:05:00,v1,562.8855057821679,16,0.2157227920535755,577,3,8.092368846195242,0,0.6815340472952258,8.167405727659001e-06,0
pred_002344,2025-10-06T02:21:00,v1,232.0536473221766,5,0.3327710922168621,77,15,175.82550288532076,0,0.3162595907426125,0.9999999905286813,1
pred_002345,2025-10-06T02:29:00,v1,560.6935977805472,15,0.2468200867821517,749,2,2.5849945480591163,0,0.9578462295595224,1.7893593542284174e-07,0
pred_002346,2025-10-06T02:33:00,v1,1270.1959513109257,8,0.2657296211960459,600,2,26.98713624751542,0,0.7924148795138412,2.7803212744849588e-08,0
pred_002347,2025-10-06T03:11:00,v1,1682.7369052460522,17,0.0533375095657637,517,1,21.887989393396236,0,0.919305980835254,5.884688804170745e-11,0
pred_002348,2025-10-06T04:47:00,v1,649.1958073607974,12,0.0369406191465796,766,1,15.81271041884849,0,0.805351372822352,5.3718978406878516e-08,0
pred_002349,2025-10-06T05:03:00,v1,723.6300554803528,17,0.2450523121664918,285,3,1.9581479841214664,0,0.9237859187286274,1.3587565986694948e-05,0
pred_002350,2025-10-06T05:42:00,v1,1350.775958189814,21,0.1197333538846499,107,1,10.28402277215259,0,0.8277553652423453,3.528954350631915e-08,0
pred_002351,2025-10-06T06:08:00,v1,1066.3906488502607,16,0.2575890207420643,338,1,12.075378185760794,0,0.6177565896618791,2.2955317987997586e-07,0
pred_002352,2025-10-06T06:31:00,v1,1672.5580133420267,13,0.0845124922051676,598,2,11.601134640710358,0,0.7673947198832495,2.2025256799556298e-10,0
pred_002353,2025-10-06T06:37:00,v1,1634.595128882117,14,0.104864715224176,285,1,29.24677271491877,0,0.8059538736549368,3.013125685769099e-09,0
pred_002354,2025-10-06T06:53:00,v1,1064.159870615936,14,0.2147759986819275,473,1,6.551397762029877,0,0.7593239463597135,3.647054528661591e-08,0
pred_002355,2025-10-06T06:59:00,v1,943.5342643043864,10,0.1197579256019926,207,5,4.078793467353904,0,0.8093003880820434,0.00016690045449423578,0
pred_002356,2025-10-06T07:09:00,v1,422.8035855509394,19,0.4665328766761242,194,1,4.196922491823767,0,0.9399294587411956,5.0709593365963635e-05,0
pred_002357,2025-10-06T07:14:00,v1,873.3679319685125,16,0.2927959601720573,551,1,18.150844331526173,0,0.8144599900013287,8.438196395710884e-08,0
pred_002358,2025-10-06T07:33:00,v1,627.1236897173641,16,0.3741300519289553,673,3,43.31551025678783,0,0.8637799424590276,4.282907402435894e-06,0
pred_002359,2025-10-06T07:48:00,v1,1324.139106727842,7,0.1828077812973833,305,3,22.52983427347384,0,0.8365931261541998,7.880287595132946e-07,0
pred_002360,2025-10-06T07:48:00,v1,49.96410172709775,4,0.636791701595441,47,5,306.96941294687264,1,0.0924881994963904,0.9999997888534664,1
pred_002361,2025-10-06T07:56:00,v1,838.9180371624195,13,0.6302174708972569,353,2,21.13940330370608,0,0.962196954031946,6.276036191136393e-06,0
pred_002362,2025-10-06T08:25:00,v1,975.3467725974616,15,0.3572925959887327,65,1,2.3154333000549703,1,0.9282951699941407,7.496205161934876e-06,0
pred_002363,2025-10-06T09:50:00,v1,912.6401030072224,18,0.2531427450772447,613,3,3.4136312846839942,0,0.7320072825940974,1.9478629666398515e-07,0
pred_002364,2025-10-06T09:54:00,v1,1097.939929126606,9,0.0958417357778075,80,1,19.339722846200292,0,0.8279348001185481,2.6041503572584596e-06,0
pred_002365,2025-10-06T10:10:00,v1,1635.2424565485655,10,0.1547767375783228,195,1,18.70355882303516,0,0.8078487620765586,1.0818174357275495e-08,0
pred_002366,2025-10-06T10:50:00,v1,593.353674346143,19,0.090392006285304,750,3,12.892659602660208,0,0.7016109343777353,5.63950957949936e-07,0
pred_002367,2025-10-06T11:02:00,v1,1285.6326623221992,22,0.2391483338960339,686,3,41.225722534223955,0,0.8618519672032328,4.893354047401845e-09,0
pred_002368,2025-10-06T11:08:00,v1,1128.0939968615378,10,0.1047174420298331,776,2,37.10123102943141,0,0.9310765664989462,6.200557306678109e-09,0
pred_002369,2025-10-06T11:12:00,v1,1093.919819918031,17,0.0766240481121315,387,3,0.588977410520771,0,0.7085870969592937,3.1958424149813657e-07,0
pred_002370,2025-10-06T11:15:00,v1,355.8433193281158,16,0.0710981159775699,971,0,10.958303785203546,0,0.7279602261996908,1.5913251330202714e-08,0
pred_002371,2025-10-06T11:16:00,v1,1279.9821553912095,12,0.1389829286110229,709,2,14.309305678567211,0,0.672088160609335,3.5821299968099018e-09,0
pred_002372,2025-10-06T11:46:00,v1,972.6504704993964,15,0.4312383350410942,84,2,1.2808867142048304,1,0.7127238008151554,5.1434335522227314e-05,0
pred_002373,2025-10-06T12:01:00,v1,2604.0511494784428,19,0.2374198600565809,421,4,33.22357088764281,0,0.8152528533679314,6.97918361422513e-12,0
pred_002374,2025-10-06T12:19:00,v1,1017.7870675639504,18,0.3518387984431702,632,4,35.32909074516598,0,0.9722149095915376,3.227690715102606e-07,0
pred_002375,2025-10-06T12:22:00,v1,1732.5835030190026,18,0.2074779749328208,875,2,64.06658744301932,0,0.9761743387755352,1.319091327848939e-11,0
pred_002376,2025-10-06T12:44:00,v1,825.9613430190483,14,0.4088216849755628,88,0,7.21559071617764,0,0.8448624764700119,4.738378276729728e-06,0
pred_002377,2025-10-06T12:50:00,v1,1096.7463550727146,8,0.2016273836483775,69,0,1.0994917844648566,0,0.948758386159309,5.091960188640082e-07,0
pred_002378,2025-10-06T13:10:00,v1,516.3519534141066,19,0.431590439924948,943,5,2.636874745758906,0,0.8440003740742762,1.6264904156043928e-06,0
pred_002379,2025-10-06T13:14:00,v1,821.0022860346857,22,0.2094251819735802,514,2,9.94821558407954,1,0.8645518474609942,3.602967645489468e-07,0
pred_002380,2025-10-06T13:39:00,v1,950.962049244052,8,0.0635946007558379,751,1,16.280777862603784,0,0.6621393718898532,1.73296915097898e-08,0
pred_002381,2025-10-06T13:41:00,v1,1691.625404877634,20,0.0283351681500999,895,4,1.9084706361136323,0,0.6589785173666185,3.3237447681322045e-11,0
pred_002382,2025-10-06T13:49:00,v1,1220.5260285792076,19,0.2955356261817703,908,1,5.568259140927363,1,0.594754635851132,3.5692977614954066e-10,0
pred_002383,2025-10-06T13:54:00,v1,1696.7513105876546,11,0.297984217659497,260,2,11.16960486477714,0,0.7241502047227871,1.4541071961059425e-08,0
pred_002384,2025-10-06T14:19:00,v1,1491.5598764801878,22,0.3676191138539676,820,1,18.554908559142373,0,0.8259801197861951,1.777048852980091e-11,0
pred_002385,2025-10-06T14:22:00,v1,677.8474330261172,14,0.1210431972430859,981,3,33.615475322079696,0,0.9860382974555858,4.2476039245218134e-08,0
pred_002386,2025-10-06T14:30:00,v1,786.5851183237787,14,0.2303948639924303,321,1,16.385611782072523,0,0.8553044954768088,1.6283804137694159e-06,0
pred_002387,2025-10-06T14:37:00,v1,431.8301604501495,12,0.1407372845884053,58,6,0.0435459138691748,0,0.9448788905372068,0.06283747005352666,0
pred_002388,2025-10-06T14:54:00,v1,1226.9432406222738,16,0.242838097736009,204,2,10.001366551595208,0,0.6716423605693539,5.748593149683354e-07,0
pred_002389,2025-10-06T15:32:00,v1,1447.0307896554784,13,0.0623804703407668,735,1,0.7258892342764179,0,0.7445802251152066,7.893401806817074e-11,0
pred_002390,2025-10-06T15:32:00,v1,1188.4190759671972,22,0.051702291039498,702,3,20.30472063985369,0,0.9583711101779268,2.1087714040900963e-09,0
pred_002391,2025-10-06T16:05:00,v1,820.3466585396123,16,0.1006267130914385,153,1,4.315331025906979,0,0.9177923971492576,1.9886025724205725e-06,0
pred_002392,2025-10-06T16:23:00,v1,544.1062178580207,20,0.2728599940414016,241,1,5.8975565928629035,0,0.7720025105182152,1.1908869236447296e-05,0
pred_002393,2025-10-06T16:32:00,v1,1196.635481032534,22,0.0832325353237214,823,7,37.50411609431249,0,0.8284777441770963,1.8369840702542708e-07,0
pred_002394,2025-10-06T17:02:00,v1,660.0762836549513,18,0.0726506431904317,414,4,0.2873200078768485,0,0.8095486391507718,1.5895087880928208e-05,0
pred_002395,2025-10-06T17:19:00,v1,1633.876376470977,19,0.3029494326263162,532,1,18.8002064875681,0,0.5110215553335214,4.155537030201002e-10,0
pred_002396,2025-10-06T17:19:00,v1,2490.3377973416073,18,0.0347673603651644,481,2,9.48783073389414,0,0.7484950255173252,3.8931966283587694e-13,0
pred_002397,2025-10-06T18:01:00,v1,563.7664378821179,11,0.1432790702294688,676,3,7.976704623840851,0,0.8398388773384532,2.910334504466631e-06,0
pred_002398,2025-10-06T19:16:00,v1,921.9576366378476,10,0.245659882543583,683,2,41.97262041979031,0,0.6859884666649688,3.402908324362854e-07,0
pred_002399,2025-10-06T19:40:00,v1,2150.8632797979144,18,0.3479585240740484,319,1,12.114697281270669,0,0.53112111804017,5.1719016293097444e-11,0
pred_002400,2025-10-06T20:16:00,v1,682.9629304782935,19,0.0506955454553307,623,1,67.87265909398425,0,0.90321034540826,2.2939865997192638e-07,0
pred_002401,2025-10-06T20:54:00,v1,704.8454716485019,19,0.1858775687717073,801,1,60.041290248392336,0,0.92927673428472,3.208755456611893e-08,0
pred_002402,2025-10-06T21:30:00,v1,1385.498887397392,9,0.1167135477093284,459,1,3.1665552935302266,0,0.92061805964485,2.4977129011625946e-09,0
pred_002403,2025-10-06T21:45:00,v1,1804.634076409203,15,0.01968465150015,628,3,1.5938044931362143,1,0.6923823212067751,2.952345953285236e-10,0
pred_002404,2025-10-06T22:07:00,v1,844.0917121059064,12,0.0150786063163092,842,5,1.4889226188530864,0,0.8741096466519472,2.5919191792464515e-07,0
pred_002405,2025-10-06T22:09:00,v1,412.1884440114574,21,0.3358569590701678,565,2,60.046487782506475,0,0.9538828241586392,1.2178361576834924e-05,0
pred_002406,2025-10-06T23:27:00,v1,1133.151719845264,14,0.2043573602693774,737,2,8.956199104411237,1,0.6931209317613015,1.688566192222756e-08,0
pred_002407,2025-10-07T00:12:00,v1,464.1408228040693,19,0.2087763910910057,166,1,10.022786634271435,0,0.749456792115774,5.8978577638385776e-05,0
pred_002408,2025-10-07T00:28:00,v1,1008.7784266760136,21,0.1131210271854595,299,3,20.163039533350062,0,0.7680522027985444,1.4155314853643978e-06,0
pred_002409,2025-10-07T01:00:00,v1,1787.8385812287224,15,0.3541750296489362,999,1,6.093149896571509,0,0.9730784410364162,2.803864472816963e-13,0
pred_002410,2025-10-07T01:09:00,v1,816.5225226799332,20,0.0339629734797679,344,1,25.17837707548766,0,0.9140437647497462,2.726833477596964e-07,0
pred_002411,2025-10-07T02:01:00,v1,1063.5158101651416,11,0.3616438001877405,385,1,5.531331117526714,1,0.7877586369012247,4.782695221431401e-07,0
pred_002412,2025-10-07T02:09:00,v1,543.153234858994,14,0.169440513089047,853,0,10.82425227980354,0,0.7221436933682798,1.987815658509757e-08,0
pred_002413,2025-10-07T03:06:00,v1,355.5316879988985,16,0.262181698988866,926,3,2.3839531773670655,0,0.865027274487147,6.397430580472268e-07,0
pred_002414,2025-10-07T03:21:00,v1,629.3627025056834,11,0.1211974930594642,482,4,8.316256761906315,0,0.7242196350751257,5.614415595819303e-05,0
pred_002415,2025-10-07T04:46:00,v1,975.7153813125572,16,0.514647262297307,262,2,39.45760443390379,0,0.8531012101075672,6.4757471982488015e-06,0
pred_002416,2025-10-07T04:56:00,v1,1961.539347972596,18,0.0787743069580692,381,2,2.2309695294653937,0,0.7762123004195973,6.42953415481316e-11,0
pred_002417,2025-10-07T04:58:00,v1,1146.7251968214707,8,0.3396377719190399,958,2,5.220259373456862,0,0.9109252784965716,8.242986732808725e-10,0
pred_002418,2025-10-07T05:23:00,v1,708.940389508664,8,0.1944852668885968,207,3,2.1994920392436157,0,0.9391615691441524,0.00010465459407421925,0
pred_002419,2025-10-07T05:28:00,v1,851.5847719994066,22,0.1534580755822245,971,2,13.266363114581646,0,0.7413297962475851,1.5282633108675333e-09,0
pred_002420,2025-10-07T05:43:00,v1,2206.9928594352264,7,0.0463867148244619,638,1,12.622687379366967,0,0.7149880107567284,1.5870309349447778e-12,0
pred_002421,2025-10-07T06:15:00,v1,514.08090458571,14,0.0493709042563441,895,2,0.8197757227636676,0,0.9169798370395787,4.595074649001977e-08,0
pred_002422,2025-10-07T06:31:00,v1,1158.2940329303342,10,0.2683350791688197,548,1,5.031559771629208,1,0.7621043898258227,4.196656977090078e-08,0
pred_002423,2025-10-07T06:55:00,v1,451.5302143654056,15,0.1405620538635648,402,1,1.7359981849037387,0,0.8932153062504805,4.203278414505502e-06,0
pred_002424,2025-10-07T07:00:00,v1,741.0917940307147,9,0.1574581319310994,465,1,38.747980034897985,0,0.7518864722566297,2.7524825471292193e-06,0
pred_002425,2025-10-07T07:01:00,v1,890.8046650821701,16,0.1240767969997682,761,1,10.73026448846512,0,0.9401094445168308,2.8993642297290783e-09,0
pred_002426,2025-10-07T07:54:00,v1,1055.0745326547185,15,0.0664333327296427,490,2,38.57891002270282,0,0.8972054633761491,1.0429563183521871e-07,0
pred_002427,2025-10-07T08:18:00,v1,258.75313588513274,0,0.675710352287667,139,6,61.86713763306671,0,0.1126880540540316,0.997261824849552,1
pred_002428,2025-10-07T09:19:00,v1,110.40684316101526,5,0.7948198793689716,10,7,95.85501594159392,0,0.1587340655848768,0.9999565846420301,1
pred_002429,2025-10-07T09:49:00,v1,988.5151926623546,19,0.252251716988646,377,2,7.679371847874882,1,0.7434769648319303,9.090454460255329e-07,0
pred_002430,2025-10-07T10:10:00,v1,458.5473394114284,20,0.0884109888203746,733,4,5.730540774313872,0,0.8972785870001457,2.211930626458717e-06,0
pred_002431,2025-10-07T10:19:00,v1,524.3047478307295,9,0.1476005085718358,67,2,7.361569070433951,0,0.9267266496128104,0.0005661303952758228,0
pred_002432,2025-10-07T10:55:00,v1,1278.9481478732798,21,0.1764719235517573,759,2,3.619456286701781,0,0.8341603123855403,2.5995093487470095e-10,0
pred_002433,2025-10-07T11:28:00,v1,719.9530497129633,16,0.1821480899163335,651,1,18.180224961418677,0,0.6060094745244753,1.7086228609685794e-07,0
pred_002434,2025-10-07T11:36:00,v1,1981.3465002344303,9,0.3295832016017254,832,4,21.286121279225505,0,0.9318712841746736,4.356963266348738e-11,0
pred_002435,2025-10-07T11:48:00,v1,1081.8330430753738,21,0.1931646559760322,327,1,23.553459876085068,0,0.986493705187946,3.543345030360394e-08,0
pred_002436,2025-10-07T12:21:00,v1,2022.4154480400643,19,0.4054995384866712,402,1,0.0588856601881053,1,0.7995352029594602,4.5813867569127756e-11,0
pred_002437,2025-10-07T12:22:00,v1,609.5012283094412,7,0.46114638130399,350,0,17.360517515141535,0,0.9367520280548324,6.14614671317044e-06,0
pred_002438,2025-10-07T12:22:00,v1,412.3102965272181,10,0.229224817388204,353,3,8.662152345552219,0,0.6952178139564483,0.0006419776633782131,0
pred_002439,2025-10-07T12:43:00,v1,1007.145153449862,13,0.1414673639634768,850,0,11.645055056885887,0,0.6995839713532598,5.590419402606398e-10,0
pred_002440,2025-10-07T13:08:00,v1,1383.7986678849647,21,0.121643675423232,396,1,21.74009786026525,0,0.8782129874748087,1.7480935055695694e-09,0
pred_002441,2025-10-07T13:11:00,v1,828.539957930805,22,0.0466271684180261,357,1,22.66444615580059,1,0.9441451766162674,3.788031476063079e-07,0
pred_002442,2025-10-07T13:14:00,v1,1337.9933934973571,21,0.1407333801898477,954,1,1.6129817774168722,0,0.6259267561378472,1.2594240578999607e-11,0
pred_002443,2025-10-07T13:38:00,v1,1945.11534463492,13,0.2521642889629349,107,3,13.616407885892569,0,0.8883970518881936,1.154852695074059e-08,0
pred_002444,2025-10-07T13:46:00,v1,660.8304249852177,18,0.3533480472476049,957,2,17.349770840760456,0,0.7728520527998805,2.5184970511758292e-08,0
pred_002445,2025-10-07T14:23:00,v1,60.44899652439209,4,0.7192129644839588,179,6,106.49979022820298,0,0.7933827011594742,0.9962894478119695,1
pred_002446,2025-10-07T14:25:00,v1,1233.6424786635107,16,0.2076195008635507,402,2,10.067421574053576,0,0.9254496459938104,2.728996065700004e-08,0
pred_002447,2025-10-07T14:42:00,v1,1984.2199559189312,15,0.0522585805148759,154,3,0.7887439230117662,0,0.6191922043205975,4.122921334344974e-09,0
pred_002448,2025-10-07T14:45:00,v1,128.57030543333514,3,0.3808213784323831,86,7,202.48014466366007,0,0.2882303284692799,0.9999865696115144,1
pred_002449,2025-10-07T15:07:00,v1,770.1659137390894,19,0.1544927033386765,104,2,6.901082694767201,0,0.8449424097109711,1.6459723348197637e-05,0
pred_002450,2025-10-07T15:08:00,v1,552.9486082429453,19,0.1703365102249666,491,1,5.616849354971474,0,0.9131296038192658,4.7410801091840107e-07,0
pred_002451,2025-10-07T15:26:00,v1,807.6442352421165,19,0.13905982260208,702,0,1.6939881120817983,0,0.7445706162279271,3.2803618646425124e-09,0
pred_002452,2025-10-07T16:10:00,v1,1109.330795152977,16,0.2660908129186422,904,2,20.8408515411786,0,0.616541534509563,2.320313694142665e-09,0
pred_002453,2025-10-07T16:55:00,v1,884.1207095382073,11,0.2701283021867377,731,0,0.3242424729636897,0,0.7491731282032542,5.540122429911298e-09,0
pred_002454,2025-10-07T17:29:00,v1,1981.7569479895192,9,0.0393763932358514,425,2,14.207735550892666,0,0.8791432757593116,1.17877002003459e-10,0
pred_002455,2025-10-07T18:09:00,v1,1403.140622699104,16,0.1290739058182931,545,3,14.718422933958676,0,0.9662026929980604,4.2618291811057205e-09,0
pred_002456,2025-10-07T18:44:00,v1,593.835708727277,18,0.1132231447710174,178,1,25.11866840734775,0,0.6018101353549934,4.462190948847336e-05,0
pred_002457,2025-10-07T19:17:00,v1,797.1043442130461,7,0.1285365898622328,128,0,3.214607662996341,0,0.8824424727663572,4.196866675943291e-06,0
pred_002458,2025-10-07T19:35:00,v1,320.9609025793046,20,0.1665442713365794,249,2,10.777827675634851,1,0.876341166918078,0.0003631090364214019,0
pred_002459,2025-10-07T19:51:00,v1,605.7923824033338,16,0.038496814006953,281,3,1.8957597250981153,0,0.7037989726999699,5.53648838688491e-05,0
pred_002460,2025-10-07T20:12:00,v1,617.0044270693062,12,0.3135089731622902,603,2,5.442676267846108,0,0.8037767255872315,1.7160603603668468e-06,0
pred_002461,2025-10-07T20:14:00,v1,669.5074349651659,20,0.0468609479965772,678,1,15.10201489113381,0,0.8195345582037608,3.2899522664357166e-08,0
pred_002462,2025-10-07T20:25:00,v1,1041.3467667514096,17,0.1126409447923371,335,1,1.4611149587225956,0,0.8283703702705367,5.873150767264654e-08,0
pred_002463,2025-10-07T20:26:00,v1,712.9375427956356,9,0.2062045104143061,52,2,2.6785522943054016,0,0.7547668553003968,0.00026277524244620003,0
pred_002464,2025-10-07T21:16:00,v1,445.56838706209567,20,0.4385209968546739,87,3,9.722141203771251,0,0.915914689901051,0.0013363327910458076,0
pred_002465,2025-10-07T21:38:00,v1,750.1193521584178,8,0.3363998983233398,775,4,42.6211015076169,0,0.7786466263708594,6.984323061392519e-06,0
pred_002466,2025-10-07T21:44:00,v1,930.6056765777034,21,0.0971145647663423,167,3,15.709181323789764,0,0.6396462183422111,1.341731087206789e-05,0
pred_002467,2025-10-07T22:00:00,v1,1164.8296765947243,14,0.1682075249003899,926,1,7.44239067508919,0,0.8172976637156378,1.232280704529059e-10,0
pred_002468,2025-10-07T22:43:00,v1,776.5322163604025,11,0.1957896527807536,302,2,43.881938053653066,0,0.5412374724302305,7.05512874414105e-05,0
pred_002469,2025-10-07T22:47:00,v1,729.4654331768822,17,0.0616742168192113,852,2,74.95986921723629,0,0.8604714388077853,1.0016110440651605e-07,0
pred_002470,2025-10-07T23:32:00,v1,991.6100756866208,21,0.2194749203639792,850,2,39.057121094472656,0,0.7524061979407324,4.8537649820608715e-09,0
pred_002471,2025-10-07T23:34:00,v1,550.0806520934765,21,0.3143590697993371,977,2,27.848117786120554,0,0.7498074047668971,4.468084032332248e-08,0
pred_002472,2025-10-07T23:39:00,v1,603.6550074807765,14,0.2390910498911195,120,2,21.9435575973789,0,0.937480321336248,0.00016031050908051796,0
pred_002473,2025-10-07T23:57:00,v1,2918.2469423571774,13,0.5611899160440694,571,2,11.573876941745857,1,0.8413135483903843,7.92833479471112e-14,0
pred_002474,2025-10-08T00:01:00,v1,628.3583971566059,17,0.2186198210921083,482,4,8.062444914152241,0,0.686336563865677,3.4391130708035585e-05,0
pred_002475,2025-10-08T00:18:00,v1,968.9452192384862,12,0.2466294409428211,98,1,30.18400593327443,0,0.7218187769948513,1.206499472294579e-05,0
pred_002476,2025-10-08T00:49:00,v1,592.006455031663,10,0.144810646582561,985,1,22.40904833614245,0,0.9297196903282272,1.3018716264282188e-08,0
pred_002477,2025-10-08T00:52:00,v1,1702.2546661316987,12,0.1448554217244501,307,3,14.94285983774167,0,0.8583392030408903,1.1345328595001161e-08,0
pred_002478,2025-10-08T01:09:00,v1,1586.995542876767,15,0.207939646254972,120,3,23.172600248785216,0,0.7754667370141863,2.524305489138981e-07,0
pred_002479,2025-10-08T01:11:00,v1,794.3413165768188,7,0.1722712919500461,118,1,5.325473083128729,0,0.8872551807159598,1.793172774892136e-05,0
pred_002480,2025-10-08T02:14:00,v1,1325.1713239441085,12,0.0669293366567758,137,4,11.413962219048964,0,0.9140667184118964,2.6429710527415206e-06,0
pred_002481,2025-10-08T02:15:00,v1,1077.3366486753273,12,0.1936961683309062,746,5,12.084362716834232,1,0.8698217291354383,6.185844156836001e-07,0
pred_002482,2025-10-08T03:11:00,v1,662.5519415006883,16,0.3574653799143272,313,3,5.429797911308046,0,0.921432928968631,2.9157247624085268e-05,0
pred_002483,2025-10-08T03:12:00,v1,812.2069867952165,12,0.1232579502871994,303,3,29.649390983187622,0,0.7648952487500669,3.489299375419259e-05,0
pred_002484,2025-10-08T03:14:00,v1,1087.2475306970243,20,0.0552496136653849,448,2,15.555659680770818,0,0.7889601965518844,4.140126438750868e-08,0
pred_002485,2025-10-08T04:14:00,v1,473.81984777971047,21,0.1961008731311455,732,3,1.7908211828352498,0,0.8261843882242258,7.951114679685626e-07,0
pred_002486,2025-10-08T04:20:00,v1,1325.7209527522464,16,0.1423589675462117,305,2,32.06365759246267,0,0.4289719037488597,3.393360811182087e-07,0
pred_002487,2025-10-08T04:37:00,v1,1180.054623581265,12,0.2007855806067152,679,1,0.6209950791285802,0,0.8453306831199758,1.4005892536677548e-09,0
pred_002488,2025-10-08T05:17:00,v1,367.4137366617024,14,0.3640850801131973,49,4,17.202300573311323,0,0.7621953291470666,0.049237915074254006,0
pred_002489,2025-10-08T05:19:00,v1,658.3798015982808,11,0.3414853113950635,563,3,24.382040389902382,0,0.6612593499776235,2.1987335522138764e-05,0
pred_002490,2025-10-08T07:01:00,v1,1415.0817895035325,22,0.0886190345732203,33,4,23.90404365006012,0,0.8206483677596594,1.8392345463712038e-06,0
pred_002491,2025-10-08T07:21:00,v1,557.8035963218007,19,0.2067692116821749,558,1,21.480837432337964,1,0.3696246896201178,7.918505757576094e-06,0
pred_002492,2025-10-08T08:05:00,v1,534.528448472792,20,0.167569449908153,887,1,3.983893182491315,0,0.7902623449208972,1.281959972564131e-08,0
pred_002493,2025-10-08T08:12:00,v1,685.6515517009958,19,0.1298339624177929,825,2,29.56128325465616,0,0.9490050520021543,2.9697175228332353e-08,0
pred_002494,2025-10-08T08:35:00,v1,835.7815313185882,8,0.1202168226761515,409,1,6.021702219740218,0,0.2069544526774794,5.9725734501732515e-06,0
pred_002495,2025-10-08T08:39:00,v1,797.4662854018225,14,0.1984464493430346,482,1,12.944271537247191,0,0.6745357368697694,4.639080824344652e-07,0
pred_002496,2025-10-08T08:43:00,v1,487.604167307592,20,0.1361665017241383,365,2,0.5325795023143938,0,0.9450409075464424,5.596122009851684e-06,0
pred_002497,2025-10-08T09:20:00,v1,808.7435381737668,11,0.2986595298660149,521,2,4.544114269306241,1,0.8320996593558172,2.194638117020765e-06,0
pred_002498,2025-10-08T09:56:00,v1,1468.2736142731635,12,0.1197077860294481,907,2,47.60941386470952,0,0.586928047547598,3.803845435367434e-10,0
pred_002499,2025-10-08T10:08:00,v1,1005.4377702944704,8,0.2265555182858159,769,1,1.104106565848064,0,0.8365471059281145,4.695642523559119e-09,0
pred_002500,2025-10-08T11:23:00,v1,504.82757701656607,17,0.3301264802923863,411,4,15.836813893763566,0,0.7545399669313781,0.0002554045432678522,0
pred_002501,2025-10-08T11:33:00,v1,1039.570849796076,11,0.4357493080504947,758,1,33.395692715849016,0,0.8171112870065241,1.2787053165813098e-08,0
pred_002502,2025-10-08T12:05:00,v1,1069.2990835730725,13,0.1987309542681357,129,1,39.746834608358675,0,0.9090651993496808,2.0540143312550528e-06,0
pred_002503,2025-10-08T12:35:00,v1,986.092249468458,10,0.1799411258604938,254,1,2.072827474447977,0,0.9508877254956288,4.516516179371107e-07,0
pred_002504,2025-10-08T12:36:00,v1,1518.3672191401786,22,0.0305425091463713,307,1,2.1872981286415283,0,0.7961348789094991,7.173031235147514e-10,0
pred_002505,2025-10-08T12:57:00,v1,942.4420957633996,11,0.1572264397168506,50,0,35.66379246739082,0,0.8680973100322689,4.8899045236133696e-06,0
pred_002506,2025-10-08T13:00:00,v1,2237.792177139389,16,0.1613015505446159,385,0,29.325054439951824,0,0.4937544111599554,6.597300753465335e-12,0
pred_002507,2025-10-08T13:35:00,v1,1147.8632674697687,19,0.1777626988446682,82,3,21.772762671174895,0,0.718365637394068,8.063173024054181e-06,0
pred_002508,2025-10-08T14:00:00,v1,997.8101381645088,13,0.2533922691270704,501,2,19.111010351383023,0,0.8211055883768767,2.2983091526394457e-07,0
pred_002509,2025-10-08T14:07:00,v1,659.5860588765062,18,0.0631543852038293,478,3,11.456931395805466,0,0.7834350430825339,3.941189597627087e-06,0
pred_002510,2025-10-08T14:52:00,v1,627.2026783804567,21,0.0152725358035117,298,3,34.96081812315055,0,0.547281372842247,8.714835706808547e-05,0
pred_002511,2025-10-08T15:21:00,v1,676.525530063814,13,0.3821283430614807,317,1,4.792783065875621,0,0.9276218588163124,3.8126188215533206e-06,0
pred_002512,2025-10-08T15:23:00,v1,669.0486457405079,20,0.066913072116744,793,2,14.01768943823186,1,0.8678160048601612,7.771992017649586e-08,0
pred_002513,2025-10-08T15:24:00,v1,569.6549943403279,10,0.3062562338449735,771,5,28.459583724344537,0,0.8903861990791949,3.0456601414909967e-05,0
pred_002514,2025-10-08T16:05:00,v1,500.2197131030408,11,0.2866347232336134,747,1,6.3656092831334865,0,0.8929023249093899,2.610783470521138e-07,0
pred_002515,2025-10-08T16:40:00,v1,26.371951573297768,22,0.6364017292457576,104,11,51.78051351316708,1,0.1042334667370934,0.999988858261298,1
pred_002516,2025-10-08T16:49:00,v1,1104.6641309987158,11,0.1006578680833787,788,4,6.229911209784685,0,0.9314890729431368,2.2544136557859056e-08,0
pred_002517,2025-10-08T16:58:00,v1,1185.4340075617545,11,0.5208344350608562,373,2,0.132714482209337,0,0.2948993116784001,1.742658712343127e-06,0
pred_002518,2025-10-08T17:08:00,v1,942.2369725162704,8,0.0358274276304585,926,2,18.019848910093263,0,0.917573350467068,4.042346091606411e-09,0
pred_002519,2025-10-08T17:22:00,v1,515.7103544145118,10,0.1336330028448204,568,0,24.66989432147213,0,0.7375980260198558,1.0494504221919735e-06,0
pred_002520,2025-10-08T18:29:00,v1,288.591234273919,9,0.1210492680219485,732,0,2.968292829055809,0,0.7320431913366103,7.433283540380388e-07,0
pred_002521,2025-10-08T18:42:00,v1,271.569216004531,3,0.4201704042582858,37,10,156.55355173824398,1,0.0971298469202522,0.9999994494248472,1
pred_002522,2025-10-08T19:18:00,v1,2768.382870901736,10,0.0385865071269841,636,2,3.4326008836950286,0,0.8863278523336124,1.384581171828365e-14,0
pred_002523,2025-10-08T19:33:00,v1,2088.7103405157836,22,0.1216244978312146,379,5,44.5984611875981,0,0.8485132128650192,1.3928696573452518e-09,0
pred_002524,2025-10-08T19:43:00,v1,977.2597014248475,12,0.1059595933107034,177,2,7.009723267103232,1,0.7005930968860881,1.6349909552992594e-05,0
pred_002525,2025-10-08T20:33:00,v1,376.9971860209487,8,0.2169261136963466,275,2,2.009489359461174,0,0.9323402534562488,0.00026416029112738424,0
pred_002526,2025-10-08T20:53:00,v1,1438.1786154932963,10,0.1658577844679503,301,4,21.967685095755943,0,0.9208121486490796,4.690544140352471e-07,0
pred_002527,2025-10-08T21:28:00,v1,949.2769853921887,12,0.0072641903609581,400,0,1.4177217801505535,0,0.6474958400884802,6.055547153585414e-08,0
pred_002528,2025-10-08T21:44:00,v1,591.8837150531664,8,0.1191187693668608,753,4,65.11663828789601,0,0.6318544975200098,6.192687655371046e-05,0
pred_002529,2025-10-08T22:14:00,v1,1044.0811529432428,8,0.1621875394932939,184,1,15.831587885801914,0,0.8659567472355278,1.5162798166947009e-06,0
pred_002530,2025-10-08T22:18:00,v1,330.035990885157,11,0.1496656202771795,161,5,12.448870917324433,1,0.657728128071528,0.18272507215869704,0
pred_002531,2025-10-08T22:28:00,v1,397.80232159928966,16,0.2355751414293129,84,1,13.91653404139813,0,0.7848255113114333,0.00038181784426622123,0
pred_002532,2025-10-08T23:01:00,v1,3280.8195723874633,13,0.15873357556618,827,3,7.649067740838047,0,0.7794185334226731,1.4584968754999749e-16,0
pred_002533,2025-10-09T00:08:00,v1,778.0430296891515,9,0.0962202039032266,843,2,6.56532696777314,0,0.940973742344142,2.3132558792028356e-08,0
pred_002534,2025-10-09T00:09:00,v1,1233.5448232398733,10,0.3726681377809568,619,4,16.40807019202349,0,0.9576835532007822,1.2541683644481353e-07,0
pred_002535,2025-10-09T00:59:00,v1,1056.810789475347,14,0.1947753930417764,879,1,11.094945408120353,0,0.9173564487282384,4.003578636560232e-10,0
pred_002536,2025-10-09T01:17:00,v1,447.96165430930006,13,0.2766118171948962,910,3,3.6007065856295517,0,0.8810727165133062,5.574336310548926e-07,0
pred_002537,2025-10-09T01:18:00,v1,911.5278155213612,12,0.2087029012914632,902,1,31.607462589127753,0,0.8053577786822522,4.060951806655203e-09,0
pred_002538,2025-10-09T01:30:00,v1,525.1588295134511,23,0.5222281512713794,109,4,174.8544281922243,0,0.266661652944701,0.7133142417440477,1
pred_002539,2025-10-09T01:57:00,v1,1526.5433435092284,22,0.1270387255925607,581,4,26.54312713791382,0,0.9435517241699748,2.2680394503765597e-09,0
pred_002540,2025-10-09T03:04:00,v1,1422.7513504677556,17,0.3415430159143805,744,3,23.602183854611983,0,0.8513038523244167,1.4389338298716572e-09,0
pred_002541,2025-10-09T03:18:00,v1,904.7822302122896,13,0.048996434774419,349,2,13.2653673262284,0,0.7950365731801341,1.2370190075646444e-06,0
pred_002542,2025-10-09T03:22:00,v1,1216.8811560100685,16,0.2009146664072222,353,2,8.423626682525638,1,0.7867912615887084,2.1437706954731328e-07,0
pred_002543,2025-10-09T03:37:00,v1,536.1681125317938,20,0.0899309274672152,210,2,10.293227286468037,0,0.9050265648862742,2.5005306941843092e-05,0
pred_002544,2025-10-09T04:13:00,v1,815.6197641875802,14,0.1380269887978702,631,2,32.180286744583775,0,0.8128839191856434,2.722176609490178e-07,0
pred_002545,2025-10-09T04:32:00,v1,1262.8295067625677,10,0.3343131549182939,482,2,10.552203097003757,0,0.934073681932246,3.1254591958934936e-08,0
pred_002546,2025-10-09T05:07:00,v1,1156.3432907433962,17,0.1716637146732428,953,1,6.338720385424392,0,0.8931616802150492,4.828290826837687e-11,0
pred_002547,2025-10-09T05:26:00,v1,542.4973488772777,9,0.209315753308553,467,3,22.451261788713143,0,0.592794341003125,0.00017124375353506924,0
pred_002548,2025-10-09T05:42:00,v1,907.5737182231654,8,0.2165000112190883,424,1,3.766758648854239,0,0.9041442457423488,2.818836723403548e-07,0
pred_002549,2025-10-09T05:47:00,v1,439.098515675622,18,0.2199403623628148,588,4,16.09063573321951,0,0.9354772101864446,2.5215727705633452e-05,0
pred_002550,2025-10-09T05:54:00,v1,1272.7254178985936,12,0.0853622199241359,367,0,8.474261833980606,0,0.9685818299343332,2.9174888525853886e-09,0
pred_002551,2025-10-09T06:40:00,v1,2032.9329893538973,14,0.1502052145541021,602,2,22.047065938486693,0,0.8099832714546413,1.3614157368434907e-11,0
pred_002552,2025-10-09T07:00:00,v1,727.3815238122004,10,0.2757190987782633,450,1,46.3711305730618,0,0.6333904332197553,8.098360755374986e-06,0
pred_002553,2025-10-09T09:33:00,v1,1265.5209187482535,13,0.1671972678176078,201,2,8.557971174540958,0,0.805329942411502,3.2752938963095154e-07,0
pred_002554,2025-10-09T09:35:00,v1,1269.6372883777638,9,0.0502256496622191,494,3,11.803236151258488,0,0.8031917280621043,7.852574278503889e-08,0
pred_002555,2025-10-09T09:59:00,v1,906.1007508463384,17,0.2844501836566123,558,0,5.8535428577397415,1,0.783203013314764,3.2921157397804743e-08,0
pred_002556,2025-10-09T10:07:00,v1,502.74748539681656,16,0.1259205189265168,606,3,0.1878929735909865,1,0.9864398984184704,5.675027411398126e-06,0
pred_002557,2025-10-09T10:13:00,v1,684.7333383847703,20,0.0817457173955995,241,3,1.9541861308163555,0,0.6941039483962885,2.8167358355428393e-05,0
pred_002558,2025-10-09T10:36:00,v1,1281.4683855860312,17,0.2214591479596075,781,2,13.58760090327636,0,0.9219910790220748,4.0791626338742446e-10,0
pred_002559,2025-10-09T11:14:00,v1,942.091409410032,16,0.1387967862974622,396,2,2.3333723465144276,0,0.7837608810524178,3.4181377087911345e-07,0
pred_002560,2025-10-09T11:21:00,v1,1091.0919827396767,7,0.2216299466450048,798,1,6.770172569877886,0,0.9317624923572644,1.6899712657450447e-09,0
pred_002561,2025-10-09T11:47:00,v1,294.2598549136063,20,0.0474480250246868,635,6,4.0804908661702886,1,0.6715715109106251,0.0012272845573644809,0
pred_002562,2025-10-09T12:03:00,v1,552.0505705082434,19,0.1556648222638197,393,3,39.595951401410936,0,0.8959022840751428,3.918800369370103e-05,0
pred_002563,2025-10-09T12:57:00,v1,600.4747752736597,17,0.0653526850240903,833,1,11.3995425478543,0,0.8655698583295098,1.4825954819246933e-08,0
pred_002564,2025-10-09T13:06:00,v1,1699.7990620150208,11,0.1570210772666573,987,2,24.377554753462785,0,0.940925368163404,4.481377608728305e-12,0
pred_002565,2025-10-09T13:18:00,v1,770.3277438772803,10,0.354820141923004,586,2,10.50320072550072,1,0.7956650383259463,2.850057490622702e-06,0
pred_002566,2025-10-09T14:09:00,v1,422.0601496465069,22,0.0824443135155246,608,1,11.18616715660783,0,0.950215316615624,2.2753391256817118e-07,0
pred_002567,2025-10-09T14:41:00,v1,752.5728933070669,19,0.0837328030292197,430,4,6.9288142064140485,0,0.7210448940583731,9.544446357575804e-06,0
pred_002568,2025-10-09T14:43:00,v1,3414.0117178862906,13,0.1842457319352958,742,0,16.99388191032906,0,0.9230477201569828,2.973519866364612e-18,0
pred_002569,2025-10-09T14:45:00,v1,735.4439081116449,10,0.2169930394730856,47,5,5.880111713791508,0,0.9203231765050018,0.004150638750035857,0
pred_002570,2025-10-09T15:08:00,v1,1574.7250757624065,21,0.3523714453108695,235,2,32.32735902598011,1,0.8042207897768168,5.3512410693013626e-08,0
pred_002571,2025-10-09T15:19:00,v1,797.9335775550585,22,0.1181897676585592,159,0,10.033743944370665,0,0.7051262174967887,7.781908558226149e-07,0
pred_002572,2025-10-09T15:31:00,v1,1093.9459362737118,22,0.0347243561052328,940,5,27.716776561944727,0,0.7559061250313767,1.0624850418569387e-08,0
pred_002573,2025-10-09T15:39:00,v1,2143.300092422944,10,0.006705501358655,837,4,41.272404440043395,0,0.7185665474980896,1.676859874091402e-11,0
pred_002574,2025-10-09T15:43:00,v1,1029.270244747251,10,0.2085306128630769,931,0,27.477352570411725,1,0.7381413162767289,1.470274959566203e-09,0
pred_002575,2025-10-09T16:45:00,v1,643.704551757941,13,0.1726073613100497,938,3,1.4388967077756345,0,0.5288600259083092,2.1532244113027516e-07,0
pred_002576,2025-10-09T16:47:00,v1,625.3276470421916,9,0.3450235856725356,101,1,26.797278865375723,0,0.8394836655991732,0.00022641646098573237,0
pred_002577,2025-10-09T16:47:00,v1,478.431312849332,20,0.2733483072605667,330,0,6.52266261868915,1,0.7788990853581451,6.987425126624037e-06,0
pred_002578,2025-10-09T18:24:00,v1,918.4686405358632,13,0.0987699730609871,674,3,6.016522058216699,0,0.78650711157692,1.2521716476769575e-07,0
pred_002579,2025-10-09T19:28:00,v1,871.993436250238,15,0.1076449494454162,247,1,13.098923820494813,0,0.9005472987426103,8.319720105853955e-07,0
pred_002580,2025-10-09T19:33:00,v1,877.7279367797706,15,0.3146910404390304,500,0,10.575719086084748,0,0.7194108178648293,5.746553896888496e-08,0
pred_002581,2025-10-09T19:53:00,v1,798.5772451793779,16,0.1099108312497793,676,3,10.010653834510336,0,0.8475456231783096,1.9724873446433344e-07,0
pred_002582,2025-10-09T21:44:00,v1,1192.146143392457,18,0.1259545340915587,267,1,0.7169352098222982,0,0.8429355172585187,2.830671825912144e-08,0
pred_002583,2025-10-09T22:14:00,v1,1189.047615461891,7,0.1313144013850409,526,3,6.5709548599598016,0,0.7707616732063951,1.7217366135026158e-07,0
pred_002584,2025-10-09T22:22:00,v1,1175.6395154370505,11,0.0112144277491672,199,3,28.183199122740348,0,0.8207783577292991,3.506076111821011e-06,0
pred_002585,2025-10-09T22:30:00,v1,481.4669977762993,21,0.3468650138536957,768,2,30.49360792094428,1,0.4356909720176101,6.364039817159083e-06,0
pred_002586,2025-10-09T22:31:00,v1,885.743144715505,9,0.154414800763734,504,2,4.0449197428960595,0,0.6074721806841966,1.0393919378076898e-06,0
pred_002587,2025-10-09T22:39:00,v1,888.7568445640547,22,0.2826339528834838,983,4,22.173330657905023,0,0.8752595894098965,1.1765874377749029e-08,0
pred_002588,2025-10-09T22:51:00,v1,635.835385560644,12,0.1228778384959841,686,3,18.34298214413895,0,0.913257725184092,1.273910903722741e-06,0
pred_002589,2025-10-09T23:12:00,v1,491.0309982571944,21,0.5514212521118329,655,3,30.025002402506026,0,0.9408520995884928,5.931026186491837e-06,0
pred_002590,2025-10-09T23:18:00,v1,951.3539503895934,17,0.3334470458900199,190,2,69.47815694802918,0,0.8817692134197166,2.0424638235913866e-05,0
pred_002591,2025-10-09T23:29:00,v1,531.9297801660142,10,0.2138224180950978,605,4,2.8292967459735436,0,0.7807552662782563,3.6225774781120716e-05,0
pred_002592,2025-10-09T23:51:00,v1,456.1251652876348,11,0.0802407861480238,906,0,17.028792924872185,0,0.8012234505511657,2.6685807793310623e-08,0
pred_002593,2025-10-09T23:52:00,v1,1212.6795926469638,17,0.0173675522671883,590,1,24.696843271699905,0,0.8744218913355517,1.5190064550214318e-09,0
pred_002594,2025-10-10T00:02:00,v1,659.8573031862786,22,0.2640609052943374,169,2,40.39911278349595,0,0.8235323138130869,5.481019164157779e-05,0
pred_002595,2025-10-10T00:20:00,v1,488.3135329882486,9,0.2173695454555224,364,1,0.9356995916421575,1,0.8504424300192225,4.12540248898106e-05,0
pred_002596,2025-10-10T01:44:00,v1,180.10060424821947,2,0.5209515530725815,105,7,277.22266257632265,1,0.6971029199656945,0.9999976783212402,1
pred_002597,2025-10-10T01:45:00,v1,1364.941682516907,16,0.2888636199189276,322,1,8.170348553103876,0,0.8510558524403851,9.859981280496717e-09,0
pred_002598,2025-10-10T02:36:00,v1,1138.228392735562,7,0.2366065381835317,426,3,7.587145122690089,0,0.7525101068803388,1.0295614994915377e-06,0
pred_002599,2025-10-10T03:05:00,v1,1291.8235036983458,13,0.1658705405440146,374,1,0.3988682478008544,0,0.789701278487746,1.1718649159110988e-08,0
pred_002600,2025-10-10T03:11:00,v1,534.7943332297408,20,0.3079724424462997,213,0,20.38272983784447,0,0.9914830931128916,4.14506206031104e-06,0
pred_002601,2025-10-10T04:01:00,v1,795.3530646691526,19,0.4666782382928651,256,3,5.937161341328824,0,0.8145624140333676,2.2295962582670757e-05,0
pred_002602,2025-10-10T04:03:00,v1,1247.0023204936867,18,0.2252475254558729,645,2,15.083781690238132,0,0.69438828041302,4.396200927827367e-09,0
pred_002603,2025-10-10T04:14:00,v1,1958.2676532432388,21,0.3270949969510752,587,0,8.56236876266932,0,0.9020718405408312,7.524860842186978e-13,0
pred_002604,2025-10-10T04:26:00,v1,598.6017127982996,13,0.1659419336296448,809,4,30.04294329251367,0,0.8421722395442339,2.872244980044467e-06,0
pred_002605,2025-10-10T04:49:00,v1,1074.7669511115284,12,0.1129322017356245,429,1,1.068916713246452,0,0.9654972934035608,2.1729417935918718e-08,0
pred_002606,2025-10-10T05:31:00,v1,1139.7748013400355,15,0.0483761578566562,186,2,6.702727007707565,0,0.799594029395083,5.64984919217117e-07,0
pred_002607,2025-10-10T05:42:00,v1,806.1970086832517,10,0.2966065609141483,242,1,0.9524243534886891,0,0.8282194072809412,4.451961664329285e-06,0
pred_002608,2025-10-10T06:11:00,v1,730.6859425334684,18,0.0960274976189803,823,4,15.620039820903154,0,0.9211015224564056,1.6536259817317575e-07,0
pred_002609,2025-10-10T06:17:00,v1,568.2137221876694,11,0.3215677249846324,420,1,7.494996694157183,0,0.6047892042094497,1.2893414207697101e-05,0
pred_002610,2025-10-10T06:47:00,v1,1048.9616502753456,15,0.1748531229209186,49,1,5.281764460273696,0,0.6025392180157206,3.916140755619618e-06,0
pred_002611,2025-10-10T07:10:00,v1,395.2471647889457,18,0.0471565991697706,648,3,8.719600240135518,0,0.8343865091271406,4.493221418900925e-06,0
pred_002612,2025-10-10T07:31:00,v1,578.9453209041523,21,0.1050350967260998,312,1,2.0331110437692583,0,0.6564861905409163,3.3085116703019943e-06,0
pred_002613,2025-10-10T08:04:00,v1,1440.5414632854092,17,0.2638426234994557,213,1,4.092045695036755,0,0.8833835835133738,1.0181361098292882e-08,0
pred_002614,2025-10-10T08:32:00,v1,1448.209020276881,7,0.2701240447217622,255,4,17.972474484902968,0,0.7009232251633747,2.6905340004076863e-06,0
pred_002615,2025-10-10T08:45:00,v1,605.9010315842776,19,0.1502487022596679,992,0,8.985981983537084,0,0.8474086344597473,8.133014905190419e-10,0
pred_002616,2025-10-10T08:52:00,v1,1299.4168635433118,18,0.3617568088221026,451,2,9.321493793073072,1,0.7876146849526957,4.6959564510504856e-08,0
pred_002617,2025-10-10T08:58:00,v1,578.4871978141139,14,0.1751545320975244,117,2,3.0138454840362296,0,0.9753777981863928,8.358866942214024e-05,0
pred_002618,2025-10-10T09:15:00,v1,1335.0850031744226,10,0.1290360925739243,183,3,2.069958604589611,0,0.924396296217998,5.379469253263859e-07,0
pred_002619,2025-10-10T09:24:00,v1,1477.7546094860647,18,0.0815717990763852,774,1,30.130202519162292,0,0.90307993808564,2.974395146212088e-11,0
pred_002620,2025-10-10T09:25:00,v1,1027.597301665504,13,0.1096745575220582,947,2,1.038329896989482,0,0.4664539897047216,2.810949270625429e-09,0
pred_002621,2025-10-10T09:37:00,v1,821.9321842016584,16,0.1784267506827922,816,1,23.33248298274,0,0.860166184411345,6.597679812735653e-09,0
pred_002622,2025-10-10T09:49:00,v1,441.50965275458304,12,0.2138950113745022,882,8,1.7388009835131892,1,0.843471966732919,0.0007806587955813572,0
pred_002623,2025-10-10T09:54:00,v1,1375.1879343907497,11,0.1997621220344303,258,4,1.4191368111074831,0,0.7975213877906847,9.351923025632673e-07,0
pred_002624,2025-10-10T11:17:00,v1,565.3575343206683,16,0.2023380333624939,145,5,37.09316276666071,0,0.7473087351831703,0.012061376231389724,0
pred_002625,2025-10-10T11:50:00,v1,1241.6037109613153,16,0.1162113956552089,893,1,8.190534007897533,0,0.7309114414604755,8.389440588218396e-11,0
pred_002626,2025-10-10T11:55:00,v1,548.3109240184181,9,0.025739395887679,68,3,0.0515325591750024,0,0.710263446579567,0.0018759967430110696,0
pred_002627,2025-10-10T12:00:00,v1,847.0132031667096,12,0.158579631543586,101,3,7.992989080153795,0,0.8989061500231678,6.9746301575574e-05,0
pred_002628,2025-10-10T12:06:00,v1,872.518157273693,20,0.0562327664411651,983,3,43.04961535287768,0,0.9388858258253844,4.78147248815157e-09,0
pred_002629,2025-10-10T12:16:00,v1,2168.805891078872,13,0.3656411313573979,105,2,4.659098676177832,0,0.9229481980109828,5.280918416422044e-10,0
pred_002630,2025-10-10T12:19:00,v1,704.3416896655757,18,0.1803647753753712,156,1,6.595711157543933,0,0.673049048590849,1.1706549259579806e-05,0
pred_002631,2025-10-10T12:26:00,v1,1517.369495363464,9,0.0729901788332064,46,2,5.226233959632317,0,0.8101497429108045,2.508610311312638e-07,0
pred_002632,2025-10-10T12:37:00,v1,509.1206594754414,17,0.0306768896119899,71,3,17.304131939515667,0,0.8846641829288044,0.0007258825077758605,0
pred_002633,2025-10-10T12:53:00,v1,411.9508416889307,19,0.1625792721777355,710,1,3.9493400075587903,0,0.9571747464466228,1.3053020817320575e-07,0
pred_002634,2025-10-10T12:59:00,v1,771.5813931826176,19,0.3205453975162402,38,1,2.155667117608339,0,0.9488124298490777,8.94025568301701e-06,0
pred_002635,2025-10-10T13:06:00,v1,301.64564988254665,15,0.060808436279297,874,4,20.40075027390627,0,0.654163395680134,1.3913054793356669e-05,0
pred_002636,2025-10-10T13:17:00,v1,601.2280530216343,12,0.1422070969836535,310,1,13.986414704977934,1,0.7285528244139233,3.506725365358121e-05,0
pred_002637,2025-10-10T14:05:00,v1,1422.9035220973972,17,0.0922900582892664,203,1,6.412632754729758,0,0.5827042892099996,2.6448388696209524e-08,0
pred_002638,2025-10-10T14:09:00,v1,992.4109034077236,21,0.3045575294924902,278,3,1.3652149938228306,0,0.7879655317149663,1.6903301600360477e-06,0
pred_002639,2025-10-10T14:17:00,v1,1464.9643981918794,19,0.0618234206229492,234,2,3.760532069039241,0,0.9122168587847,8.665673603006952e-09,0
pred_002640,2025-10-10T14:22:00,v1,350.8935624149827,12,0.038802644344528,461,2,37.94014469555786,0,0.7398272428728615,0.00010788758895783326,0
pred_002641,2025-10-10T14:33:00,v1,1858.95377555738,7,0.4247074130354937,227,0,10.570338762142187,0,0.7966494379323097,9.777461361333168e-10,0
pred_002642,2025-10-10T14:53:00,v1,500.663223078266,8,0.0106025872909913,639,6,7.563572556653696,1,0.5961536543734921,0.0016711994586862883,0
pred_002643,2025-10-10T15:04:00,v1,842.0905777759102,11,0.0616007154441679,627,0,11.24518445311942,0,0.9163434197165032,1.0124727459986487e-08,0
pred_002644,2025-10-10T15:10:00,v1,730.9921912924657,22,0.2991669297604413,904,3,7.152017777841339,0,0.9123616571708392,1.680958417740621e-08,0
pred_002645,2025-10-10T15:25:00,v1,392.4720348090403,11,0.1374609178914971,595,1,4.005422029691876,1,0.7224131979444293,9.2813414449121e-06,0
pred_002646,2025-10-10T15:52:00,v1,954.9123996856248,18,0.0923910279175886,494,2,12.042522996554634,0,0.9468050543526184,5.741335135285861e-08,0
pred_002647,2025-10-10T16:39:00,v1,306.5092821328788,8,0.2974586686942456,152,0,72.60071835356676,0,0.756124457911402,0.0032310893951271015,0
pred_002648,2025-10-10T17:07:00,v1,542.3624079805838,11,0.2277228001026678,278,6,1.7780573955789578,0,0.8698550318459543,0.005857574685036588,0
pred_002649,2025-10-10T17:16:00,v1,791.4353437309727,9,0.4173947076138149,686,3,18.01434595118573,1,0.7985642446575115,4.774420930160644e-06,0
pred_002650,2025-10-10T17:22:00,v1,902.7545505850392,22,0.2542309945989744,947,2,8.34447181662507,0,0.5631185772765812,2.6909843029953975e-09,0
pred_002651,2025-10-10T17:25:00,v1,549.238724374982,14,0.1366872207230631,374,3,1.660870783727284,0,0.647357548189637,7.168012649997322e-05,0
pred_002652,2025-10-10T17:55:00,v1,912.588480790233,16,0.1154908909479515,197,1,15.37074226024104,0,0.988547383110012,6.839498478599848e-07,0
pred_002653,2025-10-10T18:35:00,v1,1095.8065560133996,22,0.1506166247442035,673,2,8.020474072909733,0,0.940391072260626,1.748901301354557e-09,0
pred_002654,2025-10-10T19:26:00,v1,1083.9628615946958,13,0.1105823094669646,585,3,7.229092196482492,0,0.7985559315784195,8.177534099661062e-08,0
pred_002655,2025-10-10T20:15:00,v1,1139.3382999535158,17,0.4215354010259305,334,1,15.906473305815958,1,0.880239007620283,2.0795504974851315e-07,0
pred_002656,2025-10-10T20:27:00,v1,270.30711144063815,2,0.7514170548092592,150,15,104.13277310705033,0,0.0819108639878857,0.9999999758482364,1
pred_002657,2025-10-10T20:59:00,v1,1196.1251491939595,8,0.1345966478923414,663,3,39.4845551944805,0,0.8448589711697987,7.588120296715076e-08,0
pred_002658,2025-10-10T22:05:00,v1,1918.645276035152,16,0.0846616702542574,637,4,25.703499673897923,1,0.5675874366104364,1.1551155199150563e-09,0
pred_002659,2025-10-10T22:06:00,v1,926.359727105996,22,0.2198143739744536,30,2,9.968170566396076,0,0.8969668383099816,6.775656902713689e-06,0
pred_002660,2025-10-10T22:19:00,v1,1040.250506703899,11,0.4108657419597656,282,3,0.698971000434516,0,0.8916227251168544,4.181905487300982e-06,0
pred_002661,2025-10-10T22:58:00,v1,1531.8800350083338,21,0.1218826819263355,652,2,7.240395905948245,0,0.8958882851253178,7.606121331743293e-11,0
pred_002662,2025-10-10T23:16:00,v1,1595.873828231071,16,0.2805138700452768,228,0,0.4517340844923008,0,0.7727402892979198,1.226919473252606e-09,0
pred_002663,2025-10-10T23:19:00,v1,733.3076322295971,10,0.2579117833458816,514,3,5.500749172130722,0,0.5782055759949524,1.3694742682037662e-05,0
pred_002664,2025-10-10T23:32:00,v1,672.7550778860818,15,0.0814982484788775,482,3,18.299658502483233,0,0.8446072403648661,5.482286768102301e-06,0
pred_002665,2025-10-11T00:00:00,v1,1412.5725756531178,7,0.1668725345552381,632,3,36.01334493693713,0,0.7310243611241881,3.0102376357969307e-08,0
pred_002666,2025-10-11T00:04:00,v1,385.5510410259779,16,0.6693711950510878,199,2,10.114457776450926,0,0.8237616651237508,0.0009923976500338222,0
pred_002667,2025-10-11T00:40:00,v1,1623.722416475827,16,0.4428519626299189,315,1,5.239381896344424,0,0.9455888588546906,1.237373482790927e-09,0
pred_002668,2025-10-11T00:45:00,v1,952.5283541297428,13,0.139222533706156,236,0,60.03457570106208,0,0.700359776643732,1.9113646935427696e-06,0
pred_002669,2025-10-11T00:54:00,v1,775.6382454339923,11,0.1783902207213914,225,1,0.8216108561971682,0,0.7821722161590943,5.092499047280886e-06,0
pred_002670,2025-10-11T01:09:00,v1,395.6226580764895,19,0.1325779492349407,837,2,2.0540260763659193,0,0.903368393840814,1.4104300468474468e-07,0
pred_002671,2025-10-11T01:21:00,v1,334.64754512077945,13,0.2394721902273772,972,2,82.54614931276508,0,0.9686944135684168,1.8051284585059976e-06,0
pred_002672,2025-10-11T01:36:00,v1,1820.4061533034085,12,0.1450204998725338,754,0,23.876013745643075,0,0.836489785795528,2.0374102651041775e-12,0
pred_002673,2025-10-11T01:37:00,v1,979.7800321408224,8,0.1749205009642803,457,3,3.6911945648863664,0,0.8625918496098333,1.2098072130391762e-06,0
pred_002674,2025-10-11T01:44:00,v1,605.5173421969205,15,0.2829977053792157,593,2,15.69539648002086,1,0.9088358024601152,3.2082025799126752e-06,0
pred_002675,2025-10-11T02:28:00,v1,1485.8853217209676,17,0.2031970235233273,935,0,35.61796046961328,0,0.6955305346169731,6.688845466797985e-12,0
pred_002676,2025-10-11T02:43:00,v1,927.3335940749524,21,0.2345423331420585,440,2,18.844155612397746,0,0.881469574582475,1.7947370117890952e-07,0
pred_002677,2025-10-11T02:53:00,v1,1991.448472305017,16,0.3325925590704918,254,2,36.876781666967126,0,0.6998105926869812,1.7884567495026376e-09,0
pred_002678,2025-10-11T03:14:00,v1,268.2361018772447,17,0.4495206118186326,550,0,16.102662623774496,0,0.7431896958272202,5.729769789346101e-06,0
pred_002679,2025-10-11T03:42:00,v1,1217.3566363916884,12,0.2504520526064952,239,1,5.174314955878007,0,0.8484274774556201,1.1331211980677122e-07,0
pred_002680,2025-10-11T03:56:00,v1,483.4705460059761,9,0.105623581023693,734,3,28.48388184228033,0,0.7806567982157644,8.862511731923816e-06,0
pred_002681,2025-10-11T04:26:00,v1,878.995582742169,18,0.2035496972289784,63,1,14.266324086106616,0,0.8467751480579495,5.215290532420328e-06,0
pred_002682,2025-10-11T04:39:00,v1,1497.9671921351369,19,0.2849633431850367,86,3,17.98947969460595,0,0.9622545224429764,2.1804128994410663e-07,0
pred_002683,2025-10-11T04:54:00,v1,815.7924870711254,9,0.1278484453221396,217,3,32.64049986634421,0,0.9022067240808384,8.49229563245286e-05,0
pred_002684,2025-10-11T04:57:00,v1,1725.0456781342125,19,0.2165333826192707,424,6,3.7083171001982977,0,0.623140381433643,6.82887448556828e-08,0
pred_002685,2025-10-11T05:29:00,v1,960.497983798481,10,0.1144528428617003,32,1,6.343981492097334,0,0.7417949441856183,1.0670354469762748e-05,0
pred_002686,2025-10-11T05:53:00,v1,858.7756440980716,17,0.2920788886830494,766,1,12.06711526712681,0,0.7854423721654323,8.599549741423797e-09,0
pred_002687,2025-10-11T06:00:00,v1,1769.5651322085948,16,0.0424705103516664,596,2,6.348850518493826,0,0.8858373019326923,3.290336141233876e-11,0
pred_002688,2025-10-11T06:08:00,v1,1213.0158227062857,12,0.1052913364751111,559,0,6.1078290497807455,0,0.9467551781868202,7.225472481904259e-10,0
pred_002689,2025-10-11T06:20:00,v1,684.3658926478043,20,0.1670591942186754,452,3,9.85259678977341,0,0.5655609649258562,8.449309422158175e-06,0
pred_002690,2025-10-11T06:38:00,v1,777.9675346634983,16,0.1486835079278737,580,2,0.5246370525187113,0,0.787723338865767,1.9440875397989156e-07,0
pred_002691,2025-10-11T07:14:00,v1,2044.650427036165,9,0.3764331261720059,349,3,21.12808490600119,0,0.6951935732317106,2.7628792957383904e-09,0
pred_002692,2025-10-11T07:15:00,v1,1472.243020216701,11,0.2417567747689167,866,2,26.594780934337106,0,0.2552920467033946,1.4970845758678516e-09,0
pred_002693,2025-10-11T07:15:00,v1,714.0707546387998,7,0.2600687189390316,199,3,58.08072454339993,0,0.8683611998976531,0.001087181744545749,0
pred_002694,2025-10-11T07:16:00,v1,543.8510230275267,18,0.2069084298610385,350,1,1.72384426047656,0,0.8488130089695844,2.9995110026009742e-06,0
pred_002695,2025-10-11T07:28:00,v1,609.9331831363933,22,0.1361075593940865,580,2,0.4992829716212207,0,0.6081857340275526,5.867247591989087e-07,0
pred_002696,2025-10-11T07:50:00,v1,603.8076690199995,13,0.2842627189165209,370,1,6.4518745689288055,0,0.8652036394433008,4.14376948349681e-06,0
pred_002697,2025-10-11T07:56:00,v1,1289.8376215230892,21,0.2436382287832414,262,3,20.104811656953338,0,0.7812041223650567,2.762568619958702e-07,0
pred_002698,2025-10-11T07:58:00,v1,693.8895236940607,21,0.1003252491584757,532,4,35.44461182707531,0,0.8654080245137724,6.210463755437616e-06,0
pred_002699,2025-10-11T08:06:00,v1,1135.7692984452208,14,0.0910006573330891,592,2,12.487474247102115,1,0.8095302315525629,3.938535788347438e-08,0
pred_002700,2025-10-11T08:24:00,v1,1319.9195707060803,15,0.1156817820968168,414,1,13.582756457260627,0,0.8247799616953987,5.4399632173870016e-09,0
pred_002701,2025-10-11T08:54:00,v1,1095.531208611657,8,0.1172079439235398,196,3,10.879613956738948,0,0.6031355493872895,1.7898889166330798e-05,0
pred_002702,2025-10-11T09:06:00,v1,946.3519394212724,14,0.0974519982502069,237,1,0.6499105952471527,0,0.8705922230952536,4.2770511967546593e-07,0
pred_002703,2025-10-11T09:07:00,v1,679.6454887541115,19,0.0158885963505445,785,2,4.00711748369812,0,0.9242584400054604,1.724655894176392e-08,0
pred_002704,2025-10-11T09:13:00,v1,561.770546651138,10,0.1234458570391027,553,2,5.909492073146763,0,0.7679741552972973,4.2400124786659405e-06,0
pred_002705,2025-10-11T09:27:00,v1,777.3105259409047,12,0.266800393570561,431,0,35.77092379506977,0,0.5478296842411122,1.4473344600211402e-06,0
pred_002706,2025-10-11T09:34:00,v1,1468.4962850880922,8,0.1417549319514109,735,1,37.481384923488605,0,0.8525647285153608,3.580329646237533e-10,0
pred_002707,2025-10-11T10:01:00,v1,3454.189289515243,22,0.4034214954904079,934,2,22.44676343996972,1,0.9429488857107384,4.531025829350532e-18,0
pred_002708,2025-10-11T10:13:00,v1,1583.887455963432,9,0.3558002161414565,858,3,2.1955823927672378,0,0.7736049267982299,2.7636575054695967e-10,0
pred_002709,2025-10-11T10:24:00,v1,1697.1686024963824,18,0.0283416066508643,110,1,46.126949452378824,1,0.8958924590360903,1.62375120173784e-08,0
pred_002710,2025-10-11T10:35:00,v1,672.9372725669808,19,0.0972845634830553,590,0,22.6579394173743,0,0.8974019287376663,3.0422411633954584e-08,0
pred_002711,2025-10-11T10:35:00,v1,460.03379407183746,22,0.5980781954171818,59,4,30.13201857897073,0,0.8158000148390564,0.015134728555396864,0
pred_002712,2025-10-11T11:39:00,v1,1807.474290398036,22,0.0855841400320235,293,3,6.492074787987832,0,0.6619784278341038,1.7229831246882401e-09,0
pred_002713,2025-10-11T12:33:00,v1,520.1272672317805,10,0.1364833359780383,563,3,5.351016059991964,1,0.5894726192989539,9.078946321238463e-05,0
pred_002714,2025-10-11T13:26:00,v1,1500.9647519329162,9,0.1603402711352752,168,3,35.439304291086685,0,0.7368981398005094,1.118635035357911e-06,0
pred_002715,2025-10-11T13:33:00,v1,841.1933277367658,19,0.0786243416690106,54,2,72.22452621930033,0,0.8697789063200466,8.779162948489593e-05,0
pred_002716,2025-10-11T13:52:00,v1,657.934281610838,22,0.1395418937679798,354,1,2.029746276772504,0,0.8707050097295767,4.991892814952753e-07,0
pred_002717,2025-10-11T13:59:00,v1,468.4251543147791,14,0.2603090823406864,638,3,11.130220755418804,0,0.6738047117086976,1.6142083478744756e-05,0
pred_002718,2025-10-11T13:59:00,v1,976.5118416772478,19,0.2292968810824684,435,1,4.1644975143338385,0,0.8972495292520912,3.105902307686629e-08,0
pred_002719,2025-10-11T15:32:00,v1,664.593627192517,20,0.2973923212903384,791,0,77.78675357314809,0,0.8095775415162794,4.681752836202736e-08,0
pred_002720,2025-10-11T15:36:00,v1,737.5309075483963,18,0.3482169937211198,570,3,8.73469268864461,0,0.7521538713709733,1.7523009674237093e-06,0
pred_002721,2025-10-11T15:39:00,v1,1365.5701014108806,10,0.1712676248081079,812,1,23.171986298105367,0,0.8598978425298975,1.9159022034548434e-10,0
pred_002722,2025-10-11T15:45:00,v1,1405.72916005639,9,0.198172045986016,408,3,9.359311263377004,0,0.897679499754574,5.944941817183378e-08,0
pred_002723,2025-10-11T15:54:00,v1,1156.4173946949936,13,0.0890285541637591,613,2,24.587500492644057,0,0.6627802897624074,2.7988651679204027e-08,0
pred_002724,2025-10-11T16:37:00,v1,1549.0156599697152,8,0.209023912460537,344,2,7.622276024388819,0,0.475531314321344,5.5828165069039755e-08,0
pred_002725,2025-10-11T16:46:00,v1,1096.5783262498323,15,0.1447265011623868,775,2,5.336744069028049,1,0.9319015988766444,4.3822360510412326e-09,0
pred_002726,2025-10-11T17:11:00,v1,950.0882306794076,21,0.1887265328284077,262,2,27.70107823005802,1,0.9091418406918502,2.5999259033170177e-06,0
pred_002727,2025-10-11T17:20:00,v1,789.9431156043303,14,0.2476719140626253,647,1,0.1403244728138398,0,0.9359779877156053,2.7903848932196787e-08,0
pred_002728,2025-10-11T18:05:00,v1,831.587505256102,19,0.2471631859324943,49,5,16.79734398107305,0,0.9369161266036696,0.0007180411612479087,0
pred_002729,2025-10-11T18:20:00,v1,591.7368591799477,12,0.2932018588263906,579,1,9.3028610338667,0,0.6995027451038414,1.2971367183685538e-06,0
pred_002730,2025-10-11T18:31:00,v1,625.8484639436163,19,0.1228334299529814,71,2,0.7421914825516431,0,0.7420916091608429,8.192166575717036e-05,0
pred_002731,2025-10-11T18:48:00,v1,723.248135341729,13,0.3578178360342803,777,6,1.9064716457224864,0,0.6816174235873026,1.795787818747913e-05,0
pred_002732,2025-10-11T19:10:00,v1,627.1105580457123,11,0.2601358231595572,472,0,1.9457265784587132,0,0.4510714123951205,1.8282808866113304e-06,0
pred_002733,2025-10-11T19:31:00,v1,1035.7560646137576,11,0.0383193468738948,451,1,20.006040980098277,0,0.7333491998829931,9.450737973458317e-08,0
pred_002734,2025-10-11T19:55:00,v1,615.7762388848914,14,0.0841694722563536,644,0,20.851117502222984,0,0.8911255022057496,5.445240694561446e-08,0
pred_002735,2025-10-11T20:23:00,v1,576.3365112074838,20,0.0926273376450293,133,4,18.461192171115755,0,0.8848324525326515,0.0005663181996124666,0
pred_002736,2025-10-11T20:52:00,v1,959.4997507531136,10,0.1147699457806334,820,1,14.317158984811584,0,0.8482806064612566,3.317266712063979e-09,0
pred_002737,2025-10-11T21:16:00,v1,1044.5765099271146,15,0.3117469141126631,45,1,5.174659286294759,0,0.9082890640310938,2.0010527260774337e-06,0
pred_002738,2025-10-11T21:22:00,v1,1068.4939320980775,18,0.3732839575779909,518,2,13.8019375530144,0,0.8314458986314859,5.8247127208505236e-08,0
pred_002739,2025-10-11T21:22:00,v1,457.89123773421966,13,0.2077166789867583,831,1,0.6838268504953245,0,0.9054262226165292,7.735814048791452e-08,0
pred_002740,2025-10-11T21:54:00,v1,782.3998290712901,11,0.2601765381218391,817,1,21.163090731072632,1,0.5006724257416548,2.1178268062092678e-07,0
pred_002741,2025-10-11T22:09:00,v1,129.55737565326933,3,0.5864167535552659,20,4,287.7907308954922,0,0.422339662663779,0.999984349076095,1
pred_002742,2025-10-11T22:10:00,v1,2371.968918041025,9,0.1917142217867866,433,5,1.5865418906288749,0,0.4552048743732371,6.828780066042181e-10,0
pred_002743,2025-10-11T22:50:00,v1,679.8689945317492,18,0.2939375445491159,772,3,22.47222004142263,0,0.9295518443842552,2.5848765808639403e-07,0
pred_002744,2025-10-12T00:24:00,v1,1844.017100166519,20,0.0588349680468956,495,3,5.5031571953331175,0,0.9492682057507736,7.231321834467134e-11,0
pred_002745,2025-10-12T00:25:00,v1,1170.6409473092951,8,0.1120841613579349,753,2,4.787264340099734,0,0.7802363835523703,4.733961258023832e-09,0
pred_002746,2025-10-12T00:26:00,v1,1004.8192018600798,7,0.0605783725079465,909,1,19.291051085801257,0,0.8179087425469682,1.6383933317180017e-09,0
pred_002747,2025-10-12T01:03:00,v1,278.0862893625056,18,0.0747738492577914,543,2,0.137051822752254,0,0.8706630206402144,7.553838353078278e-06,0
pred_002748,2025-10-12T01:11:00,v1,500.88982241829143,2,0.5249185425904364,105,11,30.941120128137737,0,0.3619825658621271,0.9994919957096616,1
pred_002749,2025-10-12T02:03:00,v1,348.0248413798638,16,0.3965763906403304,385,2,20.794948858258987,0,0.9369050885758284,9.583632536833379e-05,0
pred_002750,2025-10-12T02:13:00,v1,573.2459750487549,14,0.0443148135941452,399,2,18.39154929617114,0,0.9543975267299104,6.3129521830273814e-06,0
pred_002751,2025-10-12T02:41:00,v1,706.7304853139586,15,0.141615985883827,539,3,8.836148318652546,0,0.98741417268379,1.2188079376835507e-06,0
pred_002752,2025-10-12T02:48:00,v1,716.6679006370243,9,0.2536977533087536,48,3,0.833109704642958,0,0.9286465208967944,0.0004888862041513218,0
pred_002753,2025-10-12T03:32:00,v1,615.2255564199304,18,0.1325866800512492,768,3,34.20219444427478,0,0.75457235067173,8.134105179430932e-07,0
pred_002754,2025-10-12T03:45:00,v1,137.5402444270212,1,0.4346412451464994,56,6,207.36052985703355,0,0.4207599781127834,0.9999691081154302,1
pred_002755,2025-10-12T04:02:00,v1,1165.4590815099002,9,0.1803572010204483,267,0,24.567546698259378,0,0.9140522869395316,7.581449763467581e-08,0
pred_002756,2025-10-12T04:56:00,v1,1385.0337775930632,16,0.2958629673430576,641,6,28.9148600719892,0,0.9844343546931128,1.3927040340422115e-07,0
pred_002757,2025-10-12T05:23:00,v1,222.5927421987156,23,0.752286242191711,41,3,124.98704410424584,0,0.3828814751771693,0.8198648699726181,1
pred_002758,2025-10-12T05:25:00,v1,286.6770126820374,21,0.0779482788755458,132,3,54.2155689436268,0,0.7424392666040375,0.007873061912311604,0
pred_002759,2025-10-12T05:39:00,v1,1385.8887846561165,21,0.4488082853375737,677,0,10.740154412545465,0,0.8089722069259269,6.558098356778302e-11,0
pred_002760,2025-10-12T06:04:00,v1,543.8212377411062,21,0.0281241959352129,843,0,1.581991646478417,0,0.777806651346489,3.3848325783253308e-09,0
pred_002761,2025-10-12T06:59:00,v1,954.4102568729056,18,0.4002829772518426,741,5,34.08811703952307,0,0.935292905560081,7.200483598068895e-07,0
pred_002762,2025-10-12T07:29:00,v1,882.8297903320386,9,0.2908029877570558,541,2,15.543492518660369,1,0.7615367966120324,2.3296976955807378e-06,0
pred_002763,2025-10-12T07:54:00,v1,414.8128462406042,22,0.2570869495355188,282,1,25.080143527263317,0,0.7707740666632686,2.956329213209508e-05,0
pred_002764,2025-10-12T08:08:00,v1,1092.9818716791156,19,0.2249649951331508,76,2,7.0820222076383725,1,0.7780726247523851,6.546985085330627e-06,0
pred_002765,2025-10-12T08:35:00,v1,930.9578532262624,20,0.1953336736356523,384,5,3.069137793611751,0,0.5950749019198911,1.8247487777629136e-05,0
pred_002766,2025-10-12T09:07:00,v1,1807.671703426588,18,0.0204448371021455,434,2,23.49178592204748,0,0.9258659098338256,1.2904836644262818e-10,0
pred_002767,2025-10-12T09:09:00,v1,785.3481211309777,19,0.1844798792719571,373,1,12.771411890497426,0,0.8166181889822318,4.2895230249559556e-07,0
pred_002768,2025-10-12T09:29:00,v1,363.19626900914034,10,0.1554531015482842,79,2,2.5844022656487375,1,0.4714248773500161,0.01930113302688275,0
pred_002769,2025-10-12T09:44:00,v1,1031.9830877731983,17,0.3875924602070258,976,1,6.856844989539153,0,0.919358894378855,1.6919213330560128e-10,0
pred_002770,2025-10-12T10:22:00,v1,2110.951275928667,8,0.3218272079740453,717,2,4.396626906565905,1,0.9007410094479256,9.538396380282622e-12,0
pred_002771,2025-10-12T11:51:00,v1,629.8037759739094,21,0.3310705396117779,575,1,10.966051167838916,0,0.6772898663734783,3.35151454158571e-07,0
pred_002772,2025-10-12T12:04:00,v1,1160.7320115051373,12,0.1870000188931267,356,1,31.97362801626391,0,0.9262621797257748,8.179106022225902e-08,0
pred_002773,2025-10-12T12:05:00,v1,1589.6455497598588,9,0.4339448312896582,786,1,1.3884328772818872,0,0.8227615706691881,5.25412606783963e-11,0
pred_002774,2025-10-12T12:42:00,v1,2748.7948245507732,20,0.0861429075986516,864,5,13.513938368555277,1,0.8104334310402498,6.979559048868055e-14,0
pred_002775,2025-10-12T12:45:00,v1,2918.1191926312804,21,0.4855625712414281,536,1,3.860409801717348,0,0.8486713804167546,2.5386692809894335e-15,0
pred_002776,2025-10-12T12:54:00,v1,1028.5141215930512,7,0.3675879679454135,83,2,6.833338089752962,0,0.6959000818411177,4.160902448812433e-05,0
pred_002777,2025-10-12T12:55:00,v1,968.6738490919872,21,0.261684250893712,606,0,19.547434486896577,0,0.8501055846223399,2.8374726392662448e-09,0
pred_002778,2025-10-12T13:39:00,v1,705.1093546644437,18,0.1143185056810425,953,2,60.61397270311888,0,0.6575178312938625,5.762595923124983e-08,0
pred_002779,2025-10-12T13:44:00,v1,1425.504982874038,22,0.1348561076302553,741,1,5.36705525795719,0,0.6154083257601705,5.262121258470368e-11,0
pred_002780,2025-10-12T13:53:00,v1,670.6283900391263,16,0.3077344856578787,43,2,17.791150914395082,0,0.8072267672576467,0.0002516871921700059,0
pred_002781,2025-10-12T14:34:00,v1,739.4785487275477,18,0.1563398041516933,269,2,8.530071962146348,0,0.8316619537996819,5.126389418675226e-06,0
pred_002782,2025-10-12T14:53:00,v1,1018.5719138770596,17,0.0496161582565737,820,0,1.509928388647933,1,0.7674321058928031,4.754980278567816e-10,0
pred_002783,2025-10-12T15:22:00,v1,839.9453652219794,15,0.5367962052692744,334,1,11.668928486502226,0,0.7141633620687562,2.4943646142075027e-06,0
pred_002784,2025-10-12T15:36:00,v1,737.8335221815342,22,0.2381863086649434,73,2,23.83264533968553,0,0.6785633844024476,7.183763040601826e-05,0
pred_002785,2025-10-12T15:44:00,v1,1070.693682922572,8,0.1694191710588622,343,3,8.407544133384608,1,0.7531974133357882,8.382395124097822e-06,0
pred_002786,2025-10-12T16:19:00,v1,515.1507096364143,15,0.1107324005801438,282,2,3.6738465859643497,0,0.9942729403907384,1.8547593126692252e-05,0
pred_002787,2025-10-12T16:41:00,v1,549.4268710605741,20,0.3446879769964081,309,1,8.42492369047674,0,0.5891996670224949,1.4333207519377407e-05,0
pred_002788,2025-10-12T16:58:00,v1,1467.945992780879,21,0.0796067645088688,293,1,12.872106886362262,0,0.8507205997588175,1.873190739411908e-09,0
pred_002789,2025-10-12T17:01:00,v1,1463.2900404644463,14,0.1397368788653312,686,1,51.32704528249292,0,0.9472090308665732,2.7880697608237215e-10,0
pred_002790,2025-10-12T17:24:00,v1,575.2216223977474,11,0.0852715523639343,817,0,20.078580169254195,1,0.810856825261834,7.277498725575126e-08,0
pred_002791,2025-10-12T18:25:00,v1,1488.8310326873975,17,0.0428604312091034,295,2,0.8135383772833075,0,0.8314539497744983,5.985511226402047e-09,0
pred_002792,2025-10-12T18:31:00,v1,136.39745621710543,23,0.5355999420525055,135,5,33.03685111067101,0,0.3611833892670533,0.5683119797913891,1
pred_002793,2025-10-12T18:56:00,v1,803.1037742555405,12,0.4887642343558519,772,0,47.263248450711224,0,0.9474846206672816,2.2646107810989727e-08,0
pred_002794,2025-10-12T19:10:00,v1,445.23839243017784,8,0.0508760858170139,845,1,16.83167897543837,0,0.8490147386069351,2.0908103410575207e-07,0
pred_002795,2025-10-12T19:57:00,v1,1309.712489262174,18,0.0862443539446149,114,0,10.2077388902703,0,0.859663695360054,1.806382968200617e-08,0
pred_002796,2025-10-12T20:10:00,v1,1741.828282898987,16,0.1342825426798959,727,1,5.558540298450944,1,0.6221609179209189,2.946011172490916e-11,0
pred_002797,2025-10-12T20:20:00,v1,1064.761096763877,12,0.112769938836396,74,3,2.663679045818112,0,0.7101718706756017,2.298421680792372e-05,0
pred_002798,2025-10-12T20:32:00,v1,735.5361573037187,17,0.280399942314918,545,2,32.63536271300774,0,0.8361323462404575,1.0791322662045406e-06,0
pred_002799,2025-10-12T20:34:00,v1,600.8534359935051,14,0.1125533932966081,553,0,0.9322947732444888,0,0.8177159996478605,1.159133408649648e-07,0
pred_002800,2025-10-12T20:45:00,v1,1669.9657198444413,13,0.2078195227018316,541,2,20.349488591280455,0,0.7493695782052947,7.662703809604328e-10,0
pred_002801,2025-10-12T20:59:00,v1,976.1075190736432,15,0.1574093536171286,100,5,22.58785320652389,0,0.9082170257347972,0.00024987611160950615,0
pred_002802,2025-10-12T21:14:00,v1,1168.999202636688,12,0.3679076092035638,563,3,12.154738248101264,0,0.9712197193331972,7.150994479987347e-08,0
pred_002803,2025-10-12T21:54:00,v1,1110.8747504990067,13,0.0781539523182608,197,1,4.2574909154517595,0,0.9491527869915708,1.5585419292658172e-07,0
pred_002804,2025-10-12T22:06:00,v1,1252.864698847578,19,0.2635907981781027,584,2,0.0591896888263373,1,0.7512613919668009,1.0307758619934692e-08,0
pred_002805,2025-10-12T22:09:00,v1,663.0887287671848,17,0.2897557634941621,91,1,21.032609793276304,0,0.7538775710593177,5.662324081623146e-05,0
pred_002806,2025-10-12T22:09:00,v1,524.7076776406096,10,0.1152849339886027,710,2,11.623614513158072,0,0.8682269960809242,9.615218328624746e-07,0
pred_002807,2025-10-12T22:11:00,v1,560.9767083335888,18,0.2862875347160309,578,0,26.516339309812786,0,0.7593842086365226,2.9564394429902257e-07,0
pred_002808,2025-10-12T22:12:00,v1,864.796042276471,13,0.0498575177129481,193,2,0.6939468525201787,0,0.7834476752735705,5.8461493116200625e-06,0
pred_002809,2025-10-12T22:28:00,v1,936.3479350917602,14,0.3201124732837663,571,2,18.187004166130496,1,0.8484388779541447,4.605423632817973e-07,0
pred_002810,2025-10-12T23:00:00,v1,287.1553170223763,23,0.7501146414275909,46,6,43.80281361583818,0,0.2602619389205148,0.9133330097384851,1
pred_002811,2025-10-12T23:03:00,v1,988.4392580742544,16,0.1251712867091156,324,2,3.114000075120767,0,0.9683230903985468,2.478823423315326e-07,0
pred_002812,2025-10-12T23:38:00,v1,824.9906698188223,21,0.1660859447397281,735,2,10.148641416706004,0,0.9129933952757704,1.2059619851281459e-08,0
pred_002813,2025-10-12T23:54:00,v1,500.9719058075924,20,0.145791077860183,190,4,12.764253443445533,0,0.8425902455131273,0.0006568430252006271,0
pred_002814,2025-10-12T23:59:00,v1,945.1268158515608,11,0.0630655332128962,637,1,26.06037803740336,0,0.5572936676580111,7.302822672027011e-08,0
pred_002815,2025-10-13T00:08:00,v1,666.4819061764147,8,0.1857653825727692,494,1,13.238626348797863,0,0.8487505275820997,1.5017002766333624e-06,0
pred_002816,2025-10-13T00:38:00,v1,1160.949103264731,7,0.3036586595328765,842,6,18.497717116032632,1,0.8988625711202541,1.1528975114922515e-06,0
pred_002817,2025-10-13T01:15:00,v1,746.3054794047381,22,0.2720563045336384,924,0,27.229389647062508,0,0.8502801312963785,7.907226004414296e-10,0
pred_002818,2025-10-13T01:27:00,v1,879.9681095059095,11,0.0978865543980073,312,1,0.7829270849372625,0,0.830190280982222,6.197339892577401e-07,0
pred_002819,2025-10-13T01:33:00,v1,586.0228783040322,14,0.0963823395097447,280,5,0.9037322134278564,0,0.8495677380828053,0.0006076091833469056,0
pred_002820,2025-10-13T02:17:00,v1,1357.9474309676436,20,0.3229457210508651,434,1,2.1855537731151635,0,0.6842043170671827,3.0948560446615862e-09,0
pred_002821,2025-10-13T02:42:00,v1,971.8365942525434,8,0.145454589652948,402,3,13.04791540373086,0,0.8145132514499482,3.3131323327147167e-06,0
pred_002822,2025-10-13T02:44:00,v1,1547.4296252155011,11,0.1331585547088057,408,1,42.62912262586637,0,0.7633988454347015,5.203388683692249e-09,0
pred_002823,2025-10-13T03:13:00,v1,591.9102257005552,7,0.1743161356554731,538,1,2.025225920281217,0,0.6712450976020607,2.645388099054964e-06,0
pred_002824,2025-10-13T04:15:00,v1,997.0720684352752,10,0.3388320314107538,702,0,27.145619509275683,0,0.9209270113164276,5.07557441030024e-09,0
pred_002825,2025-10-13T04:19:00,v1,1272.8214234920538,8,0.0567820457758269,525,2,44.63660156273557,0,0.847116229384628,4.8499423369475536e-08,0
pred_002826,2025-10-13T04:19:00,v1,520.5978338179128,11,0.3430225125892228,460,1,11.856519168693346,0,0.7021188641706365,1.0842664501588454e-05,0
pred_002827,2025-10-13T04:25:00,v1,853.7476491344665,7,0.2320941444529021,828,1,5.498070549828307,0,0.7650129620850268,1.548216293630113e-08,0
pred_002828,2025-10-13T05:22:00,v1,337.4382619424151,15,0.3336606095510952,965,3,30.860000489752224,0,0.7813643747067003,2.268457815432363e-06,0
pred_002829,2025-10-13T05:37:00,v1,1127.6162409865176,16,0.0921713981815261,740,1,16.170488334135342,0,0.799017945925918,9.401873216746264e-10,0
pred_002830,2025-10-13T05:39:00,v1,535.7835901576909,12,0.1465776384393148,905,0,21.00611045099424,0,0.6328914670295649,2.9770795098448406e-08,0
pred_002831,2025-10-13T05:45:00,v1,711.7819343745796,7,0.0793616391654343,94,2,10.526898687451304,0,0.6733724917469974,0.0002871498509157202,0
pred_002832,2025-10-13T05:56:00,v1,215.66206372876064,3,0.7699131590287711,88,13,10.680867640561688,0,0.393169327274861,0.9999947435926005,1
pred_002833,2025-10-13T06:03:00,v1,1125.174860384704,7,0.0111691857380159,802,5,52.68480490858278,1,0.7652224751184431,1.5903183274077887e-06,0
pred_002834,2025-10-13T06:11:00,v1,946.0705553489272,19,0.2479394016301724,866,2,24.92226901490461,0,0.8813548610143705,3.500924453547752e-09,0
pred_002835,2025-10-13T06:14:00,v1,744.0343012625837,15,0.1184208375861478,344,2,3.422238561027936,0,0.9145921759769544,2.0659955138356564e-06,0
pred_002836,2025-10-13T06:41:00,v1,2524.896657568961,12,0.3816551071570478,240,5,0.0794642246225658,0,0.9713483606154096,2.175719044159552e-10,0
pred_002837,2025-10-13T06:44:00,v1,1598.26908728767,20,0.2975893322439262,707,1,2.0647568060256107,0,0.5779106654896665,3.790958275044098e-11,0
pred_002838,2025-10-13T06:48:00,v1,493.3386428251885,20,0.2031602038295897,487,2,15.854950366698496,0,0.9560438489142828,2.862560699268262e-06,0
pred_002839,2025-10-13T07:13:00,v1,1477.2962586772785,13,0.1619848210891571,740,3,9.11085826289652,1,0.8549636037588569,1.8666526153040515e-09,0
pred_002840,2025-10-13T07:42:00,v1,1007.6985229138572,17,0.1921098938273737,850,0,1.1821380290049808,1,0.8463753820314126,4.119041466230871e-10,0
pred_002841,2025-10-13T07:57:00,v1,1428.8491484568906,22,0.1305286043715419,213,3,1.5438020332104097,0,0.8339744752715936,4.396716074143369e-08,0
pred_002842,2025-10-13T08:05:00,v1,968.2319053184436,21,0.1628032515665718,198,3,1.0170558344318503,0,0.9162487515681907,2.0116569225241524e-06,0
pred_002843,2025-10-13T08:29:00,v1,1830.7142180386925,20,0.3433565638095152,606,0,5.543221825120318,0,0.9222401083538598,1.7944809051940968e-12,0
pred_002844,2025-10-13T09:06:00,v1,816.4719547768054,11,0.0820422411462219,468,3,14.383064790894984,0,0.8770052336259755,2.7672729167799515e-06,0
pred_002845,2025-10-13T09:16:00,v1,429.2332737986144,21,0.2537325001941763,917,1,8.330187947761283,0,0.9572057111053152,1.5159808407383163e-08,0
pred_002846,2025-10-13T09:33:00,v1,845.4889954177164,9,0.2212316357131301,703,2,99.1643348574314,0,0.9400722449606856,1.345116356706271e-06,0
pred_002847,2025-10-13T09:35:00,v1,1669.5203546030332,17,0.1167347035253504,623,5,10.006026910062236,0,0.775221293910157,3.281774005381874e-09,0
pred_002848,2025-10-13T09:49:00,v1,850.0129881762184,12,0.4996836181899902,536,1,25.2420324564352,0,0.8905889358639683,3.4205177986675576e-07,0
pred_002849,2025-10-13T11:01:00,v1,1164.5407998619562,19,0.1170804677612568,216,1,13.5412496886067,0,0.8497814857830291,7.287007322004001e-08,0
pred_002850,2025-10-13T11:26:00,v1,1309.5738830885662,21,0.2439705045747429,170,4,5.008818283907703,0,0.9885336569782426,5.716025889816033e-07,0
pred_002851,2025-10-13T11:28:00,v1,699.4366740070187,19,0.2727339557002219,900,2,19.168138985583873,0,0.9080908941071992,1.5013446488840753e-08,0
pred_002852,2025-10-13T11:46:00,v1,1118.200341730705,14,0.0549593829902806,886,3,5.903204776839455,0,0.6145678420534093,4.122299279154845e-09,0
pred_002853,2025-10-13T12:03:00,v1,1053.8156706584675,12,0.1955403206863355,873,5,24.093653531304295,0,0.5946553053997724,2.97789764986685e-07,0
pred_002854,2025-10-13T12:28:00,v1,1432.2329153301414,12,0.0965109004353363,576,4,1.8957662333102008,0,0.5959363281960238,3.28959616233851e-08,0
pred_002855,2025-10-13T14:32:00,v1,1028.1677132905363,16,0.2169877042379252,930,1,24.08035019081709,1,0.8891360191467761,1.0787513232187578e-09,0
pred_002856,2025-10-13T14:42:00,v1,965.7552775416896,9,0.2098304258660138,227,4,4.881424209807008,0,0.8232905931947265,5.0176735346756626e-05,0
pred_002857,2025-10-13T14:47:00,v1,941.7800959202488,13,0.2022334743321219,469,4,15.871180220778747,0,0.8565408320823811,3.631280551527928e-06,0
pred_002858,2025-10-13T15:07:00,v1,1530.9079296160462,17,0.1103434908727166,909,0,2.861830667178813,0,0.8091977216477712,1.1444181206934477e-12,0
pred_002859,2025-10-13T15:38:00,v1,620.1273751457715,23,0.7946885472012886,47,11,30.01692043075108,1,0.5299004819122141,0.9945127122979326,1
pred_002860,2025-10-13T16:09:00,v1,1512.624375147154,7,0.1948872190966609,797,2,10.883361646296189,1,0.7429380640724595,1.0052496791731625e-09,0
pred_002861,2025-10-13T16:10:00,v1,1031.2001201164255,18,0.1642704166682886,350,1,9.403226887638702,0,0.8988305749178733,5.379360885767158e-08,0
pred_002862,2025-10-13T16:19:00,v1,851.4926427874897,16,0.1073051485761984,723,1,21.266044046533924,0,0.918530925145114,8.4174890933385e-09,0
pred_002863,2025-10-13T16:35:00,v1,381.3428762829151,18,0.3540378290974956,809,1,22.460201873635132,0,0.7063552965795672,5.063349434101797e-07,0
pred_002864,2025-10-13T17:51:00,v1,1511.466038677311,13,0.2504301848072727,951,1,14.707534695222996,0,0.8119989989276591,1.0341349738383368e-11,0
pred_002865,2025-10-13T18:29:00,v1,901.98528858185,18,0.1174732559590227,444,2,3.0775111270264803,1,0.8343843776312938,4.810531273053407e-07,0
pred_002866,2025-10-13T18:30:00,v1,776.0581446057801,22,0.0747839505189786,822,2,2.415245407160282,0,0.5803583725806392,1.3211940186966104e-08,0
pred_002867,2025-10-13T19:00:00,v1,619.6264397346381,14,0.4439243146696295,681,0,6.524225271246236,0,0.947956261084968,4.7481122988406934e-08,0
pred_002868,2025-10-13T19:23:00,v1,333.20084466683187,10,0.4771993846469411,197,2,23.316377258728473,0,0.9476138655477068,0.0022039456528758195,0
pred_002869,2025-10-13T19:39:00,v1,934.8061818084764,20,0.1085119712436185,754,0,9.010365436768126,0,0.4922265508315392,1.7033857710306925e-09,0
pred_002870,2025-10-13T20:57:00,v1,1683.7904081534043,17,0.0418078485025012,516,2,37.16973427727381,0,0.762235160230136,5.19325960378603e-10,0
pred_002871,2025-10-13T21:08:00,v1,1142.06693845711,20,0.1066822465202241,699,4,19.541405545552244,0,0.9278093910438184,1.7116988136369962e-08,0
pred_002872,2025-10-13T21:09:00,v1,878.8707332874568,11,0.2036466254281999,439,6,7.700940171638986,0,0.8241218364252917,9.94722954774331e-05,0
pred_002873,2025-10-13T21:19:00,v1,1608.121662270229,17,0.2468989434808361,877,2,4.995744820359029,0,0.942444683294654,8.201588647327337e-12,0
pred_002874,2025-10-13T22:00:00,v1,1504.2114420544642,8,0.2644590338852781,902,0,13.530095252352828,0,0.7533914817558516,1.426329288498367e-11,0
pred_002875,2025-10-13T22:08:00,v1,1480.5684379550974,11,0.3734556077075293,567,3,1.6034434401261186,0,0.8259113242848267,7.698905417305956e-09,0
pred_002876,2025-10-13T22:21:00,v1,1083.859323880772,21,0.1283556927381015,210,5,29.44561486142705,0,0.9074082524917236,1.6459698596102183e-05,0
pred_002877,2025-10-13T22:43:00,v1,860.1699237246095,7,0.1966388608221248,871,4,24.33643618667569,1,0.8662793674615554,9.886976490028998e-07,0
pred_002878,2025-10-13T23:02:00,v1,1296.9646624690763,11,0.1371443679257946,300,0,3.7956659044479113,0,0.8691282371839009,7.666759096470789e-09,0
pred_002879,2025-10-13T23:15:00,v1,1138.0689910556669,9,0.2923768901790129,190,3,34.61212647554911,0,0.7205948901574285,2.4949931862265667e-05,0
pred_002880,2025-10-13T23:35:00,v1,1205.8630295364176,20,0.1327897334459008,482,1,7.1746175387419155,1,0.9306057557052582,5.353131793468953e-09,0
pred_002881,2025-10-14T00:48:00,v1,905.307994835006,20,0.1806102084191102,79,1,2.2207714486840056,1,0.7070600629954842,7.795438980125398e-06,0
pred_002882,2025-10-14T01:32:00,v1,1141.2988521644745,9,0.2581206476110713,570,3,13.438493765322605,0,0.984411459288156,9.703825822331271e-08,0
pred_002883,2025-10-14T02:05:00,v1,1274.9840287608254,12,0.1441545646563344,911,2,10.548305542205304,0,0.6553553182234542,4.64985776051865e-10,0
pred_002884,2025-10-14T02:24:00,v1,1330.2292874172551,13,0.0607974146406103,692,4,17.159295278527,0,0.8332153752119926,1.2728515083178068e-08,0
pred_002885,2025-10-14T02:41:00,v1,763.008170456163,15,0.2127243459510732,252,2,0.1437166234312684,0,0.7801114902429239,8.317321461566015e-06,0
pred_002886,2025-10-14T02:57:00,v1,693.3883967286989,19,0.1836582650260798,118,2,8.27975190020847,0,0.8550887806139302,2.8971161952616324e-05,0
pred_002887,2025-10-14T03:00:00,v1,959.657088619256,20,0.1136102933688349,814,1,7.392047555222368,0,0.8591184114166173,6.343467666380854e-10,0
pred_002888,2025-10-14T03:03:00,v1,158.68503240302263,3,0.6103848132024112,188,8,242.16801813927685,1,0.3072142668466753,0.9999990485497574,1
pred_002889,2025-10-14T03:03:00,v1,1257.5328043280383,10,0.0747521159490551,81,2,7.224770546741561,0,0.9169278796024336,9.241723053783648e-07,0
pred_002890,2025-10-14T03:19:00,v1,1582.9379729421198,22,0.3417580173873631,327,4,24.578736931110367,0,0.7074657924700934,7.025932768973325e-08,0
pred_002891,2025-10-14T04:21:00,v1,2104.382023879945,16,0.2289410239261179,555,3,20.02096342128199,1,0.7737832748393314,1.0461923234113401e-10,0
pred_002892,2025-10-14T04:27:00,v1,242.66716273552044,12,0.0907418904175735,956,0,13.437417618522623,0,0.8402689401510444,6.339148170940946e-08,0
pred_002893,2025-10-14T04:28:00,v1,361.74219792156777,10,0.2010752881263437,803,2,17.98505594729677,0,0.8441420307724744,2.346406344577805e-06,0
pred_002894,2025-10-14T04:44:00,v1,399.1756712482726,11,0.1919460114638984,832,1,0.3779249032206012,0,0.7258981194606241,2.9895563454975553e-07,0
pred_002895,2025-10-14T05:38:00,v1,1264.613295137833,21,0.4597935351891382,190,4,8.415972964617119,0,0.9103051386519732,1.7169045465968181e-06,0
pred_002896,2025-10-14T06:20:00,v1,2517.6087404049727,19,0.2740703735103097,285,5,2.972225144792482,0,0.8984867260217116,5.708389903265894e-11,0
pred_002897,2025-10-14T06:26:00,v1,857.8519180967846,19,0.0214278576306918,684,2,22.59016347554343,1,0.6499644190946581,1.4680939607759431e-07,0
pred_002898,2025-10-14T06:32:00,v1,2002.4286519960096,9,0.3217523831566115,198,3,8.569788424261784,0,0.5839408861585241,1.5678763860824832e-08,0
pred_002899,2025-10-14T06:42:00,v1,859.0188680842186,21,0.2043880250877824,81,3,1.348184245336221,0,0.8446954265279256,2.3146006614129476e-05,0
pred_002900,2025-10-14T06:53:00,v1,657.7441746747096,7,0.1681210399415986,422,1,25.466562273403923,0,0.5072958031714743,1.8278101774303198e-05,0
pred_002901,2025-10-14T07:52:00,v1,1337.9053300867304,10,0.3537833273909405,589,3,16.942963771695556,0,0.6662800719979028,6.185884754231663e-08,0
pred_002902,2025-10-14T09:02:00,v1,782.004829486855,21,0.2781885406929951,84,1,16.64147445090082,0,0.9357119861222852,5.6932596534850766e-06,0
pred_002903,2025-10-14T09:34:00,v1,474.6459966131486,19,0.1268611199029768,37,3,10.512195072285264,0,0.9354047191222556,0.0008735117146603978,0
pred_002904,2025-10-14T09:52:00,v1,1716.6899397805523,7,0.2253217412557584,597,2,13.78646893241744,0,0.887886533448816,3.705489143094517e-10,0
pred_002905,2025-10-14T10:31:00,v1,2790.754755033636,13,0.0722974433851779,680,2,1.9471164024886685,0,0.8000299597919023,6.771709403452176e-15,0
pred_002906,2025-10-14T10:32:00,v1,1499.6532494594644,9,0.2642293151817238,209,5,9.138939976718683,0,0.7575921609839869,4.137848284901261e-06,0
pred_002907,2025-10-14T10:37:00,v1,2212.150852852778,15,0.2493965667065187,904,3,21.028890604553652,1,0.8123819569505538,1.4063911903351067e-12,0
pred_002908,2025-10-14T10:40:00,v1,925.206731448822,17,0.188646388162627,306,1,12.985207109992611,1,0.9218742147362116,6.871243622139793e-07,0
pred_002909,2025-10-14T10:48:00,v1,1034.332651351455,12,0.0791403319694653,209,1,3.332198906920104,1,0.6306123474142269,2.470970877722901e-06,0
pred_002910,2025-10-14T10:55:00,v1,1683.3426816070237,10,0.2337346402596056,105,2,0.5196465608188277,0,0.9774986546978828,2.2107329116112067e-08,0
pred_002911,2025-10-14T11:43:00,v1,103.66490453771132,2,0.5457186895764427,167,12,79.98738430823883,0,0.388075035974075,0.9999973735080794,1
pred_002912,2025-10-14T12:16:00,v1,998.55816886775,14,0.1273544862538588,517,1,14.138801670665783,1,0.8319322106240641,8.5073048021931e-08,0
pred_002913,2025-10-14T13:57:00,v1,665.9741969809571,15,0.1127108076348357,688,2,25.418829261877228,1,0.5574505003402945,2.3134564206131136e-06,0
pred_002914,2025-10-14T15:33:00,v1,1455.7072930897357,16,0.0942937586421549,861,4,31.70691180193819,0,0.8780544379790365,7.833482859315517e-10,0
pred_002915,2025-10-14T16:15:00,v1,597.6940162666441,17,0.3074734697894402,969,1,3.207473320904368,0,0.9243885344040028,4.474276883456034e-09,0
pred_002916,2025-10-14T16:20:00,v1,417.5267308645013,20,0.2859797208622016,757,3,23.06449644140016,0,0.8673361645609869,2.3774237673085947e-06,0
pred_002917,2025-10-14T16:22:00,v1,131.70448961285464,0,0.6983344801474511,168,8,33.33894288717772,0,0.3496033336160801,0.9993267356035769,1
pred_002918,2025-10-14T16:41:00,v1,1051.3048955877275,10,0.4742573630785636,208,3,8.762718653200901,1,0.6066663296005662,0.00010630431172761714,0
pred_002919,2025-10-14T16:43:00,v1,776.2505871204095,11,0.2013717602571616,362,5,11.532251745077977,0,0.9156332963376732,0.00012528088327229864,0
pred_002920,2025-10-14T19:02:00,v1,1299.298381533358,10,0.0853378794338989,530,2,15.987679284335456,0,0.9194837697712448,9.464100747022285e-09,0
pred_002921,2025-10-14T19:58:00,v1,166.05766989262912,1,0.904135900702388,18,6,152.73368001487412,1,0.1996214017276218,0.9999926943715358,1
pred_002922,2025-10-14T20:29:00,v1,384.0043746810612,17,0.1781173619009905,236,1,82.36088227766471,0,0.6960652933606952,0.0007929944849382339,0
pred_002923,2025-10-14T21:12:00,v1,1549.2075958316882,10,0.2010987331565605,635,4,27.339191503305404,0,0.5728758891445179,2.923808802065658e-08,0
pred_002924,2025-10-14T21:18:00,v1,499.043432173557,12,0.1173866374136453,959,4,9.259920544284144,1,0.9749626304272788,1.2928438267734212e-06,0
pred_002925,2025-10-14T21:46:00,v1,1280.8946380872578,7,0.3015932852554348,915,3,3.892853436784369,0,0.7564385853527724,2.40084113672843e-09,0
pred_002926,2025-10-14T22:14:00,v1,450.19038424360394,18,0.070808799365942,746,2,7.98281360769465,0,0.9214606999769488,2.522928960275934e-07,0
pred_002927,2025-10-14T22:24:00,v1,585.7033414641978,11,0.0984801869141902,292,1,16.54849990918174,0,0.9743342442706112,8.151878587977574e-06,0
pred_002928,2025-10-14T22:41:00,v1,597.5169506236429,23,0.8815905264567045,72,5,26.375236603555535,0,0.5667158479863883,0.05174153842573117,0
pred_002929,2025-10-14T23:04:00,v1,972.794812617816,15,0.1258947068538556,290,3,5.846453293115143,0,0.6753493144374005,4.592751940764234e-06,0
pred_002930,2025-10-14T23:11:00,v1,1504.4635926906112,20,0.2136772682966594,84,3,8.265302578675428,0,0.876114890027134,1.529838148663545e-07,0
pred_002931,2025-10-14T23:12:00,v1,695.4123436301377,13,0.238431893402578,808,2,13.578084304790655,0,0.8883249565687987,7.776455565114556e-08,0
pred_002932,2025-10-14T23:14:00,v1,1147.8565536643227,11,0.0561905249441574,338,1,11.374747394027333,0,0.8416228901521686,6.442630084910345e-08,0
pred_002933,2025-10-14T23:23:00,v1,1877.9296126221332,20,0.3791501280316744,79,1,1.1514210274206995,0,0.894671832510286,8.458860106006012e-10,0
pred_002934,2025-10-14T23:45:00,v1,1834.1894096172016,11,0.0686616271882177,876,3,22.66602765771229,0,0.9652705963515912,1.0261988157522425e-11,0
pred_002935,2025-10-14T23:48:00,v1,1316.888023759566,8,0.0559041344822985,528,2,3.1795657204610306,0,0.8934534323016459,7.656825829875904e-09,0
pred_002936,2025-10-15T00:16:00,v1,453.454147563373,11,0.3188104867949722,630,3,0.0025077726216369,0,0.7460149994049484,1.9417490767719646e-05,0
pred_002937,2025-10-15T00:30:00,v1,1166.897485737008,16,0.3469741304456918,671,3,7.480279896015061,0,0.8894006835661334,1.5003087807972288e-08,0
pred_002938,2025-10-15T00:31:00,v1,1210.54253796407,12,0.1041839475192897,221,0,9.130687420495663,0,0.911761744359612,2.772679520573119e-08,0
pred_002939,2025-10-15T00:46:00,v1,1137.5912789746667,10,0.3646754216652828,313,3,9.215424452826191,0,0.705808278348518,3.6017321234727764e-06,0
pred_002940,2025-10-15T00:56:00,v1,1451.3853367918985,20,0.2251866365164776,72,3,0.1638883753770184,0,0.7788564071546185,3.016308165846576e-07,0
pred_002941,2025-10-15T01:30:00,v1,1969.3232113836543,18,0.1515473769541374,853,2,33.28071321384154,1,0.8808017318643909,3.0527891033621885e-12,0
pred_002942,2025-10-15T01:39:00,v1,1286.941305513145,22,0.1931647701655111,518,1,3.323941652738598,0,0.7637260370513503,9.901453446120918e-10,0
pred_002943,2025-10-15T01:40:00,v1,1400.018788330333,12,0.1758310908116441,878,3,5.4749727331956635,0,0.8521948508239654,3.4525620105480033e-10,0
pred_002944,2025-10-15T02:54:00,v1,2256.720555801416,20,0.1571520278955725,664,0,29.520610824493197,0,0.6911260344545822,9.2937817062644e-14,0
pred_002945,2025-10-15T02:59:00,v1,1219.7860029817543,17,0.2625733001988091,991,1,20.676484457887323,0,0.7371204600101218,6.745254926948173e-11,0
pred_002946,2025-10-15T03:18:00,v1,788.4975860221209,14,0.0901901871552822,95,1,29.157980761224938,0,0.85831015812167,1.6149514800332667e-05,0
pred_002947,2025-10-15T03:28:00,v1,570.3419087538654,22,0.3291922769749384,152,3,0.7340421778342636,0,0.6655871975808249,0.0002627977832268724,0
pred_002948,2025-10-15T03:52:00,v1,127.7138800712326,3,0.5518144739256678,87,7,8.659368488557583,0,0.117682332177788,0.998044857083249,1
pred_002949,2025-10-15T04:25:00,v1,1794.5375999970308,11,0.248547365396302,954,2,10.223034497750945,0,0.8196891727835103,3.6226991887791975e-12,0
pred_002950,2025-10-15T05:15:00,v1,1291.3996822165668,19,0.2041204853644402,769,3,0.1205083880328226,0,0.6489237019884259,1.7064705933875585e-09,0
pred_002951,2025-10-15T05:42:00,v1,983.2057976477428,10,0.3129174306105689,825,0,3.046669181635678,0,0.7715068600314471,1.2400960418152698e-09,0
pred_002952,2025-10-15T05:42:00,v1,96.24429905585704,22,0.7993532728007705,26,4,22.060190022645138,1,0.2280232066543619,0.9233013574845945,1
pred_002953,2025-10-15T05:59:00,v1,1530.7414326069888,13,0.3082174770820146,642,3,26.77699803989884,0,0.8211410212906355,3.3780492068305706e-09,0
pred_002954,2025-10-15T06:07:00,v1,642.6386653556161,13,0.0917945079211271,390,2,23.154686518250877,0,0.6764267535434206,1.6054882824582703e-05,0
pred_002955,2025-10-15T06:21:00,v1,4409.645247887095,19,0.0660823256360697,635,3,18.30481831934801,0,0.5750996017092175,9.736561231163546e-20,0
pred_002956,2025-10-15T06:22:00,v1,1807.8439338562323,16,0.2330481439693902,422,2,11.33924018504338,1,0.6926637299263637,1.4381957951766163e-09,0
pred_002957,2025-10-15T06:33:00,v1,1035.3111325700029,13,0.1817454839466884,905,2,14.720551632911892,0,0.9267334598779656,1.430653500081441e-09,0
pred_002958,2025-10-15T06:38:00,v1,839.3474135691312,20,0.1070745966973721,668,1,8.661187931901534,1,0.6600685063796529,4.192203167438598e-08,0
pred_002959,2025-10-15T06:48:00,v1,584.4544203107328,9,0.166182046803811,472,1,39.21065103459773,0,0.795850375744663,8.150367125189346e-06,0
pred_002960,2025-10-15T07:18:00,v1,875.9113354992108,14,0.4659664014079319,126,1,15.697839351769677,0,0.7665156296184513,1.378126856942816e-05,0
pred_002961,2025-10-15T07:59:00,v1,1482.0431595593366,7,0.2566483995059977,491,4,1.7330288718314677,0,0.8521309114162801,6.410380165857734e-08,0
pred_002962,2025-10-15T08:51:00,v1,639.1919850112617,16,0.4125354248618403,225,2,15.667315189495586,1,0.8695938651690442,0.00013816954405906454,0
pred_002963,2025-10-15T08:56:00,v1,377.5907723074922,16,0.0418383913106846,677,1,0.1381960735374807,0,0.715966913540479,5.770210174961845e-07,0
pred_002964,2025-10-15T09:45:00,v1,947.7734732555635,17,0.1831250083229645,889,2,5.157616392862861,0,0.8351680050077728,1.981834510512394e-09,0
pred_002965,2025-10-15T10:20:00,v1,1642.4162355210044,20,0.1995609947926331,646,2,3.1141573417371395,0,0.4379486362312512,2.0918050600015457e-10,0
pred_002966,2025-10-15T10:40:00,v1,1262.4224112319305,14,0.002384669694442,749,1,43.188946596095406,0,0.8477730418066411,5.926822853204129e-10,0
pred_002967,2025-10-15T10:59:00,v1,718.9292569810325,11,0.1468510460612688,552,0,9.538517959664892,0,0.5691279869584361,2.4006151724230854e-07,0
pred_002968,2025-10-15T11:50:00,v1,969.8255068508684,11,0.2569302455088417,873,4,29.6558352990445,0,0.5874097022179962,3.0271246728708127e-07,0
pred_002969,2025-10-15T12:10:00,v1,2876.8542067061953,7,0.1583803577461546,484,1,17.678282786564857,0,0.955811711742492,2.101605935866352e-14,0
pred_002970,2025-10-15T12:18:00,v1,1000.6336030784246,19,0.0980250619149066,180,1,8.74688394926064,0,0.7921900379576559,4.01931553604868e-07,0
pred_002971,2025-10-15T12:27:00,v1,1821.52643275791,8,0.4056490067274845,903,3,9.500818370260957,0,0.4455509292140373,1.34677891721238e-10,0
pred_002972,2025-10-15T12:46:00,v1,873.401514981745,12,0.0852817137883003,59,1,46.17169866804389,0,0.8786641512626128,2.4241043346257702e-05,0
pred_002973,2025-10-15T14:12:00,v1,755.284404483006,15,0.0663100811708897,314,2,5.619476744466322,0,0.730575289857434,4.618110838863971e-06,0
pred_002974,2025-10-15T14:23:00,v1,1354.2973401661695,18,0.0319732488958606,369,1,60.04446540319694,1,0.8724825487706312,3.291236913297849e-08,0
pred_002975,2025-10-15T14:45:00,v1,1045.3162859902425,17,0.0590436585073191,222,0,11.798605014248908,0,0.936705034413562,4.5130650003091435e-08,0
pred_002976,2025-10-15T15:20:00,v1,772.974184459859,16,0.3751694567284047,941,2,17.87418446783949,0,0.7080382266898313,2.1509634061135908e-08,0
pred_002977,2025-10-15T16:41:00,v1,585.1117182158865,13,0.304986865529319,131,2,12.554497541865588,0,0.7680632932645026,0.0003124058218142399,0
pred_002978,2025-10-15T16:53:00,v1,828.3830899332388,9,0.081751405084406,989,5,27.75585958582416,0,0.8646209333672935,2.869500322120493e-07,0
pred_002979,2025-10-15T17:11:00,v1,475.7391796150755,9,0.1377588707167172,884,1,25.280839551948056,0,0.6652510977673318,2.9756140654167147e-07,0
pred_002980,2025-10-15T17:14:00,v1,1408.8150348005734,14,0.214743257497804,463,2,2.719026350372702,0,0.8212627892299085,5.565303179671045e-09,0
pred_002981,2025-10-15T17:14:00,v1,1072.7286775071364,22,0.2307991224207748,494,2,6.936775096146267,0,0.9394624162210704,1.5292400162854264e-08,0
pred_002982,2025-10-15T17:20:00,v1,520.7918007970954,13,0.1367648691317842,504,2,11.388617631175116,0,0.8375497966331904,5.999232069408322e-06,0
pred_002983,2025-10-15T17:35:00,v1,482.7427422909626,22,0.0222615647392322,40,4,32.783299839961934,0,0.9173692413468176,0.002688629441811436,0
pred_002984,2025-10-15T17:35:00,v1,1221.092328663316,16,0.3426541312875503,672,4,36.328712299297784,0,0.8581762418746505,8.332514258834268e-08,0
pred_002985,2025-10-15T17:38:00,v1,746.4696583507665,22,0.1327969473621577,687,3,7.079352669722363,0,0.9242235031201416,8.287312655879534e-08,0
pred_002986,2025-10-15T17:40:00,v1,622.3292862948795,11,0.0842735790924254,440,0,8.187890545901814,0,0.9053620714710984,4.015630341201439e-07,0
pred_002987,2025-10-15T18:14:00,v1,379.8842441728155,9,0.0916167146448809,861,2,0.8399328272185473,0,0.6017237741295703,1.3773235189809488e-06,0
pred_002988,2025-10-15T18:21:00,v1,334.31585949314785,16,0.2799545399783228,914,6,21.033231096309652,0,0.8184557684454984,6.316366632270826e-05,0
pred_002989,2025-10-15T18:32:00,v1,1797.6136392282945,14,0.3794367659787115,876,2,13.320433266132577,0,0.8252482414425963,7.554001586815764e-12,0
pred_002990,2025-10-15T18:47:00,v1,1580.5798672632093,9,0.1766624176500242,733,2,62.502796026451975,0,0.7133625289658686,1.5952482265031054e-09,0
pred_002991,2025-10-15T18:52:00,v1,1140.477599850765,22,0.2086146891799563,426,3,2.421593135877841,0,0.6085441933069913,1.50861163978313e-07,0
pred_002992,2025-10-15T19:03:00,v1,890.6167793930157,19,0.1944236281247414,582,1,18.696712562094937,0,0.8894408438383591,2.097533331861107e-08,0
pred_002993,2025-10-15T19:11:00,v1,697.280055229216,11,0.1909632201180438,72,2,52.28590760346479,0,0.6765811293976471,0.0010830788746829807,0
pred_002994,2025-10-15T19:18:00,v1,709.7598930351606,16,0.1762361179768667,549,3,9.201980299758857,0,0.6142937452446058,3.895477568723498e-06,0
pred_002995,2025-10-15T19:28:00,v1,1106.799276050839,19,0.0434136760261302,893,3,1.121146518370198,0,0.9044612463168644,6.042015143630459e-10,0
pred_002996,2025-10-15T19:56:00,v1,1305.2543674510755,19,0.109767371442043,198,3,35.47281660716849,0,0.784242538241569,7.053835528227511e-07,0
pred_002997,2025-10-15T20:05:00,v1,1023.2966678757688,11,0.3600722123963806,449,2,24.330750866581905,0,0.7567794339644759,8.202156827347934e-07,0
pred_002998,2025-10-15T20:22:00,v1,702.3055139181691,16,0.4141722884514377,902,1,0.2259090271694516,0,0.7506752564614753,9.65473570241643e-09,0
pred_002999,2025-10-15T20:23:00,v1,1293.9075529581437,7,0.1849618570304222,33,2,3.0525192177575944,0,0.6424341528368925,5.3558013211733365e-06,0
pred_003000,2025-10-15T20:48:00,v1,431.1334222997695,8,0.2183794727767301,751,1,0.0675284872383354,0,0.8647989953940141,5.20823047703112e-07,0
pred_003001,2025-10-15T21:19:00,v1,1095.4700192349287,12,0.2856640734799487,373,4,10.98194236264286,1,0.7230931658428329,1.4753401587316255e-05,0
pred_003002,2025-10-15T21:22:00,v1,479.42209167710206,15,0.1891880959156256,181,3,9.083521888894174,0,0.8833846728289169,0.0004751848038894031,0
pred_003003,2025-10-15T21:38:00,v1,1395.635878072682,20,0.1087964040274312,96,2,4.377227045468742,0,0.8994287880985912,6.381380403190687e-08,0
pred_003004,2025-10-15T21:53:00,v1,967.2429391033772,15,0.3138323186889164,412,4,23.439769347788506,0,0.7070548872729759,1.1242900467279338e-05,0
pred_003005,2025-10-15T21:53:00,v1,488.7291041319195,9,0.2129740472579505,148,3,9.449847396344946,0,0.4951647927383437,0.006301885086661797,0
pred_003006,2025-10-15T22:00:00,v1,635.8795304678554,12,0.5822210784632728,39,1,3.2177885618283653,0,0.7312926266660648,0.00032468632632086185,0
pred_003007,2025-10-15T23:32:00,v1,2167.553612149253,18,0.137491662048461,971,5,19.874182036405703,1,0.8997554275618094,3.655486798022808e-12,0
pred_003008,2025-10-15T23:38:00,v1,1328.556404488602,22,0.0760849429487293,152,4,4.158902657953653,0,0.8168721580049892,5.95433388717576e-07,0
pred_003009,2025-10-16T00:15:00,v1,675.028748534345,22,0.0920647691823592,472,2,0.0873437573652282,0,0.7423310267253469,5.608219976043809e-07,0
pred_003010,2025-10-16T00:30:00,v1,550.8426561583957,11,0.1155332948507272,719,1,2.1474826203267328,0,0.9674413638334044,9.962811292828962e-08,0
pred_003011,2025-10-16T00:46:00,v1,713.0221640651994,18,0.0568523493274462,387,1,20.521786810323327,0,0.7336829554663749,9.605953180550871e-07,0
pred_003012,2025-10-16T01:35:00,v1,508.1938606447353,9,0.1020765611378413,763,0,7.211100401598973,0,0.979631036387141,4.0727528241175824e-08,0
pred_003013,2025-10-16T01:40:00,v1,940.9093920161416,8,0.2017027755754419,37,1,5.510919945260796,0,0.956474400581277,8.997767350817098e-06,0
pred_003014,2025-10-16T01:45:00,v1,1060.9426704045145,8,0.1851866747781933,995,2,20.188969638684163,0,0.9525797954382728,1.0571998250237554e-09,0
pred_003015,2025-10-16T03:44:00,v1,2165.714390436334,12,0.1908702232009234,953,3,20.813338496126654,0,0.7541750314699407,7.495076160570877e-13,0
pred_003016,2025-10-16T03:58:00,v1,959.7239818714124,21,0.2051631240670896,712,5,6.574836839309069,0,0.7909012461271299,2.586919058284688e-07,0
pred_003017,2025-10-16T04:01:00,v1,1656.6537657203296,20,0.1613613793377096,860,3,64.56968022687528,0,0.7447240501696407,1.4159496240718173e-10,0
pred_003018,2025-10-16T04:18:00,v1,608.1923164239182,20,0.1382233362932664,248,2,25.53525986989001,0,0.8795676174031988,1.8846190215027315e-05,0
pred_003019,2025-10-16T04:21:00,v1,684.1174128399615,9,0.1246615669249424,106,1,4.495728857830762,0,0.7087013298143936,6.0698072400417476e-05,0
pred_003020,2025-10-16T04:49:00,v1,1367.3368324273474,22,0.1235316210542755,160,3,15.468565749415184,0,0.809674290868361,2.0470241539508414e-07,0
pred_003021,2025-10-16T04:58:00,v1,736.6131380102786,7,0.3531628836166535,946,3,12.178802402971892,0,0.7820247116463291,1.9970774080925503e-07,0
pred_003022,2025-10-16T05:33:00,v1,1496.149748083854,9,0.0787194091441478,693,3,19.804502170579447,0,0.6661115435777808,3.743913259301393e-09,0
pred_003023,2025-10-16T05:36:00,v1,1076.297692347091,10,0.1937021459827978,580,1,0.3810424606566205,1,0.9219212978495496,2.396060490524313e-08,0
pred_003024,2025-10-16T05:40:00,v1,1179.1531779377133,21,0.4945600876197208,86,2,16.41131242845127,0,0.9254302394975554,1.2606485887169009e-06,0
pred_003025,2025-10-16T07:12:00,v1,390.1044748366811,15,0.1727422721709265,686,2,26.552178108331805,0,0.7098199845637163,5.7452442994580165e-06,0
pred_003026,2025-10-16T07:29:00,v1,1190.3313197616476,9,0.0370440162267432,686,0,9.86221723539208,0,0.9504752785534822,3.4814231596368353e-10,0
pred_003027,2025-10-16T07:53:00,v1,1946.146979817208,7,0.2307711171456535,388,0,6.131460198746404,0,0.9600974886405996,2.8040411574189832e-11,0
pred_003028,2025-10-16T07:58:00,v1,936.397847065959,14,0.0458951150094117,618,1,0.9480839524268156,0,0.8982322857056011,7.954993911913686e-09,0
pred_003029,2025-10-16T08:25:00,v1,471.20706116297765,7,0.2490743962009451,131,2,38.32796234790822,0,0.7490958101114555,0.00390353534389492,0
pred_003030,2025-10-16T08:38:00,v1,637.0946175629001,11,0.077399587939748,80,0,5.2365083907901395,0,0.9634283341989872,9.810559985361234e-06,0
pred_003031,2025-10-16T08:43:00,v1,1236.5082561991037,12,0.2462691761252849,261,1,7.682031381100931,0,0.8056263031684501,9.676710923633485e-08,0
pred_003032,2025-10-16T08:51:00,v1,1484.069985957878,14,0.244189595334164,697,4,6.185096927658413,0,0.9571501843624508,2.174366618373061e-09,0
pred_003033,2025-10-16T09:20:00,v1,977.4863350832376,12,0.2044220474306611,223,2,1.8675950641763313,0,0.9776247227712784,1.531479120423814e-06,0
pred_003034,2025-10-16T09:49:00,v1,1358.060318085134,12,0.0591281200256599,518,3,3.3454546604518343,0,0.8098135017424531,1.487395140227126e-08,0
pred_003035,2025-10-16T11:01:00,v1,839.3303531658199,20,0.10823417494917,531,0,39.497354439689815,0,0.8137969193739151,2.8754929979597484e-08,0
pred_003036,2025-10-16T11:08:00,v1,665.5029850274628,15,0.4094815527047677,34,5,4.474567368593466,0,0.6620675320328929,0.015708684258621514,0
pred_003037,2025-10-16T11:08:00,v1,1424.984039931549,9,0.351626532270703,297,1,28.191823388071477,0,0.5184006615917206,1.548143315156844e-07,0
pred_003038,2025-10-16T12:22:00,v1,1179.6914709731998,22,0.1718558761112232,655,2,24.339896864707462,0,0.7990896971299223,3.075032377515755e-09,0
pred_003039,2025-10-16T12:25:00,v1,652.1372118473648,11,0.1840166634830844,284,2,3.5751083851723777,0,0.7847855053735009,2.7074233978968598e-05,0
pred_003040,2025-10-16T12:50:00,v1,1349.5276143700507,19,0.1221624043030966,923,1,5.959172329277237,0,0.8872852359201242,8.99792413646669e-12,0
pred_003041,2025-10-16T13:59:00,v1,1082.569268487649,17,0.2161619748190141,398,2,22.641560580179107,0,0.8811024269103814,1.4896913791883356e-07,0
pred_003042,2025-10-16T14:31:00,v1,1611.283985540506,20,0.2094665386757445,636,5,16.740475351128318,0,0.8163038309666447,4.029133867050738e-09,0
pred_003043,2025-10-16T14:36:00,v1,826.6973030066512,16,0.0750026552749748,350,5,7.824870492000473,0,0.871247595652475,3.4254472946064786e-05,0
pred_003044,2025-10-16T14:37:00,v1,2893.8802195346207,21,0.2456502750220948,546,6,21.664370189993768,0,0.5280294445485808,2.869337672432895e-12,0
pred_003045,2025-10-16T14:40:00,v1,555.7219693241975,18,0.056869425509578,590,4,9.378401279690609,0,0.9382287742295378,5.0678344868712225e-06,0
pred_003046,2025-10-16T15:03:00,v1,868.6608628683754,12,0.204232862410318,250,3,10.215397012080498,0,0.6601804109059018,3.6724129375623844e-05,0
pred_003047,2025-10-16T15:31:00,v1,665.418930250537,20,0.3237650978943087,593,7,27.219167766949337,0,0.8360457839783645,0.00024801973524511114,0
pred_003048,2025-10-16T16:07:00,v1,519.5013297771086,23,0.7181926015602782,160,11,27.44437235257141,0,0.5321523820559548,0.9732515344120785,1
pred_003049,2025-10-16T16:11:00,v1,973.7186711620064,21,0.1831639734301633,428,1,42.87128720270098,0,0.90817908945944,7.257037006113387e-08,0
pred_003050,2025-10-16T16:30:00,v1,176.99110479528687,8,0.1163534768243967,546,4,14.793449905964373,1,0.8038552386726289,0.00448675390148307,0
pred_003051,2025-10-16T16:47:00,v1,1908.3112828906023,10,0.3072746604290168,936,4,4.053982174682036,0,0.7922835268719033,2.1779290291618317e-11,0
pred_003052,2025-10-16T16:51:00,v1,899.3345269630472,20,0.1987845479419289,580,1,4.805121716344647,0,0.957638473542562,8.86715002789611e-09,0
pred_003053,2025-10-16T16:51:00,v1,1125.084578634852,11,0.2397178272733115,420,3,1.4630290782172706,0,0.7737614829637454,5.250695613047636e-07,0
pred_003054,2025-10-16T16:59:00,v1,507.9663964750582,21,0.435242857985099,211,1,11.136532776161944,0,0.7068795896975982,4.2018237947878906e-05,0
pred_003055,2025-10-16T17:03:00,v1,1031.624612159242,9,0.1761757055225387,370,0,19.014947775863547,0,0.5394425694125495,2.5352994030909795e-07,0
pred_003056,2025-10-16T17:52:00,v1,995.4268081247816,7,0.1700690006522655,969,2,1.6603503333101206,0,0.6125462195988656,4.946401970218734e-09,0
pred_003057,2025-10-16T18:41:00,v1,444.0962885910888,15,0.0962544096692552,320,3,25.408383389427353,0,0.8952953286342296,0.0001958502364951024,0
pred_003058,2025-10-16T18:48:00,v1,884.2217208515727,22,0.0708571186898743,468,2,4.415502952673958,0,0.8709421892490277,7.263569397518625e-08,0
pred_003059,2025-10-16T19:16:00,v1,840.5464554391518,10,0.0219497610386174,531,1,17.35906026793056,0,0.8360976445092735,1.4648557416634554e-07,0
pred_003060,2025-10-16T19:19:00,v1,550.3586545057743,18,0.0955968860554565,562,2,7.356824412541913,0,0.7635845031685226,1.3115601854480452e-06,0
pred_003061,2025-10-16T19:21:00,v1,702.5905475130844,19,0.3395724046375744,321,0,7.806968100573069,0,0.8580155981427826,4.851096556049753e-07,0
pred_003062,2025-10-16T19:32:00,v1,820.1248201045908,10,0.212386864994019,936,0,15.441604292967869,0,0.8220786402993471,1.451738100970819e-09,0
pred_003063,2025-10-16T19:43:00,v1,1637.4339720775336,12,0.155915693973337,977,3,13.529407733838436,1,0.7485357236586904,8.848664878482975e-11,0
pred_003064,2025-10-16T19:46:00,v1,369.7174830722427,17,0.1594403190300062,961,3,16.531012366848525,0,0.7361513785407684,6.554293250501675e-07,0
pred_003065,2025-10-16T20:24:00,v1,465.7072044566995,18,0.3331151327878898,930,3,19.92282626653226,0,0.9398443954794228,2.958163307089571e-07,0
pred_003066,2025-10-16T21:08:00,v1,953.53339008343,22,0.0257253510148578,697,3,11.204751863861013,0,0.6546497251791222,3.1428413552892926e-08,0
pred_003067,2025-10-16T21:08:00,v1,1192.5902290037054,9,0.0889066870022028,456,2,0.3058476128329461,0,0.6125558111924175,1.0235526610894841e-07,0
pred_003068,2025-10-16T22:00:00,v1,990.1152620639652,8,0.2600282458011818,477,0,18.90239100370929,0,0.8519353417080162,5.641700262248956e-08,0
pred_003069,2025-10-16T22:09:00,v1,2613.9938663972953,22,0.1912276484608452,801,1,13.401893222280172,0,0.7940418295464127,1.3949010753353438e-15,0
pred_003070,2025-10-16T23:09:00,v1,1939.9106829475732,15,0.1242501043069203,84,1,3.80708430480363,1,0.8043568362660382,2.1470675443756633e-09,0
pred_003071,2025-10-16T23:15:00,v1,1252.145943019251,16,0.0525219852082799,803,1,1.3111876995929914,0,0.9256865898157848,6.534227913168522e-11,0
pred_003072,2025-10-16T23:17:00,v1,806.1880131295582,22,0.08450773607517,917,0,3.5273999012071338,0,0.9146350271031602,1.2286142225416893e-10,0
pred_003073,2025-10-16T23:30:00,v1,938.473827613196,8,0.297860160132353,678,2,7.719328226933488,0,0.8508213499970757,9.147075131330193e-08,0
pred_003074,2025-10-17T00:18:00,v1,578.965473935269,18,0.1629549320911593,500,2,7.12384899832405,1,0.7751119076720201,5.986382453452161e-06,0
pred_003075,2025-10-17T00:36:00,v1,332.1165994080418,12,0.0130135848809633,586,3,37.78448291074189,0,0.7437058376360678,0.00010535237481573844,0
pred_003076,2025-10-17T00:43:00,v1,1349.7772292116892,12,0.2315803147706793,122,3,1.3293408597229142,0,0.7351702172145608,1.6471173967306774e-06,0
pred_003077,2025-10-17T01:53:00,v1,808.8797337750138,16,0.0505438468406484,691,5,11.608318300813464,0,0.9027529670148604,1.1978305107253365e-06,0
pred_003078,2025-10-17T02:20:00,v1,1284.5737779469905,21,0.4924163502139969,225,4,22.984497245255692,0,0.8203660625530198,2.4157700809922403e-06,0
pred_003079,2025-10-17T02:45:00,v1,1438.0040764156392,13,0.2651538638774752,114,2,3.5168602568157272,0,0.5541103623642959,5.202894457787246e-07,0
pred_003080,2025-10-17T03:48:00,v1,1035.8964401407732,21,0.2625362432967413,336,1,38.777309112124215,0,0.8473977492308963,1.4816579167004252e-07,0
pred_003081,2025-10-17T03:56:00,v1,864.0691795063734,16,0.1660344513261988,848,3,1.3778183987750152,0,0.6940287446851253,3.113080553826938e-08,0
pred_003082,2025-10-17T03:56:00,v1,751.546529562334,18,0.2374790958745192,67,4,12.791132498455749,0,0.8624561207256481,0.0004645878737331637,0
pred_003083,2025-10-17T04:05:00,v1,962.185947801981,20,0.1454588751247046,955,4,8.635591100900674,0,0.8701155821858932,5.412952897871235e-09,0
pred_003084,2025-10-17T04:28:00,v1,1294.2327032867472,21,0.4039760814313363,350,2,21.50113482253383,1,0.9683392281488254,7.473530884193027e-08,0
pred_003085,2025-10-17T04:58:00,v1,1007.5413528621372,12,0.0650123370711368,943,2,30.444340958240012,0,0.5113689321070598,7.559291895845626e-09,0
pred_003086,2025-10-17T05:01:00,v1,570.246582385039,19,0.2095902877375506,336,2,34.61799748293436,1,0.8733266320610542,5.4174698034830235e-05,0
pred_003087,2025-10-17T05:08:00,v1,1049.30178615566,9,0.0671093702643313,774,4,77.26997584163152,0,0.6849792657533118,1.1001370134118443e-06,0
pred_003088,2025-10-17T05:26:00,v1,270.1093990533818,20,0.1447997018145453,912,1,6.082944027648859,0,0.9096301474437238,5.651749701911907e-08,0
pred_003089,2025-10-17T05:30:00,v1,1596.9357865275026,10,0.2364530890437292,742,2,12.001571920441767,0,0.8825212032420924,1.4589201345758685e-10,0
pred_003090,2025-10-17T05:50:00,v1,1544.233773069851,12,0.2937976335037403,643,2,1.077566326502267,0,0.7900931844453185,5.216823224544788e-10,0
pred_003091,2025-10-17T06:10:00,v1,1420.833467744205,13,0.2071089571320539,696,2,14.105268097321822,0,0.7784170196184953,9.053035341248606e-10,0
pred_003092,2025-10-17T06:29:00,v1,88.96974393385949,1,0.6350424562385041,68,12,111.2354677920805,1,0.3464117237819526,0.9999999292951284,1
pred_003093,2025-10-17T06:30:00,v1,795.9440338277984,12,0.2157877690585338,563,0,16.763815337723514,0,0.6732604872990501,1.0194450703079431e-07,0
pred_003094,2025-10-17T07:14:00,v1,1873.3273199621383,18,0.0596290236414642,642,1,21.32447743160969,0,0.8775992629881344,3.5321163261869125e-12,0
pred_003095,2025-10-17T07:32:00,v1,1440.4786896670507,10,0.2267205852332214,827,1,14.40430877609977,0,0.8953652171306015,6.908453355498554e-11,0
pred_003096,2025-10-17T07:51:00,v1,523.5868633647385,16,0.1807799407594439,743,3,35.00839756654661,0,0.8251998034239267,2.6628408490753986e-06,0
pred_003097,2025-10-17T08:09:00,v1,937.5418325107896,10,0.221829152939627,628,0,6.067971073515118,0,0.8301788353293188,9.278190144276257e-09,0
pred_003098,2025-10-17T08:15:00,v1,1024.165220322686,16,0.0483296745373113,598,3,4.699833220999739,0,0.8581058675460762,4.809543198394396e-08,0
pred_003099,2025-10-17T09:23:00,v1,436.0137046500912,8,0.1757811474288214,80,0,25.377352602608987,0,0.9587484006806108,0.00019106499490137912,0
pred_003100,2025-10-17T09:31:00,v1,1082.0874195137794,9,0.1641600864956311,942,4,50.4128204256341,0,0.9703100380446869,3.097038797741187e-08,0
pred_003101,2025-10-17T09:31:00,v1,1104.6370694702812,10,0.4149008340982658,929,1,22.90731420991794,0,0.6698902665341573,1.7952984409973334e-09,0
pred_003102,2025-10-17T10:38:00,v1,1664.4456713515283,13,0.3782512240673399,437,3,16.042498860803722,0,0.8347437454906484,7.33275607637856e-09,0
pred_003103,2025-10-17T10:40:00,v1,544.0488862043068,9,0.1835748511660131,33,3,3.4037612038366247,0,0.5422138148657609,0.008310159156752976,0
pred_003104,2025-10-17T10:54:00,v1,460.27531222607973,21,0.096140777964795,596,1,14.81146478841774,0,0.9272440602865644,2.7375890091943644e-07,0
pred_003105,2025-10-17T11:07:00,v1,677.8894516978181,12,0.5261389425631731,398,2,20.642245385138605,0,0.7280284482724927,2.9882525361247615e-05,0
pred_003106,2025-10-17T11:17:00,v1,1458.581301047604,9,0.096875644536136,896,2,44.30874803652938,0,0.7218830234215557,3.7429813758933387e-10,0
pred_003107,2025-10-17T11:22:00,v1,527.850481260144,8,0.1277164870335544,353,1,16.85741144601883,0,0.9542040648459258,1.2771429825838034e-05,0
pred_003108,2025-10-17T12:14:00,v1,705.873195953218,7,0.172921727278065,609,1,3.5598509917749115,0,0.8522475566388341,2.793129266377571e-07,0
pred_003109,2025-10-17T12:39:00,v1,1572.9366831060922,12,0.1152601152839784,43,3,3.848224396658056,0,0.9236870328055476,2.4305055956733035e-07,0
pred_003110,2025-10-17T12:59:00,v1,599.1136945937983,12,0.2462698346269515,724,1,7.623026514623087,0,0.8940122210494238,1.1880663221710274e-07,0
pred_003111,2025-10-17T13:20:00,v1,1444.6548863068892,11,0.089296308458987,251,1,1.2832533359963032,0,0.7961818923440959,1.2901677346839453e-08,0
pred_003112,2025-10-17T13:21:00,v1,1263.8297707208562,10,0.1152799646468019,372,1,14.101081177721742,0,0.8235483333134201,2.7732670571646398e-08,0
pred_003113,2025-10-17T13:41:00,v1,1486.2995112146798,21,0.1297964240528842,732,5,1.4704012785098195,0,0.9459896637995296,1.169682939394344e-09,0
pred_003114,2025-10-17T14:01:00,v1,693.6242913070427,16,0.5199672503473387,779,1,51.218986033985864,0,0.8573087896128895,1.5646420478899085e-07,0
pred_003115,2025-10-17T14:22:00,v1,1458.489072650071,16,0.1300111736114081,539,4,11.69930542419558,0,0.9800284674794352,8.062626695230995e-09,0
pred_003116,2025-10-17T14:28:00,v1,840.382823114546,8,0.2512243619770191,460,2,0.7390008084983093,0,0.958777309645587,8.924077778994359e-07,0
pred_003117,2025-10-17T14:34:00,v1,2124.2977883177737,17,0.1352725555144097,395,4,10.728093657885358,0,0.6827754355862783,3.7287317004575724e-10,0
pred_003118,2025-10-17T15:31:00,v1,1757.9615453203978,12,0.1995962407078238,794,3,51.79068443050039,0,0.9025562611197968,1.6313363115729596e-10,0
pred_003119,2025-10-17T15:50:00,v1,1319.015308179914,13,0.1036264301960214,364,1,2.4564684818147624,0,0.4784111514045004,2.8747676420931855e-08,0
pred_003120,2025-10-17T16:09:00,v1,1125.1932528453212,20,0.0406630753017929,239,0,11.330803163727204,0,0.8618382820284235,1.5739736737515977e-08,0
pred_003121,2025-10-17T16:33:00,v1,1240.0055432388358,9,0.100878801198361,456,3,0.4393567440129698,1,0.763015252252498,3.6888283219040587e-07,0
pred_003122,2025-10-17T16:38:00,v1,614.6420907997752,8,0.211656079836056,168,4,8.691950362869038,0,0.713589175060396,0.003073970034340981,0
pred_003123,2025-10-17T16:41:00,v1,1048.8044609541212,2,0.6539927141644027,127,8,84.65565254505788,1,0.1631548567150619,0.9569390120695995,1
pred_003124,2025-10-17T16:46:00,v1,809.5212450984902,15,0.1718014840495958,166,1,0.8790042624666069,0,0.9067629772722048,2.4695155431884182e-06,0
pred_003125,2025-10-17T17:09:00,v1,1422.8494171409222,9,0.0614793043784104,741,1,16.985372063943355,0,0.5438484967049302,5.491710175926445e-10,0
pred_003126,2025-10-17T17:10:00,v1,2864.499322962007,10,0.1398111288647675,48,0,6.33227428175369,0,0.6347974372785689,8.022579231217228e-13,0
pred_003127,2025-10-17T17:15:00,v1,1330.2147293029543,21,0.1092763613133886,246,0,0.6418198520153383,0,0.6038065919238143,5.122054504459185e-09,0
pred_003128,2025-10-17T17:24:00,v1,684.1187229071691,21,0.0368261766514624,758,3,5.834809522527741,0,0.8023586754895233,9.066459236575072e-08,0
pred_003129,2025-10-17T18:03:00,v1,883.4861044377786,8,0.2380734142776281,804,0,17.005051728596666,0,0.7168197407147381,7.170559605208791e-09,0
pred_003130,2025-10-17T18:06:00,v1,1496.16484345572,19,0.3023828429727743,291,1,6.478555076170573,0,0.9170333694949452,2.318122387425136e-09,0
pred_003131,2025-10-17T18:09:00,v1,923.0697883243196,11,0.0676199181405082,541,2,23.11365439998979,0,0.766188344894858,3.2433705749753156e-07,0
pred_003132,2025-10-17T18:57:00,v1,1048.4502253837018,15,0.2646751545233248,896,2,4.593816223038651,0,0.8487453664528779,1.25323804392804e-09,0
pred_003133,2025-10-17T19:52:00,v1,1011.9983396914308,12,0.1081165810446577,263,3,8.474319870518286,0,0.8188952027366725,4.211046971542875e-06,0
pred_003134,2025-10-17T21:43:00,v1,376.315214697553,22,0.6393726442232383,154,5,19.25169625335909,0,0.0656177602735297,0.30271243902834305,0
pred_003135,2025-10-17T21:45:00,v1,996.7764988336947,9,0.2733180902271827,279,2,0.2286226175218265,0,0.5652515654634742,5.693629751881157e-06,0
pred_003136,2025-10-17T21:49:00,v1,2205.0070890819848,18,0.0805540105057989,550,5,3.976651108439463,0,0.992110854256394,2.6248647839023203e-11,0
pred_003137,2025-10-17T22:01:00,v1,1429.9585725123795,7,0.0286477685217663,307,0,17.83421625693624,0,0.5261876911061084,1.7300025257301422e-08,0
pred_003138,2025-10-17T22:34:00,v1,1947.120417004454,14,0.3666212089442521,680,1,9.437671931611714,0,0.7447809200858883,5.7356390530586415e-12,0
pred_003139,2025-10-17T22:42:00,v1,1808.8044996922335,18,0.0663781855998207,168,4,12.502913943551103,0,0.6815116575312299,3.7130540058649404e-08,0
pred_003140,2025-10-17T22:54:00,v1,605.1242370794893,22,0.1051227423387638,144,1,21.271151814609556,0,0.8519889383510084,1.1384544445318546e-05,0
pred_003141,2025-10-17T22:57:00,v1,844.0035453664569,22,0.3673343053579975,302,3,8.917950176759096,0,0.6421948654901827,9.606209146289328e-06,0
pred_003142,2025-10-17T23:07:00,v1,799.0014520509935,18,0.1004605298770347,783,0,2.4852043135566193,0,0.8050169774680831,1.345633178866473e-09,0
pred_003143,2025-10-17T23:22:00,v1,1416.338867153556,18,0.241757154273079,837,2,4.562221125729759,0,0.6041463788905429,1.653706350410557e-10,0
pred_003144,2025-10-18T00:10:00,v1,1088.7355808965374,10,0.2319617235934826,979,1,1.0598929072367,0,0.976839640956962,1.3107728650756797e-10,0
pred_003145,2025-10-18T00:53:00,v1,465.57942304455867,21,0.0461509924684028,494,1,100.03590112054104,0,0.7184128542277366,1.9274660255158515e-05,0
pred_003146,2025-10-18T01:54:00,v1,165.94243574558533,5,0.4824463891494875,103,12,236.5869227802075,0,0.3593585664434146,0.999999971124669,1
pred_003147,2025-10-18T02:10:00,v1,1330.0538434235805,11,0.2701729392800334,724,0,88.53336612349027,0,0.6589556665303693,3.3611847314865e-09,0
pred_003148,2025-10-18T02:19:00,v1,867.3575842495616,16,0.2161049339933884,183,3,0.3626054337915534,0,0.6288190908510591,3.459222529085548e-05,0
pred_003149,2025-10-18T02:20:00,v1,532.8107438950537,11,0.1777558813937098,294,2,15.973557217771702,0,0.6580935174521811,0.00014729859619789688,0
pred_003150,2025-10-18T02:22:00,v1,652.8615863057854,9,0.401583938088159,69,1,7.987266478908214,0,0.805941342142747,0.00018130656782221042,0
pred_003151,2025-10-18T03:16:00,v1,441.48108892272967,13,0.3185894303243752,243,0,22.94276525611164,0,0.9213712807602836,2.596101027039132e-05,0
pred_003152,2025-10-18T03:26:00,v1,2314.428854560406,19,0.1012451094105484,544,1,17.076693926795276,1,0.9614068540402304,4.4346161954233774e-13,0
pred_003153,2025-10-18T03:34:00,v1,876.674980165247,8,0.3122322959334508,782,2,1.4643368082729664,0,0.8780344533710425,4.106320204383995e-08,0
pred_003154,2025-10-18T03:44:00,v1,3063.072717197275,18,0.4993929041705889,122,2,11.878753487696644,0,0.9789762366747712,2.1119587108205478e-13,0
pred_003155,2025-10-18T03:50:00,v1,383.5129255016648,11,0.3705962376720774,558,1,17.382547351814512,0,0.7557498958263805,1.296400396823979e-05,0
pred_003156,2025-10-18T03:54:00,v1,495.25920406311417,16,0.2340139405722437,768,2,4.7862439167120705,0,0.9505263156716744,2.315857803376679e-07,0
pred_003157,2025-10-18T04:27:00,v1,701.222740566386,16,0.3704440443755524,68,2,4.549302415823105,0,0.76146719853561,0.00013953337999271075,0
pred_003158,2025-10-18T04:38:00,v1,689.4163701938453,10,0.3810872729822132,850,1,11.266274971632487,0,0.9622396574480248,2.6415395821901184e-08,0
pred_003159,2025-10-18T05:15:00,v1,695.8821046407905,14,0.0509914402984551,604,2,1.9883438781106124,0,0.7834902492112934,3.3029422669524947e-07,0
pred_003160,2025-10-18T05:17:00,v1,1029.4068865923848,7,0.0666839776574754,294,1,0.2439445114243894,0,0.6970417608805958,5.754860156338788e-07,0
pred_003161,2025-10-18T06:14:00,v1,884.0843210288284,18,0.3780349828757353,993,1,10.93417895277568,0,0.8337809934460502,6.186999419200899e-10,0
pred_003162,2025-10-18T06:21:00,v1,1574.8122646462932,7,0.3255594692447504,729,4,4.176601675664685,0,0.7536608412818407,4.9825986598400365e-09,0
pred_003163,2025-10-18T07:40:00,v1,407.87453981888547,22,0.4081214011679822,35,10,553.6101901928067,1,0.1177946354282771,0.9999999998735591,1
pred_003164,2025-10-18T07:58:00,v1,796.8626398262838,16,0.2570100349892246,431,2,20.04057977365617,0,0.8617336385825867,1.3907320774997332e-06,0
pred_003165,2025-10-18T08:34:00,v1,356.2765092923428,22,0.5756142385798652,96,7,39.857883644624046,0,0.5181386088185138,0.7526714771406199,1
pred_003166,2025-10-18T09:03:00,v1,798.798966408457,15,0.3040432505163406,203,1,3.4995214396661076,0,0.8475666971029215,3.4829223402668656e-06,0
pred_003167,2025-10-18T09:40:00,v1,3495.817214327057,8,0.2074668865975449,670,5,2.0368064656369302,1,0.7818206344548813,6.7994734649016316e-15,0
pred_003168,2025-10-18T10:11:00,v1,612.8471718009686,20,0.0973640461315298,596,0,9.73477998704273,1,0.8003068163856031,1.0426946896318276e-07,0
pred_003169,2025-10-18T10:37:00,v1,397.2926048549125,10,0.1729811335395092,307,1,30.21003440787545,0,0.8280356727946857,0.00011738734168010614,0
pred_003170,2025-10-18T11:36:00,v1,529.2115395263104,11,0.1565604483755702,913,4,12.900770094093344,0,0.8985127164883564,1.1100093106136432e-06,0
pred_003171,2025-10-18T12:24:00,v1,1075.4825638206426,19,0.1073616186487419,209,0,18.38454922667158,0,0.8297817589345983,6.116052417068458e-08,0
pred_003172,2025-10-18T12:47:00,v1,529.33116444307,16,0.2375026566393119,997,1,14.445484817115595,0,0.9059655713527144,8.633294780386328e-09,0
pred_003173,2025-10-18T12:55:00,v1,1572.0207746029637,12,0.2418206780664772,400,2,8.358316632215335,0,0.8185183259517385,4.794281262804582e-09,0
pred_003174,2025-10-18T12:55:00,v1,713.1773672039835,17,0.1572444156869089,461,3,32.958267481402764,0,0.8781094603634245,6.180799378013808e-06,0
pred_003175,2025-10-18T13:16:00,v1,266.3071669480613,19,0.0188762718325222,940,1,10.000347178013902,0,0.7879095827158626,6.437783171631048e-08,0
pred_003176,2025-10-18T15:32:00,v1,564.128326583762,18,0.2699564396227474,811,3,8.085038966106257,0,0.755735229484113,5.015378162466655e-07,0
pred_003177,2025-10-18T16:21:00,v1,413.25306784426607,13,0.1152853398226332,706,2,5.862106519313446,0,0.8892157436758766,1.2442090301250248e-06,0
pred_003178,2025-10-18T17:33:00,v1,886.310509860529,19,0.2232579176670103,892,1,0.7553732957819015,0,0.6651367715153209,1.3067300223867062e-09,0
pred_003179,2025-10-18T17:38:00,v1,716.2537887184614,11,0.1481378511071033,239,2,4.365022587433892,0,0.8919719883042805,1.612153014198476e-05,0
pred_003180,2025-10-18T17:56:00,v1,1089.3321755619313,14,0.1403332226436727,869,2,12.708292306088172,1,0.8881365764104834,3.0284249964298385e-09,0
pred_003181,2025-10-18T18:02:00,v1,2687.623807012905,15,0.3140943531867004,958,3,8.60776362769562,1,0.7692811945085134,1.581557931338473e-14,0
pred_003182,2025-10-18T18:25:00,v1,1191.0058049130391,15,0.0208364494014325,134,1,14.644625249901772,0,0.9500831427639276,1.3615434409848912e-07,0
pred_003183,2025-10-18T18:35:00,v1,598.2588037200967,18,0.0954865073875021,950,1,6.0867265654975515,0,0.6327251433187859,8.431144092201095e-09,0
pred_003184,2025-10-18T18:45:00,v1,952.5677713133208,19,0.0724001236871508,241,1,3.85721283396115,1,0.6625918219240721,1.1200304938335448e-06,0
pred_003185,2025-10-18T19:39:00,v1,1303.6377145344177,13,0.2210120702153791,647,2,57.564012016014075,0,0.766406426783223,1.6110316243772375e-08,0
pred_003186,2025-10-18T19:39:00,v1,367.48205757603586,17,0.0635315901554076,783,0,0.7361804642866566,0,0.7648374700195488,5.219763956370229e-08,0
pred_003187,2025-10-18T20:00:00,v1,850.2574456685758,18,0.2046333061956396,201,2,5.146164269876776,0,0.5285686535354382,1.2414361497174871e-05,0
pred_003188,2025-10-18T20:13:00,v1,1289.1993405031185,22,0.2431213047864281,345,3,5.968092454357667,0,0.5789979109096288,1.377289308917042e-07,0
pred_003189,2025-10-18T20:36:00,v1,1180.5844654479451,21,0.3539680347273441,198,0,9.461433905206505,0,0.731848343095548,4.3696276548474835e-08,0
pred_003190,2025-10-18T20:38:00,v1,1513.3139721810846,15,0.2476300863981045,962,2,10.605406386742018,0,0.632952611622336,3.6346819475935906e-11,0
pred_003191,2025-10-18T20:39:00,v1,1947.9997855247457,11,0.1671404044557055,750,1,89.31221263881578,0,0.9449179100881948,1.5324686637123303e-11,0
pred_003192,2025-10-18T21:01:00,v1,659.4954597579706,15,0.1654092802543075,34,1,8.775458715267142,0,0.6496882854803671,0.00010017698439370171,0
pred_003193,2025-10-18T21:10:00,v1,1000.4200274579144,19,0.0728382036863475,429,0,26.642405650324328,1,0.5045860190034643,1.2633670463821562e-07,0
pred_003194,2025-10-18T21:45:00,v1,1996.3459763749495,14,0.2423333694789243,726,0,12.629779232620631,0,0.5400576441664835,1.254413945120713e-12,0
pred_003195,2025-10-18T22:50:00,v1,1063.4488078743684,7,0.2520872500289866,122,0,4.1795562676698,0,0.7124754694512628,1.317986573067125e-06,0
pred_003196,2025-10-18T23:03:00,v1,2032.8358974072971,11,0.1357919824142208,732,3,41.435420841153075,0,0.8455566408864784,2.835424134847796e-11,0
pred_003197,2025-10-18T23:17:00,v1,1033.357929657,7,0.1188602584392027,226,3,4.419831025430993,0,0.8415404211372912,8.89686963659236e-06,0
pred_003198,2025-10-18T23:21:00,v1,460.0062496560113,14,0.0918680190504057,65,2,28.322292889001144,0,0.9793330260571071,0.0006495411343287285,0
pred_003199,2025-10-18T23:45:00,v1,139.8856637807074,5,0.8078145532202721,115,9,8.564944939065091,1,0.2107371670097863,0.9999009078245854,1
pred_003200,2025-10-19T00:16:00,v1,2538.643723914719,18,0.0347922052277142,64,2,20.363890856842453,0,0.5173423842357974,5.6570944622910125e-11,0
pred_003201,2025-10-19T00:29:00,v1,1397.7207481876862,14,0.0118699541292808,363,4,9.379333091927183,0,0.9490254687703072,8.046623051141819e-08,0
pred_003202,2025-10-19T00:48:00,v1,458.5771333628817,17,0.1233317144877271,266,1,6.071999747531309,0,0.8755742640129196,1.3646903115306768e-05,0
pred_003203,2025-10-19T01:00:00,v1,1130.416957789048,13,0.1327011401403768,915,2,4.444104052461311,0,0.8520591763058637,4.988669817390442e-10,0
pred_003204,2025-10-19T01:04:00,v1,718.8119230003764,13,0.3169123370446131,462,2,7.259050548577643,0,0.7540169012807425,3.422773180045037e-06,0
pred_003205,2025-10-19T01:21:00,v1,795.0654833761016,9,0.0858821166572937,485,1,9.918203288990476,0,0.6585384331394267,6.879553054153199e-07,0
pred_003206,2025-10-19T01:35:00,v1,604.2237459770648,11,0.2912448897245825,770,3,11.966215491585992,0,0.9756712958516436,8.23018787395498e-07,0
pred_003207,2025-10-19T02:00:00,v1,1910.0639227457389,12,0.1578755131705555,828,1,13.486354847764558,0,0.7236264559276947,1.675841292407029e-12,0
pred_003208,2025-10-19T02:39:00,v1,1804.8593568928104,8,0.0241462886694545,492,1,3.6741418991179224,0,0.5754355222440491,1.8705375535498388e-10,0
pred_003209,2025-10-19T02:58:00,v1,558.0730037645941,17,0.1109748664797489,96,3,11.277168439069518,0,0.7293322512339566,0.0006708356471658456,0
pred_003210,2025-10-19T03:13:00,v1,458.2509096898311,22,0.7252023639592978,100,9,110.94988092787231,0,0.3583069020318554,0.9968001402168238,1
pred_003211,2025-10-19T03:21:00,v1,1490.7662647239213,10,0.2547361698506311,999,2,44.709240272382935,0,0.9063618624873993,6.890352896364502e-11,0
pred_003212,2025-10-19T03:32:00,v1,1036.8794755389376,8,0.526227813860638,479,1,2.972312458948992,0,0.7446823823568037,2.1413295320069566e-07,0
pred_003213,2025-10-19T04:05:00,v1,431.6810794993853,2,0.4537261006202916,98,7,208.6641228978241,0,0.7935282907943456,0.9993537363606374,1
pred_003214,2025-10-19T04:24:00,v1,1124.7006312424587,18,0.1524195783546588,775,3,12.056653430424316,0,0.7947250831577258,5.454796841852345e-09,0
pred_003215,2025-10-19T04:38:00,v1,633.6922728861841,9,0.0604181895795113,120,3,0.6697287781494399,0,0.8464434133138964,0.0003793510186428642,0
pred_003216,2025-10-19T04:51:00,v1,692.9460287440787,7,0.0828189513101766,311,3,50.31014638055997,0,0.883915178877991,0.00019747054675043412,0
pred_003217,2025-10-19T05:38:00,v1,702.0521061998277,8,0.1538048211856713,999,3,2.1491403598535883,0,0.7802348349322443,5.943859709510311e-08,0
pred_003218,2025-10-19T05:48:00,v1,1101.364857885807,16,0.1643570030271335,266,3,26.378728683549426,0,0.9184750776303712,1.5530134366408973e-06,0
pred_003219,2025-10-19T06:01:00,v1,1693.7877670421549,21,0.1277856491429043,722,3,22.443434973985013,0,0.8026668566271485,7.334902924908868e-11,0
pred_003220,2025-10-19T06:12:00,v1,1202.153168435491,9,0.3091492602288531,908,2,10.594451555132231,0,0.8496563877773927,1.0225545995758249e-09,0
pred_003221,2025-10-19T06:15:00,v1,893.7699995550914,18,0.1289747121524228,161,2,3.71533576970991,0,0.7281620877705438,5.039309406646312e-06,0
pred_003222,2025-10-19T06:50:00,v1,462.3238107760634,19,0.3201562075730704,39,4,17.721299365482526,1,0.6045544482793137,0.052588921360213536,0
pred_003223,2025-10-19T07:03:00,v1,1456.6492248538177,14,0.171080292897332,179,1,1.6671156311870394,0,0.8147265408790701,1.8231410803305822e-08,0
pred_003224,2025-10-19T07:11:00,v1,477.7554114633907,7,0.3996368070433518,303,2,19.181342952472946,1,0.6893945972882836,0.001784664283300783,0
pred_003225,2025-10-19T07:13:00,v1,697.1182799427174,15,0.1396153455009024,578,1,2.4837212390406256,1,0.6823436413484695,5.684547614876899e-07,0
pred_003226,2025-10-19T07:32:00,v1,595.9530088058599,15,0.1274119543264487,638,5,4.219535075333822,0,0.6938905358210715,2.73640039462733e-05,0
pred_003227,2025-10-19T07:33:00,v1,2114.2838173175237,11,0.1746864942199262,216,3,13.159490636049098,0,0.6403304433822474,2.545054466481862e-09,0
pred_003228,2025-10-19T08:08:00,v1,4250.120532189648,8,0.5085120555104584,986,2,23.678314332625213,0,0.7176403282107627,3.495928018897855e-20,0
pred_003229,2025-10-19T08:22:00,v1,407.0563694751437,8,0.5481562950218292,529,2,7.145359554220226,1,0.6336690503310354,0.0003443411218285198,0
pred_003230,2025-10-19T08:59:00,v1,1272.7912508928566,8,0.2892431825281385,562,1,22.99024536761645,0,0.6985527342478431,1.6274780746859087e-08,0
pred_003231,2025-10-19T09:16:00,v1,237.5542801940173,20,0.2540701854761291,373,0,5.124075255604533,1,0.8794108921675524,2.0526251418000896e-05,0
pred_003232,2025-10-19T09:58:00,v1,442.5788170238368,18,0.1788561133165076,114,0,9.422385808240849,0,0.8441472162379523,2.7689427755355563e-05,0
pred_003233,2025-10-19T10:09:00,v1,1013.8570564765554,15,0.3096444007071488,554,2,22.566767133075107,1,0.8815799348169834,2.4902277827950643e-07,0
pred_003234,2025-10-19T10:20:00,v1,587.0375093416609,13,0.0306645199974475,298,1,35.53819064153949,0,0.8906275806445126,1.1614385305523789e-05,0
pred_003235,2025-10-19T10:44:00,v1,1583.2992516821544,20,0.2753103802939208,349,4,7.033890594997605,0,0.9586790756698766,1.4969813549362343e-08,0
pred_003236,2025-10-19T10:56:00,v1,609.6414285860383,21,0.3210216115327777,512,3,8.307495885734516,0,0.5439545104590615,1.117099364396938e-05,0
pred_003237,2025-10-19T11:13:00,v1,461.9226706461319,12,0.3252027712115808,74,1,1.3066959277888268,0,0.5723415741531861,0.0008134144734249012,0
pred_003238,2025-10-19T11:45:00,v1,297.59614462243457,22,0.1030262411714203,245,1,1.9110367720899533,0,0.801753418872835,3.285406209524264e-05,0
pred_003239,2025-10-19T11:57:00,v1,952.1379138917864,17,0.30594046955654,126,1,16.329200669814238,1,0.8547330711843943,6.452097177774403e-06,0
pred_003240,2025-10-19T12:19:00,v1,1095.3669629334406,13,0.017155932830635,244,1,3.6730968054527473,1,0.879193026380932,3.23829294453235e-07,0
pred_003241,2025-10-19T13:22:00,v1,1320.3969427244378,14,0.2755380272629475,625,1,86.02239268234786,1,0.971039669845167,1.7199421728556645e-08,0
pred_003242,2025-10-19T14:11:00,v1,343.7669630264727,7,0.2352868977472327,144,2,7.51056414937595,0,0.8307231762192397,0.0026801881095485634,0
pred_003243,2025-10-19T14:32:00,v1,1163.0321081949314,21,0.1564068178965487,537,2,15.071603598579433,1,0.928006391933922,1.6610083461517807e-08,0
pred_003244,2025-10-19T14:32:00,v1,345.3028946675746,5,0.3667312867548933,155,11,104.60613246474702,0,0.1049105878183599,0.999977833114691,1
pred_003245,2025-10-19T14:57:00,v1,626.0056797815059,7,0.2262269332757478,361,3,1.2569346337102765,0,0.6169191512131496,0.0001675872369533157,0
pred_003246,2025-10-19T16:02:00,v1,1587.7114128749351,14,0.4658389775178008,228,3,30.81347908491812,0,0.8240441642344943,2.0069078494020778e-07,0
pred_003247,2025-10-19T16:36:00,v1,1900.8636484793708,7,0.2545673148493784,155,1,5.106845232628012,0,0.8429454523759656,2.1444310562275514e-09,0
pred_003248,2025-10-19T16:52:00,v1,2023.5457107424209,9,0.015342471462319,744,0,7.476297858824028,0,0.716257442349668,4.419829339471122e-13,0
pred_003249,2025-10-19T17:12:00,v1,1711.4367166553038,10,0.2638853797827399,417,3,12.1557009871652,0,0.895980645247686,5.038832668392388e-09,0
pred_003250,2025-10-19T18:04:00,v1,1580.762374100023,8,0.1346336640668747,964,0,19.481527761029135,0,0.9556032045454638,1.7153230462598614e-12,0
pred_003251,2025-10-19T18:23:00,v1,1621.7321784528322,20,0.1591062171185609,282,5,11.681498145649844,1,0.773247841543588,3.147852713510007e-07,0
pred_003252,2025-10-19T18:31:00,v1,2208.093928008919,10,0.1303755902758344,899,3,26.660560868385428,0,0.7022026255722513,1.5158113714911049e-12,0
pred_003253,2025-10-19T18:36:00,v1,1013.7144688608788,20,0.2276859289167909,816,2,3.8315008275101503,0,0.6763987793687968,2.962451063409988e-09,0
pred_003254,2025-10-19T19:24:00,v1,644.8523167083582,16,0.0801760695315219,66,1,4.635513276467287,0,0.9647653686378904,1.6213058088212817e-05,0
pred_003255,2025-10-19T19:24:00,v1,1046.751545694891,7,0.2054346737133284,322,2,34.88483991361489,0,0.8097433994104022,3.386599244121978e-06,0
pred_003256,2025-10-19T19:31:00,v1,972.7984655592596,13,0.0261065791722249,123,5,11.810775849957436,0,0.8547018790997147,0.00016886802928064976,0
pred_003257,2025-10-19T19:42:00,v1,1022.9411949461,18,0.1023171095421306,909,0,8.978733557752749,0,0.7647446321483651,8.633661000861156e-11,0
pred_003258,2025-10-19T20:06:00,v1,1087.0753026865534,12,0.2002135467600544,232,2,0.8883727929945427,0,0.5131889561027859,2.8894347546689586e-06,0
pred_003259,2025-10-19T21:57:00,v1,661.1542670832034,7,0.3209563403891927,829,1,1.1803296670143912,0,0.8794915527745921,5.3642625419521213e-08,0
pred_003260,2025-10-19T22:04:00,v1,507.00903211548274,22,0.1312036516975735,887,1,45.40672613161659,0,0.7768672105921245,4.1545513098378285e-08,0
pred_003261,2025-10-19T22:11:00,v1,1031.4131566615577,8,0.1997178688479047,775,1,12.596260379044114,1,0.7292182458903496,1.9096695889571767e-08,0
pred_003262,2025-10-19T22:35:00,v1,702.8605835981222,17,0.1975681774070113,551,1,28.87993261406455,0,0.8376704249244439,2.9515454291803263e-07,0
pred_003263,2025-10-19T23:08:00,v1,119.545113989916,4,0.6602735322708431,83,6,485.3689546101606,0,0.3214140526208953,0.9999999962195918,1
pred_003264,2025-10-19T23:08:00,v1,1407.9169042607273,7,0.0953969501313031,403,1,5.6973129605328,0,0.9539930329656878,4.455702102690474e-09,0
pred_003265,2025-10-19T23:21:00,v1,1076.1323680016042,18,0.226023757393726,368,2,4.837036375629096,0,0.7021081593058317,2.053626820110663e-07,0
pred_003266,2025-10-20T00:46:00,v1,995.9886713403708,13,0.1260368867364975,557,2,19.913325938073847,0,0.8533786919245228,8.75563193864735e-08,0
pred_003267,2025-10-20T01:04:00,v1,1186.3187478748014,7,0.3243574004368604,469,2,19.43315202247852,0,0.8881343997058496,1.5584819247914464e-07,0
pred_003268,2025-10-20T02:06:00,v1,650.6446683523925,22,0.0862075588571051,943,3,8.6885430139464,0,0.9115372366162332,1.3351318479794888e-08,0
pred_003269,2025-10-20T02:13:00,v1,734.6448206492942,16,0.4192418577994721,171,1,53.12219383127967,1,0.6379159959094349,0.00025358101507115495,0
pred_003270,2025-10-20T03:07:00,v1,710.5555669084835,11,0.1434666414770932,801,4,2.5752874226466957,0,0.7303121486629265,1.0034214248357877e-06,0
pred_003271,2025-10-20T04:11:00,v1,696.0731616537421,20,0.4724882034523386,860,5,5.8151154898111,0,0.7861671728417108,1.1310384365248093e-06,0
pred_003272,2025-10-20T04:16:00,v1,1067.86294974631,11,0.2332127520390246,684,4,0.2499318415333283,0,0.7912214564562695,1.6701213474923891e-07,0
pred_003273,2025-10-20T05:02:00,v1,410.44871373757127,20,0.1525129414887498,664,4,5.0567865009371875,0,0.7301915851350489,1.3760203805232394e-05,0
pred_003274,2025-10-20T05:04:00,v1,453.4089046045918,12,0.1872863617773537,669,1,0.860181022643997,1,0.7353002342585171,2.274908926406539e-06,0
pred_003275,2025-10-20T05:48:00,v1,603.1380978970994,8,0.1494807459594301,780,4,4.52639858323147,0,0.8213584104387721,3.59094172154294e-06,0
pred_003276,2025-10-20T05:50:00,v1,1779.6340323440425,9,0.1405463234267463,80,2,6.181544674232175,0,0.6832159559652972,4.0428078193470175e-08,0
pred_003277,2025-10-20T06:11:00,v1,862.5669438284765,8,0.0418989124057681,897,5,37.46339210423644,0,0.6427524197401806,1.7165282213752176e-06,0
pred_003278,2025-10-20T06:53:00,v1,59.27939029740142,22,0.5198285121718206,198,6,7.659873506505233,0,0.3874788146760032,0.6591460107806772,1
pred_003279,2025-10-20T07:44:00,v1,485.0768635146975,9,0.0470173221861188,881,2,1.6109254692472512,0,0.4396460442913479,7.792589110594959e-07,0
pred_003280,2025-10-20T08:25:00,v1,1206.8014271462926,16,0.2129149909629405,96,2,5.495197104783973,0,0.8378150746752044,8.96019298356586e-07,0
pred_003281,2025-10-20T09:36:00,v1,397.2043165015716,9,0.0417461206148507,335,0,0.8952622580995199,0,0.9307847908387,6.345113847442785e-06,0
pred_003282,2025-10-20T09:52:00,v1,2062.213178110988,13,0.1418921016885422,746,0,7.666360417065755,0,0.8623311125133385,1.4538003670318377e-13,0
pred_003283,2025-10-20T10:31:00,v1,4014.4725605151466,18,0.1022353849803271,276,1,5.931271595927296,1,0.7215271192643389,1.2293335359957606e-17,0
pred_003284,2025-10-20T11:33:00,v1,864.2346933180584,15,0.1308456808692184,322,3,22.262228169109346,0,0.9050639655364728,5.978677338050452e-06,0
pred_003285,2025-10-20T11:48:00,v1,1456.0839265133757,11,0.1527920257834375,598,0,2.709433074184047,0,0.939332858053021,8.108480312490715e-11,0
pred_003286,2025-10-20T12:07:00,v1,751.2976844433389,21,0.1946708479698493,715,2,5.593929284947873,0,0.7150403886015628,5.0965643147557245e-08,0
pred_003287,2025-10-20T12:10:00,v1,1143.5360147306544,20,0.2446777715765657,317,1,2.265026330005908,0,0.9825723771177288,1.6359166428482626e-08,0
pred_003288,2025-10-20T12:13:00,v1,1088.112696210387,21,0.2987960979378254,699,3,2.9574177409755573,1,0.8716509570249773,2.3158584889281848e-08,0
pred_003289,2025-10-20T12:39:00,v1,2136.1618547779094,9,0.3617136819753911,236,1,0.8637782426055961,0,0.9055372087075044,9.570158746665872e-11,0
pred_003290,2025-10-20T12:53:00,v1,352.15539020996295,8,0.3670792090549056,809,5,1.566919584427181,1,0.8439715411957073,0.00026621251768242757,0
pred_003291,2025-10-20T13:01:00,v1,981.7709765779656,10,0.2205074599320375,721,3,17.537460296037057,0,0.6744855773739526,2.0962404634657402e-07,0
pred_003292,2025-10-20T13:36:00,v1,477.3363195269257,11,0.0749430276147899,846,0,5.4048543288614805,0,0.8342143680435993,2.5128782233324403e-08,0
pred_003293,2025-10-20T13:38:00,v1,435.1197362014571,17,0.2686935049549505,487,0,7.887108765358427,0,0.9495223955296868,6.490591905508772e-07,0
pred_003294,2025-10-20T14:10:00,v1,355.25464425784173,21,0.1830487494383569,758,1,7.049664838746997,0,0.670784528014589,3.080242325176523e-07,0
pred_003295,2025-10-20T14:18:00,v1,479.6839460103803,9,0.0838820299177622,686,3,2.9983671982889817,0,0.8761143199741059,4.519255039832195e-06,0
pred_003296,2025-10-20T14:57:00,v1,463.0794122550061,12,0.1146500712922117,852,1,50.16655547401402,0,0.9516028443511044,2.1613643011421413e-07,0
pred_003297,2025-10-20T14:59:00,v1,418.9141486652565,22,0.1787207844808694,917,2,4.502430141253144,0,0.7895061757872364,6.128320187884643e-08,0
pred_003298,2025-10-20T15:40:00,v1,1480.1348975595442,11,0.2526580191718405,202,2,4.359654360746434,0,0.7036164531661325,1.1841711853478424e-07,0
pred_003299,2025-10-20T15:50:00,v1,1033.782198382661,11,0.0344947375958226,258,3,49.82235135416172,0,0.8617876998440762,1.1030764439463213e-05,0
pred_003300,2025-10-20T16:00:00,v1,970.8388245443728,19,0.0813230911147804,867,1,31.264305712662633,0,0.6360610602969071,1.6847113826344536e-09,0
pred_003301,2025-10-20T16:03:00,v1,632.9626469670604,18,0.1954389946921144,940,2,10.244425841918348,0,0.7059953931756705,2.5556606686762374e-08,0
pred_003302,2025-10-20T16:34:00,v1,521.9971848921208,17,0.371407784396135,525,0,6.630186135700123,0,0.7949290774451688,4.729579044612876e-07,0
pred_003303,2025-10-20T16:56:00,v1,1133.2549291917087,13,0.1421703175366707,136,4,1.293332004685288,1,0.7158504114307986,5.3989652657055876e-05,0
pred_003304,2025-10-20T17:01:00,v1,1843.7224195773756,16,0.0461281015696702,647,2,4.310652999588172,0,0.9396471678446529,8.398617695832307e-12,0
pred_003305,2025-10-20T17:26:00,v1,325.3859032084686,16,0.1983829087767919,844,4,4.431639403452763,0,0.9134938149090724,4.588169522387837e-06,0
pred_003306,2025-10-20T17:29:00,v1,837.4899157615471,22,0.058992908581005,651,4,2.8785820713550043,0,0.8363908015063236,1.8183903239015635e-07,0
pred_003307,2025-10-20T17:36:00,v1,913.1591095128688,22,0.2290595889919084,641,0,25.129052133011857,0,0.8852368713211702,2.6152933792781978e-09,0
pred_003308,2025-10-20T17:48:00,v1,679.61876785845,17,0.0589876192843653,575,3,19.35293984931538,0,0.883130370040148,1.288451885454845e-06,0
pred_003309,2025-10-20T19:28:00,v1,1270.9481961566723,20,0.2324133184612679,586,3,47.63253196001629,1,0.7186505058705641,1.1045080427641711e-07,0
pred_003310,2025-10-20T19:33:00,v1,1685.2870033516006,15,0.0281141298816771,866,5,26.94528636895999,0,0.6438944384256744,7.183146229160515e-10,0
pred_003311,2025-10-20T19:42:00,v1,913.8465109611748,22,0.1220122192970898,735,2,24.784417487630353,0,0.960657733939449,6.002934608249252e-09,0
pred_003312,2025-10-20T20:00:00,v1,1158.017924132363,15,0.1380114011564132,866,1,10.754110535391495,0,0.8252299160551156,2.0583618332786615e-10,0
pred_003313,2025-10-20T20:14:00,v1,1424.9736253338604,10,0.1671857323663873,824,3,58.71459897120489,0,0.4253646350772265,1.5300846490710528e-08,0
pred_003314,2025-10-20T20:39:00,v1,1881.1674990201184,11,0.1887155057443032,604,1,5.933424786775738,0,0.7457870391225218,1.8589818141284515e-11,0
pred_003315,2025-10-20T20:47:00,v1,1195.775749295805,20,0.1235632751406156,641,1,11.06474360945114,0,0.8357409569345418,6.630995898298341e-10,0
pred_003316,2025-10-20T21:17:00,v1,1160.318413490219,9,0.2093869955621773,831,1,7.770525415089013,0,0.8563997201760388,6.739400205754069e-10,0
pred_003317,2025-10-20T22:11:00,v1,2818.5749227357874,12,0.152158387039557,421,1,12.377435177970128,0,0.8140749117007468,4.2682676170258775e-14,0
pred_003318,2025-10-20T22:21:00,v1,1525.662244715543,15,0.1576203606889657,404,3,9.760403964289294,0,0.9103585723809589,8.4808856080741e-09,0
pred_003319,2025-10-20T22:49:00,v1,1736.686276270718,8,0.2335115624308283,232,5,12.793742867200338,1,0.8675430674976761,1.0478059400204094e-06,0
pred_003320,2025-10-20T23:52:00,v1,734.3872779987385,11,0.1672554202923612,399,3,3.9952493345668696,0,0.800164261539255,1.2833330656697254e-05,0
pred_003321,2025-10-21T00:35:00,v1,929.500483241591,22,0.0432084230017922,887,2,11.23629009700714,0,0.7909934658230217,1.1222487460370078e-09,0
pred_003322,2025-10-21T00:48:00,v1,275.65168815904184,1,0.3149070321386633,155,8,78.84445445334566,1,0.5574871989742292,0.9989012168736532,1
pred_003323,2025-10-21T01:11:00,v1,538.4082763765407,1,0.4988680160348024,25,20,114.00363352224676,0,0.3106294450242086,0.9999999995174262,1
pred_003324,2025-10-21T03:11:00,v1,656.2706762083012,14,0.3797344273038786,704,1,4.547694768628735,0,0.8347531698515123,1.0758256851351075e-07,0
pred_003325,2025-10-21T04:20:00,v1,1131.3627638777182,18,0.3185095577096212,599,4,36.22732798577902,0,0.5632561022509249,7.270651944940328e-07,0
pred_003326,2025-10-21T04:54:00,v1,1375.3307675852402,9,0.199726411864371,560,3,5.03155822814082,0,0.8309822612178591,1.8298225533084968e-08,0
pred_003327,2025-10-21T05:30:00,v1,3189.121910230737,15,0.2946469276522488,357,3,19.494998498859136,0,0.7508086985597859,5.977856701206737e-14,0
pred_003328,2025-10-21T05:58:00,v1,676.2980812450343,11,0.2745906589461589,482,1,12.644940747576518,0,0.8661538748561036,1.1691379791298478e-06,0
pred_003329,2025-10-21T06:04:00,v1,2904.660470053837,12,0.1663495680644113,979,2,14.427498686814314,0,0.8188106614900426,2.652446387229245e-16,0
pred_003330,2025-10-21T06:32:00,v1,728.8982657425829,14,0.1826984383998466,873,0,8.031258723597947,0,0.8924108420493685,1.8443589150916618e-09,0
pred_003331,2025-10-21T06:43:00,v1,619.1154536420289,21,0.191533766744194,595,1,42.413539820778794,0,0.7581118749026653,4.1700504586381963e-07,0
pred_003332,2025-10-21T06:46:00,v1,357.6758108100139,10,0.1024962225674476,981,1,12.656863700604132,0,0.6935544526646259,1.4117854259821856e-07,0
pred_003333,2025-10-21T07:06:00,v1,934.6868004905764,21,0.21038419593874,823,1,15.100067983404324,0,0.641660780817003,2.171077507734728e-09,0
pred_003334,2025-10-21T07:18:00,v1,445.762912922155,16,0.1600000786291785,943,2,1.7390404242518855,1,0.6391676644949174,3.704424552024164e-07,0
pred_003335,2025-10-21T07:19:00,v1,1181.4180122285838,8,0.3070430776353884,117,2,1.3523535388235357,0,0.939541979245028,2.220699743050351e-06,0
pred_003336,2025-10-21T07:44:00,v1,1119.4295325150651,14,0.0960491227428018,445,1,6.628735942592877,0,0.7893480235468405,2.0517441693020228e-08,0
pred_003337,2025-10-21T07:47:00,v1,562.640533895478,19,0.3089553897872978,836,3,42.29719843426412,0,0.6714971972887528,1.4739603016840603e-06,0
pred_003338,2025-10-21T07:49:00,v1,951.5189478613876,9,0.2484447976962277,666,3,4.791674817035141,0,0.7819550911783056,2.659841988972265e-07,0
pred_003339,2025-10-21T07:52:00,v1,515.3973069321677,7,0.1941709067658355,322,2,22.893539689250503,0,0.8568700184905036,0.00014560285338825635,0
pred_003340,2025-10-21T07:57:00,v1,693.6861232815905,13,0.0863106967699021,303,1,7.961128059852293,1,0.9744098585842292,4.5732292224756725e-06,0
pred_003341,2025-10-21T08:35:00,v1,846.427630234999,19,0.0295510742114709,457,4,9.907529080787551,0,0.5474071830359526,6.011775509609444e-06,0
pred_003342,2025-10-21T08:39:00,v1,951.9364238449792,10,0.0407394722365711,355,3,32.81400754263842,0,0.8587674814801836,5.655377382824649e-06,0
pred_003343,2025-10-21T08:52:00,v1,1219.4722901794528,21,0.3665719731586089,49,2,11.739427264779208,0,0.9531390225398204,7.453886151683534e-07,0
pred_003344,2025-10-21T09:08:00,v1,1187.9607888705518,10,0.2385203533810094,616,1,26.368858938507117,0,0.7586643574127369,1.1086938696200729e-08,0
pred_003345,2025-10-21T09:30:00,v1,302.0747547005109,9,0.3257655905186129,702,2,13.304990791690972,0,0.5113466592719029,4.773875934389449e-05,0
pred_003346,2025-10-21T09:33:00,v1,1451.8578016939712,7,0.4604038481684661,730,1,3.938962673753356,0,0.900846749174422,3.3319425463481857e-10,0
pred_003347,2025-10-21T10:22:00,v1,1155.484264336582,14,0.137892370823332,965,2,6.541787382534792,0,0.8380255481177998,2.413759411432152e-10,0
pred_003348,2025-10-21T10:41:00,v1,386.18305019008767,9,0.1646313692808394,959,3,7.417608662775268,0,0.6543698394518164,1.917581508100085e-06,0
pred_003349,2025-10-21T11:11:00,v1,1128.7392994134696,9,0.2835922951271294,643,3,2.5280748258296275,0,0.73737399499709,9.458780028730516e-08,0
pred_003350,2025-10-21T11:55:00,v1,1065.3809414779769,10,0.4379115923804791,946,2,5.904644937581717,0,0.9255991783052336,1.6798481497165667e-09,0
pred_003351,2025-10-21T12:41:00,v1,1787.8223194258671,20,0.0443598770455616,765,1,39.66792973305716,0,0.9006798922401948,2.398965762055349e-12,0
pred_003352,2025-10-21T12:43:00,v1,158.81366373512947,1,0.8601518581564316,189,8,60.3596012899687,0,0.1176458323466037,0.9998500819068279,1
pred_003353,2025-10-21T13:07:00,v1,1515.990331356904,19,0.5196270333369161,710,4,10.59053792928174,1,0.604471271434508,1.5780184640076e-08,0
pred_003354,2025-10-21T13:32:00,v1,906.981512918568,8,0.3577834987606427,210,0,14.352007135733883,0,0.8995798456583429,1.5439526912431795e-06,0
pred_003355,2025-10-21T14:02:00,v1,1372.8675001949136,21,0.2839975779596318,317,2,11.933531655457346,0,0.7984707149325847,2.023837298263412e-08,0
pred_003356,2025-10-21T14:05:00,v1,1365.8610065824516,14,0.4177093382243968,658,0,19.66924076816785,0,0.9441693178501304,1.9500109749617654e-10,0
pred_003357,2025-10-21T14:08:00,v1,770.4197201460455,17,0.2429210764355462,342,4,61.92843481020054,1,0.712450428891141,0.0006249400943585011,0
pred_003358,2025-10-21T14:09:00,v1,1608.5015644015216,8,0.1157516433067677,432,1,20.865659825089462,1,0.9803234086644612,2.3461307837242945e-09,0
pred_003359,2025-10-21T15:10:00,v1,1314.5064562525142,18,0.1732700302338299,413,0,2.994415298401656,0,0.7904870285907797,1.0855759724091622e-09,0
pred_003360,2025-10-21T15:28:00,v1,713.284926669365,16,0.348312270984386,62,2,1.3828085828753638,0,0.8252488268218288,9.163480705622095e-05,0
pred_003361,2025-10-21T15:37:00,v1,980.2646587819222,18,0.2184588567477945,295,1,13.411128839138437,0,0.7145900477310726,3.565617141413435e-07,0
pred_003362,2025-10-21T15:38:00,v1,766.8120734942255,17,0.6396912766116221,940,0,23.516815426356185,1,0.7764343187390117,9.510635796441027e-09,0
pred_003363,2025-10-21T15:45:00,v1,382.8644429765529,22,0.5262706888949102,101,8,364.7582568957489,0,0.2324190083450959,0.9999977607982073,1
pred_003364,2025-10-21T16:25:00,v1,730.6323063199688,22,0.1823984223444631,522,2,2.7844158154866387,0,0.7876694243317456,2.504952819467382e-07,0
pred_003365,2025-10-21T17:13:00,v1,712.225912105723,22,0.0893156781648376,198,0,2.4351000741401077,0,0.9357895728097269,3.396074468738758e-07,0
pred_003366,2025-10-21T17:16:00,v1,378.8209370961185,0,0.5674219286377147,105,7,93.21647624394646,1,0.3255655129407123,0.999371523831046,1
pred_003367,2025-10-21T17:36:00,v1,775.0523155774155,7,0.1020820596677406,132,2,1.0074886729881891,1,0.7120378277131554,0.00021861095593007888,0
pred_003368,2025-10-21T18:10:00,v1,3347.5480863316698,18,0.1367563546366097,752,3,0.4345087121378697,1,0.573475876495828,3.7457311034865016e-16,0
pred_003369,2025-10-21T18:12:00,v1,1555.0010962184106,22,0.3447528403313584,565,0,19.842153720433696,1,0.697580613206952,1.8276108067258906e-10,0
pred_003370,2025-10-21T18:23:00,v1,754.1075473757994,20,0.2590354554427923,444,1,2.006740528743806,0,0.8210944692457458,1.9895818191512235e-07,0
pred_003371,2025-10-21T19:19:00,v1,728.9882528805304,20,0.3578384711227885,622,1,7.338073503363246,0,0.807429785738623,6.456792572779377e-08,0
pred_003372,2025-10-21T21:18:00,v1,973.0271363451882,16,0.0623846460563181,558,5,1.9053904265987989,0,0.9433843180059392,7.929989759800386e-07,0
pred_003373,2025-10-21T22:20:00,v1,1426.5359932844317,8,0.2035033741453247,739,1,0.8311007017620664,0,0.8755358531972939,1.6703681069974727e-10,0
pred_003374,2025-10-21T23:36:00,v1,744.0381671957842,16,0.1322248113997537,462,1,9.247460537411886,1,0.900260678204824,6.006139923427832e-07,0
pred_003375,2025-10-22T00:33:00,v1,1164.8454969334236,20,0.1610446954772296,222,0,7.3275500453804066,0,0.9620553944467956,1.1341723253878556e-08,0
pred_003376,2025-10-22T00:34:00,v1,1028.7711076919936,9,0.1478466132613517,791,3,19.68970709880207,1,0.676120627798212,1.9639279178972798e-07,0
pred_003377,2025-10-22T00:50:00,v1,1574.0496884277245,9,0.0899397898747058,202,0,12.09441631453442,0,0.9646149183904908,2.3516336463433364e-09,0
pred_003378,2025-10-22T01:09:00,v1,748.0587948016356,21,0.4660661162314416,133,1,6.973488956341997,0,0.8416439884760215,7.657608171117987e-06,0
pred_003379,2025-10-22T01:46:00,v1,573.612691423634,14,0.1468090608342553,380,4,11.783265617634504,0,0.7920963080929121,0.00014915607985754577,0
pred_003380,2025-10-22T01:52:00,v1,345.07873355071615,8,0.2041666661254307,150,4,15.909066201421089,0,0.8784581943569609,0.022163582710071864,0
pred_003381,2025-10-22T02:10:00,v1,929.080353509767,13,0.2422374739139717,92,3,4.007060818702695,0,0.7055612172922111,7.379940096697257e-05,0
pred_003382,2025-10-22T02:27:00,v1,1041.9480368284326,8,0.2902600848925999,964,1,0.1872917899142366,0,0.6220598843681487,1.1990952153363922e-09,0
pred_003383,2025-10-22T02:34:00,v1,1845.7297892042536,10,0.103831372058481,652,1,11.388364100843631,0,0.9081391629181682,9.447878871347214e-12,0
pred_003384,2025-10-22T03:20:00,v1,1226.9047943731268,7,0.3062524394273237,641,1,7.817142615511985,0,0.6477839510039393,9.633138883579842e-09,0
pred_003385,2025-10-22T03:27:00,v1,814.1474162122936,15,0.2083879179519161,608,0,2.8763153793937866,0,0.7335475097002783,1.852152926349762e-08,0
pred_003386,2025-10-22T03:48:00,v1,126.63159165175809,2,0.5597242500213213,199,4,138.11553721550152,0,0.1434857536149766,0.996679716017184,1
pred_003387,2025-10-22T03:51:00,v1,1533.7479614488163,16,0.0390660012490304,594,2,16.971686965255888,0,0.7004539143148139,6.140383070508154e-10,0
pred_003388,2025-10-22T04:09:00,v1,1974.885921546609,9,0.2521264434876707,864,1,0.211721633328321,0,0.8124801098068366,6.514607122599903e-13,0
pred_003389,2025-10-22T04:10:00,v1,601.8405229062372,22,0.3748220872414251,585,1,19.86883993959859,0,0.6233595142028701,5.880771667954039e-07,0
pred_003390,2025-10-22T04:40:00,v1,1024.3955993253833,9,0.0504905855778158,367,3,18.03808378657716,0,0.9163610062099004,1.6925635078050876e-06,0
pred_003391,2025-10-22T05:25:00,v1,562.4155039382225,13,0.2608621203898749,982,2,6.303611916478052,0,0.8007361303705289,4.5872885181249695e-08,0
pred_003392,2025-10-22T06:31:00,v1,482.3185288633446,21,0.0349011177988953,237,2,49.22298304263593,0,0.8808897810027765,8.112702697258214e-05,0
pred_003393,2025-10-22T06:32:00,v1,97.94005986006972,23,0.8161627521966738,105,7,142.0708131516599,1,0.1019972558760664,0.9999050444616261,1
pred_003394,2025-10-22T06:35:00,v1,2136.028127876704,22,0.0733544224139573,56,3,0.9487885827918584,0,0.9546160445003032,3.7094468065221746e-10,0
pred_003395,2025-10-22T07:21:00,v1,1649.0942459460286,17,0.4596067338897481,279,4,9.185888382953422,0,0.8933487189381443,5.931898428131648e-08,0
pred_003396,2025-10-22T07:23:00,v1,1585.4831014105848,15,0.0730705853519749,517,1,2.8605414307801635,0,0.7519666400631506,1.841829827573891e-10,0
pred_003397,2025-10-22T07:31:00,v1,1412.427603074069,8,0.0788084285614779,348,3,13.0722937356246,0,0.8960129937603581,9.939054952701496e-08,0
pred_003398,2025-10-22T07:55:00,v1,531.56244900978,10,0.1165559912387441,350,0,0.7309626342115215,1,0.906903291924547,5.6346660615081495e-06,0
pred_003399,2025-10-22T09:37:00,v1,1030.1344507113365,19,0.1350353628534867,451,0,1.7746225650957008,0,0.7669312488996337,6.170518182192918e-09,0
pred_003400,2025-10-22T09:51:00,v1,1222.7436397601011,21,0.397529011907701,491,2,68.17280315749291,0,0.8477512499854332,7.643191848219653e-08,0
pred_003401,2025-10-22T10:01:00,v1,621.6065234361571,0,0.429748519503256,186,9,117.39382119424916,1,0.5210508203842205,0.9986621864913293,1
pred_003402,2025-10-22T10:40:00,v1,1607.239241693672,10,0.0252507607732125,430,1,1.0658121813105357,0,0.7932276585371685,5.554747642252184e-10,0
pred_003403,2025-10-22T10:57:00,v1,721.1745119032576,21,0.0362775847252895,479,2,5.7344733719536904,0,0.6398816164141893,6.188933912040933e-07,0
pred_003404,2025-10-22T11:09:00,v1,667.1774622599193,17,0.0654779685929692,859,1,10.004623733638644,0,0.7524152829590787,9.50406275863831e-09,0
pred_003405,2025-10-22T11:49:00,v1,575.7761786903217,14,0.3155695446699446,179,0,19.568247979928778,0,0.7816623106907555,2.1093349740134063e-05,0
pred_003406,2025-10-22T12:03:00,v1,1325.359944332137,20,0.2950787297440331,491,2,59.3289612786542,0,0.8791247336533086,2.0038842460740598e-08,0
pred_003407,2025-10-22T12:30:00,v1,964.3079401039564,11,0.066772151254641,954,5,27.126124979376858,1,0.759214579642415,3.7802687882981563e-07,0
pred_003408,2025-10-22T13:32:00,v1,520.9383673832799,19,0.2121868549813257,930,2,0.8773364942542461,0,0.813149254818031,3.2386584868931056e-08,0
pred_003409,2025-10-22T14:20:00,v1,910.1526117787748,21,0.0800924622974698,43,2,20.554252058710304,0,0.7228606977920498,1.4231024427306916e-05,0
pred_003410,2025-10-22T14:23:00,v1,1151.7025645706317,11,0.5199548563187912,612,1,26.623420200662014,0,0.9841025274020992,1.2365360540900577e-08,0
pred_003411,2025-10-22T15:03:00,v1,599.7779003007295,12,0.2141250551785628,219,2,12.160615036823582,0,0.861303610985803,7.411803278679185e-05,0
pred_003412,2025-10-22T15:55:00,v1,813.205066613657,21,0.1408384327723792,492,2,4.077544040826505,0,0.9290099974242484,1.1306305189043221e-07,0
pred_003413,2025-10-22T16:41:00,v1,607.0535905194756,15,0.1081325021925197,63,3,0.4333007466773955,0,0.7690412849750642,0.0005167441790000273,0
pred_003414,2025-10-22T16:41:00,v1,401.622725820381,10,0.0948873180107209,732,2,12.643206722680937,1,0.8855822142909002,5.271795930218439e-06,0
pred_003415,2025-10-22T17:53:00,v1,1315.595108166686,9,0.1859573665988362,183,2,35.1937517042153,0,0.3587066502696986,5.540441915315773e-06,0
pred_003416,2025-10-22T17:56:00,v1,1773.101350068489,20,0.3292235926906741,973,3,8.604738652823041,0,0.9208883650353364,2.5135670827459326e-12,0
pred_003417,2025-10-22T18:00:00,v1,629.5310150382811,12,0.1106929866740994,820,1,11.952712371801924,0,0.751106818832272,4.7505613666647277e-08,0
pred_003418,2025-10-22T18:48:00,v1,881.7008656914059,22,0.2252886205142907,864,1,18.154495749963633,0,0.9543166875613408,7.13938803438337e-10,0
pred_003419,2025-10-22T18:49:00,v1,1471.530873698225,16,0.0270018828200174,142,1,1.698769755584229,0,0.8114462464318539,1.2300940062770147e-08,0
pred_003420,2025-10-22T19:05:00,v1,965.0222866567458,21,0.1556032835469241,721,4,21.937167086755128,0,0.7979352880222701,9.739404958485755e-08,0
pred_003421,2025-10-22T20:05:00,v1,2325.266392641862,9,0.2417964320161433,698,3,52.35799934042803,0,0.8288089375809488,9.630851648075854e-12,0
pred_003422,2025-10-22T20:10:00,v1,869.9943801842242,16,0.2661065032171112,933,3,35.96832224532448,0,0.6888435482052208,4.845838703938921e-08,0
pred_003423,2025-10-22T20:17:00,v1,629.8195697834667,15,0.1994964435582816,531,5,9.807301675097817,1,0.7224751168136322,0.00021498477390970017,0
pred_003424,2025-10-22T20:19:00,v1,631.9436820938967,20,0.0922208109611093,815,2,5.144714085500599,0,0.9387669028117236,1.941267891537256e-08,0
pred_003425,2025-10-22T20:35:00,v1,767.8213224173215,9,0.2125731372008305,63,3,15.207531404043916,0,0.7217772377658433,0.0008164559903139949,0
pred_003426,2025-10-22T20:56:00,v1,314.47345970628373,4,0.5389141744660947,51,11,260.1875746348605,1,0.3560397997796375,0.9999999759455737,1
pred_003427,2025-10-22T20:58:00,v1,569.4402471791232,7,0.0713601905436887,916,2,3.641763861872239,0,0.7134931183503488,1.568208113511984e-07,0
pred_003428,2025-10-22T21:29:00,v1,786.4618722173623,8,0.2168829593163412,178,2,2.094787163688266,0,0.8759890436948515,3.063370424949707e-05,0
pred_003429,2025-10-22T22:01:00,v1,172.02744731993303,2,0.5226094111042653,62,9,458.0779897967368,1,0.3865157682123812,0.9999999998385758,1
pred_003430,2025-10-22T22:51:00,v1,1199.8305134061536,10,0.1410648290773163,506,1,10.97096512587436,1,0.8551102256161842,2.8508456164416476e-08,0
pred_003431,2025-10-23T00:09:00,v1,732.3320266972396,17,0.0522144889518219,324,1,23.115489486004336,0,0.7953149482462113,1.5408815063134125e-06,0
pred_003432,2025-10-23T00:23:00,v1,741.9261759449049,14,0.1809903772694392,529,0,26.283265413006102,0,0.8462112716348128,1.105650334957889e-07,0
pred_003433,2025-10-23T00:39:00,v1,851.1747200061799,22,0.2853833422359846,271,3,29.5200664708424,0,0.7850728407396926,1.144744569024503e-05,0
pred_003434,2025-10-23T00:42:00,v1,1287.011037176232,11,0.0687121431652145,841,4,11.164256766545025,0,0.8304761027712074,4.606095613795258e-09,0
pred_003435,2025-10-23T01:06:00,v1,829.1508517010857,17,0.1794860971117808,705,1,12.019482867160349,0,0.6734406090282812,2.266614539514562e-08,0
pred_003436,2025-10-23T01:29:00,v1,1352.9416279511363,17,0.1377917161401134,84,0,19.284646446009297,0,0.9251819364006368,2.3788515292227832e-08,0
pred_003437,2025-10-23T01:38:00,v1,1414.073777075173,10,0.1612071429012815,458,1,6.6743824945408745,0,0.8224915323415357,3.0648149792313967e-09,0
pred_003438,2025-10-23T01:55:00,v1,1810.4368442013697,21,0.2782749392634251,990,2,62.013341602400445,0,0.8248515985694771,2.7313283653196403e-12,0
pred_003439,2025-10-23T01:55:00,v1,919.0165562365022,8,0.4275458456753505,612,5,12.107344019919204,0,0.6629866445891391,2.1715025588969347e-05,0
pred_003440,2025-10-23T02:33:00,v1,2235.8922024527046,13,0.1795281883470992,716,1,43.98048584121036,0,0.9334094782231724,4.0586492617505975e-13,0
pred_003441,2025-10-23T02:45:00,v1,1007.8172946124232,18,0.4152321853680576,787,4,20.338050871467026,0,0.5541179567576855,2.4078513513568076e-07,0
pred_003442,2025-10-23T02:59:00,v1,820.5839525216055,22,0.112450407884611,728,7,3.7307514392204286,0,0.885566289551929,3.1582092595734137e-06,0
pred_003443,2025-10-23T03:01:00,v1,882.8453262679617,8,0.3599645233087865,661,5,13.036831397364894,0,0.7975369605542769,9.527603372499312e-06,0
pred_003444,2025-10-23T03:27:00,v1,1420.5151635935526,14,0.1918055172970386,359,2,2.3869514929776705,0,0.7283764556163721,1.880248768151934e-08,0
pred_003445,2025-10-23T03:31:00,v1,494.43331100215937,15,0.0730125810164652,611,2,35.425603261135024,0,0.9457537924744814,2.3010647175983916e-06,0
pred_003446,2025-10-23T03:48:00,v1,873.1533932995562,19,0.176426606987194,693,3,9.093749126149088,0,0.6711322019237466,1.2640929923711412e-07,0
pred_003447,2025-10-23T03:51:00,v1,1311.8128211853698,19,0.1990183123459846,996,1,2.6572802218021665,0,0.931736689681494,5.484545079138427e-12,0
pred_003448,2025-10-23T03:53:00,v1,472.40845193540144,7,0.1746825411701461,199,2,9.364124495216226,0,0.7933861167959934,0.0005605324990385936,0
pred_003449,2025-10-23T04:08:00,v1,1180.5633779256482,15,0.2975649975339871,831,3,4.810415632579123,0,0.8343150489025907,3.052395664121907e-09,0
pred_003450,2025-10-23T04:35:00,v1,732.6628540385898,20,0.4109887925769267,557,3,6.521286684053931,0,0.9312971297099404,8.969304900636434e-07,0
pred_003451,2025-10-23T04:36:00,v1,934.4561814751536,20,0.126777066744688,385,2,4.393397050638003,0,0.676721549816249,3.4408224026116505e-07,0
pred_003452,2025-10-23T05:03:00,v1,540.8041044418999,16,0.2715980676134282,328,1,45.79609562192907,0,0.5764886698994341,6.309436284949431e-05,0
pred_003453,2025-10-23T05:35:00,v1,1815.7095216659884,13,0.1217698363185112,701,3,3.9527305468744824,1,0.9642357050466176,9.126238036445952e-11,0
pred_003454,2025-10-23T06:12:00,v1,2226.7077708402107,22,0.3317903045833083,908,2,1.4262359625551304,0,0.9879929551369075,1.7659699625837215e-14,0
pred_003455,2025-10-23T07:53:00,v1,1737.9381374874138,7,0.2263015168902366,605,6,3.4765415212683823,0,0.7786342066258062,3.317797479466973e-08,0
pred_003456,2025-10-23T08:20:00,v1,570.7026731144798,19,0.0717382366207162,85,4,1.9040985396475147,0,0.7558502776697621,0.001000128027885036,0
pred_003457,2025-10-23T08:46:00,v1,870.7794360061664,16,0.2795496270194526,111,2,5.177232564840512,0,0.8501250784368226,1.337727802414713e-05,0
pred_003458,2025-10-23T08:48:00,v1,499.4787865098345,11,0.2871643948162751,304,2,0.3995680919858813,0,0.9313960830854072,5.357029373490259e-05,0
pred_003459,2025-10-23T09:14:00,v1,423.2641823895599,16,0.4829986932442508,32,0,1.2300280298501562,1,0.7545730142238588,0.0006261054974886205,0
pred_003460,2025-10-23T10:02:00,v1,999.3991938681296,16,0.2211628643607598,652,6,31.003736633470464,0,0.7339821952276359,6.2391414284392646e-06,0
pred_003461,2025-10-23T10:17:00,v1,353.18701099145693,20,0.3016700095891336,685,5,21.537577928781424,0,0.8215452416462066,0.00010059984676178976,0
pred_003462,2025-10-23T10:41:00,v1,414.2264294027949,15,0.4097418731725415,832,2,41.91394889749392,0,0.805006418593539,2.268778190958204e-06,0
pred_003463,2025-10-23T11:10:00,v1,351.8256832159223,13,0.3877792558199879,621,4,1.206365693900156,0,0.9131832163394968,7.97225094104761e-05,0
pred_003464,2025-10-23T11:59:00,v1,629.9137485839972,16,0.2845594769727031,336,1,44.05155675956134,0,0.7001071677081107,1.771720691321497e-05,0
pred_003465,2025-10-23T12:15:00,v1,583.3634731919115,7,0.4685649435741184,365,3,8.702497044873242,0,0.7472908327279013,0.00033401466951921876,0
pred_003466,2025-10-23T12:21:00,v1,1073.719738052064,22,0.1904269670165794,893,0,43.52030555315349,0,0.7299499918247593,1.553410707364697e-10,0
pred_003467,2025-10-23T12:24:00,v1,794.6762135607001,22,0.2488182005139225,328,4,22.875054335493346,0,0.7296631074928747,2.9678762846816822e-05,0
pred_003468,2025-10-23T12:34:00,v1,989.7003522727746,10,0.1925544351360236,925,3,22.052067175528784,1,0.9775967764664628,2.478749459457769e-08,0
pred_003469,2025-10-23T12:39:00,v1,856.7643314082833,16,0.2801186257037484,515,6,23.210514160106005,0,0.8823105008430557,4.2679298074657787e-05,0
pred_003470,2025-10-23T12:56:00,v1,814.3543645161761,9,0.2190871808873246,863,2,1.6946594210671568,0,0.8369754912543649,2.39672990750309e-08,0
pred_003471,2025-10-23T12:57:00,v1,606.3016283079229,15,0.2636693965621015,414,1,20.657270294070827,0,0.9230252095473332,2.335790030678558e-06,0
pred_003472,2025-10-23T13:48:00,v1,1226.8827308352693,22,0.2573623426031679,401,1,48.05621637066571,0,0.980212061187004,1.1478744440166398e-08,0
pred_003473,2025-10-23T14:30:00,v1,1123.7497389152084,12,0.2452192125887352,185,6,65.66688066736216,0,0.7915874571196081,0.0011464276923882453,0
pred_003474,2025-10-23T15:38:00,v1,1075.251883538093,18,0.205416754096657,960,6,12.272561280056864,0,0.9057011014210232,3.261076069246865e-08,0
pred_003475,2025-10-23T16:23:00,v1,1460.1816108187252,22,0.4552296799980655,362,4,0.5693995322011091,0,0.6968171627802927,8.826420781462958e-08,0
pred_003476,2025-10-23T16:41:00,v1,492.74879620674585,11,0.1781901797136795,58,3,54.31499866373825,0,0.8958274046542356,0.009926574539129152,0
pred_003477,2025-10-23T16:53:00,v1,670.4299737308373,12,0.3919618339499288,521,0,27.818666407136256,0,0.7115989370590602,8.343238708575379e-07,0
pred_003478,2025-10-23T17:34:00,v1,613.0670359877496,10,0.3318639930182603,849,3,0.2630234348655043,0,0.8704766676803886,4.4809102236834343e-07,0
pred_003479,2025-10-23T17:48:00,v1,119.29701813405488,4,0.8272453067383548,120,7,23.86110727878011,1,0.2033006916702239,0.9995455122862995,1
pred_003480,2025-10-23T18:00:00,v1,402.4167058215513,19,0.3689024344565313,542,4,4.832588741115189,0,0.8209900916267397,7.250357691599166e-05,0
pred_003481,2025-10-23T18:03:00,v1,1244.2609748975185,11,0.2160964817358743,652,4,53.964813817766775,0,0.9280057881927312,1.707698076011334e-07,0
pred_003482,2025-10-23T18:21:00,v1,584.8163201762359,7,0.2108645532629205,681,4,1.2906226574419353,0,0.7744648123218716,1.6376607925983442e-05,0
pred_003483,2025-10-23T18:44:00,v1,173.21766501659164,23,0.943978430643778,168,7,245.84431198139464,1,0.0756690099532741,0.999991349831422,1
pred_003484,2025-10-23T18:45:00,v1,866.1456608876294,10,0.1783090771829231,99,2,1.1438967141312046,0,0.836956922957922,2.684926166918243e-05,0
pred_003485,2025-10-23T19:22:00,v1,595.3694986051659,9,0.2963494048708318,90,0,7.449670637572702,0,0.5900686357644414,0.00011848838532064918,0
pred_003486,2025-10-23T19:29:00,v1,402.3815588212331,18,0.34924129495168,450,2,20.097965591842517,0,0.7552982332134013,3.9617212361114876e-05,0
pred_003487,2025-10-23T19:33:00,v1,829.575797988831,8,0.089646688547511,112,5,3.136148129671043,1,0.6676689376064222,0.0059634494269789435,0
pred_003488,2025-10-23T19:50:00,v1,1074.0245832273404,20,0.4544038093929141,656,0,4.892568043000741,0,0.5623230672693791,2.433246348963485e-09,0
pred_003489,2025-10-23T20:11:00,v1,709.7670440533519,13,0.2256592690498153,132,0,9.155852958806664,1,0.5060719105691923,5.5247043975486414e-05,0
pred_003490,2025-10-23T20:14:00,v1,1134.3902546789006,18,0.3218330437256917,928,2,1.5408133637374553,0,0.8458052954169522,3.092818946098646e-10,0
pred_003491,2025-10-23T20:30:00,v1,2263.4305405305827,19,0.3546457657624347,955,2,5.102767126704853,0,0.9067720953768448,2.0034136965614147e-14,0
pred_003492,2025-10-23T22:24:00,v1,734.5399144599314,16,0.0331515688515194,480,4,9.879943357053769,0,0.3830528828194159,3.332616788633764e-05,0
pred_003493,2025-10-23T22:26:00,v1,533.2566399727652,13,0.1594032439665971,793,3,1.4200254477321468,0,0.8774548493234571,6.361705748857921e-07,0
pred_003494,2025-10-23T23:18:00,v1,1575.7826343446995,10,0.158303237702948,195,3,7.440827370355253,0,0.845489371610174,1.1309890035071692e-07,0
pred_003495,2025-10-23T23:26:00,v1,351.6850446312464,21,0.1397862383266425,887,3,12.212623716154118,0,0.7876913942227487,6.188727926693219e-07,0
pred_003496,2025-10-24T00:15:00,v1,907.5323973872236,16,0.2228339061866721,698,1,24.74002295540905,0,0.5873467595039411,3.350921100316997e-08,0
pred_003497,2025-10-24T00:23:00,v1,1978.1014040755877,13,0.2181025080915278,565,1,12.841625690920978,1,0.8938921336353348,2.003754209247724e-11,0
pred_003498,2025-10-24T00:49:00,v1,1416.046331747288,21,0.0302445787870898,747,0,1.3218683856920173,1,0.8668624540589003,1.4411294805554038e-11,0
pred_003499,2025-10-24T00:51:00,v1,1471.7392429617066,14,0.2369082659868085,808,1,27.929793911919333,0,0.3945594873213231,3.3901873251776047e-10,0
pred_003500,2025-10-24T01:23:00,v1,937.3093184289976,18,0.1083852379619476,378,3,10.693209432571512,0,0.6958116882598394,1.6847032290562111e-06,0
pred_003501,2025-10-24T01:27:00,v1,1041.544933240629,22,0.1232650657826294,176,2,1.0089099534220118,0,0.631781265504037,9.273461752333342e-07,0
pred_003502,2025-10-24T02:10:00,v1,245.41153903586095,5,0.5883359852776564,88,12,23.714663622392987,0,0.268676719102765,0.9999804184215217,1
pred_003503,2025-10-24T02:22:00,v1,721.9124285638562,17,0.0260186304121576,957,1,10.119584729003815,0,0.7530315279958819,2.0492265921700106e-09,0
pred_003504,2025-10-24T03:01:00,v1,684.8549590363776,17,0.5227853401050806,41,2,20.144736460265573,0,0.8560848474188567,0.0003088684662709446,0
pred_003505,2025-10-24T03:14:00,v1,548.4979798228072,10,0.1525545533786284,644,2,1.3856442667925262,0,0.9258960929968532,1.0034622635852746e-06,0
pred_003506,2025-10-24T03:58:00,v1,687.4932639840168,15,0.1560728229012817,315,3,44.30408664886167,0,0.6774911598617088,0.00012930266246453847,0
pred_003507,2025-10-24T04:00:00,v1,546.7591824384251,7,0.2855511578848378,775,0,14.543832872984757,0,0.910451220070854,9.049260157194724e-08,0
pred_003508,2025-10-24T04:31:00,v1,2009.416129423471,17,0.1762191601503114,848,3,4.269476889290293,1,0.8706178829627813,3.864592875549665e-12,0
pred_003509,2025-10-24T05:14:00,v1,1060.0938227223546,21,0.4093339851570142,372,2,53.70743003383876,0,0.9247442389425912,4.773730281071447e-07,0
pred_003510,2025-10-24T07:28:00,v1,616.7399967394008,17,0.0652006702944918,702,2,3.4727468291633534,1,0.6265538949192625,7.844909741695441e-07,0
pred_003511,2025-10-24T07:29:00,v1,498.2299862341535,11,0.1113764541920141,914,2,27.683402996440705,0,0.8899862185115693,1.9862828166114297e-07,0
pred_003512,2025-10-24T07:36:00,v1,530.6711542235341,17,0.5615720541416103,957,5,29.81058092246714,0,0.7994292325844996,6.3901489959902315e-06,0
pred_003513,2025-10-24T07:39:00,v1,745.0054087375606,20,0.3356146054892211,312,2,47.32701112591489,0,0.8172057461361864,1.3174488870749354e-05,0
pred_003514,2025-10-24T08:04:00,v1,593.5279288448774,10,0.3279274927852387,387,1,26.620003148004617,0,0.9764725289601218,8.258197256772402e-06,0
pred_003515,2025-10-24T09:22:00,v1,1415.8284225217149,22,0.1561585224398839,792,5,4.220918008058973,0,0.91376074641941,1.281220846527346e-09,0
pred_003516,2025-10-24T09:26:00,v1,1349.919768453575,18,0.1451253230458276,348,1,8.861595988168572,0,0.861512012245564,4.372131571791985e-09,0
pred_003517,2025-10-24T10:31:00,v1,1471.4788196031182,16,0.3007893437315024,134,5,8.101297772435151,0,0.872345773136474,2.8228779069754273e-06,0
pred_003518,2025-10-24T11:06:00,v1,301.03258715352496,17,0.1453626567270257,99,5,5.781725210964424,0,0.9775050691152632,0.020357640117822227,0
pred_003519,2025-10-24T11:09:00,v1,2595.3517726773425,21,0.322090392963251,791,1,31.936936872441137,0,0.7298402086227532,6.4899716886686494e-15,0
pred_003520,2025-10-24T11:21:00,v1,1024.0383943061677,22,0.0974963969278878,106,1,29.118493424428248,0,0.8981900654271545,5.83065223386508e-07,0
pred_003521,2025-10-24T11:23:00,v1,646.5262187252478,14,0.0893629535463832,53,3,1.064504833568641,0,0.8486237847750042,0.0003506927381582449,0
pred_003522,2025-10-24T11:36:00,v1,812.1209131976399,16,0.0554786490683116,314,3,3.7500649462155864,0,0.957895151603012,3.293141224166569e-06,0
pred_003523,2025-10-24T12:09:00,v1,1071.3182445805835,21,0.2000114966792486,801,2,17.105063606759305,1,0.7916187144857256,4.735682807918172e-09,0
pred_003524,2025-10-24T12:29:00,v1,1872.487900063058,21,0.0693373049492032,611,4,34.61862647604556,0,0.8882585924426969,1.5625444212774765e-10,0
pred_003525,2025-10-24T12:31:00,v1,775.8072920750872,22,0.0641838771594738,602,2,6.673546736823307,0,0.6193047174465242,1.1785967628753856e-07,0
pred_003526,2025-10-24T12:31:00,v1,1216.6260981041758,12,0.1562162362910369,576,4,33.553541110735026,1,0.8595883933921192,6.308830834822271e-07,0
pred_003527,2025-10-24T12:42:00,v1,579.2033141549159,9,0.4137643874547312,155,2,14.989342953707244,0,0.7579381893028797,0.0006795684995006762,0
pred_003528,2025-10-24T12:47:00,v1,1597.1672507576984,21,0.3586978132556134,299,3,33.67251226518855,0,0.9550232044390784,1.7053812701701874e-08,0
pred_003529,2025-10-24T12:47:00,v1,774.8342087932899,15,0.2312942372061527,784,3,20.687143523544957,0,0.4881096542395973,6.387563012613962e-07,0
pred_003530,2025-10-24T12:49:00,v1,1110.9147244979115,14,0.3808163067777765,570,1,9.005713476920592,0,0.816472359600798,1.2571251304770507e-08,0
pred_003531,2025-10-24T13:00:00,v1,815.0370727111834,7,0.2032413846920188,505,2,7.860305813593868,0,0.9200345788630124,1.0221692462343962e-06,0
pred_003532,2025-10-24T13:09:00,v1,929.4073812679736,18,0.2237576066625678,787,2,5.48865755065222,0,0.6754064577098738,1.1047884321033658e-08,0
pred_003533,2025-10-24T13:26:00,v1,514.8658581589476,20,0.3317827976101237,658,0,2.1753849063291377,0,0.9105595807806196,4.4046951542085586e-08,0
pred_003534,2025-10-24T13:38:00,v1,494.1837836904927,7,0.1793448068873769,422,4,12.531373415319871,0,0.8984165615572246,0.0003930928392537502,0
pred_003535,2025-10-24T13:43:00,v1,428.33428428257264,12,0.0766346742480634,849,3,39.92639268000383,0,0.8073701293424446,3.3874582278809883e-06,0
pred_003536,2025-10-24T13:43:00,v1,741.89948484297,22,0.0681410710433618,809,2,1.912949295245577,0,0.8510938634329793,7.319174784562443e-09,0
pred_003537,2025-10-24T14:03:00,v1,607.204923343286,11,0.1364874257429483,63,2,0.8590533439534623,0,0.766633650363406,0.00031551536031742964,0
pred_003538,2025-10-24T14:11:00,v1,403.782919532848,9,0.0888844553365513,284,1,32.42691620872489,0,0.930017246344612,9.757024344018511e-05,0
pred_003539,2025-10-24T15:38:00,v1,736.4365201867425,10,0.1145162221737889,809,0,31.177927917212845,0,0.7917134985867974,1.4657659173310344e-08,0
pred_003540,2025-10-24T15:42:00,v1,2714.637144579725,12,0.2319424100717563,762,2,22.526708946330352,0,0.8618356908873434,1.4536947557841116e-14,0
pred_003541,2025-10-24T15:54:00,v1,445.71018231335114,10,0.0349301729989579,926,6,0.9285110190545354,1,0.9092165110229112,3.056741950568964e-05,0
pred_003542,2025-10-24T16:08:00,v1,2227.95114463697,12,0.2055480630691505,62,2,25.75370188478453,0,0.7370473705713841,1.4498589176336802e-09,0
pred_003543,2025-10-24T16:16:00,v1,412.0798590741254,7,0.1193248198991728,656,4,17.118282072530462,0,0.884218090711849,7.538452056732416e-05,0
pred_003544,2025-10-24T16:29:00,v1,1093.323540885449,12,0.3338244499923212,144,2,5.0952203831122125,0,0.7786258993309431,4.1391033081308925e-06,0
pred_003545,2025-10-24T16:44:00,v1,1047.0332777747735,16,0.1731863294950786,975,0,3.534732506273546,0,0.8170863673882678,4.0908498755225576e-11,0
pred_003546,2025-10-24T17:03:00,v1,914.2719364962526,12,0.2315385750723668,453,5,12.150947055946974,1,0.5712462734318067,0.000144201327756283,0
pred_003547,2025-10-24T17:25:00,v1,130.69719616191273,5,0.8051988732847533,29,7,61.75893761353824,1,0.2321993070216432,0.9999168014965802,1
pred_003548,2025-10-24T18:05:00,v1,1887.92162236522,20,0.1126699949153266,262,0,2.5293541846304404,0,0.640360054461331,5.021420331221608e-11,0
pred_003549,2025-10-24T18:27:00,v1,1502.74009001406,7,0.2446031791724032,398,3,1.8758900084449044,0,0.955591963845591,2.8941388451851706e-08,0
pred_003550,2025-10-24T18:44:00,v1,1409.8911468413196,16,0.1537677156811339,613,2,23.845032036355637,0,0.7057646542224192,2.2634961323970724e-09,0
pred_003551,2025-10-24T19:55:00,v1,920.292343135297,17,0.3712001529017188,245,1,1.0410241659124686,0,0.8460191601582495,6.994643576049129e-07,0
pred_003552,2025-10-24T19:59:00,v1,886.8218280883269,8,0.3191297091629508,906,3,39.98847393182472,0,0.8577862121044962,1.2614784833944724e-07,0
pred_003553,2025-10-24T20:04:00,v1,861.0030500991257,19,0.0604148895903121,92,3,34.88987816792092,0,0.8667580268992948,4.955048921177966e-05,0
pred_003554,2025-10-24T20:18:00,v1,1196.1969753209992,7,0.3852256375085947,897,0,2.313055082381831,0,0.5533679425021826,4.1918175286718733e-10,0
pred_003555,2025-10-24T20:23:00,v1,1201.7783614706066,17,0.1108972709937455,715,1,6.276724425790239,0,0.930934432088167,2.750228822263744e-10,0
pred_003556,2025-10-24T20:38:00,v1,436.79836643869544,7,0.0994645947922048,434,3,2.617635757068126,0,0.792758511490046,0.0001511069903915991,0
pred_003557,2025-10-24T20:44:00,v1,1318.6007461811166,17,0.2248060375661121,644,3,58.34184514147837,0,0.6965001369394525,3.50875833391933e-08,0
pred_003558,2025-10-24T20:54:00,v1,602.6693086678783,15,0.5566698165362051,560,2,5.870396628165337,0,0.9034146488250988,2.535221132097748e-06,0
pred_003559,2025-10-24T21:02:00,v1,539.6938831473002,7,0.0303846453539785,255,5,16.014835610346864,0,0.9339379585687558,0.003154489340809848,0
pred_003560,2025-10-24T21:24:00,v1,974.0166733835944,15,0.2429567134300667,42,5,3.4843679383818413,0,0.928402625739514,0.0002915486832685298,0
pred_003561,2025-10-24T21:48:00,v1,2147.253437746025,11,0.2167762524311813,774,1,69.75034178539336,0,0.8155367891605603,2.325580775537265e-12,0
pred_003562,2025-10-24T22:46:00,v1,456.7176329483646,9,0.0916535240373865,711,0,32.472174330394026,0,0.9269895642082904,2.6990545320769447e-07,0
pred_003563,2025-10-24T23:01:00,v1,916.5337139710726,11,0.3036580413559754,469,3,4.339108379034401,0,0.9754893827682666,1.0967737798184643e-06,0
pred_003564,2025-10-24T23:30:00,v1,1102.2443627372925,21,0.1850967501434706,68,2,3.818560476752648,0,0.8391873586408911,1.183928368971938e-06,0
pred_003565,2025-10-24T23:37:00,v1,633.451418090678,15,0.3539982199342825,195,2,11.9779129592358,0,0.8137351559941727,7.802138499323096e-05,0
pred_003566,2025-10-24T23:56:00,v1,2449.215926472343,12,0.2225378372476363,441,3,3.728680582823555,1,0.8016814939618837,1.911054783043842e-11,0
pred_003567,2025-10-25T00:45:00,v1,1637.762158772781,20,0.1330725630876038,717,1,3.8649220548186873,0,0.929607594459285,4.914724873689669e-12,0
pred_003568,2025-10-25T01:53:00,v1,538.4796362649049,11,0.4056516314691311,112,0,9.406592478025006,1,0.8355581981403291,0.00017938103763155146,0
pred_003569,2025-10-25T02:00:00,v1,860.9380665151942,21,0.3266435790615594,905,2,5.507983410657489,1,0.9374669634202314,5.265191412213699e-09,0
pred_003570,2025-10-25T02:05:00,v1,521.4729106233043,21,0.0884644543727826,257,3,0.0953513379073982,0,0.9161576776043222,3.4035109430957834e-05,0
pred_003571,2025-10-25T02:40:00,v1,1846.2333144597892,22,0.2107391314688742,660,1,5.773641498965651,1,0.9073330475683568,4.555344900705871e-12,0
pred_003572,2025-10-25T02:49:00,v1,507.0547920669549,13,0.1815869032037568,549,1,14.500583604823577,0,0.6866077928250829,2.8035231013467217e-06,0
pred_003573,2025-10-25T04:02:00,v1,501.41922706908554,17,0.1696022310628457,830,0,22.162182504565425,0,0.8158336143761353,2.317025922536144e-08,0
pred_003574,2025-10-25T04:46:00,v1,750.8430381383517,11,0.1496494602239489,64,1,4.6295870101876835,0,0.7310793569561883,3.9741407538536485e-05,0
pred_003575,2025-10-25T04:59:00,v1,1644.7890204216992,16,0.428955491938059,126,0,19.368915146521704,0,0.8939260058767311,3.927725383887162e-09,0
pred_003576,2025-10-25T05:15:00,v1,1189.858094084739,20,0.2026679371823458,814,4,16.53929940580596,0,0.9042287271087948,4.597045542745837e-09,0
pred_003577,2025-10-25T05:20:00,v1,1125.1729164407288,22,0.2663049735184202,109,2,0.1383013587051695,1,0.8500851833979944,1.6139113991992298e-06,0
pred_003578,2025-10-25T05:37:00,v1,385.39211844918594,22,0.1263494047320341,75,2,6.826927820005468,0,0.8196449721684553,0.0003332865457318589,0
pred_003579,2025-10-25T05:47:00,v1,620.0896668484444,20,0.1127800991005056,589,4,17.178826150934235,1,0.7795876144166595,1.5983732481633977e-05,0
pred_003580,2025-10-25T06:03:00,v1,1508.544677683837,8,0.2553024595823525,831,3,19.570061862467774,0,0.964660676188749,5.207041844239584e-10,0
pred_003581,2025-10-25T06:58:00,v1,924.6975298968856,15,0.1901713072430881,551,1,6.216318539379429,0,0.7527024994019467,4.2565129581870655e-08,0
pred_003582,2025-10-25T08:04:00,v1,772.7174449996165,12,0.110993810594337,446,0,1.0312902809819688,0,0.749528272082803,1.434445780118904e-07,0
pred_003583,2025-10-25T08:09:00,v1,516.7854181693361,12,0.2357775342106311,837,2,9.83420764930318,0,0.6934493481117197,5.10862963768616e-07,0
pred_003584,2025-10-25T08:46:00,v1,344.51668173479845,17,0.4032109934184306,506,0,36.322636810085584,0,0.9198434064674962,4.2507062386860516e-06,0
pred_003585,2025-10-25T08:50:00,v1,1117.72287112539,9,0.0433409300883813,702,2,3.671748693530645,0,0.892355626766796,5.723620401328442e-09,0
pred_003586,2025-10-25T09:29:00,v1,769.459067661899,18,0.287191397389309,75,0,24.82467691093395,0,0.5316095653263997,1.857907519548248e-05,0
pred_003587,2025-10-25T09:37:00,v1,367.74588013923574,9,0.1229718953700764,390,1,11.815036271229054,0,0.7828414469459667,4.367750507946223e-05,0
pred_003588,2025-10-25T10:14:00,v1,1539.3373495643789,20,0.1475378359651867,272,2,0.329419676878487,0,0.8864792032325309,3.4132249465643742e-09,0
pred_003589,2025-10-25T10:39:00,v1,765.3130024753202,11,0.1024144725445749,121,2,3.3148143486158603,0,0.8082775171221398,4.131100846117789e-05,0
pred_003590,2025-10-25T10:55:00,v1,657.2666484747314,20,0.2419312362838271,544,2,17.17563152828461,0,0.8485386809961999,7.148916884045712e-07,0
pred_003591,2025-10-25T11:05:00,v1,503.7745207706598,20,0.2124325168561548,767,2,22.40219089626328,0,0.7425689826816164,4.19433179787232e-07,0
pred_003592,2025-10-25T11:11:00,v1,1632.9584360077392,10,0.1501732961367062,68,2,3.258388353787294,0,0.867529228986062,6.314074880997921e-08,0
pred_003593,2025-10-25T11:25:00,v1,892.3091486725023,17,0.1856324213653094,427,0,3.582738384234028,0,0.9495687264738664,2.0266548753817114e-08,0
pred_003594,2025-10-25T11:43:00,v1,862.3172276424252,7,0.2085161000731875,263,2,5.959742219342889,0,0.8509200347846685,9.777917397286008e-06,0
pred_003595,2025-10-25T12:06:00,v1,3574.5510763428797,18,0.0463774447678409,670,1,0.0374511690330886,0,0.8868159728880782,1.2211633672111835e-18,0
pred_003596,2025-10-25T12:14:00,v1,857.7067274117029,13,0.2554673247401924,817,0,30.731267329309727,0,0.7680101231642992,4.995784627582657e-09,0
pred_003597,2025-10-25T12:34:00,v1,1033.181187245199,7,0.0501244492428207,74,1,15.986754546831657,0,0.9833289452200388,2.8884891431622124e-06,0
pred_003598,2025-10-25T13:00:00,v1,585.5564133376312,21,0.1496099394343274,492,3,27.678577627220907,0,0.9266462279214316,4.998572255141198e-06,0
pred_003599,2025-10-25T13:02:00,v1,1636.9631295925328,13,0.3503775406370455,119,1,4.7208953354913765,0,0.5538847321617673,3.919252085193958e-08,0
pred_003600,2025-10-25T13:12:00,v1,1117.3958662479245,18,0.131002667805339,595,2,0.6849264477663419,0,0.5542699186448001,1.737421807572384e-08,0
pred_003601,2025-10-25T13:54:00,v1,641.4741636077047,16,0.1790242602111232,633,2,8.426721323530304,0,0.8180907789792898,4.2923878276792227e-07,0
pred_003602,2025-10-25T14:03:00,v1,692.1239064831104,14,0.2232493964776188,207,3,15.900045296465454,0,0.5988897925413361,0.0002783752720147732,0
pred_003603,2025-10-25T14:08:00,v1,2636.53218065225,9,0.6259024166805922,316,1,9.955712666771731,0,0.6363125739750718,4.91924414922542e-12,0
pred_003604,2025-10-25T14:23:00,v1,895.6782388152975,12,0.1024267373664347,240,4,6.049400155206011,0,0.8880929978308391,3.1491706014663934e-05,0
pred_003605,2025-10-25T14:31:00,v1,1173.4325787734908,21,0.0847667675488285,664,0,8.803185184708216,0,0.7033389636779515,2.2961630425635412e-10,0
pred_003606,2025-10-25T14:49:00,v1,372.9945953336208,14,0.5871427741307162,325,2,14.85054242741701,0,0.6970316048161886,0.00060996154371214,0
pred_003607,2025-10-25T14:54:00,v1,1580.5861335587276,20,0.6071326514575183,227,1,43.3120724433888,1,0.6917234361713827,7.999117593019598e-08,0
pred_003608,2025-10-25T15:06:00,v1,2071.928046605879,20,0.0915811031201777,591,1,27.89403916998901,0,0.7851229005990498,1.620255498263544e-12,0
pred_003609,2025-10-25T15:36:00,v1,855.211471301903,12,0.2060035234491831,733,5,0.0831693798985081,0,0.9493391122321392,8.460600093906932e-07,0
pred_003610,2025-10-25T16:16:00,v1,661.7529564270485,21,0.3328092060500042,907,1,29.1963616973497,0,0.8287955162207113,9.330377991032369e-09,0
pred_003611,2025-10-25T16:16:00,v1,1051.4321762820573,13,0.3748033925812634,73,1,11.429568134914796,0,0.9027045449126536,2.777442276514459e-06,0
pred_003612,2025-10-25T16:24:00,v1,713.6603865483601,10,0.0895639819540009,181,2,54.91073200665899,0,0.5560120436217919,0.00047089062235468717,0
pred_003613,2025-10-25T16:26:00,v1,2297.2478482813463,22,0.1651143344345709,393,0,7.367153502549093,0,0.975525294073238,1.4262782373131504e-13,0
pred_003614,2025-10-25T16:52:00,v1,1643.3724271590302,19,0.1056269975933656,760,2,2.1676313604394073,0,0.8602596087405247,1.2838594591088367e-11,0
pred_003615,2025-10-25T16:58:00,v1,475.11894810652007,15,0.0735495118857817,392,2,12.502098712000391,0,0.6849959927752632,3.062224241625199e-05,0
pred_003616,2025-10-25T17:29:00,v1,361.8437223495949,19,0.1649389636724732,902,1,0.5603203886917076,1,0.8803143012728362,9.18792813287154e-08,0
pred_003617,2025-10-25T17:52:00,v1,1284.460881310284,9,0.2186833178229441,523,1,58.23227012138526,0,0.8185666110015316,3.085122104372146e-08,0
pred_003618,2025-10-25T20:09:00,v1,1222.149607268505,10,0.1218578877087129,521,1,8.52966096710993,0,0.926534878171298,5.125074147444251e-09,0
pred_003619,2025-10-25T20:13:00,v1,1503.3171554688197,19,0.0883033303424537,477,1,0.7730206388530368,0,0.9762882611622028,1.3147040673752458e-10,0
pred_003620,2025-10-25T20:18:00,v1,758.4602917832909,20,0.2704164299230477,719,2,37.359218188826475,1,0.9043211012197736,2.409166263881182e-07,0
pred_003621,2025-10-25T20:36:00,v1,1064.318213530781,16,0.1648916610382794,592,4,6.529164610256415,0,0.6544531073513421,3.4971661462881136e-07,0
pred_003622,2025-10-25T20:37:00,v1,1462.3696710570202,15,0.0229171295849292,354,3,24.460663950611742,0,0.9547028289729854,2.2503235944739447e-08,0
pred_003623,2025-10-25T20:39:00,v1,1296.6467190743049,22,0.094529600319375,365,3,12.914336622724983,0,0.673821902270608,6.415389155282527e-08,0
pred_003624,2025-10-25T20:44:00,v1,2315.88259899222,16,0.1372332297706446,541,2,11.172220412613036,1,0.8484234425766297,3.074830615933509e-12,0
pred_003625,2025-10-25T21:00:00,v1,529.1555713383012,9,0.1796816371666645,606,1,19.400164794366734,0,0.8003626151593901,1.8202922314660234e-06,0
pred_003626,2025-10-25T21:12:00,v1,1158.7345055045344,17,0.410040659057034,166,0,3.099909434209916,0,0.959081404010485,5.426056513713811e-08,0
pred_003627,2025-10-25T21:14:00,v1,1728.8121350252115,12,0.2978801540244188,181,0,13.988382542525146,0,0.6565605342352332,2.88103820662017e-09,0
pred_003628,2025-10-25T21:55:00,v1,368.6867773397285,20,0.314177858662228,161,3,38.13070658065814,0,0.8465432322768908,0.0026718749742621543,0
pred_003629,2025-10-25T22:36:00,v1,1230.797010736766,11,0.151357483839539,259,1,16.51303567680241,0,0.6590599435723243,2.0879648080275386e-07,0
pred_003630,2025-10-25T23:13:00,v1,1542.6883010342697,13,0.3231489266624134,815,4,59.04439069562766,1,0.8217498416278289,1.3257481808169384e-08,0
pred_003631,2025-10-25T23:28:00,v1,748.3576636571391,10,0.128863704566905,427,1,12.986513188523205,1,0.5869687497110923,6.750726252322459e-06,0
pred_003632,2025-10-25T23:43:00,v1,971.3001739813836,12,0.2140510290323372,56,2,31.96601902274281,0,0.8482622240070747,3.603223697872982e-05,0
pred_003633,2025-10-26T00:54:00,v1,1382.766975410958,11,0.1349809448323062,317,3,6.931414400997953,0,0.6209344989010455,2.848876420891781e-07,0
pred_003634,2025-10-26T00:58:00,v1,678.2912503679805,13,0.0381549229455904,950,2,1.3032854330225154,1,0.9240566211670128,2.097931714507519e-08,0
pred_003635,2025-10-26T01:04:00,v1,842.9835889115295,11,0.1653408413374967,486,4,5.42041471720523,1,0.9209720595133212,1.3042064355498127e-05,0
pred_003636,2025-10-26T01:14:00,v1,1203.6273050794382,22,0.1919799500009701,851,3,0.1301994468199262,0,0.8104543034526073,5.365285716906533e-10,0
pred_003637,2025-10-26T01:25:00,v1,600.6412994985136,14,0.2755945794245072,301,5,39.01867574149453,0,0.7827357366051566,0.0028533800680030164,0
pred_003638,2025-10-26T01:45:00,v1,685.7058256281953,14,0.2225175593195352,666,4,0.8769210795555838,0,0.5943196305691562,5.847313499801416e-06,0
pred_003639,2025-10-26T03:05:00,v1,833.267445318095,17,0.1640463250532472,830,2,19.579060114775576,0,0.8693906497145506,1.2062777724820501e-08,0
pred_003640,2025-10-26T03:05:00,v1,1204.829748180456,13,0.2451561623485572,964,4,17.044700955014502,0,0.6622239806043964,6.6738548661265056e-09,0
pred_003641,2025-10-26T03:57:00,v1,1656.5214691702774,16,0.4103606368710032,370,2,32.49763422560157,0,0.5807189680767547,1.385060584326824e-08,0
pred_003642,2025-10-26T04:09:00,v1,906.9883011628452,7,0.1499695960795085,840,1,43.43362821052294,0,0.7689648295209361,2.3115629133844253e-08,0
pred_003643,2025-10-26T05:11:00,v1,227.32203655819592,14,0.6353853946392675,77,3,52.60973636480913,0,0.8966455623878137,0.12354098896743997,0
pred_003644,2025-10-26T05:17:00,v1,530.8927175745638,14,0.1745056342354444,559,5,12.931627371937656,0,0.908413967625724,8.196900795344251e-05,0
pred_003645,2025-10-26T05:25:00,v1,1936.895832266038,7,0.1412051980526403,511,3,39.781306534742775,0,0.8429703743845869,1.0035616728182112e-09,0
pred_003646,2025-10-26T05:41:00,v1,764.5789720507228,17,0.2307700593749866,478,1,3.2346904163850096,0,0.9565994179875164,1.1951546266615536e-07,0
pred_003647,2025-10-26T05:42:00,v1,607.9323154018746,19,0.1743991912559062,812,2,13.305019071771474,1,0.6451533783861516,3.4816281516673045e-07,0
pred_003648,2025-10-26T06:01:00,v1,409.65933800505394,8,0.0880302671698901,784,3,9.667194582689088,0,0.8857109321855878,4.134422543397155e-06,0
pred_003649,2025-10-26T06:45:00,v1,1194.4140663293665,12,0.2591741885811935,549,1,6.254603929833616,0,0.6409797646261999,1.3276777088264324e-08,0
pred_003650,2025-10-26T07:09:00,v1,962.194765038115,15,0.3367213893976477,983,1,34.782716322511895,0,0.9178105200901656,7.841249474194926e-10,0
pred_003651,2025-10-26T07:11:00,v1,1013.9458436807012,9,0.0933900134634385,545,1,0.60914099418689,0,0.8231481141033161,2.6722779135469552e-08,0
pred_003652,2025-10-26T07:25:00,v1,447.44316408586985,11,0.1209646741744852,451,2,30.884415085398857,0,0.6176285424258955,9.629608235478368e-05,0
pred_003653,2025-10-26T08:35:00,v1,1412.918320496489,8,0.2835487348862455,64,2,1.4163587888502145,0,0.8525310943302258,7.399948537811681e-07,0
pred_003654,2025-10-26T10:11:00,v1,532.1296917124015,15,0.1574427073077385,140,3,26.33497500617178,0,0.8166705208356552,0.0009356384444937854,0
pred_003655,2025-10-26T11:02:00,v1,1199.5622665591377,14,0.1803960920041764,99,1,10.94300986401164,0,0.9171495224125684,3.1480410890941657e-07,0
pred_003656,2025-10-26T11:57:00,v1,769.9808760405742,14,0.0916889462041482,802,1,2.770707930829891,0,0.9251738396870232,5.208945574112925e-09,0
pred_003657,2025-10-26T12:18:00,v1,586.7754383486097,11,0.3421454976875998,120,1,14.479708703017298,0,0.8132062148093241,0.00014221716291025181,0
pred_003658,2025-10-26T12:59:00,v1,1092.1177318453783,16,0.1091704680089728,139,1,39.35171874638281,0,0.8356745027612905,1.018006196330511e-06,0
pred_003659,2025-10-26T13:09:00,v1,1243.8052333295589,13,0.090627949286921,170,3,4.502243543857563,0,0.9281211355590222,8.046894888871248e-07,0
pred_003660,2025-10-26T13:21:00,v1,1756.7194847382566,10,0.0399851580006214,855,1,4.011482774763844,1,0.8964692031965366,4.8315283042658095e-12,0
pred_003661,2025-10-26T13:53:00,v1,1285.8749125740933,8,0.2928346279634871,683,0,8.408541771728398,0,0.9557952576566362,3.427615606577496e-10,0
pred_003662,2025-10-26T13:55:00,v1,962.9799467690078,7,0.1588433152106867,61,4,2.224953654977457,0,0.873692662040975,0.0002476297999239044,0
pred_003663,2025-10-26T14:41:00,v1,710.4826854221288,7,0.5642698689021078,32,3,9.519311694292185,0,0.9064764521804952,0.0025238078310820676,0
pred_003664,2025-10-26T14:45:00,v1,3211.798046715842,8,0.354472965893559,682,4,7.217530522590815,0,0.8288123687337752,1.0040104069363802e-14,0
pred_003665,2025-10-26T16:10:00,v1,1808.8111814673337,21,0.0295030275827735,297,4,6.925523785383609,0,0.9392665886156156,1.987697901504729e-09,0
pred_003666,2025-10-26T16:32:00,v1,1555.487664762535,7,0.1548017688193143,655,1,3.2331196623136793,0,0.8257543724499474,1.7929967213699903e-10,0
pred_003667,2025-10-26T16:47:00,v1,1061.9352877931065,20,0.2099900277813624,67,1,0.2438385361193717,0,0.7650038782801151,7.419924741185105e-07,0
pred_003668,2025-10-26T17:01:00,v1,673.1167089106809,15,0.2556608428396067,557,2,26.543657785359706,0,0.9422200319755036,1.1315693399756773e-06,0
pred_003669,2025-10-26T17:06:00,v1,2263.0096091984938,16,0.2826958538070614,86,1,50.50670349768399,0,0.8753258472436499,2.377536389322801e-10,0
pred_003670,2025-10-26T17:20:00,v1,1550.1908067637053,9,0.4242240361110296,580,2,1.803506391872935,0,0.8971730740013929,1.4127086833079003e-09,0
pred_003671,2025-10-26T17:22:00,v1,693.3834522260083,8,0.0723626569974328,760,3,1.064588301338009,0,0.9274416014456291,3.303688687765694e-07,0
pred_003672,2025-10-26T17:23:00,v1,1008.463467356636,17,0.1807709120224024,275,5,10.161746600095949,0,0.7729661287585364,2.8696431109823737e-05,0
pred_003673,2025-10-26T17:37:00,v1,1041.161883780156,16,0.1231280521622798,611,1,9.47238752883182,1,0.7670834755238551,1.8770489653221068e-08,0
pred_003674,2025-10-26T17:53:00,v1,721.9449170820728,18,0.0509490260487378,853,4,37.73175685836675,0,0.885006486475477,2.6458334554827973e-07,0
pred_003675,2025-10-26T17:57:00,v1,1764.65100983529,21,0.1325527320904136,453,0,20.97222579224464,0,0.7714605087842727,2.0150041102566564e-11,0
pred_003676,2025-10-26T18:11:00,v1,715.842362411256,16,0.211483968360976,294,1,1.6994538450483865,0,0.836127335456109,1.8390460290883734e-06,0
pred_003677,2025-10-26T18:36:00,v1,1195.8141198179576,22,0.4668037695374074,855,2,22.957737932535046,0,0.9273722429118216,4.599028897306231e-10,0
pred_003678,2025-10-26T18:57:00,v1,3518.147531887391,13,0.3855306637825921,345,1,23.4895004663003,0,0.9555319427555728,4.094396786332166e-16,0
pred_003679,2025-10-26T19:02:00,v1,1914.501289435048,10,0.2216737630652604,948,1,2.121621503033156,0,0.7401084508203463,5.01969424970786e-13,0
pred_003680,2025-10-26T19:46:00,v1,1340.0389047096735,19,0.0908336816341234,275,2,5.784719847283749,0,0.8494639460406718,2.275953038475585e-08,0
pred_003681,2025-10-26T19:48:00,v1,1213.1409610191686,18,0.0767011481685837,292,2,5.968301082002949,0,0.8687016972158926,5.6507959104315035e-08,0
pred_003682,2025-10-26T20:01:00,v1,611.4398519249308,21,0.353770766330142,325,3,23.94565820908137,0,0.9863977726131268,2.6412301436753475e-05,0
pred_003683,2025-10-26T21:09:00,v1,539.047337127638,1,0.4297971413532584,99,7,8.373234400205057,0,0.6285288028906566,0.7124203293583025,1
pred_003684,2025-10-26T21:35:00,v1,744.7053081770548,19,0.3422969995522563,341,3,18.631589102315452,1,0.8532785752666999,3.6653314885303477e-05,0
pred_003685,2025-10-26T21:36:00,v1,59.32435872574353,2,0.7560085485234035,21,10,268.16457562739396,0,0.1754472602968204,0.9999999965725168,1
pred_003686,2025-10-26T21:47:00,v1,1013.6833553445854,18,0.2490262548171721,761,3,7.30061256378682,0,0.8507901073271145,1.4020100828414936e-08,0
pred_003687,2025-10-26T21:49:00,v1,2470.576749288207,15,0.0871657243778997,965,3,13.251476846461037,0,0.8944694434144899,1.3141344187399819e-14,0
pred_003688,2025-10-26T22:21:00,v1,1559.6162651609798,13,0.4313056151044662,976,2,0.5739582860707556,0,0.8548437174147566,1.5311404564070557e-11,0
pred_003689,2025-10-26T22:36:00,v1,1314.3270737444602,17,0.03857166049441,888,3,58.34937558967546,0,0.798583083775177,1.3382295455113138e-09,0
pred_003690,2025-10-26T23:19:00,v1,1221.3145257218082,22,0.0404400033941116,831,1,20.194099174670413,0,0.880092603264456,5.4247286482510495e-11,0
pred_003691,2025-10-26T23:46:00,v1,562.3525692203164,11,0.186343145284198,744,1,3.770072792668573,0,0.9299454384684768,1.0150804399163362e-07,0
pred_003692,2025-10-26T23:54:00,v1,564.1971531949356,22,0.0695676980161395,361,3,1.5058819702141295,0,0.9598417115250996,6.193814378561498e-06,0
pred_003693,2025-10-27T00:27:00,v1,938.2104923153322,7,0.1837633011419233,782,2,22.89339618466804,0,0.5456417731917977,1.324484182450488e-07,0
pred_003694,2025-10-27T00:36:00,v1,1879.811748788516,22,0.2600280573520463,788,3,35.98721034503308,1,0.937955963029156,2.563885411376713e-11,0
pred_003695,2025-10-27T01:09:00,v1,425.5882782744732,7,0.126738552976283,837,4,5.8484808144465035,0,0.7734772094222278,1.1592624529018802e-05,0
pred_003696,2025-10-27T01:28:00,v1,320.5027501466929,10,0.0990351954799674,413,3,8.401970209934923,0,0.7847285277319124,0.0003829968606163788,0
pred_003697,2025-10-27T01:32:00,v1,999.1469828749388,9,0.0157444323585182,416,0,24.80140340859399,1,0.81317882308651,1.6926694187057933e-07,0
pred_003698,2025-10-27T01:48:00,v1,923.742728245042,18,0.4611369602161537,735,2,10.031175215996395,0,0.8298584832763353,2.3733298319524608e-08,0
pred_003699,2025-10-27T01:58:00,v1,401.8793557230242,13,0.1534673259908722,386,2,9.668421027673205,1,0.7643040887979885,0.00018219248198032115,0
pred_003700,2025-10-27T02:51:00,v1,1122.7124638803643,14,0.1717239550964056,60,3,12.92041059929555,0,0.855771898809278,1.171594589546666e-05,0
pred_003701,2025-10-27T02:52:00,v1,999.9716386442332,10,0.0640435619790045,234,2,4.034972947583154,0,0.71250263391562,2.9469244601819426e-06,0
pred_003702,2025-10-27T03:02:00,v1,3449.429622386471,13,0.2100329256719066,736,2,11.55308944919185,0,0.5972469533188401,7.086110606804304e-17,0
pred_003703,2025-10-27T03:12:00,v1,538.1131274221597,15,0.2604397077900109,663,2,19.885773022824704,0,0.8475845152647646,1.3468698988055108e-06,0
pred_003704,2025-10-27T03:18:00,v1,1534.0617352392014,16,0.2609002364528173,204,0,13.582357191362096,1,0.9702874195603262,4.9792488509852335e-09,0
pred_003705,2025-10-27T05:05:00,v1,857.4944032586207,13,0.3983728810036678,221,3,17.583693982991154,0,0.9323176990012816,3.631416568180371e-05,0
pred_003706,2025-10-27T05:06:00,v1,2301.5418283461227,20,0.1775767782898771,856,2,2.0674635277883553,0,0.8968417676227782,2.070520352206444e-14,0
pred_003707,2025-10-27T05:46:00,v1,568.8554924561594,7,0.1405487830542291,256,5,1.5937537157594046,0,0.8877942431406574,0.0024571153619816904,0
pred_003708,2025-10-27T06:01:00,v1,614.3800104207751,11,0.021872276410006,743,3,27.24733907243529,0,0.7816633319185268,1.6117316353784366e-06,0
pred_003709,2025-10-27T06:12:00,v1,594.530945066409,11,0.2762819116189508,698,1,1.7413508877853874,0,0.8551354594656917,1.9161166637283215e-07,0
pred_003710,2025-10-27T06:55:00,v1,916.9346143643496,9,0.2050870880617933,739,4,22.66775675092757,0,0.8678944448234274,6.237174283739895e-07,0
pred_003711,2025-10-27T08:00:00,v1,1846.198385345117,22,0.3586960135817319,147,10,206.48635894119,1,0.6592405997099667,0.05147398173516898,0
pred_003712,2025-10-27T09:10:00,v1,703.4870576321621,19,0.2084824624626781,422,2,43.50920004331128,0,0.924192149793196,3.087666526606425e-06,0
pred_003713,2025-10-27T09:25:00,v1,832.803728522269,18,0.2410880187485243,759,0,5.825650498354943,0,0.836519181104324,1.8458385241930806e-09,0
pred_003714,2025-10-27T09:28:00,v1,827.9638410277122,18,0.0359423673163998,908,3,31.009194022642596,0,0.907620398447244,1.4323913908748287e-08,0
pred_003715,2025-10-27T09:31:00,v1,1181.724898095986,16,0.2060168216701919,205,1,2.9796507172443616,0,0.6811640972692278,1.808239808255759e-07,0
pred_003716,2025-10-27T09:35:00,v1,781.1958721834875,12,0.0900102757196537,909,2,37.07254034792885,0,0.8166426565058269,2.9647161660296102e-08,0
pred_003717,2025-10-27T10:48:00,v1,845.97394905292,15,0.1389843451787744,576,1,18.06043721055341,0,0.684926019817044,1.015415438540899e-07,0
pred_003718,2025-10-27T11:16:00,v1,2069.665736509449,11,0.217194393129405,664,2,65.23042992894364,0,0.8488872166144174,3.301123685760656e-11,0
pred_003719,2025-10-27T11:17:00,v1,1450.3010614381544,11,0.374252827914902,958,3,9.986318629900136,1,0.7274369090586406,9.59999703354986e-10,0
pred_003720,2025-10-27T12:08:00,v1,1567.0453197804727,7,0.1294511967670764,81,1,13.824904206789707,0,0.932707545249329,4.7565229049957043e-08,0
pred_003721,2025-10-27T12:10:00,v1,1713.4503199246076,18,0.2287756039885589,395,3,31.77441093183663,0,0.7519756408094922,5.433643357360849e-09,0
pred_003722,2025-10-27T12:13:00,v1,1219.7920336219645,11,0.3013510695506829,324,1,1.6441866192087335,1,0.8741004438920507,1.382356275526832e-07,0
pred_003723,2025-10-27T12:41:00,v1,2125.419584204174,19,0.1265495033433413,613,4,30.372071192918774,1,0.5438801862680233,2.46729001243148e-10,0
pred_003724,2025-10-27T12:58:00,v1,2746.481547474599,20,0.1316820313191577,528,2,62.05936543358404,0,0.899547950434619,8.579463751249246e-14,0
pred_003725,2025-10-27T13:07:00,v1,1178.9454584144032,9,0.1345613837080727,167,3,0.7948736698512235,0,0.7092076303559932,5.492727683344257e-06,0
pred_003726,2025-10-27T13:28:00,v1,1977.495351166644,16,0.1277428782154646,785,3,28.399122453217455,0,0.6933893176372815,1.416646121168153e-11,0
pred_003727,2025-10-27T13:31:00,v1,982.7826399107038,21,0.1181854801721741,256,3,15.47443203853014,0,0.9483543602425184,1.2411416090863395e-06,0
pred_003728,2025-10-27T13:37:00,v1,1978.555128292529,17,0.0382891033090722,496,2,4.176899431174231,0,0.9659062520229164,9.867509494160135e-12,0
pred_003729,2025-10-27T13:39:00,v1,436.54800199852434,7,0.1677726565811587,77,2,10.38721281226809,0,0.8776266668969878,0.0019277294623897242,0
pred_003730,2025-10-27T13:47:00,v1,420.1136895441967,9,0.1690125620119069,57,3,10.74561000098943,0,0.9231765440133846,0.00557141449429939,0
pred_003731,2025-10-27T14:21:00,v1,1151.764022237729,13,0.2409384302612427,966,4,33.15759205643968,0,0.9420403788051614,6.052591412787435e-09,0
pred_003732,2025-10-27T14:25:00,v1,678.5301652050244,17,0.3554829513415196,474,2,4.052601486139531,0,0.9728284683190944,1.074110433287325e-06,0
pred_003733,2025-10-27T14:40:00,v1,1357.4829954386207,8,0.1680838928864982,855,2,5.444697231847329,0,0.8643079550258927,3.214274048542033e-10,0
pred_003734,2025-10-27T14:42:00,v1,2983.2921447409262,12,0.1747614978672647,96,1,9.348538912241429,0,0.8629215977717583,2.397999868918016e-13,0
pred_003735,2025-10-27T15:07:00,v1,1378.6846947810084,10,0.2316586373345205,266,1,1.221658819627711,1,0.9343360593335908,5.23981400927186e-08,0
pred_003736,2025-10-27T15:21:00,v1,1530.6824738778907,22,0.5407950155037283,35,2,7.794063242956426,0,0.9829753593870654,7.276936008283101e-08,0
pred_003737,2025-10-27T15:37:00,v1,304.0510882545828,3,0.7799465437786159,165,7,101.02292455525335,0,0.4484236760111827,0.9981313502007891,1
pred_003738,2025-10-27T15:46:00,v1,1606.9521083513444,20,0.474772637037217,265,5,3.8917439690811015,1,0.8031584128077555,6.643672997634711e-07,0
pred_003739,2025-10-27T15:59:00,v1,2284.32773081708,13,0.2854207491131195,542,5,10.58708558866314,0,0.7513691030516667,1.5108764136174396e-10,0
pred_003740,2025-10-27T16:28:00,v1,1871.5255172563036,14,0.0759772714930063,383,3,11.03592152677242,0,0.8214718707190951,8.400457373681682e-10,0
pred_003741,2025-10-27T17:30:00,v1,885.2866004652633,20,0.1556194130728951,846,4,7.6403486938311636,0,0.8322851576631499,3.4665930295624575e-08,0
pred_003742,2025-10-27T18:08:00,v1,186.0019386774808,0,0.5951808628781472,1,8,22.196247128824613,0,0.1102729675995393,0.9998480516982986,1
pred_003743,2025-10-27T18:09:00,v1,739.2002764617746,11,0.1472877663821094,646,4,1.279877286446618,0,0.5649254698020029,6.650949193967027e-06,0
pred_003744,2025-10-27T18:34:00,v1,648.7493257038366,7,0.1173012878805485,895,3,38.31206809266695,0,0.7978900620264201,7.983973928505742e-07,0
pred_003745,2025-10-27T18:44:00,v1,996.7848623309658,9,0.1254056443627172,216,3,13.182344824307457,0,0.9296449455026672,9.655422021048566e-06,0
pred_003746,2025-10-27T18:59:00,v1,499.22722766682426,20,0.0533839743945932,491,2,1.2761597380678904,0,0.9500946897819637,1.1618332062900571e-06,0
pred_003747,2025-10-27T19:07:00,v1,1045.725235623558,10,0.0583292340111885,187,5,13.24430816131096,0,0.7574299320611767,0.000121530985771357,0
pred_003748,2025-10-27T19:17:00,v1,2220.852337159906,14,0.1166541574599222,278,3,5.821879356586563,1,0.8212140970111584,3.617049495143019e-10,0
pred_003749,2025-10-27T19:30:00,v1,1013.3682880323408,21,0.4720947644695236,82,0,15.832060136460486,0,0.878115141784101,5.375048723272932e-07,0
pred_003750,2025-10-27T19:45:00,v1,985.5622479118268,17,0.3342889358131854,635,1,34.96643386889001,0,0.9516915275794812,1.437285530609352e-08,0
pred_003751,2025-10-27T20:43:00,v1,1223.541916195879,20,0.1361182348794152,488,1,2.7385154635748847,0,0.828418073782402,2.0263149662416654e-09,0
pred_003752,2025-10-27T20:46:00,v1,843.5536605033456,8,0.40235167090677,332,2,2.882560822173773,0,0.8169780597855596,8.25174842528855e-06,0
pred_003753,2025-10-27T21:01:00,v1,1534.5521324149704,15,0.4713625317295231,637,2,26.37044230137371,0,0.7793246581015075,1.3891581230873167e-09,0
pred_003754,2025-10-27T23:21:00,v1,912.2502244868532,20,0.1757039952104968,900,3,8.43202739400692,0,0.9216355344248036,3.92906909731639e-09,0
pred_003755,2025-10-27T23:44:00,v1,475.3280200889325,7,0.0978312132077591,873,4,7.440996087902859,0,0.6843082143555239,7.21560339871633e-06,0
pred_003756,2025-10-28T00:13:00,v1,757.6266384079813,19,0.0496651076092291,277,3,3.40173664339731,0,0.8601690603810198,6.659897922701885e-06,0
pred_003757,2025-10-28T00:53:00,v1,755.6228432878975,19,0.0876825484102163,72,0,9.582009451449748,1,0.8461220684672482,6.147186563457729e-06,0
pred_003758,2025-10-28T00:54:00,v1,1092.9357698214812,20,0.2591668003371344,406,0,24.981387586727507,0,0.7817256900771815,1.347674871215773e-08,0
pred_003759,2025-10-28T00:56:00,v1,1367.405602753251,22,0.1037050546252607,943,4,38.92219004951664,0,0.7480852006869089,5.986266418560979e-10,0
pred_003760,2025-10-28T01:47:00,v1,1982.5141469263408,15,0.3341644644266659,427,5,45.6974981455713,0,0.6214621780776259,2.2629199690132066e-08,0
pred_003761,2025-10-28T02:10:00,v1,1818.2626427442087,8,0.1542611239555181,658,1,4.820385750149555,1,0.885087501924548,4.0844939034236055e-11,0
pred_003762,2025-10-28T02:25:00,v1,867.1178935719456,22,0.16875274872296,169,3,35.82708433426377,0,0.6772037159498403,3.7401387717281095e-05,0
pred_003763,2025-10-28T02:35:00,v1,1605.431363414064,8,0.1061206212485972,231,1,50.504997943691905,0,0.9322580922796384,1.9533573968587774e-08,0
pred_003764,2025-10-28T03:09:00,v1,1588.9380948104645,15,0.4272993576223762,405,2,18.736524587117028,0,0.7871037150023052,6.355709409294777e-09,0
pred_003765,2025-10-28T03:35:00,v1,1136.2569595956872,11,0.0592878435318761,455,1,5.33597152608258,0,0.7542810890858863,2.48216690582132e-08,0
pred_003766,2025-10-28T03:39:00,v1,1030.258194253587,18,0.0078426026262077,744,0,31.16717685727519,1,0.9661671579803554,8.938341937706602e-10,0
pred_003767,2025-10-28T03:51:00,v1,614.96356359358,13,0.119068664018582,566,1,18.97715647326166,1,0.7829771533063069,1.8549806622462725e-06,0
pred_003768,2025-10-28T04:05:00,v1,2274.8345380887104,18,0.1221133995836512,256,0,7.921435072881562,0,0.9734434478702664,1.1224756461655295e-12,0
pred_003769,2025-10-28T04:43:00,v1,506.207719789035,15,0.1371469095462537,333,1,8.635081356094227,0,0.5224405921272824,2.496645800589824e-05,0
pred_003770,2025-10-28T04:52:00,v1,800.0321737125907,11,0.1546832455761681,788,1,28.56074448589325,0,0.8037607814761655,2.9363653973224722e-08,0
pred_003771,2025-10-28T05:03:00,v1,1071.1580548770892,13,0.2509456754840106,803,0,46.43491174155315,0,0.9347976855605868,8.962678357612578e-10,0
pred_003772,2025-10-28T05:04:00,v1,1837.03237407995,11,0.187338351440224,163,3,27.990642258441188,0,0.9125651813953816,2.5765694121974798e-08,0
pred_003773,2025-10-28T05:05:00,v1,1056.1639956977483,19,0.2349079973501965,615,4,33.82794580156345,0,0.6425595538766842,5.577266150790057e-07,0
pred_003774,2025-10-28T05:35:00,v1,787.3836711528189,20,0.1627763122786033,105,0,19.52025767467081,0,0.9764738051053312,1.1162946178412224e-06,0
pred_003775,2025-10-28T05:41:00,v1,1922.165035812286,8,0.1889491566274522,997,0,10.01682147807461,0,0.9872654605746244,5.812083515246142e-14,0
pred_003776,2025-10-28T05:50:00,v1,968.528950380586,8,0.2047214740822764,871,1,31.514022435719955,1,0.783320423464327,1.8186401625632928e-08,0
pred_003777,2025-10-28T06:09:00,v1,1450.4731434060543,12,0.5910179585884261,727,1,1.858757770738058,0,0.8324620539712635,2.7989254829035404e-10,0
pred_003778,2025-10-28T06:24:00,v1,1063.9077704717886,11,0.0404574372118871,600,0,37.17416525271209,0,0.9070786873019296,4.7810290705368516e-09,0
pred_003779,2025-10-28T06:41:00,v1,657.884707223746,17,0.1809692230694015,68,2,0.6584740893894624,0,0.5575892522106094,0.0001946231497275235,0
pred_003780,2025-10-28T07:33:00,v1,300.7058043733161,14,0.3394994602554189,146,1,11.95959299463682,0,0.826408942874425,0.0006371326157105071,0
pred_003781,2025-10-28T08:02:00,v1,709.2009175553083,7,0.4581476482553989,260,2,7.3876330830408286,0,0.968268809758937,4.556445375861738e-05,0
pred_003782,2025-10-28T08:16:00,v1,442.8908350706053,8,0.1348447213948522,610,2,29.095816002891677,0,0.8540721602784755,1.308726660182411e-05,0
pred_003783,2025-10-28T08:20:00,v1,599.806123740075,22,0.2208840593073377,563,2,1.7479530823674465,0,0.8327295930035215,4.3737142169982855e-07,0
pred_003784,2025-10-28T08:21:00,v1,446.3535073562945,10,0.0760495166007591,872,1,6.340292243855256,0,0.8522862375705059,8.967066183289121e-08,0
pred_003785,2025-10-28T09:17:00,v1,530.6007287026245,16,0.2999073079196513,505,2,6.975703345935763,0,0.4845778017913921,1.6520105198230472e-05,0
pred_003786,2025-10-28T09:49:00,v1,538.008731895781,22,0.2424831327565073,927,1,15.992889523680814,0,0.8556751157932875,8.652794744456634e-09,0
pred_003787,2025-10-28T10:04:00,v1,1139.288002864578,18,0.1559002967202824,145,5,24.262641147346994,0,0.424961882923818,0.000160037944824691,0
pred_003788,2025-10-28T10:35:00,v1,499.0428932366548,20,0.1393592700361231,487,1,36.2094342985499,1,0.6888423655470621,9.622801226136679e-06,0
pred_003789,2025-10-28T11:41:00,v1,670.7048747327098,21,0.1784476645412485,36,3,69.53916145999997,0,0.8835814136310108,0.0011463361389093458,0
pred_003790,2025-10-28T13:09:00,v1,637.3338950270571,8,0.1366683655001551,361,4,5.932563987613341,0,0.7433696431692567,0.0002490606175504175,0
pred_003791,2025-10-28T13:35:00,v1,576.4898674344387,22,0.1209099359473449,361,1,35.54193249595204,0,0.6047972803317396,6.316172452081384e-06,0
pred_003792,2025-10-28T13:47:00,v1,1029.4024888687748,18,0.0235082779693406,810,4,8.597131764054287,1,0.7166604681216598,6.248392231887825e-08,0
pred_003793,2025-10-28T13:51:00,v1,1035.4749027831058,8,0.2674165123713236,985,2,19.216224981759787,0,0.7657988672005727,3.356656728245439e-09,0
pred_003794,2025-10-28T14:01:00,v1,1187.874062540668,18,0.1108999650449714,894,3,20.771711396430533,0,0.7215468764380507,1.5028664272806444e-09,0
pred_003795,2025-10-28T14:15:00,v1,1158.6817220959135,19,0.2993393935520072,883,1,0.8300888189028947,0,0.7747093277048632,1.277978202576235e-10,0
pred_003796,2025-10-28T14:32:00,v1,88.62738528501613,5,0.8590853450123666,10,7,46.93133670761968,0,0.1090600075152366,0.9998817613837169,1
pred_003797,2025-10-28T14:55:00,v1,630.6686991801301,11,0.1743154779257614,205,3,9.188448186815007,0,0.7496047220362018,0.0003034071335237709,0
pred_003798,2025-10-28T15:36:00,v1,1009.3188036114456,16,0.3407426035750188,192,2,12.455346424422078,0,0.9078952121256516,2.2761717611362515e-06,0
pred_003799,2025-10-28T15:55:00,v1,886.0069956973549,19,0.1213077950520434,637,0,16.311512439480794,0,0.6578712958181482,6.8498535367136345e-09,0
pred_003800,2025-10-28T15:58:00,v1,557.9965019430233,21,0.0936814973849098,436,2,22.204022856304647,0,0.897476461109135,2.7775561007311532e-06,0
pred_003801,2025-10-28T16:10:00,v1,656.4956063677113,11,0.0822275402989886,748,2,7.809545731576022,1,0.8245806164767888,5.03250133734188e-07,0
pred_003802,2025-10-28T16:14:00,v1,1248.8788482080474,21,0.2742456462654692,47,0,6.017573801590749,0,0.9496968967090044,3.8693786940195415e-08,0
pred_003803,2025-10-28T16:20:00,v1,1021.089463575027,22,0.183379851503575,964,6,28.983474877260573,0,0.9194455723184762,4.115256544667514e-08,0
pred_003804,2025-10-28T16:35:00,v1,1876.506198317184,13,0.0836868918427875,652,3,24.384963139682256,1,0.9794117453536776,1.4790153218820916e-10,0
pred_003805,2025-10-28T16:44:00,v1,1059.547778611975,18,0.162377149347971,542,1,25.058060194003968,0,0.732166045343343,1.8065346857996685e-08,0
pred_003806,2025-10-28T17:03:00,v1,515.1725582514905,7,0.2158860249550634,506,5,6.2146361041195535,0,0.8180163089835859,0.0005490668256466468,0
pred_003807,2025-10-28T17:31:00,v1,716.5892091355934,13,0.1475892521509007,800,0,4.24098599081301,0,0.6183462135866074,1.0667433531017691e-08,0
pred_003808,2025-10-28T17:47:00,v1,1135.700903841203,17,0.3860735054559945,107,0,7.208108432908571,0,0.7154398834678631,3.0322559066055863e-07,0
pred_003809,2025-10-28T17:53:00,v1,516.0833358137801,13,0.0690523936019353,482,1,25.6068661752725,0,0.866242216699116,2.8575362673440873e-06,0
pred_003810,2025-10-28T18:16:00,v1,940.0197062855622,14,0.0912253721996288,792,3,2.2941268977689377,1,0.8347189586084227,5.5329995143797086e-08,0
pred_003811,2025-10-28T18:20:00,v1,1036.563396051007,7,0.1624918331645811,813,3,2.7933567185844654,1,0.6453498477494266,1.3536792645847069e-07,0
pred_003812,2025-10-28T18:20:00,v1,37.383571247196315,22,0.4199611711453186,50,7,151.693537266407,0,0.4003117515918461,0.9995370366284618,1
pred_003813,2025-10-28T19:54:00,v1,2749.3150919622976,10,0.5263445927349726,608,3,17.87691723430065,0,0.8436407230584253,4.3650297851502274e-13,0
pred_003814,2025-10-28T20:32:00,v1,568.2694367311649,22,0.5241168611235795,664,1,15.187960709425576,0,0.4641884271093885,7.781540461347609e-07,0
pred_003815,2025-10-28T20:36:00,v1,1050.7016025525531,12,0.0878939828819746,457,1,0.4953514921594218,1,0.960216504541452,5.101867020901084e-08,0
pred_003816,2025-10-28T21:20:00,v1,892.6601237934507,22,0.2038404574447797,240,2,16.168947428299994,0,0.8225587541958522,1.6270894131405396e-06,0
pred_003817,2025-10-28T21:24:00,v1,278.6288154837946,14,0.1784521089544599,407,2,23.220204400234685,0,0.8140191073880031,0.00017357533522349572,0
pred_003818,2025-10-28T21:39:00,v1,1344.7969070948463,13,0.2035685687905825,704,0,14.238889758443843,1,0.6761928833307383,5.85500997448884e-10,0
pred_003819,2025-10-28T21:42:00,v1,997.8802855585884,17,0.1542438255131732,548,3,5.27468750137566,0,0.7676886716290181,1.5714364162161288e-07,0
pred_003820,2025-10-28T21:57:00,v1,159.2247190233692,4,0.7109911004322357,107,9,305.685362250528,0,0.146639686531752,0.9999999749783544,1
pred_003821,2025-10-28T22:19:00,v1,788.6503884346947,18,0.0749838515707773,142,3,17.52510776919943,0,0.6101922671261343,9.44604147706662e-05,0
pred_003822,2025-10-28T22:21:00,v1,1069.335219676457,13,0.1282638622538204,698,2,12.85113677915552,0,0.8006951995420939,1.131321312039655e-08,0
pred_003823,2025-10-28T22:40:00,v1,722.0845440701424,9,0.1689084567293656,304,1,0.0001570029332036,0,0.7734023643248797,4.664729243111811e-06,0
pred_003824,2025-10-28T22:42:00,v1,2290.0431243884823,12,0.1388017188895921,665,2,10.22124169671144,0,0.9499557583154966,4.838445373675695e-13,0
pred_003825,2025-10-29T00:07:00,v1,1111.8027365187556,12,0.4349803278591426,271,1,6.222402172064937,0,0.8612600628712977,3.062061785073224e-07,0
pred_003826,2025-10-29T00:10:00,v1,907.07387707773,8,0.2538085187215122,661,2,28.550135594863548,0,0.8945971902998788,2.048644562935842e-07,0
pred_003827,2025-10-29T00:22:00,v1,840.716888154842,22,0.1089964840916865,858,3,14.29993493394178,0,0.8203448736752523,1.1687840096603008e-08,0
pred_003828,2025-10-29T00:34:00,v1,1399.6832590702932,20,0.1025695193191478,745,2,27.958052482729514,0,0.8259317784928917,2.3534416034701334e-10,0
pred_003829,2025-10-29T00:37:00,v1,1454.6294766871076,20,0.0497252680158111,197,2,2.2629724476688,0,0.7444344561160046,1.9959317550795266e-08,0
pred_003830,2025-10-29T01:30:00,v1,1129.3706956431784,19,0.1496282626295122,541,2,8.388441155661214,0,0.8114189113584599,1.2483545796176715e-08,0
pred_003831,2025-10-29T02:41:00,v1,1341.6681146513724,18,0.2566915256991569,350,2,6.582594617946248,0,0.7018866874749943,3.230441082821959e-08,0
pred_003832,2025-10-29T03:12:00,v1,1488.696205044519,15,0.3434722503344838,945,0,6.6096570132485795,0,0.5430839533700085,7.912312003641396e-12,0
pred_003833,2025-10-29T05:38:00,v1,409.2120415947785,13,0.2110285279951063,678,1,8.990206121789269,0,0.7812002191026192,1.0965391950634868e-06,0
pred_003834,2025-10-29T05:46:00,v1,465.8839905039539,22,0.0396136488349273,138,0,14.017360043940185,0,0.9064690557205642,6.4993231017092e-06,0
pred_003835,2025-10-29T06:11:00,v1,1257.503219740925,19,0.1824643016759158,178,0,10.476034954973272,0,0.853979605685213,1.647187415375768e-08,0
pred_003836,2025-10-29T06:28:00,v1,604.272933862334,21,0.0582564539676974,70,1,10.786943010877945,0,0.7512631588958383,2.5697983696759836e-05,0
pred_003837,2025-10-29T06:30:00,v1,1747.6476031962145,21,0.1664638297103094,706,3,2.805094293025192,0,0.8982316176327289,2.36693251858892e-11,0
pred_003838,2025-10-29T06:39:00,v1,852.7170603577949,16,0.2211516385402784,131,2,23.29987723164617,0,0.6165976636736605,4.417761932361296e-05,0
pred_003839,2025-10-29T07:40:00,v1,763.6557570928654,10,0.14219026915296,259,3,10.13679453630276,1,0.8616348698960783,0.00011932753727485619,0
pred_003840,2025-10-29T08:34:00,v1,422.6747032774048,21,0.0357766617868123,939,2,1.6456719674223492,0,0.8038865279804703,3.3256182953283975e-08,0
pred_003841,2025-10-29T09:19:00,v1,853.2910385346196,10,0.1391865004829441,129,3,3.343692408588486,0,0.7868653485146622,8.218772918256332e-05,0
pred_003842,2025-10-29T09:20:00,v1,834.7899234888044,13,0.1238717862531173,791,2,3.2902843409556146,0,0.8769594687178743,1.6747576533291327e-08,0
pred_003843,2025-10-29T10:25:00,v1,1323.212431236526,17,0.0399715142281241,659,2,6.306889317834035,0,0.6235383588236334,1.4513387355601278e-09,0
pred_003844,2025-10-29T10:58:00,v1,733.6025659435455,21,0.1039736109767125,955,2,15.48140644438626,0,0.6025175273270921,8.431057375461209e-09,0
pred_003845,2025-10-29T11:15:00,v1,2404.9974796020115,22,0.1758132678149789,387,1,0.9008307723303474,0,0.7141324370185536,4.33591748032056e-13,0
pred_003846,2025-10-29T12:34:00,v1,544.4327908916204,4,0.9049723134497082,3,15,302.13753804173587,1,0.4456036993042209,0.9999999998675895,1
pred_003847,2025-10-29T12:44:00,v1,655.2575004481813,19,0.394797361457242,933,1,12.651377956813713,0,0.8385092948626697,6.8485589789833845e-09,0
pred_003848,2025-10-29T13:00:00,v1,1101.327448045342,21,0.1023579557489969,420,1,11.216700239038948,0,0.7963221217932381,1.2619377156063066e-08,0
pred_003849,2025-10-29T13:44:00,v1,1478.7905892348242,21,0.3198723935631281,39,3,28.59663191896068,0,0.7515198346385729,9.881543741002068e-07,0
pred_003850,2025-10-29T14:10:00,v1,2043.0155382919563,17,0.2626688775706221,525,0,5.157753633463788,0,0.7412207725137342,1.7129397969797716e-12,0
pred_003851,2025-10-29T14:25:00,v1,285.30947599248293,19,0.0754084400683985,270,2,19.227240725005064,1,0.81002463025232,0.0005936981579436721,0
pred_003852,2025-10-29T14:26:00,v1,922.7472968954432,20,0.0688935191802839,255,1,35.10986519752839,1,0.756291926922312,2.00785629140755e-06,0
pred_003853,2025-10-29T14:29:00,v1,685.7132383329104,13,0.0811511860211394,163,6,10.768433498812364,1,0.9281330655283716,0.008724375320740514,0
pred_003854,2025-10-29T14:37:00,v1,897.757918872733,13,0.2340345541118428,45,1,23.791879583493547,0,0.9293801744010944,1.2026149376527704e-05,0
pred_003855,2025-10-29T14:53:00,v1,373.9349083993769,20,0.3049556310216578,533,1,4.446887677416029,0,0.9040475869262838,1.619727200932112e-06,0
pred_003856,2025-10-29T15:02:00,v1,808.3130719701223,22,0.2410372359521015,369,5,0.7609318319911439,0,0.844805328898245,1.846317671068162e-05,0
pred_003857,2025-10-29T15:41:00,v1,890.0397143507655,7,0.1001186999585704,802,4,1.594167981797522,0,0.7677517546685678,3.129464898777967e-07,0
pred_003858,2025-10-29T15:50:00,v1,799.3167588543007,22,0.1611001621667435,111,0,40.61505589191585,1,0.6790065872002561,1.0785614819679249e-05,0
pred_003859,2025-10-29T15:53:00,v1,1283.1026019961323,17,0.2386589192940802,453,0,4.691528894450905,1,0.7260469300965005,4.629073598119487e-09,0
pred_003860,2025-10-29T15:59:00,v1,747.4946178975589,21,0.3170331377971935,677,1,8.144962561030956,0,0.7846782816012264,2.762290867186082e-08,0
pred_003861,2025-10-29T16:37:00,v1,536.2909664247181,22,0.2628687846817795,129,4,9.738217053555337,0,0.8974462501245956,0.0006866629883504783,0
pred_003862,2025-10-29T16:54:00,v1,1068.3521427727794,8,0.0355724457616455,751,1,18.97460171900551,1,0.6140918657191284,2.1809317799295542e-08,0
pred_003863,2025-10-29T17:24:00,v1,850.7925115677263,21,0.2367431455204713,667,0,11.065819414977616,0,0.8496473814389126,2.8940263777626876e-09,0
pred_003864,2025-10-29T17:51:00,v1,495.6429491669879,22,0.3024663718748921,405,3,9.593986706153,0,0.8974531787639131,2.0203481693392814e-05,0
pred_003865,2025-10-29T18:55:00,v1,1513.5225746168824,8,0.1246586088306914,798,2,9.318336777850254,0,0.8626380911797928,1.626982264349148e-10,0
pred_003866,2025-10-29T19:05:00,v1,537.6765786596824,12,0.563450185743717,479,1,5.315019597504103,0,0.7096192710470538,9.37581808543252e-06,0
pred_003867,2025-10-29T19:11:00,v1,1116.642438035831,18,0.3423417458816496,636,0,15.40452138618756,0,0.6281686510472742,2.3186639295356753e-09,0
pred_003868,2025-10-29T19:26:00,v1,1443.90219664828,11,0.0473109943775695,827,2,16.66772140870634,0,0.8661787524402152,1.4096659570750935e-10,0
pred_003869,2025-10-29T19:43:00,v1,1043.5456181753666,21,0.2253227631892154,445,3,9.969816674063496,1,0.8461736366692753,4.882511323386705e-07,0
pred_003870,2025-10-29T20:26:00,v1,1456.070257436788,20,0.1325259404721086,192,2,18.524499180471345,0,0.957857421235336,1.980438843883194e-08,0
pred_003871,2025-10-29T20:47:00,v1,1565.9336429293703,9,0.1419635592216311,236,1,0.1269240088337986,0,0.8782268434278508,6.149973648336001e-09,0
pred_003872,2025-10-29T22:13:00,v1,164.09932859392637,0,0.6725343538240092,182,9,41.86657477508003,1,0.4144760074426285,0.9998810292896411,1
pred_003873,2025-10-29T22:55:00,v1,1152.343855663404,12,0.0825917558189566,965,4,19.38404928329333,0,0.6162700800234069,9.82100120912504e-09,0
pred_003874,2025-10-29T23:02:00,v1,746.8383537262079,8,0.4294360598036251,952,0,36.40527241379987,0,0.9275627732714832,6.8713068402401945e-09,0
pred_003875,2025-10-29T23:31:00,v1,199.81870037047665,0,0.9229471649237238,81,9,13.367268407273734,1,0.5109105650857255,0.9998960858073666,1
pred_003876,2025-10-29T23:43:00,v1,1485.6890900210558,9,0.1420640911794724,908,1,58.57516643645389,1,0.8129984044020402,2.841494565467298e-10,0
pred_003877,2025-10-30T00:04:00,v1,673.419147966103,22,0.0662799919061212,744,3,32.86060251131097,1,0.9366018492952028,4.148400891576116e-07,0
pred_003878,2025-10-30T00:08:00,v1,1511.4015835704029,8,0.2770693317210159,162,2,7.259866739651678,0,0.9851553393312408,9.05594909665241e-08,0
pred_003879,2025-10-30T00:31:00,v1,693.5018447431065,13,0.1107188760158398,798,2,0.4413689978980011,0,0.7180681540204807,7.710242861199741e-08,0
pred_003880,2025-10-30T00:36:00,v1,1210.793650732296,17,0.2647046611725532,694,2,24.613670856491368,0,0.9688813212543862,2.3224415098416694e-09,0
pred_003881,2025-10-30T01:21:00,v1,923.287327393602,15,0.402750268838132,831,1,15.103090605912158,0,0.9306443913565454,3.060156099837454e-09,0
pred_003882,2025-10-30T01:39:00,v1,214.29192105522233,8,0.1712832625449073,562,3,12.498867513525663,0,0.8573584006994573,0.0002852185266144045,0
pred_003883,2025-10-30T01:47:00,v1,475.80838092086424,13,0.4949835551932822,104,1,52.11115355215303,0,0.6881617769842522,0.0022887742462031624,0
pred_003884,2025-10-30T02:27:00,v1,2065.4891836868537,21,0.0834927303853075,496,1,2.681697471469668,0,0.8882521052368443,1.1914904186144527e-12,0
pred_003885,2025-10-30T02:40:00,v1,638.4101994180345,18,0.2822053039777537,615,1,3.262088450564484,0,0.9448517514448508,8.626843949799421e-08,0
pred_003886,2025-10-30T02:42:00,v1,982.6791163002896,8,0.0777797413851323,203,3,11.802286006417225,0,0.6650257330669004,3.1217638100784156e-05,0
pred_003887,2025-10-30T02:51:00,v1,862.5313554855287,13,0.2007254445413331,193,1,8.499905917029666,0,0.808916716194144,3.161585206015101e-06,0
pred_003888,2025-10-30T02:54:00,v1,1564.869468129676,14,0.1908946429537737,829,5,15.835155496958764,1,0.4127254953093126,2.1496913679529346e-08,0
pred_003889,2025-10-30T03:04:00,v1,158.69775505693235,23,0.6009140900304722,36,8,23.492192290355053,1,0.14619806269132,0.9980540779893964,1
pred_003890,2025-10-30T03:10:00,v1,1507.9311600257763,20,0.1925820009278183,955,3,4.499456246305918,0,0.8342327867724859,2.2173113412371595e-11,0
pred_003891,2025-10-30T03:38:00,v1,1005.4456164826804,10,0.0703687127563365,193,3,2.0119262486100253,0,0.950866815035462,5.5852807140688475e-06,0
pred_003892,2025-10-30T03:43:00,v1,1578.1445156298128,12,0.1911611136866037,741,4,13.118392488229482,0,0.8053867756789969,1.6163016614483166e-09,0
pred_003893,2025-10-30T04:00:00,v1,885.8632628726596,7,0.0447924987950664,840,5,4.735574916914452,0,0.9477206420570222,3.574742069919511e-07,0
pred_003894,2025-10-30T04:13:00,v1,678.7656983661602,19,0.0696167491876907,874,3,14.809110637662869,1,0.385545163598837,6.829750919362821e-07,0
pred_003895,2025-10-30T04:45:00,v1,1013.6461408108364,9,0.40717533956556,991,1,19.861741698991175,0,0.7426691783314343,1.603731165242756e-09,0
pred_003896,2025-10-30T04:51:00,v1,844.3728246123578,15,0.0617148561177598,256,5,27.67022571412489,0,0.8949043288042449,0.00014582050257187115,0
pred_003897,2025-10-30T05:20:00,v1,1244.1212105718969,22,0.2321283883491284,459,5,1.1580056455346304,0,0.8795047795767833,1.8654144252960679e-07,0
pred_003898,2025-10-30T05:22:00,v1,1240.8186141784695,14,0.5267502080561629,914,2,0.9578074972766611,0,0.863393656084561,4.1637810263194346e-10,0
pred_003899,2025-10-30T05:23:00,v1,1035.7826103646607,8,0.1946028463663251,350,4,13.175585368125132,0,0.8891659884187486,9.325470313153685e-06,0
pred_003900,2025-10-30T05:39:00,v1,1344.4293583886308,15,0.3910010933931727,88,1,12.472230178605011,0,0.8053342244684184,2.4965286746114765e-07,0
pred_003901,2025-10-30T05:55:00,v1,785.6800228126519,22,0.1108291068719425,690,4,16.337764675833117,0,0.8718665844867189,2.858371769266153e-07,0
pred_003902,2025-10-30T06:37:00,v1,930.999188038988,17,0.2674163088604107,667,3,12.923363920804364,0,0.9416169470001522,7.412060431838397e-08,0
pred_003903,2025-10-30T07:09:00,v1,738.9856487670338,19,0.3334839307779647,178,2,23.926196635721464,0,0.5974582137932553,6.52287654646142e-05,0
pred_003904,2025-10-30T07:42:00,v1,1135.9202589710503,21,0.3072844033027418,813,3,12.959666386649616,0,0.7561576605481979,3.837866024939091e-09,0
pred_003905,2025-10-30T07:50:00,v1,2778.085786568545,14,0.2472761167835086,218,2,3.326351741797458,0,0.8328281675520732,9.962539180589233e-13,0
pred_003906,2025-10-30T08:02:00,v1,2093.9712490879515,9,0.3058321019873034,766,0,3.6898765455654168,0,0.8305484594863041,2.468640708120058e-13,0
pred_003907,2025-10-30T08:30:00,v1,1316.1655894973476,8,0.2459054208728959,267,2,34.512800970003,0,0.8955565400347258,4.5748923957512457e-07,0
pred_003908,2025-10-30T08:50:00,v1,1302.557529169483,13,0.3155557244603227,775,4,3.82884896297974,0,0.5876355748621704,2.099025930241941e-08,0
pred_003909,2025-10-30T08:58:00,v1,729.8149861532752,7,0.184476075532322,885,3,2.5510688967444546,0,0.8648799217894717,1.4016476675223411e-07,0
pred_003910,2025-10-30T09:30:00,v1,600.501140537426,16,0.0621040926488531,868,4,27.649246965958817,0,0.8581705205321929,6.77849054105703e-07,0
pred_003911,2025-10-30T09:34:00,v1,801.7757054620703,9,0.1403812058911275,482,1,19.57365815010418,0,0.7217819385345988,8.30621850521e-07,0
pred_003912,2025-10-30T09:54:00,v1,403.6651318937733,9,0.1619082241212002,573,1,30.874256307465487,0,0.7739002383517618,1.0600076586514567e-05,0
pred_003913,2025-10-30T09:56:00,v1,458.3493444772574,20,0.21875611709043,815,1,4.182443254069279,1,0.8765156970216184,1.1322811720965257e-07,0
pred_003914,2025-10-30T10:10:00,v1,686.8609406800155,21,0.2287373250592387,382,0,68.63289221089674,0,0.8034184917768104,1.3518391301678688e-06,0
pred_003915,2025-10-30T10:58:00,v1,989.7750500181204,19,0.3635790344876367,517,4,22.104047855085355,0,0.9274939481858,8.967835161305171e-07,0
pred_003916,2025-10-30T11:02:00,v1,1292.4906355754747,15,0.3068597798322192,326,2,2.0224517762522045,0,0.873575388548626,5.0784020385506055e-08,0
pred_003917,2025-10-30T11:05:00,v1,671.6728619942471,15,0.1824444002938345,771,1,0.8232309012797616,1,0.9260518456994686,4.4211811359957366e-08,0
pred_003918,2025-10-30T12:10:00,v1,837.0516722021702,7,0.3407613806431953,213,4,50.7921103099636,0,0.7143871137936064,0.0018915816831327793,0
pred_003919,2025-10-30T12:12:00,v1,1175.7670828743485,13,0.1009384483737115,480,4,6.222712883574839,0,0.9055557272185524,2.3183324043487644e-07,0
pred_003920,2025-10-30T12:39:00,v1,919.8551478267268,9,0.3061835700142086,44,1,1.978976798588818,0,0.937798722117542,1.075478415693584e-05,0
pred_003921,2025-10-30T13:08:00,v1,717.435753951907,21,0.3618590402242058,160,2,19.321860629655813,0,0.9293793139266956,1.9819429939109597e-05,0
pred_003922,2025-10-30T13:08:00,v1,652.2938057954185,9,0.1844299220505908,876,1,20.42773834383075,0,0.732839143207745,5.8188426725073234e-08,0
pred_003923,2025-10-30T13:11:00,v1,2045.2785338867477,9,0.0340389404406301,987,2,35.544889768963664,0,0.8820059411850767,4.582935996217639e-13,0
pred_003924,2025-10-30T13:23:00,v1,3092.5291222831615,10,0.0555923670548665,602,1,28.76487038653134,0,0.951808701660851,7.839953351571877e-16,0
pred_003925,2025-10-30T13:38:00,v1,718.890514178962,14,0.20310003929864,715,3,5.286300945345088,0,0.8221755899869997,4.0867164989698647e-07,0
pred_003926,2025-10-30T13:45:00,v1,1373.171454514415,10,0.14634025545346,567,0,3.8229232739366,1,0.7290435902319093,1.4837218959991308e-09,0
pred_003927,2025-10-30T13:52:00,v1,830.8797566733322,21,0.2776394062008099,139,0,1.3933594690418218,1,0.8710637064045041,1.4553173503157293e-06,0
pred_003928,2025-10-30T13:56:00,v1,546.176309264943,12,0.120939784820417,580,1,15.500887550169953,1,0.5673443048675524,6.362343028550644e-06,0
pred_003929,2025-10-30T14:23:00,v1,2022.711419199319,20,0.2252401496096902,476,3,16.23350497503121,0,0.8632355941417147,5.920897619030914e-11,0
pred_003930,2025-10-30T14:53:00,v1,1743.9431417369894,12,0.3532073380566094,827,4,6.376409963093831,0,0.8439686485657438,1.8750866822217465e-10,0
pred_003931,2025-10-30T15:01:00,v1,897.6700911045164,17,0.4186559396396647,622,4,11.319103866761717,0,0.9557980102854132,6.553229003135647e-07,0
pred_003932,2025-10-30T15:06:00,v1,1346.0626350873702,14,0.2723537582861282,926,1,30.663175681433113,0,0.93853377008218,4.89350364466237e-11,0
pred_003933,2025-10-30T15:32:00,v1,584.6183291153834,17,0.3539906782658188,744,2,22.028236226360132,1,0.938972118574161,8.112566432216343e-07,0
pred_003934,2025-10-30T15:51:00,v1,946.3902993656476,15,0.5156881852142084,835,2,8.488647153129405,0,0.6060062355740254,2.7145606722154827e-08,0
pred_003935,2025-10-30T15:54:00,v1,1361.8778077360196,12,0.2517199947868893,725,2,29.31071602351396,0,0.8931763278470248,1.5070120493953266e-09,0
pred_003936,2025-10-30T16:44:00,v1,890.5877083702048,8,0.029381257788477,949,5,38.263010844416094,0,0.7358125268238267,5.754989550715568e-07,0
pred_003937,2025-10-30T16:45:00,v1,649.7302050176737,14,0.1002908238091776,315,2,52.35975318716301,0,0.8282391785044091,4.1107874045316604e-05,0
pred_003938,2025-10-30T17:08:00,v1,1073.1491457601844,7,0.1082790571208712,43,1,25.27361644636038,0,0.9457460190184438,5.047588907695661e-06,0
pred_003939,2025-10-30T17:34:00,v1,536.4445909594975,7,0.1737853960938038,913,1,33.86053376654426,0,0.6940551186675045,2.3391577969817343e-07,0
pred_003940,2025-10-30T18:07:00,v1,761.1962946327909,14,0.2677002715578322,533,2,0.048457543994436,0,0.9858935808585058,3.1490815737232317e-07,0
pred_003941,2025-10-30T19:04:00,v1,862.6470533233053,22,0.130896939647382,789,2,1.8599358689333008,0,0.6419313531581294,8.280694986832099e-09,0
pred_003942,2025-10-30T19:14:00,v1,607.2807498627972,19,0.0205974317037226,116,1,2.472013830242116,0,0.9413626457615748,7.50195318193108e-06,0
pred_003943,2025-10-30T19:30:00,v1,1289.6738666044253,11,0.5156663979553615,940,7,6.0664241971937845,0,0.6982683179118115,2.365279125318337e-07,0
pred_003944,2025-10-30T19:50:00,v1,936.5666994247324,18,0.4437554021010351,85,3,43.71881936569209,0,0.944060212797336,8.803905718973398e-05,0
pred_003945,2025-10-30T19:57:00,v1,1437.1041654583803,16,0.148593374627427,361,2,1.0105009120703388,0,0.8687532252908424,6.250523438045625e-09,0
pred_003946,2025-10-30T20:00:00,v1,683.394595288033,19,0.597352838814727,45,1,20.5127245302924,0,0.6106930428621167,0.0002049353416766585,0
pred_003947,2025-10-30T20:49:00,v1,1087.1869961674468,20,0.0701759951605945,87,3,15.79844089420266,0,0.610435947200497,1.0092847081758257e-05,0
pred_003948,2025-10-30T21:01:00,v1,971.1547189045629,18,0.1414503846001357,877,2,7.74141228915776,1,0.8871666992526005,3.524889434056708e-09,0
pred_003949,2025-10-30T21:50:00,v1,1329.5253986379237,22,0.0680846301845526,858,0,13.07093956780377,1,0.8513964895801557,1.3794378792451193e-11,0
pred_003950,2025-10-30T21:59:00,v1,496.1341359414316,17,0.1143096120679375,453,0,38.69454917253004,0,0.8705915248250842,1.2970536086264206e-06,0
pred_003951,2025-10-30T22:15:00,v1,1241.0549173963725,9,0.1858445782359915,960,3,0.6374352502628889,0,0.8944909422572204,6.476956436573414e-10,0
pred_003952,2025-10-30T22:25:00,v1,1855.64815093297,11,0.2486141316252768,897,3,17.658482025546512,0,0.7742884096010185,1.8669949246497536e-11,0
pred_003953,2025-10-30T22:31:00,v1,480.7235168250811,21,0.3264752875789919,794,0,6.09692448332011,0,0.7812751276972224,2.25538870230007e-08,0
pred_003954,2025-10-30T23:16:00,v1,721.175068966662,9,0.22519129666434,555,2,152.23420591391314,0,0.9222612640689392,9.244257350645918e-05,0
pred_003955,2025-10-30T23:40:00,v1,2216.996233258102,22,0.1447898029488764,592,2,3.349767378311233,0,0.7572570264358569,6.976248842733605e-13,0
pred_003956,2025-10-31T00:36:00,v1,883.7036028885198,22,0.3151716262135206,622,3,5.6444234103811075,0,0.9022702529465012,8.588652357374867e-08,0
pred_003957,2025-10-31T01:39:00,v1,812.7295687196996,18,0.075949091531565,328,4,3.6044006230222623,1,0.6477740473649054,5.926292113592327e-05,0
pred_003958,2025-10-31T01:47:00,v1,992.8311617955884,19,0.0695284069466168,249,3,11.84425310674452,0,0.9082930999869826,1.4955952378709543e-06,0
pred_003959,2025-10-31T02:06:00,v1,1741.7392603059347,22,0.2313979395942522,185,5,17.157765490861372,0,0.7653098298989832,1.2663875778213942e-07,0
pred_003960,2025-10-31T02:58:00,v1,637.3377567686075,20,0.1748116050629161,854,1,45.64037260552737,0,0.9070620295913348,1.894975413913993e-08,0
pred_003961,2025-10-31T03:18:00,v1,417.64648077921066,11,0.1749606870159672,575,0,10.75016759353734,0,0.7988331657136052,1.0887011114675698e-06,0
pred_003962,2025-10-31T03:34:00,v1,682.802208744538,11,0.2111918454862884,883,1,13.858047203205148,0,0.8087686418396989,2.1022557330406284e-08,0
pred_003963,2025-10-31T04:21:00,v1,1037.868887573051,22,0.1831465236111397,594,0,12.984139977198122,0,0.8111191730850456,1.2088396382216173e-09,0
pred_003964,2025-10-31T04:51:00,v1,1239.6067161553544,22,0.2402500730387828,771,2,15.151174554439166,0,0.8490002876549213,4.3800884198806984e-10,0
pred_003965,2025-10-31T05:04:00,v1,1468.3344983805223,14,0.217742238258844,290,1,13.010751476108954,0,0.7220624784724885,1.2065853687276308e-08,0
pred_003966,2025-10-31T05:14:00,v1,478.8987979595703,19,0.0606754109111609,426,4,11.328979774039198,0,0.8316589832564263,6.733342941132146e-05,0
pred_003967,2025-10-31T05:21:00,v1,1618.2758183564822,12,0.2150726713115361,695,3,17.90448328030086,0,0.5039024820171151,2.0865728684499e-09,0
pred_003968,2025-10-31T05:55:00,v1,2080.313118274415,15,0.2873309092417056,895,6,31.45552742069983,0,0.8102690979508178,8.469882861466505e-11,0
pred_003969,2025-10-31T06:27:00,v1,1747.2006556424465,17,0.1884043637470687,618,5,10.046933564343767,0,0.7139055455551238,2.741871140363124e-09,0
pred_003970,2025-10-31T06:54:00,v1,1369.328959400044,8,0.2569477531097639,206,3,14.72238131433832,0,0.929526100994175,8.700679114833322e-07,0
pred_003971,2025-10-31T08:26:00,v1,1761.880607880736,7,0.186151009378532,592,3,40.02664172545467,1,0.8448470599227402,5.644730547386987e-09,0
pred_003972,2025-10-31T09:08:00,v1,1125.7557688052184,22,0.0548487497580997,552,5,3.615316765971151,0,0.7849945721211078,1.8449324304187068e-07,0
pred_003973,2025-10-31T09:57:00,v1,67.24476212825444,1,0.8456151706153039,125,9,13.39609278040169,0,0.3710422991956664,0.9998720804741885,1
pred_003974,2025-10-31T10:01:00,v1,1014.7125263756484,9,0.0469695518819033,427,1,22.071299692616368,0,0.9011732542252476,1.1444427792190202e-07,0
pred_003975,2025-10-31T11:00:00,v1,879.4645687334379,10,0.1973426388207114,560,3,10.516103148470002,0,0.979313618503934,6.246304034926648e-07,0
pred_003976,2025-10-31T11:11:00,v1,1174.0521659221447,14,0.5699133151565587,307,3,24.740186272095823,0,0.965133002214231,1.7168279308838938e-06,0
pred_003977,2025-10-31T11:17:00,v1,456.1450736762103,11,0.4404782366445772,101,2,23.120891638511768,0,0.7216487318145534,0.0037352716736248816,0
pred_003978,2025-10-31T11:49:00,v1,1026.374273952844,8,0.3347538751650569,710,2,17.62000418291724,0,0.780738163241182,6.210482572226394e-08,0
pred_003979,2025-10-31T12:14:00,v1,357.837465311053,20,0.2978328420180902,154,0,2.3694063625881356,0,0.7875447469056864,3.6703818614925545e-05,0
pred_003980,2025-10-31T12:29:00,v1,670.8920150192504,20,0.0578114491332719,315,3,3.907539888056863,0,0.9314171748922307,6.396390048454221e-06,0
pred_003981,2025-10-31T12:36:00,v1,846.9975310931478,12,0.1396825598345105,279,1,4.831065368301312,0,0.854505096896226,1.130895749017986e-06,0
pred_003982,2025-10-31T13:09:00,v1,663.7063775778744,22,0.0634894469078747,786,1,23.95105242029194,0,0.9317291537259408,7.971715632856627e-09,0
pred_003983,2025-10-31T13:13:00,v1,1611.8802406797174,12,0.0472940019058374,655,3,6.357612948008246,0,0.9587502446716863,2.950227538007742e-10,0
pred_003984,2025-10-31T13:31:00,v1,769.415984390208,12,0.1219448019493333,709,7,0.5452602042948206,0,0.6765707381643764,4.87929061955316e-05,0
pred_003985,2025-10-31T13:52:00,v1,483.5834670930312,17,0.1286225158380161,520,3,4.537093690638058,0,0.9124801642946032,7.525337515301729e-06,0
pred_003986,2025-10-31T14:02:00,v1,1220.681306587094,12,0.4207590327242182,253,4,2.067256960391959,0,0.8224393229145484,4.9091472495928535e-06,0
pred_003987,2025-10-31T15:37:00,v1,394.76277266153096,12,0.2162548933155872,943,1,4.8180990796210645,0,0.7840069528005458,8.671699021623332e-08,0
pred_003988,2025-10-31T15:38:00,v1,1113.1663230840736,8,0.2820549904216031,332,0,70.50933454662041,0,0.9074332152136187,3.8565006872798215e-07,0
pred_003989,2025-10-31T16:16:00,v1,1206.2613087127509,8,0.23455070402685,170,3,23.14793780218419,0,0.7211123947983406,1.2219978091952685e-05,0
pred_003990,2025-10-31T16:33:00,v1,755.9680085179946,13,0.0457218192615723,557,0,5.222141853198725,0,0.7982522175734843,3.7581190777785594e-08,0
pred_003991,2025-10-31T17:00:00,v1,783.1756824198487,22,0.1440295342123052,359,2,9.398705140530405,0,0.8884090054178256,6.571408286608701e-07,0
pred_003992,2025-10-31T17:04:00,v1,1513.621756581472,14,0.2863716560406956,302,1,28.068089553411955,1,0.6142800186648294,5.6310427966835666e-08,0
pred_003993,2025-10-31T17:06:00,v1,472.8942391533664,15,0.1266252136038014,318,2,8.975222377689208,0,0.7834447569806516,4.747884141019829e-05,0
pred_003994,2025-10-31T17:55:00,v1,285.12237680134547,20,0.2130949410122871,166,3,12.376154441771972,0,0.9274155663644612,0.0013070444301353358,0
pred_003995,2025-10-31T18:32:00,v1,1896.1649579907896,9,0.1297319803696191,347,1,16.690673973092835,0,0.3794112963968784,1.3115616931289987e-09,0
pred_003996,2025-10-31T18:45:00,v1,775.0269990963975,21,0.1283586611710283,546,2,6.140481466149373,0,0.7635761822242194,1.669752381088884e-07,0
pred_003997,2025-10-31T19:15:00,v1,1477.4346968090038,14,0.1092465672256615,539,1,11.227048731299815,0,0.8374170512571816,4.3140188490120444e-10,0
pred_003998,2025-10-31T20:07:00,v1,828.4083686077992,22,0.0487520851641766,977,5,4.567340228951578,0,0.7889382299897796,2.8568088125678745e-08,0
pred_003999,2025-10-31T20:38:00,v1,1082.7990963489049,16,0.1239486771885913,828,4,10.3069039912486,0,0.9164828682543578,1.1038650829599113e-08,0
pred_004000,2025-10-31T20:58:00,v1,689.7275145566596,14,0.1499704313170388,307,4,67.73619242331509,0,0.8340763157320971,0.0005970493254985536,0
pred_004001,2025-10-31T21:07:00,v1,608.378782015446,8,0.0482048012812726,582,0,43.62131115635254,0,0.5817796263930297,1.4497964510976794e-06,0
pred_004002,2025-10-31T21:09:00,v1,740.3798537712983,17,0.3355848368697207,868,5,15.935453696389132,1,0.812523478045618,2.6982274091796846e-06,0
pred_004003,2025-10-31T21:10:00,v1,832.8772472598916,11,0.1778712697048524,94,3,5.266614231309377,0,0.95791502393858,7.593304411381677e-05,0
pred_004004,2025-10-31T22:00:00,v1,1690.9845385287513,14,0.1568622286054213,368,4,10.411108283217914,0,0.9162233196003275,1.1770318039923661e-08,0
pred_004005,2025-10-31T22:02:00,v1,996.5587690200522,20,0.1804319885772737,604,1,10.494329089786609,0,0.8140047237016763,5.996517402373501e-09,0
pred_004006,2025-10-31T22:26:00,v1,1389.062085995733,21,0.1212196861820883,33,2,2.120429420920363,0,0.7355058102705236,1.900107611828787e-07,0
pred_004007,2025-10-31T22:41:00,v1,665.8456592643826,11,0.1288654574013934,867,1,41.003899150491776,0,0.7444027671414967,6.732005779308838e-08,0
pred_004008,2025-10-31T22:48:00,v1,1688.1375113554552,8,0.1692121000954066,627,3,23.822976394393073,1,0.7805833339174645,4.5531802779255785e-09,0
pred_004009,2025-10-31T23:03:00,v1,827.0276027012907,12,0.1693035419000399,598,3,8.519206519411693,0,0.883361059441979,6.013961395353832e-07,0
pred_004010,2025-10-31T23:37:00,v1,1045.1306894764823,12,0.1748316329166047,653,2,10.891938714348164,0,0.7844036248566979,2.8190513498668666e-08,0
pred_004011,2025-10-31T23:42:00,v1,1603.1527642992503,14,0.3636437362832734,227,1,42.15197948301993,0,0.8386691556193893,1.7954827144657708e-08,0
pred_004012,2025-10-31T23:46:00,v1,736.2616852310825,14,0.0799145199916673,847,2,20.39495056249242,0,0.7876106606194467,3.846106647398489e-08,0
pred_004013,2025-11-01T00:08:00,v1,391.1163846894611,18,0.3994852259313606,671,1,0.8342167952533911,0,0.8419813787543328,6.644407178706775e-07,0
pred_004014,2025-11-01T00:12:00,v1,955.3469752009984,21,0.0460757749105211,148,2,36.73664710564427,0,0.7451780604216216,4.778020843296755e-06,0
pred_004015,2025-11-01T00:31:00,v1,2296.015698098487,9,0.0857323202391912,205,4,20.67239538620033,0,0.8500902752143601,1.325001506041598e-09,0
pred_004016,2025-11-01T00:35:00,v1,920.877605869678,9,0.1579325095786914,648,0,18.600826765250183,0,0.7435940655527126,1.717819122885673e-08,0
pred_004017,2025-11-01T00:39:00,v1,394.7625745148157,23,0.584072330987141,173,5,85.50089912685108,1,0.5643023668425529,0.4542291521139535,0
pred_004018,2025-11-01T00:40:00,v1,615.0118292003967,11,0.4413077005480433,960,1,4.203446565306453,0,0.8830392064414345,1.7143137387272454e-08,0
pred_004019,2025-11-01T00:46:00,v1,1847.8561937701447,22,0.4011012777254754,446,2,4.059771099033791,0,0.9111980298577186,6.988057017614427e-11,0
pred_004020,2025-11-01T00:46:00,v1,883.4311185113319,14,0.2098994441325745,214,2,30.377773212026685,0,0.907522788502978,8.525735049494466e-06,0
pred_004021,2025-11-01T00:49:00,v1,871.1565373653518,21,0.115534309841524,162,3,6.081353392072144,0,0.7481846303099631,1.207652850458225e-05,0
pred_004022,2025-11-01T01:01:00,v1,1212.168075826725,12,0.1870687350933836,276,0,1.2269600181312683,0,0.8896530916519705,1.642084564512657e-08,0
pred_004023,2025-11-01T01:21:00,v1,952.7724992253222,8,0.1321898434097777,395,1,17.810649882225963,0,0.8794249189512754,3.5634586119213826e-07,0
pred_004024,2025-11-01T01:40:00,v1,1652.0980976389435,8,0.3422652623561663,982,3,11.811303087954622,0,0.4679261846643328,2.0378443268040475e-10,0
pred_004025,2025-11-01T01:49:00,v1,1271.1463224533109,9,0.26775697390469,358,4,12.693385869642944,0,0.7841598396376585,1.8862096006740728e-06,0
pred_004026,2025-11-01T01:52:00,v1,1282.439058570929,13,0.0819900606189983,633,1,13.396733098488395,0,0.9870053954110553,5.538142442187986e-10,0
pred_004027,2025-11-01T02:36:00,v1,416.472425269379,8,0.1495640677312213,886,2,13.374158880064847,0,0.7042989082568664,1.0896225067656869e-06,0
pred_004028,2025-11-01T02:59:00,v1,699.6235687017975,10,0.1541347827351123,556,4,41.77510878228448,0,0.92408559375097,2.6144588529457718e-05,0
pred_004029,2025-11-01T03:13:00,v1,394.85298334481786,8,0.4764745990840123,361,2,10.20979873312904,0,0.831899741186845,0.00034308890979369624,0
pred_004030,2025-11-01T04:26:00,v1,405.1604427923303,19,0.1452810205801646,667,4,0.2227072766281567,0,0.92555409007919,6.775417711771985e-06,0
pred_004031,2025-11-01T04:51:00,v1,1704.92564845394,15,0.1913934615965312,365,0,6.0962539332151495,0,0.64583881585903,2.1888560082709247e-10,0
pred_004032,2025-11-01T04:55:00,v1,788.016255664914,9,0.1816655652941525,907,4,2.956512188443005,0,0.8546803046948597,1.7521136492952227e-07,0
pred_004033,2025-11-01T05:11:00,v1,2617.9310281559056,19,0.4052657096064117,554,0,4.680810029568294,0,0.7309122326775365,1.2949350008029201e-14,0
pred_004034,2025-11-01T05:17:00,v1,1055.839589963271,8,0.1343826515475645,61,2,14.789286296598773,0,0.8667347581937153,1.3800435101593269e-05,0
pred_004035,2025-11-01T05:20:00,v1,1158.3336222992004,13,0.2545853281471497,800,3,19.230845793933863,0,0.8341093676848864,9.400823373962708e-09,0
pred_004036,2025-11-01T05:34:00,v1,1107.5573470729532,14,0.3590003541521461,570,1,18.422542815583725,0,0.4836140872692616,5.3822173305220484e-08,0
pred_004037,2025-11-01T05:47:00,v1,483.49700112881374,9,0.1020933196624918,852,0,3.941954918683828,0,0.8930869311377246,2.4973498352812183e-08,0
pred_004038,2025-11-01T05:52:00,v1,1823.2490791774776,10,0.1977454393453712,206,1,5.225649356311426,0,0.5530696632133216,3.815032058138911e-09,0
pred_004039,2025-11-01T06:09:00,v1,482.8010732031989,15,0.4422675372415501,798,2,4.1376711069254695,0,0.7397439168768343,7.751495665967635e-07,0
pred_004040,2025-11-01T06:13:00,v1,1457.9754065055256,22,0.2175015098502683,639,3,9.981390081335428,0,0.4613779281120657,2.8937493721729184e-09,0
pred_004041,2025-11-01T06:21:00,v1,1592.8705307543848,22,0.0603186949538603,840,0,19.971558970378755,1,0.757973737058289,3.2806171019890056e-12,0
pred_004042,2025-11-01T07:59:00,v1,721.4796758763546,15,0.1238335736431228,414,3,56.91449516527868,0,0.8844308162503568,2.3484663866238245e-05,0
pred_004043,2025-11-01T08:01:00,v1,1424.7561131513426,13,0.0762472755317472,501,2,7.769274688210888,0,0.7965462845163125,3.4604171272051517e-09,0
pred_004044,2025-11-01T08:03:00,v1,588.1809741826804,18,0.0414946411246301,632,2,14.011573507887515,0,0.9105382812977012,3.0128587524702825e-07,0
pred_004045,2025-11-01T08:37:00,v1,322.7577500045839,15,0.193763028684017,544,3,8.936988718384923,0,0.7660510134098995,6.697304926816516e-05,0
pred_004046,2025-11-01T08:38:00,v1,359.34907993401333,17,0.4730007222139098,160,2,12.247168376133596,0,0.8531296963187914,0.000918622522412159,0
pred_004047,2025-11-01T08:47:00,v1,1460.7287666642535,17,0.2213632670809429,402,2,32.9061285629177,0,0.825903273119211,1.1140694298348814e-08,0
pred_004048,2025-11-01T09:06:00,v1,1810.4773962636489,14,0.0286200277125098,210,1,19.809683483206197,0,0.7242158286102314,1.259707394218853e-09,0
pred_004049,2025-11-01T09:43:00,v1,756.3915064455019,12,0.1281274046932419,34,3,13.270873382236768,0,0.9094698701981844,0.0003013197490640392,0
pred_004050,2025-11-01T09:54:00,v1,715.4609456230003,17,0.1579144617282735,585,2,9.415841288275164,0,0.7100954775709574,4.737521004653892e-07,0
pred_004051,2025-11-01T09:56:00,v1,480.8219679956943,16,0.1601840766502711,492,4,0.7459460545051716,0,0.8845037806685963,4.046882245599491e-05,0
pred_004052,2025-11-01T10:47:00,v1,829.3620466451832,11,0.1390083917139573,33,3,38.93132611069054,1,0.647550239530398,0.0030734390283395745,0
pred_004053,2025-11-01T11:05:00,v1,429.8246610783157,10,0.2154939546477093,321,0,20.388985733887058,0,0.9622572148260166,1.2346380508318549e-05,0
pred_004054,2025-11-01T11:17:00,v1,888.2862042566511,20,0.3325327849967974,564,4,12.972254923576712,0,0.9051741865842,8.312568564918718e-07,0
pred_004055,2025-11-01T11:31:00,v1,582.7189485063515,7,0.3452575708266222,393,1,3.9243403783301662,0,0.8027676864539968,1.2620277175264197e-05,0
pred_004056,2025-11-01T11:39:00,v1,716.2747580846476,13,0.1448560567088299,784,2,20.637667368170497,1,0.916163159998769,2.0237081719437329e-07,0
pred_004057,2025-11-01T11:41:00,v1,783.6459912933509,22,0.1153328642503667,954,0,5.20730175062248,0,0.8942283906414341,1.2459518724439052e-10,0
pred_004058,2025-11-01T12:28:00,v1,863.1985856687472,22,0.3170364738940436,65,1,1.7332686190390785,0,0.8893680496995365,2.5212328238759086e-06,0
pred_004059,2025-11-01T12:32:00,v1,1631.6733535153965,14,0.2540413785317113,826,2,2.9970007093434976,1,0.9555195990436456,4.3641374183540523e-11,0
pred_004060,2025-11-01T12:45:00,v1,1346.524294963404,15,0.2353074066503717,704,5,6.957221908901629,0,0.6613919510512326,4.985456477006588e-08,0
pred_004061,2025-11-01T13:49:00,v1,925.9324838408652,12,0.3829546241806197,960,1,5.703214741576622,0,0.5348353354877771,3.6848733347453094e-09,0
pred_004062,2025-11-01T14:59:00,v1,634.1218612280927,16,0.2825136693114989,729,2,14.094323786219066,0,0.904470425238609,1.9718224707455406e-07,0
pred_004063,2025-11-01T15:09:00,v1,1180.9328846062306,22,0.3990936973693498,330,3,7.765752545945133,1,0.8297487967512036,6.776548438537057e-07,0
pred_004064,2025-11-01T16:34:00,v1,819.1915260267549,20,0.0957398964101158,180,0,11.17862685282908,0,0.9233216398324888,3.178548206910004e-07,0
pred_004065,2025-11-01T16:46:00,v1,914.4207356702152,16,0.2299136128433781,610,1,26.564649970877817,0,0.6450832084855919,6.749930500671983e-08,0
pred_004066,2025-11-01T16:57:00,v1,1490.051642144521,9,0.2401035170433069,800,3,23.64788328725872,0,0.6377397149401739,2.514128598678725e-09,0
pred_004067,2025-11-01T17:11:00,v1,538.0781377998503,10,0.2204416874998674,268,4,76.39706817772228,0,0.9179636907788888,0.006294587503371709,0
pred_004068,2025-11-01T17:48:00,v1,883.6932873944778,11,0.1281486557707519,113,1,12.287846029832464,0,0.9300885117373756,4.840539004031276e-06,0
pred_004069,2025-11-01T18:24:00,v1,1949.449726230232,13,0.3469716725659114,44,0,8.270090912460326,0,0.633387514024451,1.6934167641044849e-09,0
pred_004070,2025-11-01T18:28:00,v1,825.7873865857963,14,0.3491477307977237,549,1,2.1870417841135663,0,0.9238930930440482,8.070848403736107e-08,0
pred_004071,2025-11-01T18:55:00,v1,1052.3200738215362,7,0.2037632997442574,171,2,29.54139903444055,0,0.609886342773088,2.55918843527004e-05,0
pred_004072,2025-11-01T19:04:00,v1,763.292150762154,15,0.0814961023839762,130,3,20.568598356257024,0,0.7166969660687842,0.0001549963494908095,0
pred_004073,2025-11-01T19:11:00,v1,1385.4583567175362,11,0.0875575000386185,985,1,13.493024902171555,0,0.8261054507105728,1.6584323446833487e-11,0
pred_004074,2025-11-01T19:27:00,v1,173.36462934918018,23,0.4678868525487657,37,7,95.09940093349812,1,0.2101122351861816,0.998641434413572,1
pred_004075,2025-11-01T19:44:00,v1,1116.7195259667712,20,0.4259374979865201,544,3,14.110444891657682,0,0.798494909326713,9.447943401411125e-08,0
pred_004076,2025-11-01T19:48:00,v1,283.4944558430166,17,0.2513744982940535,546,2,36.8973755019796,0,0.6505290168285054,8.757887624262163e-05,0
pred_004077,2025-11-01T19:55:00,v1,521.9941303827942,10,0.2367790879182633,376,4,24.578488487613942,0,0.7138321493071327,0.0010478110630701238,0
pred_004078,2025-11-01T20:24:00,v1,2446.249765092359,7,0.055319351187651,275,2,10.838973490465424,0,0.7752647488887591,2.2105647937134933e-11,0
pred_004079,2025-11-01T20:37:00,v1,753.8789771223862,11,0.2317373945837742,365,0,27.738312555546585,0,0.8869034407682077,8.36497534916754e-07,0
pred_004080,2025-11-01T20:47:00,v1,667.9832325223813,17,0.1564075136922413,620,0,2.0163512806565795,0,0.5674695975253895,6.232737440183465e-08,0
pred_004081,2025-11-01T21:10:00,v1,2357.903977215643,19,0.2433432380062305,270,2,82.75527800334608,0,0.7633495215507069,1.3101675382592072e-10,0
pred_004082,2025-11-01T21:16:00,v1,1109.563105683734,9,0.103170994720262,809,1,8.995319996151263,0,0.6651718628528348,1.9980734916659243e-09,0
pred_004083,2025-11-01T21:27:00,v1,730.2180249256295,20,0.0550423591623684,148,2,13.931815482697392,1,0.8416379018352614,3.366774712998291e-05,0
pred_004084,2025-11-01T21:32:00,v1,1279.415057470726,16,0.4632771111321759,642,0,5.683252315181,0,0.9635262862100382,2.350741241171532e-10,0
pred_004085,2025-11-01T22:29:00,v1,1415.974767491861,8,0.1475230918358095,530,4,9.629287935332064,0,0.7966583920535255,7.56097411370702e-08,0
pred_004086,2025-11-01T22:34:00,v1,1399.242706659033,22,0.465776097031283,896,1,8.648542654779222,0,0.9276173729681184,1.1493998683766175e-11,0
pred_004087,2025-11-02T00:06:00,v1,557.8337196743074,8,0.5943668403978443,106,3,19.760442691748416,0,0.8455736958843233,0.006593909822770731,0
pred_004088,2025-11-02T01:01:00,v1,1711.9850818245689,17,0.3170574588297414,846,0,8.357979267134322,0,0.9650995390820216,5.682311869915311e-13,0
pred_004089,2025-11-02T01:32:00,v1,542.8678547809578,10,0.3518673782684279,946,3,17.24758798641695,0,0.9568404870674504,3.909127533773337e-07,0
pred_004090,2025-11-02T01:40:00,v1,1047.128634753118,21,0.254122812638605,678,1,16.67724862193659,0,0.8566525726980456,2.0420711639235943e-09,0
pred_004091,2025-11-02T01:59:00,v1,1261.398497591262,9,0.0527815997628116,539,3,17.445877540835756,0,0.8932180796203754,4.636613542981808e-08,0
pred_004092,2025-11-02T05:20:00,v1,1317.6123618662214,18,0.0990153675680393,545,2,2.3905998247562037,0,0.7295215869300805,2.9233894775052526e-09,0
pred_004093,2025-11-02T05:45:00,v1,1437.138938553347,15,0.136559962517243,531,2,6.830504736930477,0,0.6795328453274382,2.9714796895583317e-09,0
pred_004094,2025-11-02T06:17:00,v1,972.3717681872712,21,0.113412096437268,816,2,9.721694945626853,0,0.7110876085054035,2.8445264549023645e-09,0
pred_004095,2025-11-02T06:47:00,v1,2051.43776906512,20,0.1158424664237713,791,6,8.819151734420437,0,0.9332768324576812,3.0436405434209844e-11,0
pred_004096,2025-11-02T06:50:00,v1,1564.6494210834733,8,0.0541550043807423,522,3,56.01777875574105,0,0.8341926356110835,2.2096524287152616e-08,0
pred_004097,2025-11-02T06:58:00,v1,801.7937342209005,20,0.0965517433245831,454,2,15.68567157118695,0,0.7877373132111811,4.4724050323762096e-07,0
pred_004098,2025-11-02T07:29:00,v1,969.1364028295458,17,0.526231622502282,578,2,2.8980613469939396,0,0.8147039323911058,9.231122423351558e-08,0
pred_004099,2025-11-02T07:42:00,v1,923.3158161542464,21,0.3704113503625962,689,1,12.371703786924575,0,0.794595175675868,7.361836878059297e-09,0
pred_004100,2025-11-02T07:43:00,v1,1748.7902184111767,9,0.1277639921235936,581,2,20.08534929673725,0,0.94116257185437,1.964437250869413e-10,0
pred_004101,2025-11-02T08:05:00,v1,841.3069682709504,18,0.1190811682284978,315,1,18.16538926414882,0,0.8608387492841566,4.826283078046032e-07,0
pred_004102,2025-11-02T08:05:00,v1,862.1036505662856,19,0.2023705112586229,976,1,7.516359918616341,0,0.596428727938007,1.019877124686186e-09,0
pred_004103,2025-11-02T08:32:00,v1,671.9857304495454,11,0.1566808709667932,428,1,11.27830740976134,0,0.6353507145593521,3.382326766845324e-06,0
pred_004104,2025-11-02T08:46:00,v1,1327.1108908349452,16,0.1415129728672812,867,2,4.340329963871427,0,0.6765167363007573,2.0097392921484418e-10,0
pred_004105,2025-11-02T09:02:00,v1,2196.030841863307,10,0.3574427204233364,599,2,4.469309198141624,0,0.8591205081933754,5.476219375674205e-12,0
pred_004106,2025-11-02T09:21:00,v1,1300.082521437008,19,0.0365690094180699,297,1,1.5052059040056702,0,0.923501494400814,4.589513873602759e-09,0
pred_004107,2025-11-02T09:26:00,v1,1209.561087400813,12,0.2716097493166514,652,2,18.815899128263037,0,0.6367332402455421,2.0685238846766197e-08,0
pred_004108,2025-11-02T09:46:00,v1,705.2500299379178,11,0.1932397343530563,149,2,0.4504382122928704,0,0.9429149765946168,3.620434275804252e-05,0
pred_004109,2025-11-02T10:22:00,v1,748.682538176876,19,0.3737463602472213,656,9,43.49625084894815,0,0.8972844371384,0.0012072864669908207,0
pred_004110,2025-11-02T10:52:00,v1,1341.4872475666734,22,0.1290193467351457,214,2,47.16878848848741,0,0.7240946138786368,1.6792518780240464e-07,0
pred_004111,2025-11-02T11:07:00,v1,579.7927725915829,19,0.1269714316542831,109,5,17.93281725267607,1,0.7799325849204741,0.011004009230312934,0
pred_004112,2025-11-02T11:13:00,v1,916.1016323072884,9,0.3064892891816153,523,0,64.50174362620552,0,0.8786484232020807,2.3660933616571265e-07,0
pred_004113,2025-11-02T11:24:00,v1,1162.4239939695576,7,0.1087290870921104,445,4,4.48116668734308,0,0.979414121066899,6.543673630036003e-07,0
pred_004114,2025-11-02T11:35:00,v1,1708.1884171874922,11,0.1247258928344808,758,2,16.53483708757622,0,0.6913586959894225,7.433345942577593e-11,0
pred_004115,2025-11-02T11:37:00,v1,695.2508213089302,11,0.170738619696528,644,1,2.3501574345466367,1,0.7166312329389755,5.063853434280808e-07,0
pred_004116,2025-11-02T12:05:00,v1,1757.8982366850707,19,0.3871561183424547,888,0,0.44965556927307,0,0.9584545100250904,1.8301724057956637e-13,0
pred_004117,2025-11-02T12:21:00,v1,1247.9078677741704,22,0.2049986079580792,622,1,12.380459098902683,0,0.541691762032584,1.4390796056374353e-09,0
pred_004118,2025-11-02T12:46:00,v1,819.3957182715351,13,0.0757220976122385,213,0,3.673558375880452,0,0.9453190939117374,4.386249198469806e-07,0
pred_004119,2025-11-02T13:30:00,v1,1291.974769427196,11,0.0964872378069569,335,2,10.5008019257864,0,0.7635347802805095,9.413060610375506e-08,0
pred_004120,2025-11-02T13:47:00,v1,504.8110409456642,15,0.2039011637443621,47,1,12.10935873921213,0,0.9574878590768312,0.0001262196083903523,0
pred_004121,2025-11-02T14:51:00,v1,521.5308105911457,19,0.4436209108347909,344,1,10.06608332842012,0,0.637683236126521,1.664471876962179e-05,0
pred_004122,2025-11-02T15:16:00,v1,1211.4201033655704,7,0.26684677447247,999,1,15.43553098930997,0,0.5883273178061764,4.1793276764849577e-10,0
pred_004123,2025-11-02T15:16:00,v1,1017.2012730347424,14,0.1949718271056734,496,2,6.126920139764669,0,0.901511276899689,7.703835344782063e-08,0
pred_004124,2025-11-02T15:17:00,v1,501.4492216159286,13,0.1416851752150441,174,2,18.89183047843537,0,0.9171240346534708,0.0001888016821469048,0
pred_004125,2025-11-02T15:20:00,v1,508.81115542509673,14,0.4201410629697704,73,4,12.456609022165123,0,0.624231712768672,0.020493479488933024,0
pred_004126,2025-11-02T15:20:00,v1,1333.2930718018058,21,0.0061984502237685,466,3,2.0615175859270956,0,0.7831108093325247,7.66014646348323e-09,0
pred_004127,2025-11-02T15:39:00,v1,658.8279469322181,14,0.2631669248838008,109,4,14.603878254639278,0,0.8218960342378423,0.0015123113303726692,0
pred_004128,2025-11-02T15:57:00,v1,785.74936635546,9,0.0816460057779804,701,3,31.13804037446714,1,0.8164762371195212,2.578085489385588e-06,0
pred_004129,2025-11-02T16:21:00,v1,653.1088110054723,14,0.0824041114050089,308,1,13.444953863249753,0,0.6038862234559992,8.474671416271109e-06,0
pred_004130,2025-11-02T16:42:00,v1,882.4948366977742,10,0.3474518938328247,420,2,1.7718019172012935,0,0.7507064971214042,1.9663135662400017e-06,0
pred_004131,2025-11-02T16:55:00,v1,1568.6120273914446,17,0.1372531096735925,735,0,6.1763746777285915,0,0.5995555354937524,1.2236553620847511e-11,0
pred_004132,2025-11-02T17:00:00,v1,273.47649471884193,16,0.1522598224934759,670,6,7.541922953981707,0,0.6424610591308508,0.0010829851981553214,0
pred_004133,2025-11-02T17:34:00,v1,2100.052678884057,20,0.3129670374362259,487,0,23.347053616467345,0,0.8347855373716297,1.460609491568157e-12,0
pred_004134,2025-11-02T17:48:00,v1,2271.9599125270806,12,0.2412807187357538,273,1,9.40406546447678,0,0.7732774427974762,2.1659616189459497e-11,0
pred_004135,2025-11-02T17:56:00,v1,339.4592402711797,5,0.8518585735361417,110,4,151.05814758799545,1,0.3750468815178809,0.9968339326904637,1
pred_004136,2025-11-02T18:01:00,v1,914.3534350038874,20,0.2208872043880735,995,3,2.0242869458098265,0,0.9224045043670804,1.3575753678082607e-09,0
pred_004137,2025-11-02T18:03:00,v1,678.3395527285884,15,0.0803793519231813,762,1,9.80593531049934,0,0.6474806898862662,4.642354812618046e-08,0
pred_004138,2025-11-02T18:27:00,v1,331.69990738346814,20,0.2379869637049849,865,4,23.757372809376857,0,0.8982857239303008,4.192846138570621e-06,0
pred_004139,2025-11-02T18:27:00,v1,1105.509053041833,8,0.3372807114058463,645,2,13.54921516171931,0,0.793882449087911,5.312644688606495e-08,0
pred_004140,2025-11-02T19:18:00,v1,617.6551272771295,18,0.2422092779491023,781,4,20.04054062688418,0,0.933140636193548,1.0123011612208762e-06,0
pred_004141,2025-11-02T19:51:00,v1,608.1693995995525,8,0.0791315339629525,108,1,12.619784890079677,0,0.5551691982761391,0.0002535590856585914,0
pred_004142,2025-11-02T20:15:00,v1,476.0537624808842,22,0.2846415170454195,647,3,1.597651921980605,0,0.8957867775071062,1.5455201227475286e-06,0
pred_004143,2025-11-02T20:27:00,v1,829.9128240035851,10,0.2053799297833683,499,4,49.74592667103119,0,0.9475844713539064,2.1567066328227577e-05,0
pred_004144,2025-11-02T20:36:00,v1,1079.562227120398,11,0.0693612708041425,97,6,1.0775816328831258,1,0.7314499205740813,0.001339671026853474,0
pred_004145,2025-11-02T20:39:00,v1,1836.0209699786428,19,0.2126251521384651,314,3,24.95083605051221,0,0.900562864161847,1.7877568182456491e-09,0
pred_004146,2025-11-02T20:43:00,v1,1354.7399239752026,18,0.3615988082562427,270,2,20.499906739952053,0,0.6679476285595283,1.4798113592006155e-07,0
pred_004147,2025-11-02T20:44:00,v1,300.24791564371395,3,0.5426214798477815,147,8,58.487774333538844,0,0.0674232372765147,0.999173591565776,1
pred_004148,2025-11-02T20:55:00,v1,1219.2775082429566,17,0.1592185770127114,856,1,0.0639343991670558,0,0.8256650100152557,7.806293384830636e-11,0
pred_004149,2025-11-02T21:14:00,v1,846.7005676969732,7,0.1332490804402819,946,3,10.506662936438904,0,0.8896393171893869,3.004848028990155e-08,0
pred_004150,2025-11-02T21:27:00,v1,829.2952334384928,14,0.0514943534490927,73,3,12.139207710470028,0,0.6951712134696749,0.00014328371539039828,0
pred_004151,2025-11-02T21:35:00,v1,306.5196528462142,17,0.1246553471584163,931,3,18.211378681513413,0,0.8062242052616472,1.1146976224572152e-06,0
pred_004152,2025-11-02T22:15:00,v1,1187.1546097730643,10,0.0244444698645915,826,1,20.4537884051796,1,0.949534825926594,8.908451199007968e-10,0
pred_004153,2025-11-02T22:23:00,v1,2088.7445767019653,14,0.3921934388794591,424,2,0.6642824687313368,0,0.6931791273968435,7.531442434985219e-11,0
pred_004154,2025-11-02T22:25:00,v1,687.3745819784617,15,0.1063077423088381,57,1,3.885010477642951,0,0.9788614213198068,1.441901786597737e-05,0
pred_004155,2025-11-02T23:33:00,v1,1253.8115523341196,17,0.0740302212892732,867,6,17.129886170318347,0,0.5708766989105613,6.196321198633625e-08,0
pred_004156,2025-11-02T23:36:00,v1,846.8206507120632,12,0.0989193937926343,170,4,60.22083707982666,0,0.7654864334506054,0.0007858560667020145,0
pred_004157,2025-11-02T23:49:00,v1,1500.1873170683962,18,0.1408481570363413,749,1,48.77526832304424,1,0.819327323814938,2.433772060424231e-10,0
pred_004158,2025-11-03T00:35:00,v1,381.85744261589525,16,0.0955815071179092,117,2,10.960994434040924,1,0.9438399465067606,0.000988467916231363,0
pred_004159,2025-11-03T00:49:00,v1,1716.4201163992032,21,0.1762940157544782,822,1,20.616280216912273,0,0.6164976853926382,4.46267600035029e-12,0
pred_004160,2025-11-03T00:49:00,v1,603.1798037649316,16,0.1437555665454116,993,9,4.563482897301628,0,0.8021164914429921,4.763718780630517e-05,0
pred_004161,2025-11-03T01:45:00,v1,548.5285831635391,19,0.213339517579718,557,3,3.5306013381820645,0,0.9408039876416764,2.477955616512837e-06,0
pred_004162,2025-11-03T02:52:00,v1,759.1700412862978,16,0.4407479560598031,446,1,16.28930566924176,0,0.8349687097490694,7.895404421545712e-07,0
pred_004163,2025-11-03T03:40:00,v1,448.8306991448744,11,0.2122741528649726,132,4,74.84288374916383,0,0.902779804021993,0.042195694204893046,0
pred_004164,2025-11-03T04:48:00,v1,1833.1202116317083,11,0.0393621092560968,935,0,0.3718060525313242,0,0.8530329982980297,1.1863438153724574e-13,0
pred_004165,2025-11-03T05:10:00,v1,1109.312968219231,19,0.1137424781078172,451,2,16.7491172382172,1,0.9370002602438376,7.506986053669378e-08,0
pred_004166,2025-11-03T05:11:00,v1,537.8941939364864,17,0.1268253677517405,457,0,14.028666439493518,0,0.915158513663103,3.6248137970512907e-07,0
pred_004167,2025-11-03T05:11:00,v1,1252.751726816895,19,0.1464024851548723,453,3,5.0683498182021545,0,0.8682813456826363,2.6079524525778e-08,0
pred_004168,2025-11-03T05:15:00,v1,993.7613126809553,9,0.0836296201462538,658,1,16.551558116591384,0,0.7861025652001672,1.8407937446376958e-08,0
pred_004169,2025-11-03T05:31:00,v1,1116.7057316352314,12,0.2625421312909225,792,1,7.164797434350998,0,0.8585939209690296,1.026515750030775e-09,0
pred_004170,2025-11-03T05:33:00,v1,2147.331372182435,11,0.2568304208616472,909,2,1.0249449804828867,0,0.8505162939679608,2.210700153340873e-13,0
pred_004171,2025-11-03T06:08:00,v1,328.76315503454,22,0.7776664497877483,12,7,26.252528033476064,1,0.3026940823387556,0.9828643243192889,1
pred_004172,2025-11-03T06:08:00,v1,804.3359218459788,17,0.5447312490998993,67,3,18.303056042682233,0,0.6809114955935712,0.0005392650569041841,0
pred_004173,2025-11-03T06:11:00,v1,932.8825176499748,17,0.1300552204457628,160,1,46.86590542702085,0,0.9217740421031444,2.5527930196242723e-06,0
pred_004174,2025-11-03T06:40:00,v1,1177.935768571451,15,0.285607279798737,339,1,19.245746741861637,0,0.9645912142471688,4.114170624670949e-08,0
pred_004175,2025-11-03T07:11:00,v1,954.4816394893244,14,0.2442906894591782,247,2,22.52485022742112,0,0.7642659681015523,4.886527172852672e-06,0
pred_004176,2025-11-03T07:28:00,v1,587.1724057037814,9,0.4282883114646199,725,1,25.901861524938056,0,0.7396378502269826,9.777580569273044e-07,0
pred_004177,2025-11-03T07:48:00,v1,1120.201388470475,11,0.297314957244272,112,0,16.273343402652507,0,0.910942618419693,4.1209335119336906e-07,0
pred_004178,2025-11-03T07:58:00,v1,491.5113946517023,16,0.2183485612236516,649,1,15.444603893822716,0,0.9154988307148784,3.7390471865544685e-07,0
pred_004179,2025-11-03T08:26:00,v1,1104.2427991137251,13,0.3650657932547326,356,5,14.517166555332084,0,0.9745359624824,9.258894030606383e-06,0
pred_004180,2025-11-03T09:14:00,v1,913.921981776342,15,0.3430864957143645,437,1,0.8630309059650036,0,0.7376659013447789,1.9366320772036556e-07,0
pred_004181,2025-11-03T09:28:00,v1,548.7194061093124,7,0.3985602668838703,992,1,1.154991717359424,0,0.7619582707962994,4.798178595044301e-08,0
pred_004182,2025-11-03T10:19:00,v1,474.2016437602416,22,0.3462872082248899,165,6,156.13315360840284,0,0.3337499478983222,0.8782134279525934,1
pred_004183,2025-11-03T10:41:00,v1,796.4864142237802,7,0.4718675974976854,550,2,7.978357044273594,0,0.7774510020459711,2.5004639100787272e-06,0
pred_004184,2025-11-03T10:53:00,v1,1016.4974619425992,16,0.0486807065998528,32,1,9.336546326836965,0,0.5055718469275743,6.091583254053989e-06,0
pred_004185,2025-11-03T10:55:00,v1,327.2698486439347,23,0.4783818389234167,87,10,5.8202830940460775,0,0.0259063804067481,0.9948074385596721,1
pred_004186,2025-11-03T11:51:00,v1,521.8875573184674,11,0.1532603195667911,662,1,0.9977700296194788,0,0.9688747257878636,2.3696406598338109e-07,0
pred_004187,2025-11-03T12:03:00,v1,994.6080995257032,8,0.5213429502792385,583,4,32.364747295405415,0,0.7837842400246601,7.5557014980892405e-06,0
pred_004188,2025-11-03T12:25:00,v1,3110.099608982736,22,0.1543763363030467,336,0,25.69723517804782,0,0.7618648660015527,1.241142245740726e-15,0
pred_004189,2025-11-03T12:37:00,v1,765.6272767583365,12,0.1556258802178604,655,2,24.744604153884325,0,0.6524764429536927,6.328701064021423e-07,0
pred_004190,2025-11-03T13:16:00,v1,1127.0175622142424,18,0.0852580948448468,228,2,2.1448771827450677,0,0.7602268486419343,2.90882355015875e-07,0
pred_004191,2025-11-03T13:35:00,v1,1318.8140138371289,16,0.3867465598264661,161,0,12.150307123665922,0,0.80469453447941,3.882013588580834e-08,0
pred_004192,2025-11-03T13:48:00,v1,1252.3017906856835,22,0.2189019272223149,688,1,20.57585849527947,1,0.6053292519194073,2.0698614286367237e-09,0
pred_004193,2025-11-03T13:56:00,v1,523.3282184351015,12,0.0972150647894717,707,2,6.576890126995798,0,0.9393629916033336,4.741646444039404e-07,0
pred_004194,2025-11-03T14:06:00,v1,973.2461973194067,19,0.3487877009934133,702,1,58.855338265218066,0,0.7827389461044256,2.4086217518724067e-08,0
pred_004195,2025-11-03T14:13:00,v1,353.004619679678,7,0.4255115399870595,291,3,1.0221744654296436,0,0.8563415572193965,0.0021986222833946423,0
pred_004196,2025-11-03T14:13:00,v1,700.1223018201582,10,0.4089076753922708,408,2,32.598731929624016,1,0.758269256776668,7.936477171100893e-05,0
pred_004197,2025-11-03T14:30:00,v1,951.5054922526932,14,0.2707771733497122,958,3,17.41130490478876,0,0.8928923576054246,7.106936641338063e-09,0
pred_004198,2025-11-03T14:42:00,v1,1049.0852330957284,12,0.3046925301648995,587,3,7.407169319423353,0,0.9640360274357264,1.1241082720490211e-07,0
pred_004199,2025-11-03T14:46:00,v1,1197.5954556447305,19,0.2285797824453118,535,1,5.4141339404387105,0,0.8071518880695244,2.674409120531393e-09,0
pred_004200,2025-11-03T14:57:00,v1,1376.1269170144203,20,0.2025929288211863,340,2,7.76687578723127,0,0.9155426592167092,8.493202722800088e-09,0
pred_004201,2025-11-03T15:16:00,v1,657.8426104025762,22,0.2156896551555083,847,4,10.070332540603571,0,0.9702147684036808,1.2568100712347165e-07,0
pred_004202,2025-11-03T15:17:00,v1,897.0942682343654,20,0.1143335048164486,748,2,10.055195225426456,0,0.9350823351183476,5.490127489346488e-09,0
pred_004203,2025-11-03T15:48:00,v1,742.5436070029047,17,0.1026180411433997,644,4,14.16843580156639,0,0.8860255645333831,1.1651458112598857e-06,0
pred_004204,2025-11-03T15:59:00,v1,1340.4972497110434,21,0.213142756489148,939,2,13.248338382145503,0,0.8822051732179436,3.192107669914222e-11,0
pred_004205,2025-11-03T16:40:00,v1,986.5122822088348,7,0.4724652319380383,144,2,9.767967876526106,0,0.972052033002834,1.6883899242810427e-05,0
pred_004206,2025-11-03T16:48:00,v1,1251.1833566852065,7,0.233774409391593,857,1,9.483350454812964,0,0.697183681730204,6.558233940737443e-10,0
pred_004207,2025-11-03T16:54:00,v1,3095.4716883814017,12,0.1360832750313952,663,1,2.4543509062589832,1,0.759690778628215,9.06903603562528e-16,0
pred_004208,2025-11-03T17:06:00,v1,696.0788153392973,8,0.2427359785179238,173,0,36.757130410319775,0,0.8899180288199582,1.9389706028139374e-05,0
pred_004209,2025-11-03T17:16:00,v1,63.03094744600131,3,0.8044872956269368,152,11,606.3046171995369,1,0.2015686526871673,0.9999999999999538,1
pred_004210,2025-11-03T17:22:00,v1,2740.978588599841,14,0.3009277319860083,500,1,23.47481404142561,0,0.6914137280700144,8.648669140483177e-14,0
pred_004211,2025-11-03T17:47:00,v1,1089.4080964398436,7,0.2316455391396429,57,3,1.9207576462895024,0,0.9016103221491654,3.0850858741437576e-05,0
pred_004212,2025-11-03T17:55:00,v1,966.198129721262,16,0.3237061359187518,896,2,0.0700475555838869,0,0.6497793262263049,4.3553889786326285e-09,0
pred_004213,2025-11-03T18:15:00,v1,699.8488625513241,12,0.0848684978079479,895,3,8.720929680640563,0,0.8963248714162646,6.559791216714291e-08,0
pred_004214,2025-11-03T20:39:00,v1,568.5082423541573,22,0.1936297564912174,216,3,8.501676809947455,0,0.8853608591663539,5.7472160535316284e-05,0
pred_004215,2025-11-03T20:55:00,v1,825.6778828571869,12,0.3386961266679035,658,0,5.836983999562618,0,0.606927659017105,3.785799917806004e-08,0
pred_004216,2025-11-03T21:36:00,v1,1606.337341357545,11,0.404990330760339,30,4,1.2160667318308025,0,0.9582237158936572,1.3387937351322992e-06,0
pred_004217,2025-11-03T21:38:00,v1,845.6830020852425,14,0.211700308397533,826,2,40.86380385948915,0,0.7932717301271774,5.0467436433907084e-08,0
pred_004218,2025-11-03T22:18:00,v1,809.9624658378897,17,0.2046579458079483,154,2,58.83328014316352,0,0.9888064153081508,3.281981373640098e-05,0
pred_004219,2025-11-03T22:32:00,v1,1480.6750856614988,15,0.118972493239954,166,4,10.215222709133744,1,0.7816970642233207,1.7260423658953334e-06,0
pred_004220,2025-11-03T23:10:00,v1,882.8930955090127,15,0.1856313939232039,987,3,0.8645313716171938,1,0.8122602996647666,1.4036906506207824e-08,0
pred_004221,2025-11-03T23:12:00,v1,871.5899956020115,11,0.1051157349510712,792,0,36.188463726867866,0,0.8600471355422528,4.467270183149896e-09,0
pred_004222,2025-11-03T23:30:00,v1,673.9898492517937,9,0.070363446765449,205,2,67.48304657481367,0,0.7948326645168946,0.00035418304606462287,0
pred_004223,2025-11-03T23:37:00,v1,1042.7691485866385,20,0.234547868983682,775,3,5.596095044665004,0,0.9084220944786696,5.338533546398811e-09,0
pred_004224,2025-11-03T23:39:00,v1,242.98000298271197,2,0.7832770666943188,147,9,220.3459451024149,0,0.3280567916385466,0.9999987489078777,1
pred_004225,2025-11-04T00:48:00,v1,1391.020164384528,12,0.0816680373861279,293,3,11.931072270308112,0,0.8617609503727708,1.2649258029903726e-07,0
pred_004226,2025-11-04T00:51:00,v1,70.20388772306512,4,0.5875257925580899,116,7,401.38756581580714,0,0.224061996041686,0.9999999873278423,1
pred_004227,2025-11-04T01:40:00,v1,521.3509099224016,17,0.0617100314391885,300,1,40.891918476991506,0,0.7609217700128416,2.2063235027917018e-05,0
pred_004228,2025-11-04T02:42:00,v1,567.6363926141353,9,0.4386362794059631,580,2,16.129461997332992,0,0.8616215432251287,7.811709963446155e-06,0
pred_004229,2025-11-04T02:47:00,v1,1597.041575240064,17,0.3182732319913877,253,4,7.195317696308731,0,0.8843764009983719,7.982480165534876e-08,0
pred_004230,2025-11-04T02:54:00,v1,1120.4075676619295,12,0.2289717372240029,346,5,9.51093436358127,0,0.7780475965207837,1.2686023579355647e-05,0
pred_004231,2025-11-04T03:22:00,v1,134.12103162447903,23,0.6487411577874431,16,14,104.07776175092776,0,0.1767428607274619,0.9999997422195274,1
pred_004232,2025-11-04T03:50:00,v1,1348.784567069071,12,0.1923488668919717,330,4,37.553137907161954,0,0.7788308083750729,1.56368380862482e-06,0
pred_004233,2025-11-04T03:56:00,v1,663.6253934636898,13,0.1447420825313383,696,2,35.99710102811043,0,0.9383023586659064,4.126743704601998e-07,0
pred_004234,2025-11-04T04:21:00,v1,958.7592663919432,15,0.1244485982416944,962,1,39.52962698305728,0,0.6711047610370806,1.6249585938463415e-09,0
pred_004235,2025-11-04T04:29:00,v1,888.623637631089,11,0.200009924184775,457,0,26.0773691792353,0,0.8354109239574488,1.160598379133791e-07,0
pred_004236,2025-11-04T04:43:00,v1,1009.3881259497238,16,0.0652532729959732,266,2,50.95673226247394,0,0.9652731080877928,1.4407742540001006e-06,0
pred_004237,2025-11-04T04:49:00,v1,371.1155980859257,9,0.1093574251302095,905,2,8.16837703775598,0,0.8395314591070426,5.328817126046464e-07,0
pred_004238,2025-11-04T04:52:00,v1,1211.0463750860115,19,0.0746152849002558,32,1,6.505878315489147,0,0.9015207390039444,1.9146591844801645e-07,0
pred_004239,2025-11-04T05:19:00,v1,1516.5022617528898,21,0.1000484145483255,98,3,3.5492486925597917,0,0.841994107020449,7.60378808859018e-08,0
pred_004240,2025-11-04T05:22:00,v1,478.6136263497008,19,0.1431706518348679,379,3,3.0092843224661356,0,0.8356707291890274,3.164162554132731e-05,0
pred_004241,2025-11-04T06:05:00,v1,704.287116187956,20,0.2223169823919186,582,3,41.15488411072396,0,0.8814347150348855,1.904958762894246e-06,0
pred_004242,2025-11-04T06:17:00,v1,1011.0988606823277,20,0.4434545864031711,314,2,24.46098292022149,0,0.9276843437548956,6.428715883784311e-07,0
pred_004243,2025-11-04T06:30:00,v1,458.7899983148406,11,0.0775502125548013,45,2,3.2965458806577925,1,0.9544648552598904,0.0016379520550858576,0
pred_004244,2025-11-04T07:04:00,v1,1082.2587346693504,18,0.0937437578774048,525,1,0.5276096557919094,0,0.964226862395342,3.0455220337281533e-09,0
pred_004245,2025-11-04T08:00:00,v1,1056.0722121736026,12,0.0139575461763064,770,3,3.3822123704587432,0,0.81949896353177,1.1816405521417845e-08,0
pred_004246,2025-11-04T08:07:00,v1,623.0977871729982,7,0.0701855968356317,916,1,4.5785656443256375,0,0.9416156500655158,1.4288587502700391e-08,0
pred_004247,2025-11-04T08:08:00,v1,1370.358255808203,14,0.40803342652573,976,4,28.920449328810797,0,0.8792725781785804,1.3369156673146325e-09,0
pred_004248,2025-11-04T08:26:00,v1,594.893587238422,14,0.0091136874455364,782,1,0.0014035054495416,0,0.9802543943495358,1.6217337732207398e-08,0
pred_004249,2025-11-04T08:47:00,v1,491.5156545539419,17,0.1799790142506438,224,3,37.44549615000257,0,0.9098830322349504,0.0004473363136951219,0
pred_004250,2025-11-04T08:49:00,v1,314.41076580992336,9,0.1290360684829741,649,1,30.571808561519216,0,0.6418663995780594,1.4882963929802552e-05,0
pred_004251,2025-11-04T09:30:00,v1,1522.234587518539,8,0.4435991532275622,458,2,59.80979238673307,0,0.9816231252566128,3.3140511228492185e-08,0
pred_004252,2025-11-04T09:31:00,v1,811.4604658204087,7,0.2780536034021447,657,6,7.232824376559008,0,0.955328306812558,2.54838573866019e-05,0
pred_004253,2025-11-04T09:34:00,v1,1927.4116419707884,9,0.3601700115219872,415,2,11.127260215969732,0,0.8008960840713691,5.525127816946687e-10,0
pred_004254,2025-11-04T10:32:00,v1,915.874232274872,22,0.0794985895463854,994,2,5.2220177988463234,0,0.9142431853659048,2.4945700898608533e-10,0
pred_004255,2025-11-04T10:43:00,v1,740.422734384075,12,0.1541342605963405,557,2,6.048951900503695,0,0.8398607285052199,5.958479331431912e-07,0
pred_004256,2025-11-04T11:42:00,v1,1919.818346734896,17,0.2080120918132694,658,2,12.281495548056451,0,0.6142329870450615,2.163581001598207e-11,0
pred_004257,2025-11-04T11:49:00,v1,1009.2088357195034,8,0.5217507154880744,982,4,3.468947303849712,0,0.8117601563196459,4.4138353848778e-08,0
pred_004258,2025-11-04T12:22:00,v1,2898.855426041859,14,0.0236231637485738,399,1,1.020283055979072,0,0.8764710417045932,8.387241134945878e-15,0
pred_004259,2025-11-04T12:54:00,v1,1662.434424631342,11,0.1412793295824043,609,1,3.0573940685333096,0,0.9099441717518568,4.7374203105508926e-11,0
pred_004260,2025-11-04T13:00:00,v1,414.3518592175432,11,0.1650307665484168,85,1,3.5554187145492135,0,0.7098155636950112,0.0005415818226422385,0
pred_004261,2025-11-04T13:02:00,v1,302.2584682904228,9,0.0313026552496192,767,1,0.0158800268277936,0,0.9435468646415306,5.124493668000243e-07,0
pred_004262,2025-11-04T13:27:00,v1,1179.768233297904,16,0.1839763856741315,669,3,7.92258066555535,0,0.8377277879088968,1.1098880053494035e-08,0
pred_004263,2025-11-04T13:41:00,v1,1225.6305409296265,8,0.2447615004422585,436,1,7.786392215529752,0,0.9361391749309615,2.0297042076204573e-08,0
pred_004264,2025-11-04T13:57:00,v1,1830.371359539984,21,0.244185034340356,293,3,7.056893775213123,1,0.8430633092006797,3.5965232289882767e-09,0
pred_004265,2025-11-04T14:47:00,v1,608.2743957132255,22,0.3041073978953072,83,4,24.695432411035295,0,0.9015436055084314,0.0010581308110101722,0
pred_004266,2025-11-04T14:57:00,v1,277.6010104164666,7,0.2118430850745563,934,4,34.879882906181884,1,0.7700055782713724,0.00012295525892063285,0
pred_004267,2025-11-04T15:13:00,v1,105.12936172121454,2,0.6101054868858862,165,6,133.25679109015942,0,0.0631787220446349,0.9998530277717448,1
pred_004268,2025-11-04T15:42:00,v1,1057.1229123169742,9,0.2692563168970479,624,2,0.8615620235026391,0,0.887440511013801,3.416823419460855e-08,0
pred_004269,2025-11-04T16:00:00,v1,649.2260878433727,18,0.1758466429725602,332,2,7.734204533988647,0,0.8705425102630404,5.054311161177151e-06,0
pred_004270,2025-11-04T16:04:00,v1,1300.4612035674045,22,0.0709888709576734,543,2,0.0083219798300731,0,0.7698990599902152,1.4337949839561248e-09,0
pred_004271,2025-11-04T16:17:00,v1,1538.1095128844263,13,0.3108146957945888,363,2,0.8202306612446584,0,0.920335712562112,5.201979041678301e-09,0
pred_004272,2025-11-04T16:19:00,v1,532.3949681711368,8,0.4201621778160679,385,2,8.034842737862345,1,0.6785633517974522,0.0003350926839560674,0
pred_004273,2025-11-04T16:41:00,v1,1177.8641804854428,11,0.3429633885720849,665,3,12.861223006178156,0,0.966573944982332,2.6813995741319764e-08,0
pred_004274,2025-11-04T17:00:00,v1,839.7983779554496,7,0.1053923315811536,62,3,5.705485209032602,0,0.761512696238368,0.00030182817523379885,0
pred_004275,2025-11-04T17:39:00,v1,1418.189251465046,22,0.2315873287968849,627,3,12.310882015526028,0,0.8627968131673418,1.1989076436852885e-09,0
pred_004276,2025-11-04T18:03:00,v1,473.1949490577794,17,0.0363197832287494,150,2,12.527517721395691,0,0.547201677829524,0.00039798212789496975,0
pred_004277,2025-11-04T18:04:00,v1,1218.7295640357122,19,0.1975287903212141,781,5,17.014574981368586,0,0.9769589512887548,1.4577826126761898e-08,0
pred_004278,2025-11-04T18:30:00,v1,828.0513614877373,14,0.1836248430710031,885,0,1.6086591870108475,0,0.9052901101629476,5.709361780941775e-10,0
pred_004279,2025-11-04T18:39:00,v1,613.952432375903,9,0.1734166740836308,572,3,3.061039233471436,0,0.9468425147984976,4.671821456878827e-06,0
pred_004280,2025-11-04T18:59:00,v1,572.6421504836721,15,0.1425793438949714,657,2,8.27641439998372,0,0.9455219355565292,3.9289600972917827e-07,0
pred_004281,2025-11-04T19:03:00,v1,1532.7920803687657,13,0.0422154630113714,959,3,22.521053800718757,0,0.8429161984982246,5.5794782300361756e-11,0
pred_004282,2025-11-04T19:07:00,v1,676.8351736334822,7,0.2702410512540937,308,1,38.992929308718914,0,0.6100386667169788,6.761211018884082e-05,0
pred_004283,2025-11-04T19:30:00,v1,172.02055378509064,23,0.5747760941784261,46,8,122.40746753626094,0,0.3806218637995412,0.9992525147168362,1
pred_004284,2025-11-04T20:03:00,v1,673.044433221626,17,0.0626043418864714,930,1,20.05597010222085,0,0.7741223860060024,5.556179026257453e-09,0
pred_004285,2025-11-04T20:09:00,v1,1854.325623575201,11,0.273921391067246,291,1,7.068035859735651,0,0.8318589988852405,5.152864061844692e-10,0
pred_004286,2025-11-04T20:52:00,v1,2750.4219163753537,18,0.2758151903225688,502,2,11.34458100663,0,0.9409308837342324,3.7200487583973346e-14,0
pred_004287,2025-11-04T21:07:00,v1,1460.5821961865008,10,0.0241640646082349,516,2,30.616577846485782,0,0.5052978132116395,1.734907346983903e-08,0
pred_004288,2025-11-04T21:18:00,v1,624.933826092362,5,0.4578694417756174,132,6,3.7980712585870138,0,0.2860986080900515,0.32644261769483784,0
pred_004289,2025-11-04T21:18:00,v1,1709.5795488959443,12,0.256219479237681,710,3,50.41658206732507,0,0.8370298819513633,7.902495304738621e-10,0
pred_004290,2025-11-04T21:38:00,v1,969.0225774839172,9,0.0936851759746255,130,2,71.45852049989857,0,0.9838324986566268,4.1662646975427986e-05,0
pred_004291,2025-11-04T21:59:00,v1,1829.342397616524,21,0.261457268058807,781,2,10.470284056719231,0,0.9297916909286398,2.5594326415967534e-12,0
pred_004292,2025-11-04T21:59:00,v1,1673.331477569613,21,0.2976639919642066,384,1,18.528347252289997,0,0.7995409535348036,3.496983709451948e-10,0
pred_004293,2025-11-04T22:25:00,v1,793.3819240504113,7,0.0929540533394186,755,1,2.1410578409534167,0,0.8057381903405146,2.890854743148796e-08,0
pred_004294,2025-11-04T22:44:00,v1,773.0070049340435,7,0.3074266849081896,239,0,7.119992389566055,0,0.8791610988320797,3.0020909358829423e-06,0
pred_004295,2025-11-04T22:56:00,v1,314.6332597354804,8,0.1952129336930354,94,1,3.65571578840538,0,0.8758090038670459,0.0010323919207076788,0
pred_004296,2025-11-04T23:26:00,v1,1121.6413646849337,22,0.217008370497668,960,3,3.811601823675038,0,0.7246565419564914,5.658001296315557e-10,0
pred_004297,2025-11-04T23:37:00,v1,889.118913916279,10,0.1261760803770505,141,1,27.475847413027452,0,0.5424041706876687,2.5756273178339547e-05,0
pred_004298,2025-11-05T00:36:00,v1,989.9026977589084,9,0.1126022122904434,156,2,5.830620381903466,1,0.8162553879678597,1.8300443996589942e-05,0
pred_004299,2025-11-05T00:45:00,v1,1067.8935982157168,12,0.3302066515315499,361,3,4.0910640487795815,0,0.7000950676976917,2.3329823349832257e-06,0
pred_004300,2025-11-05T01:38:00,v1,1148.5875023175895,22,0.5319842692549949,801,4,6.856835844757992,0,0.7449402837380645,1.6589883425018337e-08,0
pred_004301,2025-11-05T01:56:00,v1,315.6092343253643,12,0.1091455317578513,350,1,5.9354025443347185,0,0.8393792316821046,4.2453988772472185e-05,0
pred_004302,2025-11-05T02:44:00,v1,2204.5349552382568,12,0.181510960645733,418,4,9.619369976813058,0,0.7949468229603954,2.317787802595679e-10,0
pred_004303,2025-11-05T03:48:00,v1,782.9672903277268,9,0.0790688860495573,756,2,30.78631233575322,0,0.7980458104411688,1.811182306398232e-07,0
pred_004304,2025-11-05T04:01:00,v1,905.4227919716856,14,0.2794668111051908,483,2,10.88750047481456,0,0.8219260032960046,4.174819082364764e-07,0
pred_004305,2025-11-05T04:06:00,v1,1882.4908393511632,15,0.2573503566424937,37,2,7.9159904046055,0,0.7309564183406266,1.3488856266967531e-08,0
pred_004306,2025-11-05T04:11:00,v1,965.9503891482608,14,0.1225070827660804,636,0,25.850125898723945,0,0.8183389069748755,5.6802018436114865e-09,0
pred_004307,2025-11-05T04:42:00,v1,731.198640770978,16,0.2100690489735952,179,1,14.008442039170202,0,0.6197762030868065,1.6394263907959948e-05,0
pred_004308,2025-11-05T05:49:00,v1,3959.6064605526954,10,0.1161078475894406,564,2,12.078358759831984,0,0.8728781465273302,2.9064507109018523e-18,0
pred_004309,2025-11-05T05:58:00,v1,770.6003963412365,9,0.2571377361525123,626,1,0.1219434099462925,0,0.7219843384133147,1.8402896174313867e-07,0
pred_004310,2025-11-05T06:29:00,v1,1639.7305007683608,12,0.2591986403162312,52,3,63.79775699499584,0,0.6286046886846318,3.438442229781689e-06,0
pred_004311,2025-11-05T06:39:00,v1,1082.7735362062272,19,0.0566193108344924,754,1,11.483683510179413,0,0.8052765639892625,5.868228654975904e-10,0
pred_004312,2025-11-05T07:02:00,v1,1218.1772962612397,11,0.0576728249374215,615,0,46.342945049093785,0,0.6039995760629328,4.797008237496975e-09,0
pred_004313,2025-11-05T07:11:00,v1,839.2610718196231,15,0.3888427150396766,889,2,4.174991270073737,0,0.4543707762791465,4.103128535892171e-08,0
pred_004314,2025-11-05T07:12:00,v1,934.5370923519724,12,0.1779076120271086,352,1,12.279461696449069,0,0.8742215677143784,3.434151680387452e-07,0
pred_004315,2025-11-05T07:26:00,v1,947.9728841660972,8,0.1172216417001763,610,1,9.403468370233618,0,0.6129794241006994,8.13076621605056e-08,0
pred_004316,2025-11-05T07:44:00,v1,1121.982027786954,12,0.1528230214145833,358,3,4.769771487652287,0,0.5565372831597094,1.6803524863770036e-06,0
pred_004317,2025-11-05T07:50:00,v1,436.35737188963094,11,0.2099363164406807,746,4,60.18445212046534,0,0.9344883829550228,5.590047865093917e-05,0
pred_004318,2025-11-05T07:53:00,v1,511.44118566920406,10,0.0295982155290356,669,1,2.9357618994734795,0,0.7899870730712436,4.0861699437430605e-07,0
pred_004319,2025-11-05T08:06:00,v1,838.4094850684768,5,0.3919064589757828,157,7,79.48104680980624,1,0.1757857658696368,0.8843017080501542,1
pred_004320,2025-11-05T09:51:00,v1,230.07835955820883,2,0.8250418660414399,29,11,119.3781627804304,1,0.4719523673217943,0.9999995794716293,1
pred_004321,2025-11-05T10:56:00,v1,320.35937120193586,22,0.0961275325615614,823,0,0.2802573261402385,0,0.8655907094771252,1.8464908709439073e-08,0
pred_004322,2025-11-05T11:01:00,v1,1118.4653753441892,8,0.2418168316554918,367,6,1.924336430907865,0,0.7234597747167846,5.962250849805649e-05,0
pred_004323,2025-11-05T11:19:00,v1,302.17817937695406,0,0.6723633241546216,60,6,13.177513163987804,0,0.0818125621377038,0.9928210679081436,1
pred_004324,2025-11-05T11:19:00,v1,619.3844137235028,21,0.4131752313199167,938,2,3.4201796763370655,0,0.8262289738630461,1.7243435658970272e-08,0
pred_004325,2025-11-05T11:45:00,v1,462.8489710345654,17,0.2904554871305915,622,3,21.8694637778832,0,0.8147731478869465,1.1682411419394803e-05,0
pred_004326,2025-11-05T12:08:00,v1,1829.5859697564213,20,0.2449016347338882,753,1,35.789241430055455,0,0.8943576323110378,2.9110372215768824e-12,0
pred_004327,2025-11-05T12:13:00,v1,757.4370752265638,16,0.0727896144562328,399,2,20.754931211516578,0,0.6341955397939945,3.820752845999451e-06,0
pred_004328,2025-11-05T12:41:00,v1,1183.063886517623,20,0.0431465832480407,529,3,1.849874691050014,0,0.6855305474263652,2.4698579851611352e-08,0
pred_004329,2025-11-05T13:04:00,v1,598.3537272798422,13,0.3325995426695855,884,4,8.454465873095442,0,0.8258639154179259,1.1184461354043936e-06,0
pred_004330,2025-11-05T13:24:00,v1,1269.8143742068444,18,0.1338918614728511,196,0,17.563399933973024,0,0.7665663642726404,2.1635999324696835e-08,0
pred_004331,2025-11-05T14:16:00,v1,1101.0701167743632,13,0.1217672157175133,604,2,8.009736088721708,1,0.7624575103722215,5.963356840262075e-08,0
pred_004332,2025-11-05T14:19:00,v1,705.3351066739586,22,0.1127923374673749,864,2,1.225384531834521,0,0.6170282192648924,1.4331762645431098e-08,0
pred_004333,2025-11-05T14:20:00,v1,756.6398753515075,9,0.4042224424373744,925,4,0.2154633351741547,0,0.8293229532930532,3.3440331995581225e-07,0
pred_004334,2025-11-05T14:45:00,v1,2264.646332805474,13,0.2806403055089609,330,1,28.9591034072675,0,0.8130528203277764,1.968947942377192e-11,0
pred_004335,2025-11-05T15:08:00,v1,1125.8120804720315,7,0.1184238697294093,727,0,6.025719015960047,0,0.798617115683568,9.793427547184687e-10,0
pred_004336,2025-11-05T15:23:00,v1,1775.519851054407,14,0.3814134759513901,567,1,5.364579316785479,0,0.7657843704437348,6.166825391657887e-11,0
pred_004337,2025-11-05T15:48:00,v1,681.2733225452719,21,0.1521940900776778,265,1,5.152647952853157,0,0.4453531912269255,6.101121662456777e-06,0
pred_004338,2025-11-05T16:16:00,v1,532.6436445182549,14,0.1870502365655152,126,0,5.411563855291244,0,0.7975608357954593,2.2448003897457023e-05,0
pred_004339,2025-11-05T16:25:00,v1,1013.55481837501,13,0.0247783443690571,255,1,8.703460568324157,0,0.8403689791556834,2.837085627756023e-07,0
pred_004340,2025-11-05T16:46:00,v1,907.403363695538,22,0.1608083798192665,307,1,0.7163511262551826,0,0.841484501932864,1.1811477651594876e-07,0
pred_004341,2025-11-05T17:03:00,v1,1293.347558293459,21,0.065340511793044,499,1,45.240840098181245,1,0.9286959410648992,5.289107175281934e-09,0
pred_004342,2025-11-05T17:23:00,v1,608.1238294015831,8,0.1918705858549384,954,3,11.241445812104413,0,0.8359556616085915,2.4106831254440347e-07,0
pred_004343,2025-11-05T17:47:00,v1,1083.4811782900942,20,0.2180916163197547,618,3,12.3176075629877,0,0.6201042114056337,6.187252760073396e-08,0
pred_004344,2025-11-05T18:13:00,v1,685.7397916427684,20,0.1045870151094457,687,4,3.9312698952288554,0,0.7434081533413103,9.43179743292832e-07,0
pred_004345,2025-11-05T18:32:00,v1,1298.9098616476574,9,0.2651198062021774,990,3,2.379639214066813,0,0.8497145480984405,4.5268624427809656e-10,0
pred_004346,2025-11-05T18:38:00,v1,557.2570180073901,10,0.0681226416541241,881,4,13.845617531278284,1,0.7051543158501113,6.310937775924188e-06,0
pred_004347,2025-11-05T19:11:00,v1,488.230022514004,12,0.0807761150159838,138,1,5.49780729512096,0,0.9148864660537874,6.187167169366472e-05,0
pred_004348,2025-11-05T19:31:00,v1,587.7343523809759,7,0.5375954024886493,220,3,5.283824356112922,1,0.8812798326621255,0.002514792999680515,0
pred_004349,2025-11-05T19:44:00,v1,955.1643835054982,8,0.3762585720536707,744,2,12.299961828186076,0,0.8881767236570524,5.052421923285987e-08,0
pred_004350,2025-11-05T19:52:00,v1,3514.787146127815,7,0.1311575170813114,314,1,28.994841738571,0,0.8921217822278825,1.0737566014936627e-15,0
pred_004351,2025-11-05T19:53:00,v1,655.0251553565793,12,0.1703494012262654,958,4,5.1356732181721805,0,0.7644866520181977,2.870458777273453e-07,0
pred_004352,2025-11-05T20:20:00,v1,1250.2884122134062,16,0.1216483829177136,859,4,6.946241657257296,1,0.9104108275256978,5.14176821547448e-09,0
pred_004353,2025-11-05T22:12:00,v1,583.9397246600207,11,0.2836267312982191,765,2,10.161868275970132,0,0.6611209245117375,9.055969499076356e-07,0
pred_004354,2025-11-05T22:52:00,v1,1047.0320049604836,7,0.3301753336617082,698,1,8.649692245924188,1,0.7691107857821647,4.523726115745864e-08,0
pred_004355,2025-11-05T22:54:00,v1,397.91420081597937,22,0.2288431049996583,926,2,12.66736121352157,0,0.6753416786331011,1.4625727353087226e-07,0
pred_004356,2025-11-05T23:27:00,v1,1084.833018082609,8,0.1980354809451865,656,2,18.702641597237257,0,0.9156660025673417,2.9977423914699495e-08,0
pred_004357,2025-11-05T23:29:00,v1,566.7965497833778,21,0.1605758662630927,187,2,2.0227306599180896,0,0.8017618843697233,2.8441035481191106e-05,0
pred_004358,2025-11-05T23:35:00,v1,1278.340080570522,16,0.0865947938574641,828,0,0.6105401515758196,0,0.8057594836482086,2.0873733400416984e-11,0
pred_004359,2025-11-05T23:40:00,v1,567.6030754121297,21,0.0897453647424022,510,3,10.970710449773645,0,0.500270748684087,1.131415072544281e-05,0
pred_004360,2025-11-05T23:41:00,v1,539.3570333708042,8,0.4421996901338283,53,0,5.127858316062712,0,0.9345288017200212,0.000123776945686532,0
pred_004361,2025-11-05T23:59:00,v1,860.066167922465,12,0.065178912549516,464,1,14.007956663501655,0,0.8441589283508705,1.7942578725300856e-07,0
pred_004362,2025-11-06T00:00:00,v1,1097.076312987033,22,0.0081462402471322,278,2,17.137988386794476,0,0.7121559765326593,1.9465063758173333e-07,0
pred_004363,2025-11-06T00:21:00,v1,1106.1353553585195,14,0.1723802632881393,77,2,9.0558556001165,0,0.9039268190231295,2.624611399278522e-06,0
pred_004364,2025-11-06T00:22:00,v1,1565.422184185015,16,0.119554323601571,654,0,26.0628079676562,0,0.7921445054324612,2.931780836894217e-11,0
pred_004365,2025-11-06T00:45:00,v1,1006.498610234538,11,0.1964769505535515,482,2,15.586048152058346,0,0.9082762884795046,1.970555657768531e-07,0
pred_004366,2025-11-06T01:20:00,v1,1216.9468836558813,7,0.2280609412367938,222,2,41.21306174653213,0,0.8783767423876641,2.3413853699015123e-06,0
pred_004367,2025-11-06T01:33:00,v1,806.4526175102159,13,0.0907572351736266,739,3,33.308441393039715,1,0.9053355089623764,6.604834858262303e-07,0
pred_004368,2025-11-06T01:56:00,v1,982.4420091332184,17,0.2611431484231757,281,4,22.28429272051181,0,0.8207511454433746,1.564311568388534e-05,0
pred_004369,2025-11-06T02:24:00,v1,723.8857324214206,22,0.2592245885047164,955,5,41.39236231810037,1,0.9129654495515684,7.854857835147634e-07,0
pred_004370,2025-11-06T02:35:00,v1,811.1589122076292,13,0.1140859317290995,710,2,5.70845784682693,0,0.912908118331017,4.2522989302559616e-08,0
pred_004371,2025-11-06T02:40:00,v1,311.6593054471686,4,0.6339968515233392,96,5,509.4244980829164,0,0.3649852711245732,0.9999999607131387,1
pred_004372,2025-11-06T02:40:00,v1,733.5638744375229,13,0.2078906629900195,384,4,3.977387724331847,0,0.5405900969486764,0.00010134041875872128,0
pred_004373,2025-11-06T02:48:00,v1,900.8862724879824,2,0.6809522389535908,56,11,0.3632578052612121,0,0.5268903220246639,0.9753043482577721,1
pred_004374,2025-11-06T02:56:00,v1,1088.7122824003234,13,0.2893670349858822,514,3,22.38409555890143,1,0.5627256466462295,2.5754638036194033e-06,0
pred_004375,2025-11-06T03:12:00,v1,1199.2280241442577,8,0.3293385360797507,59,1,13.295839274015911,0,0.7336750177750655,3.4309357077479425e-06,0
pred_004376,2025-11-06T03:34:00,v1,52.98392014801005,5,0.5903444798869439,94,5,7.388535735958728,1,0.350128828657908,0.9875671587457231,1
pred_004377,2025-11-06T03:42:00,v1,689.4694617493001,7,0.2516424452291036,231,2,18.29000690792064,0,0.7677558621688753,0.0001217774008071472,0
pred_004378,2025-11-06T03:44:00,v1,1714.7245501513055,11,0.1710361673802182,935,3,16.177663612602576,1,0.5626617126198443,1.8265155014610477e-10,0
pred_004379,2025-11-06T03:46:00,v1,809.490544438241,12,0.2019817751089465,51,1,10.230026338066882,1,0.7553601801805807,8.252308859117457e-05,0
pred_004380,2025-11-06T04:04:00,v1,581.2492504636159,10,0.0546073922992305,144,0,31.05049959575052,0,0.8363948923692542,3.108836089002568e-05,0
pred_004381,2025-11-06T04:56:00,v1,1810.126478311935,8,0.1644474632000565,517,3,1.170896040399001,0,0.8207070967539866,7.939496651938333e-10,0
pred_004382,2025-11-06T05:04:00,v1,886.5327845486264,11,0.0966899609263143,36,2,3.6906652479177176,0,0.8517080357897575,3.096127989055837e-05,0
pred_004383,2025-11-06T05:40:00,v1,772.8624801217646,14,0.135203325553512,527,1,29.315885986217577,0,0.3991768309263048,1.3639735234387141e-06,0
pred_004384,2025-11-06T05:59:00,v1,2098.928614053718,22,0.3519460034775628,347,0,5.889956546268538,0,0.9029097686802824,2.2765777129395317e-12,0
pred_004385,2025-11-06T06:16:00,v1,90.97776668842782,22,0.6952316771375019,138,7,176.50785801233087,1,0.2151019889745919,0.999924367074674,1
pred_004386,2025-11-06T06:22:00,v1,578.4976511078754,14,0.0724996243742934,493,1,6.165190008416458,1,0.728438195091637,3.2681855033336233e-06,0
pred_004387,2025-11-06T06:28:00,v1,1304.8076924260474,9,0.2209577945339132,545,2,5.4896328573526425,0,0.9770051990977476,7.466091126825654e-09,0
pred_004388,2025-11-06T06:29:00,v1,1039.0269176251215,12,0.1009293109261055,674,0,7.190162138067145,0,0.8690619834830833,1.2622601257907855e-09,0
pred_004389,2025-11-06T06:32:00,v1,2024.4673802599484,9,0.0920886801648866,585,1,0.6805353687925201,0,0.5601173505355193,1.2084500879085422e-11,0
pred_004390,2025-11-06T06:35:00,v1,1248.1620915020114,8,0.0340605473875561,316,2,9.415535031683824,0,0.902857463038646,1.264453714517212e-07,0
pred_004391,2025-11-06T06:42:00,v1,828.0461149321968,22,0.1417413039396891,87,2,12.349982738825132,0,0.8575586567231022,8.632338623845327e-06,0
pred_004392,2025-11-06T07:06:00,v1,977.6406407032724,10,0.3170622170721737,256,3,5.391993109222545,0,0.8315519837447086,1.1832200156920285e-05,0
pred_004393,2025-11-06T07:43:00,v1,1218.378458510926,11,0.1260827737917121,288,1,58.06654752439573,0,0.7871873183880528,3.721163343668393e-07,0
pred_004394,2025-11-06T08:20:00,v1,1104.4875368960606,11,0.1788843668951537,813,1,10.198613096512275,0,0.6126002608767701,2.270518914241322e-09,0
pred_004395,2025-11-06T08:21:00,v1,1369.3511019770492,17,0.1452593733433974,641,0,25.36728244048192,0,0.9112991926817576,9.74991437351354e-11,0
pred_004396,2025-11-06T09:27:00,v1,1183.7468316378586,21,0.2292913392278366,294,4,17.468667630842354,0,0.7610835653165599,1.45912416029152e-06,0
pred_004397,2025-11-06T10:24:00,v1,891.04809853356,14,0.1689259167574136,603,1,1.6131147731158542,0,0.9237576444540776,1.7074691705926675e-08,0
pred_004398,2025-11-06T10:28:00,v1,1319.8733039771569,15,0.0596316136788866,403,3,19.949898983580173,0,0.6240584544936264,1.3642806174458944e-07,0
pred_004399,2025-11-06T11:17:00,v1,1691.2229318745235,16,0.1376472296772423,951,3,1.752212263144958,0,0.9201745326500091,5.448777616807311e-12,0
pred_004400,2025-11-06T11:23:00,v1,1034.0516147944668,11,0.2115484375386356,578,3,0.1126383115717914,0,0.9310781664670752,1.1386637643290402e-07,0
pred_004401,2025-11-06T11:44:00,v1,837.8232151335844,18,0.3729390750184912,392,2,13.10099064696936,0,0.8273467373419384,1.3507674894605091e-06,0
pred_004402,2025-11-06T12:53:00,v1,1179.3038447187714,15,0.2041197492723958,789,2,44.249837252806145,0,0.9171779173843562,2.9234741122767414e-09,0
pred_004403,2025-11-06T13:08:00,v1,351.67937310471274,12,0.1234477633974823,861,2,35.16379119658646,0,0.5323469004926054,4.522229695086529e-06,0
pred_004404,2025-11-06T13:37:00,v1,620.338164330967,20,0.1611179616585555,346,2,7.331384547122488,1,0.6498684392932004,2.367636649018246e-05,0
pred_004405,2025-11-06T13:38:00,v1,455.9484029474429,17,0.5909918268445414,245,3,13.06261035768104,0,0.704760810761088,0.0013427410397067747,0
pred_004406,2025-11-06T14:40:00,v1,577.1061638095457,16,0.223804048261324,287,0,6.915703402691168,1,0.7419124524070414,8.79903126901155e-06,0
pred_004407,2025-11-06T14:52:00,v1,477.94508148449626,7,0.1587825180319242,357,1,15.56275862619675,0,0.5893877496213247,8.16209035636512e-05,0
pred_004408,2025-11-06T15:19:00,v1,1197.6102945516736,13,0.1785493403785162,593,2,1.2221421262970211,0,0.8136246708177982,8.67473433533682e-09,0
pred_004409,2025-11-06T15:33:00,v1,591.4772329298984,15,0.0935427466404308,167,2,12.833037811395542,0,0.7846045713540981,8.554430491146952e-05,0
pred_004410,2025-11-06T15:34:00,v1,167.6533833613341,0,0.4821774421267689,181,7,365.8015866540974,0,0.0263476489726879,0.9999999411631378,1
pred_004411,2025-11-06T16:04:00,v1,998.4481877669928,22,0.1814847101308261,262,3,23.903428537863704,1,0.6538775900722343,1.059694518923642e-05,0
pred_004412,2025-11-06T17:07:00,v1,615.8100613784801,13,0.2286813085944304,442,1,65.44942449721056,0,0.9147160944821308,8.268764407579633e-06,0
pred_004413,2025-11-06T17:11:00,v1,483.0901994364483,14,0.3740187232819693,248,3,10.113739308538973,0,0.8721596879487037,0.000466946589181853,0
pred_004414,2025-11-06T17:20:00,v1,1351.5520074389262,10,0.1145361610243676,417,1,19.81371540102362,0,0.7269540844520764,1.4503647703348047e-08,0
pred_004415,2025-11-06T17:29:00,v1,1976.243001975612,8,0.042168663843707,767,2,3.4862585512739948,0,0.7529223880858297,5.123823651947955e-12,0
pred_004416,2025-11-06T17:32:00,v1,879.7673856644902,12,0.2373185083453677,844,0,16.41330038231355,0,0.9140783944551012,1.3345393524450115e-09,0
pred_004417,2025-11-06T17:44:00,v1,1441.900372731035,18,0.2227645166459682,963,0,9.729670227410338,0,0.621987819508365,3.814231807487257e-12,0
pred_004418,2025-11-06T18:13:00,v1,526.7031930412351,8,0.1017870695751115,313,1,1.328093046045704,1,0.9054391027301886,3.6177005175618644e-05,0
pred_004419,2025-11-06T18:24:00,v1,1131.9320198350242,22,0.1109189735754811,956,2,7.998293466005055,0,0.9118202645275304,7.493828993668754e-11,0
pred_004420,2025-11-06T18:27:00,v1,697.0252892879885,14,0.2000813635961678,704,6,54.0973032331963,0,0.7772470287027252,9.668410725053065e-05,0
pred_004421,2025-11-06T18:37:00,v1,881.9677455007823,17,0.1701442477469741,619,3,0.3996640145938057,0,0.6017540332241089,3.1974666524638903e-07,0
pred_004422,2025-11-06T20:00:00,v1,862.6950262123341,13,0.2394944469942962,194,2,19.814384149101148,0,0.9006596837721339,1.1372071267875962e-05,0
pred_004423,2025-11-06T20:22:00,v1,985.9796079454424,21,0.174488282747446,537,0,15.680595877404569,0,0.9265456291602188,2.6716194470764622e-09,0
pred_004424,2025-11-06T20:38:00,v1,1117.844627336333,12,0.2061757893605167,438,0,5.146245887008051,0,0.7820432610715933,1.203301291347138e-08,0
pred_004425,2025-11-06T20:58:00,v1,1391.3953599027625,8,0.1251254117213878,956,6,7.072170157428345,0,0.6940045217989249,1.6367391898641506e-08,0
pred_004426,2025-11-06T21:06:00,v1,568.1934823865041,11,0.2121393080956282,835,2,2.7534867066292534,0,0.5272711461398465,5.427270514263272e-07,0
pred_004427,2025-11-06T21:46:00,v1,915.4001104972853,9,0.2061048533649219,518,6,0.4978071297673928,0,0.8914658697758732,2.8160749839764727e-05,0
pred_004428,2025-11-06T22:06:00,v1,862.395949000806,20,0.128760653582511,177,3,8.477017503671163,0,0.6597163712053393,1.9713831848293287e-05,0
pred_004429,2025-11-06T22:10:00,v1,1354.6497491401458,17,0.0104672607423814,693,1,15.776687341363049,0,0.7240957878819761,2.1521722939828618e-10,0
pred_004430,2025-11-06T22:25:00,v1,700.9613512856653,8,0.1208640324967596,450,2,6.592450505319354,0,0.7036193273297316,6.589451008953304e-06,0
pred_004431,2025-11-06T23:11:00,v1,1439.9965712711328,14,0.3484410554096542,342,3,22.900849979708624,0,0.911582175112325,8.979177334845657e-08,0
pred_004432,2025-11-06T23:40:00,v1,1107.0283065006267,16,0.1904220253450689,557,1,0.1125326567292291,0,0.8477252417322174,4.617762426654127e-09,0
pred_004433,2025-11-07T00:01:00,v1,860.1543449790462,21,0.1837562420367727,856,2,8.692587789609526,1,0.9090048781758954,7.380248343822583e-09,0
pred_004434,2025-11-07T00:18:00,v1,1221.764669471597,18,0.3427063131278423,642,2,19.68212153277432,0,0.7484222076802503,7.139721783825434e-09,0
pred_004435,2025-11-07T00:39:00,v1,972.585164911033,22,0.2934876943446615,914,7,0.7906539818163706,0,0.8814349362697733,2.0565558111866536e-07,0
pred_004436,2025-11-07T00:54:00,v1,1179.7713831698306,15,0.3433957479577879,476,2,20.072026752219376,0,0.6550503255010695,1.1765884747956418e-07,0
pred_004437,2025-11-07T01:06:00,v1,1937.8180083148068,16,0.0416635324918922,294,2,2.11255414510056,0,0.9388326320893904,1.2731669014389944e-10,0
pred_004438,2025-11-07T01:07:00,v1,369.8820508353896,21,0.3015130287826435,765,2,35.064317308126775,1,0.9353537165784044,2.804024260560132e-06,0
pred_004439,2025-11-07T01:17:00,v1,969.4884778999092,22,0.1499919747137502,711,1,15.1550345974928,0,0.8823881845122615,1.5898029783373236e-09,0
pred_004440,2025-11-07T01:24:00,v1,332.5055823046132,0,0.7405051741580034,53,5,54.51807602730826,0,0.2545350753820328,0.9881676283421365,1
pred_004441,2025-11-07T02:01:00,v1,1348.493751271988,18,0.3335493754080339,959,3,5.382919782716803,0,0.9086063735444204,1.1792600077254902e-10,0
pred_004442,2025-11-07T02:10:00,v1,1164.7590257604106,9,0.1039219163957302,591,2,2.167517845841847,0,0.9701564777277754,1.0082817217710099e-08,0
pred_004443,2025-11-07T02:16:00,v1,810.2678499625769,21,0.1992859306230025,810,2,6.497572377073674,0,0.4852933450108803,2.8583241627536356e-08,0
pred_004444,2025-11-07T02:30:00,v1,1810.3714428775447,21,0.2338335667771972,700,4,6.136135520879026,1,0.6106059846686319,4.870378678241096e-10,0
pred_004445,2025-11-07T02:37:00,v1,930.5986488498288,21,0.1739885543724567,394,1,9.393198510070247,0,0.90292368940435,5.1108210200577406e-08,0
pred_004446,2025-11-07T02:52:00,v1,2459.470922015978,8,0.2615116061849822,825,2,4.336087346176943,0,0.8778545258516193,6.38187151175435e-14,0
pred_004447,2025-11-07T02:57:00,v1,1232.4908221237558,21,0.2122902596353555,175,3,1.294956135642196,0,0.5595712852316874,1.2052291792516446e-06,0
pred_004448,2025-11-07T04:16:00,v1,1346.3123063068886,18,0.1974516600248697,100,2,3.9805839202443134,0,0.8102052613691725,2.0879331662742914e-07,0
pred_004449,2025-11-07T04:29:00,v1,409.5468600121726,17,0.425164078019641,86,3,19.324671097363137,0,0.8730350949399612,0.004243687291824559,0
pred_004450,2025-11-07T04:39:00,v1,2227.3947947887254,18,0.1898256050047956,965,1,0.5411013946284912,0,0.7129483791850465,9.955553806553441e-15,0
pred_004451,2025-11-07T04:42:00,v1,1014.513774317842,9,0.3214875614084312,494,0,13.30372910701614,0,0.8960273196513181,2.8263708291965e-08,0
pred_004452,2025-11-07T04:51:00,v1,4188.568312994316,22,0.0717528800042956,281,1,27.22280325591773,0,0.8460380225612997,6.658917752316598e-19,0
pred_004453,2025-11-07T05:13:00,v1,806.321115696065,10,0.2333410280337186,799,2,2.7076613819041553,0,0.7920530845561294,5.302351130255868e-08,0
pred_004454,2025-11-07T05:24:00,v1,701.0313100359523,9,0.2059864954176451,447,4,53.47412325525727,0,0.9118215248732022,0.0001540439639185672,0
pred_004455,2025-11-07T07:26:00,v1,1173.7446519074958,15,0.1957744250957577,209,3,34.33132262091842,0,0.5033348735793379,1.0828559523309853e-05,0
pred_004456,2025-11-07T07:54:00,v1,563.2830599139671,9,0.3138235685606914,233,1,1.6658700411705676,0,0.5743813819200072,0.00010810008259551432,0
pred_004457,2025-11-07T08:03:00,v1,1545.9996916904795,11,0.3603491643591013,365,1,4.669093564938204,0,0.92354841868628,2.512215508834672e-09,0
pred_004458,2025-11-07T08:08:00,v1,2347.053844182934,8,0.0844701802967766,587,1,41.30548087823093,0,0.9482928770427516,8.554550112841121e-13,0
pred_004459,2025-11-07T08:23:00,v1,894.4079144012117,22,0.3234018234021441,150,1,6.967675890445772,0,0.863877551346733,1.0861036413727413e-06,0
pred_004460,2025-11-07T08:30:00,v1,1546.279894555732,12,0.2527804703580401,597,2,51.13646167059682,0,0.7223498781861462,4.439424159948656e-09,0
pred_004461,2025-11-07T08:38:00,v1,1052.1817980557498,19,0.1854593751613605,845,1,7.597980734543664,0,0.7341390914294007,4.769257409037778e-10,0
pred_004462,2025-11-07T08:51:00,v1,747.5857250774238,10,0.3236122976783708,468,1,10.99381711987329,0,0.9310204790973456,7.436523303028862e-07,0
pred_004463,2025-11-07T09:51:00,v1,1947.4958353328389,15,0.0412020918670731,99,3,27.23338674905176,0,0.8206397129233631,1.0430420920727164e-08,0
pred_004464,2025-11-07T09:55:00,v1,951.9740891567568,12,0.1491221111090971,160,0,7.305464466462387,0,0.7584931872517572,7.73664658416422e-07,0
pred_004465,2025-11-07T10:32:00,v1,1700.8974932387414,14,0.0678736260116514,189,2,19.524864917876737,0,0.9539429953897256,5.9002274146059305e-09,0
pred_004466,2025-11-07T11:00:00,v1,1111.7633836476043,15,0.0333634104620324,833,1,10.864117478429764,0,0.819910588861652,3.2800729281321026e-10,0
pred_004467,2025-11-07T11:10:00,v1,807.3197386664875,17,0.1791886264851039,882,0,0.1952780429591742,0,0.8957344227198498,4.4074845299813565e-10,0
pred_004468,2025-11-07T11:16:00,v1,644.3276038002128,21,0.2332037667453394,646,1,18.537947915777984,0,0.9550888979468284,5.313514535514794e-08,0
pred_004469,2025-11-07T11:38:00,v1,486.0013088891218,13,0.0583123625397288,735,2,17.968289842672753,0,0.7934602035171826,9.105901280149179e-07,0
pred_004470,2025-11-07T11:49:00,v1,1069.466231919504,16,0.1535528278017088,41,2,39.24468137751138,1,0.8873997715399365,2.678736630951714e-05,0
pred_004471,2025-11-07T11:56:00,v1,1300.804301968336,19,0.088457726077085,733,1,10.739976654129771,0,0.7757364431665426,1.4446529103364893e-10,0
pred_004472,2025-11-07T12:01:00,v1,2293.975106597015,14,0.2114445667526236,858,3,25.26043862933208,1,0.7942907135609253,1.4674049209010614e-12,0
pred_004473,2025-11-07T12:13:00,v1,399.4911580563571,10,0.0754060470837669,201,0,12.63525740003634,0,0.8843959004802573,3.855540213616202e-05,0
pred_004474,2025-11-07T12:28:00,v1,1534.1161426278852,20,0.5563956064394635,735,3,29.8723612292148,0,0.7373862707194729,1.2960108182309705e-09,0
pred_004475,2025-11-07T12:33:00,v1,2047.4655039234951,20,0.2203984992045389,88,4,2.505388820741247,0,0.8761152735460771,4.811696536360129e-09,0
pred_004476,2025-11-07T12:37:00,v1,547.0498261414275,7,0.0362535954888761,30,1,8.175176381761489,0,0.9407347215271972,0.0002087476399739444,0
pred_004477,2025-11-07T12:50:00,v1,680.3828439632032,21,0.3614260231507472,510,3,10.193022219171969,0,0.9743331178353974,1.616200627085466e-06,0
pred_004478,2025-11-07T13:32:00,v1,107.06944244146796,2,0.6580939724367685,152,11,113.50212432963444,0,0.2760317069312982,0.9999986734357372,1
pred_004479,2025-11-07T13:33:00,v1,813.6824389709609,16,0.2433427245245812,240,1,1.6729454480507395,0,0.6575458851159076,2.930979133444886e-06,0
pred_004480,2025-11-07T13:43:00,v1,1305.8220020906529,16,0.200579549809542,177,1,17.75084173587932,0,0.8197643466015705,8.296837044148049e-08,0
pred_004481,2025-11-07T14:20:00,v1,1297.4709715613355,7,0.278451925755379,763,3,12.729871470443268,0,0.8279145884668723,9.345622753016332e-09,0
pred_004482,2025-11-07T14:51:00,v1,379.13501730094265,21,0.0771803615190591,789,1,10.484816109663011,0,0.7888091398969238,1.0333410242396363e-07,0
pred_004483,2025-11-07T15:03:00,v1,441.2497629860881,19,0.1444152221235383,143,3,19.146437856324475,0,0.762267323288819,0.000999083098156868,0
pred_004484,2025-11-07T15:31:00,v1,1201.8484409448922,13,0.0978282754590197,667,2,5.2038916321787285,0,0.926358814644472,2.4456514245454313e-09,0
pred_004485,2025-11-07T15:41:00,v1,500.57944840147786,16,0.4833108715875512,962,3,7.710909119671515,0,0.8938509202587027,2.5498928424077995e-07,0
pred_004486,2025-11-07T15:53:00,v1,485.8222325203054,17,0.1268776537972226,385,0,9.52203188563443,0,0.8158458565998727,1.4208978114997997e-06,0
pred_004487,2025-11-07T15:57:00,v1,1040.545709079309,20,0.2075154478609393,659,1,35.67292246930788,0,0.7723909842770942,6.540139749786202e-09,0
pred_004488,2025-11-07T16:37:00,v1,636.6798237046754,7,0.1521634338120301,395,1,0.1888408738020902,0,0.9389599681894616,2.666049182683867e-06,0
pred_004489,2025-11-07T16:50:00,v1,998.7973013801208,16,0.2637720146685445,722,4,0.370678899362948,0,0.6623106010522913,1.6593325112586528e-07,0
pred_004490,2025-11-07T16:53:00,v1,277.54483288539217,4,0.6447348625075786,160,5,6.035199206596167,0,0.5880174531741558,0.5665074766552818,1
pred_004491,2025-11-07T17:35:00,v1,758.0803317242994,20,0.1354139766232352,709,2,17.477531380741233,0,0.7473103944632286,6.570653614698653e-08,0
pred_004492,2025-11-07T17:54:00,v1,792.5015377610755,9,0.0709300518236342,61,2,10.203394974692252,0,0.7000396203486688,0.00013660088710604773,0
pred_004493,2025-11-07T17:58:00,v1,972.4511619964178,10,0.2650105624090621,30,2,7.053822560554666,0,0.8857025040830162,2.851272275010961e-05,0
pred_004494,2025-11-07T18:25:00,v1,544.6743891256153,11,0.0956256751663249,309,2,28.630766380385225,1,0.7514432620605151,0.0002697538047343154,0
pred_004495,2025-11-07T18:44:00,v1,1076.5578100635628,16,0.2111768424280958,111,3,1.0634495293479849,0,0.7874062503207512,7.4443171273734365e-06,0
pred_004496,2025-11-07T19:18:00,v1,1850.1374117532057,20,0.2223859949946579,908,0,4.4391719963952365,0,0.8169364467849104,7.52220280335372e-14,0
pred_004497,2025-11-07T19:22:00,v1,1189.5883451771278,22,0.1642071167697243,49,3,2.7435447456056643,0,0.942363419861004,1.241824009903479e-06,0
pred_004498,2025-11-07T19:26:00,v1,992.8309385049292,22,0.0792857993339852,741,4,31.990901875922383,0,0.8953249876652036,4.3581336541823544e-08,0
pred_004499,2025-11-07T20:08:00,v1,636.3694189902856,14,0.1937326482179029,582,1,5.795907354973383,0,0.9863493061587216,1.631836727926651e-07,0
pred_004500,2025-11-07T20:37:00,v1,1121.9561119422976,9,0.1702091706424713,75,2,3.5293529333444993,0,0.7016239871314797,8.417050935570355e-06,0
pred_004501,2025-11-07T21:01:00,v1,49.34673519513118,2,0.7540739178686486,165,8,178.21920709692597,0,0.5444617500791692,0.9999913832824098,1
pred_004502,2025-11-07T21:08:00,v1,962.7389636407066,19,0.2292921927377682,930,1,0.238583168457275,0,0.902173234022818,2.0456338785256902e-10,0
pred_004503,2025-11-07T21:19:00,v1,723.4995099525134,15,0.1049924466222941,442,1,11.486608924578585,0,0.9318864798483414,3.2944282291239793e-07,0
pred_004504,2025-11-07T21:33:00,v1,1990.56584531628,14,0.3971458024834208,563,2,13.310556105677378,0,0.8315017411042859,3.7730443345351194e-11,0
pred_004505,2025-11-07T22:04:00,v1,998.463535636431,17,0.1057071139889571,137,4,17.58009128564343,0,0.6683619022405861,5.8862226148385e-05,0
pred_004506,2025-11-07T22:44:00,v1,899.6166010485956,18,0.2447498269356919,653,4,0.1709867255683624,0,0.7863615980682784,3.3932234503275607e-07,0
pred_004507,2025-11-07T22:51:00,v1,3602.411763797948,9,0.0402989019786003,100,2,4.546661699815914,0,0.6532505719712842,9.551726110122222e-15,0
pred_004508,2025-11-07T23:11:00,v1,926.426098031576,19,0.3500144998754891,166,2,24.90693650699549,0,0.6770325458695882,1.2927852569306018e-05,0
pred_004509,2025-11-07T23:33:00,v1,1631.9945294954573,7,0.3121279571229575,835,6,0.658083267416225,0,0.7826877396152122,8.678378456946832e-09,0
pred_004510,2025-11-07T23:47:00,v1,768.9526697947741,22,0.2494446929610594,80,3,5.372175002028471,0,0.9427623486533724,3.7700418361726015e-05,0
pred_004511,2025-11-07T23:56:00,v1,510.09683194646874,20,0.1802366297619979,307,3,34.623586406147545,0,0.8219577856788567,0.00013493471677633918,0
pred_004512,2025-11-08T00:04:00,v1,700.8589502520153,21,0.2544789796306182,133,5,0.6829238396465648,1,0.7836783412086343,0.0019390870851694368,0
pred_004513,2025-11-08T01:46:00,v1,1510.588207996716,9,0.2156083477833437,733,1,50.935331996637125,0,0.809887822504021,4.786113996658366e-10,0
pred_004514,2025-11-08T01:52:00,v1,721.6892089517403,15,0.0891034438033178,749,0,22.808167975527734,0,0.7901270702175358,1.062432380929841e-08,0
pred_004515,2025-11-08T01:55:00,v1,196.07002973056152,2,0.6443580143006459,33,7,9.868879210203843,1,0.1506541256293286,0.9994618701819459,1
pred_004516,2025-11-08T02:05:00,v1,574.803114518595,19,0.0809516260919047,261,2,0.6094575839801866,0,0.8173190453469618,1.2488370061979935e-05,0
pred_004517,2025-11-08T02:13:00,v1,1426.3590604499127,21,0.1928182801199181,51,5,16.53229308439243,0,0.9559574869597682,3.330244411073599e-06,0
pred_004518,2025-11-08T02:17:00,v1,1728.5482128442277,18,0.0439495259852651,349,3,22.275748663095715,0,0.7386026088221271,3.726938462964024e-09,0
pred_004519,2025-11-08T02:58:00,v1,1079.368118612054,15,0.2028645939522774,900,1,9.300460776135704,0,0.9686342599965976,1.872498015940991e-10,0
pred_004520,2025-11-08T03:05:00,v1,742.2363810567982,8,0.1958710391953325,873,2,0.7596107576322044,0,0.9327419010306244,2.9334685018297983e-08,0
pred_004521,2025-11-08T03:08:00,v1,1144.4642029045144,20,0.3279600116246001,315,2,0.9496014122347176,0,0.9699693123266404,6.62003902236209e-08,0
pred_004522,2025-11-08T03:22:00,v1,784.3371119494976,21,0.1967881637716503,630,2,39.13460126252215,0,0.5886171186323615,4.113644974723528e-07,0
pred_004523,2025-11-08T03:32:00,v1,467.47240732668,22,0.2677202547952356,513,4,6.593281198858471,0,0.842778582848946,2.788910830646733e-05,0
pred_004524,2025-11-08T03:55:00,v1,272.12076095033234,8,0.3508076152451746,851,2,2.0755152081110873,1,0.8831793145501563,8.501577161513818e-06,0
pred_004525,2025-11-08T04:06:00,v1,571.7185673166904,22,0.0531614096881195,859,4,24.287618389052053,0,0.7041027388199859,5.981336047936976e-07,0
pred_004526,2025-11-08T04:20:00,v1,138.66843553943312,1,0.416697588807955,184,10,2.0009334295153223,0,0.1123368973249114,0.9997825937605868,1
pred_004527,2025-11-08T04:36:00,v1,738.584733453178,17,0.3726937669771382,312,1,6.226807949332086,0,0.7508331562040682,2.5928025226543774e-06,0
pred_004528,2025-11-08T04:40:00,v1,779.2549131399402,15,0.3087084766618281,954,2,46.92683578767132,0,0.95476177640015,1.7880042027848123e-08,0
pred_004529,2025-11-08T04:41:00,v1,905.061662157941,8,0.388390961327934,574,1,11.347449738933587,0,0.9142080610059908,1.1978058102647716e-07,0
pred_004530,2025-11-08T05:13:00,v1,75.83061624628185,22,0.735834470311165,151,11,552.8361878301209,0,0.411688895678724,0.9999999999707032,1
pred_004531,2025-11-08T05:20:00,v1,715.4936522552822,21,0.1540926681631903,340,2,31.982014408214877,0,0.9217102280358044,2.9381718100900943e-06,0
pred_004532,2025-11-08T06:05:00,v1,582.9588571447035,12,0.030485939177329,933,0,19.825040769952913,0,0.8779017744902986,4.564434786279309e-09,0
pred_004533,2025-11-08T06:09:00,v1,567.9739388993887,10,0.1074865243931997,882,4,1.3387173585862326,1,0.8979320536375589,2.1538969579146157e-06,0
pred_004534,2025-11-08T07:50:00,v1,932.8376052979412,17,0.1218740680493676,837,3,24.06169199729151,0,0.6531937680027095,3.59308777877695e-08,0
pred_004535,2025-11-08T07:55:00,v1,1342.5617567687118,18,0.2495151628470286,109,0,7.876492104522207,0,0.7971153135615604,2.5624577743425436e-08,0
pred_004536,2025-11-08T08:12:00,v1,1602.5932606432627,21,0.2262077173733643,379,1,13.014692554775902,0,0.787138080601982,4.806195416031943e-10,0
pred_004537,2025-11-08T08:14:00,v1,544.9898647715138,13,0.1272550782866451,598,1,17.558587412068604,0,0.9378824370834096,4.895372083689185e-07,0
pred_004538,2025-11-08T08:16:00,v1,856.9892297982283,16,0.1595222075017988,369,1,6.0195925254424525,0,0.7611645695553236,3.576412421701382e-07,0
pred_004539,2025-11-08T08:30:00,v1,521.7205678991259,22,0.2306803152306922,414,2,8.29779366586039,0,0.8982807695967259,3.696543878760524e-06,0
pred_004540,2025-11-08T08:56:00,v1,933.8336421136828,15,0.5654537457969823,727,0,32.380416638953314,0,0.8304366157356073,9.23158028217142e-09,0
pred_004541,2025-11-08T09:41:00,v1,1248.0017645552844,19,0.2574667007146546,168,1,26.472377876703824,0,0.8308528346983748,1.369938900966283e-07,0
pred_004542,2025-11-08T09:52:00,v1,1300.5073106215698,14,0.2806155592312772,996,3,0.7198596095620716,0,0.9736104748504084,1.288103779626642e-10,0
pred_004543,2025-11-08T10:00:00,v1,810.9418723162576,16,0.4017234639401583,219,0,14.5508523045945,0,0.646538824379644,2.6740555209829465e-06,0
pred_004544,2025-11-08T10:07:00,v1,1224.9857479054076,9,0.2895405521485791,166,3,10.42788734578799,0,0.7461562183147379,6.687975792021346e-06,0
pred_004545,2025-11-08T10:14:00,v1,1773.7872238950692,9,0.0426788926633106,128,1,2.175782100609576,0,0.5122933053848716,1.028763794425281e-08,0
pred_004546,2025-11-08T10:24:00,v1,704.8854400351975,10,0.4877913219551839,81,0,11.486693041470737,0,0.6749748117106946,6.261119330544916e-05,0
pred_004547,2025-11-08T10:29:00,v1,614.292506450286,18,0.4042918005120728,546,3,28.781714452909835,0,0.774357178112145,1.2112271511413708e-05,0
pred_004548,2025-11-08T10:31:00,v1,1570.8801074062717,9,0.1053554018836946,657,2,2.5803933797572864,0,0.8758315457597508,2.693152768631084e-10,0
pred_004549,2025-11-08T10:57:00,v1,5265.723099650327,17,0.2319314475104949,417,2,22.79652968600184,1,0.8848293520317746,5.381951571344481e-22,0
pred_004550,2025-11-08T11:05:00,v1,1128.3235300950994,19,0.1620729535381187,832,3,15.262641196843012,0,0.9889127989364216,1.4567613511477442e-09,0
pred_004551,2025-11-08T11:09:00,v1,1483.6840279939795,21,0.1166030433628409,779,2,7.265654827888217,0,0.857141008276505,3.546602285888963e-11,0
pred_004552,2025-11-08T11:40:00,v1,923.0567453064926,19,0.1897352701331793,441,3,9.037930114463244,0,0.7220001123614137,9.216887442959535e-07,0
pred_004553,2025-11-08T11:43:00,v1,585.8428605113098,8,0.3834231655558158,583,2,18.148844344171515,0,0.9485427168659152,5.124704892698932e-06,0
pred_004554,2025-11-08T11:54:00,v1,718.5396082289321,7,0.1131414237943626,801,1,2.956313602020099,0,0.7145744589759914,5.00272513736418e-08,0
pred_004555,2025-11-08T12:14:00,v1,547.8327505042241,17,0.1735890675220254,756,4,18.708946772611903,0,0.8453582930770073,2.935597020989232e-06,0
pred_004556,2025-11-08T12:17:00,v1,957.854949073952,18,0.3042717693855473,155,2,3.805409195548597,0,0.8446913023787144,3.2811775114874805e-06,0
pred_004557,2025-11-08T12:19:00,v1,1340.3907223974388,19,0.0342836052369772,103,0,0.4031045387595009,0,0.9090775372102196,7.355711933416338e-09,0
pred_004558,2025-11-08T12:41:00,v1,1099.6979665401886,22,0.2598358633154168,417,2,20.63362347637991,0,0.8370812428849947,6.34490485919652e-08,0
pred_004559,2025-11-08T12:42:00,v1,1132.8341125834752,11,0.2701580242042173,197,2,53.10076007688336,0,0.441653425196863,2.5628563085550446e-05,0
pred_004560,2025-11-08T13:38:00,v1,473.0482699903504,21,0.0910958142124572,946,1,10.747301455940043,0,0.6102022767591517,1.949374342499383e-08,0
pred_004561,2025-11-08T14:37:00,v1,1285.134719123401,13,0.1306832604486194,81,4,22.302727505934193,0,0.9748183167149052,7.3993641375100295e-06,0
pred_004562,2025-11-08T14:52:00,v1,1012.9775235876745,19,0.4058176125012666,203,2,2.3682918057675435,0,0.7108313407289485,2.228335469010324e-06,0
pred_004563,2025-11-08T15:01:00,v1,839.2919545380271,10,0.4815265284334938,838,3,15.130432053334337,0,0.8653218562509841,1.8749890922278366e-07,0
pred_004564,2025-11-08T15:17:00,v1,624.322094625157,12,0.1694991799793126,977,3,19.927283756363952,0,0.8821936209193721,9.810410991889622e-08,0
pred_004565,2025-11-08T15:19:00,v1,653.2518160019689,13,0.2224036945613549,418,4,29.876761468219097,0,0.7408396905232761,0.0001569886993728632,0
pred_004566,2025-11-08T15:32:00,v1,1111.8493113824888,17,0.0734406867530469,96,5,1.300123977468838,0,0.7799444735350655,4.238207838640394e-05,0
pred_004567,2025-11-08T15:57:00,v1,943.2419964162912,18,0.145390717694159,865,0,13.466303780174764,0,0.8542028139093717,2.401708444847264e-10,0
pred_004568,2025-11-08T16:07:00,v1,739.879558917875,22,0.1849101502146357,947,1,31.99737626111452,0,0.8180681346873715,2.216362092056391e-09,0
pred_004569,2025-11-08T16:22:00,v1,997.4397338472966,20,0.1950519256124919,106,1,2.442006181425453,1,0.7421993680721938,2.580955382614623e-06,0
pred_004570,2025-11-08T16:28:00,v1,2420.398404959287,14,0.2971060267326802,344,3,37.94445630357541,0,0.8660277358141681,4.90827753022089e-11,0
pred_004571,2025-11-08T16:48:00,v1,974.1069548759932,18,0.1501915358173079,173,1,4.532994488346492,0,0.8438333454627076,5.159911822517854e-07,0
pred_004572,2025-11-08T16:54:00,v1,1224.6402933395918,21,0.435192099627335,434,3,3.810522825786798,0,0.7555656079234017,8.912167353163899e-08,0
pred_004573,2025-11-08T17:22:00,v1,454.7858710263852,18,0.3295389498357981,458,0,0.5207934036534327,1,0.951789218690788,1.6080380471553504e-06,0
pred_004574,2025-11-08T17:27:00,v1,1037.3201936912978,13,0.1854742918687586,463,2,9.44666632283508,0,0.8247773392812295,1.5024666814014363e-07,0
pred_004575,2025-11-08T17:40:00,v1,2368.9488045587686,18,0.1303232774946991,877,1,6.50983617498306,1,0.9002522836184056,1.1018115132973655e-14,0
pred_004576,2025-11-08T18:18:00,v1,1273.7821619384083,13,0.1939644364400684,434,1,12.888532082285574,0,0.8069564781363522,1.1032353121331961e-08,0
pred_004577,2025-11-08T18:21:00,v1,722.8644451200098,22,0.2349900633957981,225,2,4.322577465216781,0,0.4104069694653253,2.4691076780917075e-05,0
pred_004578,2025-11-08T18:33:00,v1,697.8617209571836,22,0.216870795961525,81,4,40.52833569083053,0,0.989185421809504,0.0004984357422056697,0
pred_004579,2025-11-08T18:34:00,v1,860.3578686131943,17,0.1282322112553887,836,0,0.8326839189042811,0,0.8979752703938774,4.043993378200768e-10,0
pred_004580,2025-11-08T18:40:00,v1,742.1812687917835,13,0.1366752059720407,820,3,7.918143710098509,0,0.5387467016219373,3.4200235673146937e-07,0
pred_004581,2025-11-08T19:32:00,v1,874.9565962634701,10,0.1954069845982006,592,2,11.905394907819565,0,0.4481071156954113,1.0112524654501538e-06,0
pred_004582,2025-11-08T19:44:00,v1,1497.9364002575023,9,0.2150305868152315,188,3,3.6855146823255422,0,0.7586704087466043,3.7135653304196633e-07,0
pred_004583,2025-11-08T19:44:00,v1,1411.689311264391,9,0.1859695230035536,872,2,24.49541052824383,1,0.8161259518900696,9.217819092886654e-10,0
pred_004584,2025-11-08T19:46:00,v1,545.439523607266,19,0.1665291537726242,663,4,3.979557691657015,0,0.8541585684461342,3.443001569057904e-06,0
pred_004585,2025-11-08T20:24:00,v1,1079.9580290952786,14,0.3197813102366033,290,2,3.2015155255374146,0,0.7661183936218977,7.518575237205409e-07,0
pred_004586,2025-11-08T20:56:00,v1,1116.191149655314,8,0.085706455318569,132,2,37.817344468989326,1,0.8133089784449585,2.457418423203229e-05,0
pred_004587,2025-11-08T21:05:00,v1,1416.0014995750414,10,0.3122961645700698,600,0,6.957726159830089,0,0.8590286061367239,2.909089041078319e-10,0
pred_004588,2025-11-08T21:05:00,v1,344.7076677530142,19,0.1789192394138218,633,0,26.55987525408356,0,0.8654679612869242,4.4584727839837946e-07,0
pred_004589,2025-11-08T21:36:00,v1,721.8724384764547,8,0.3587058647007929,225,1,1.7323529122122978,0,0.827954634166355,1.6892873369969543e-05,0
pred_004590,2025-11-08T21:57:00,v1,1455.0193629332723,15,0.509298049514614,113,1,20.880142906390063,1,0.8757770486261145,2.9290891989775253e-07,0
pred_004591,2025-11-08T22:27:00,v1,729.5801549093893,16,0.0183273032564314,576,2,9.569144907391426,0,0.7304079422293774,3.5028169935590753e-07,0
pred_004592,2025-11-08T23:18:00,v1,745.6406813418325,10,0.223040832488896,917,2,45.89284008106106,1,0.9550503432967568,1.500065408297564e-07,0
pred_004593,2025-11-08T23:31:00,v1,1590.038767986858,12,0.2034946398091634,673,4,1.6380195674940377,0,0.864227609200176,1.7051750344960832e-09,0
pred_004594,2025-11-08T23:42:00,v1,1311.666192105482,15,0.3929496141552481,68,6,3.9275808526688,0,0.6366598773092256,0.00019409332827635038,0
pred_004595,2025-11-08T23:47:00,v1,1805.144890964049,19,0.1830178616814285,302,2,16.30930462027092,0,0.926246038718188,5.214742647464416e-10,0
pred_004596,2025-11-09T00:24:00,v1,1100.8212745568835,11,0.2788117511942983,745,0,0.7271487749925823,0,0.7710269147084265,7.873622889724637e-10,0
pred_004597,2025-11-09T00:45:00,v1,1420.9284070068477,8,0.2097118391036721,194,1,4.410843495143293,0,0.6799289249358604,9.774812383930931e-08,0
pred_004598,2025-11-09T01:02:00,v1,365.23145038635874,7,0.0745187222429829,629,3,0.1741614717855187,1,0.8440263951580997,7.469755840658559e-05,0
pred_004599,2025-11-09T01:14:00,v1,847.873730271072,10,0.150782032919339,834,5,7.8989003604420835,0,0.770981043356395,9.089419609143185e-07,0
pred_004600,2025-11-09T01:26:00,v1,823.120933103452,9,0.0743572721376495,586,3,36.1767666635056,0,0.8980395732059315,1.909495914362226e-06,0
pred_004601,2025-11-09T01:37:00,v1,470.1389633037395,16,0.2438757972916977,528,6,1.8779456535069663,0,0.7148802677258854,0.0007471464481750898,0
pred_004602,2025-11-09T01:52:00,v1,282.12506435671514,12,0.2484600238817029,216,0,8.654371588192781,0,0.6848883490392392,0.00018055313647089575,0
pred_004603,2025-11-09T01:58:00,v1,1994.8670201883351,13,0.3921883095740311,899,2,6.73388540706851,1,0.7909502587299657,3.5995672884710646e-12,0
pred_004604,2025-11-09T02:12:00,v1,443.23215294484265,7,0.1859585828119791,520,1,4.206241010091517,0,0.8386196815591127,6.4593199486808706e-06,0
pred_004605,2025-11-09T02:25:00,v1,1124.354779019509,15,0.0463964181223061,376,1,1.46203980805259,1,0.8937696245471524,4.814184727408459e-08,0
pred_004606,2025-11-09T02:41:00,v1,1085.3084471198738,16,0.3172249158215884,143,3,41.1032615400175,0,0.9329236986863768,1.3568046156572735e-05,0
pred_004607,2025-11-09T02:46:00,v1,799.7017653158264,18,0.0179787205107933,678,1,5.400035733402026,0,0.9309982421291292,7.028862536474163e-09,0
pred_004608,2025-11-09T03:25:00,v1,965.7809702115136,22,0.2189543519216646,823,3,17.936061609465636,0,0.6724206714687843,1.5092067573896253e-08,0
pred_004609,2025-11-09T03:26:00,v1,1119.2345707061904,10,0.2073521121899314,138,1,43.29405040170225,0,0.833776997345854,2.8871137023434433e-06,0
pred_004610,2025-11-09T03:53:00,v1,1002.4798477539948,19,0.1754041706958153,50,0,8.45619082513676,0,0.6750562780656235,8.378665389091133e-07,0
pred_004611,2025-11-09T04:22:00,v1,549.6942810979106,14,0.2882240577574554,549,0,0.6333283140487387,0,0.9854985559676688,1.5580498847916103e-07,0
pred_004612,2025-11-09T04:33:00,v1,307.98241249927736,17,0.2266251103971447,652,1,2.0853716046496737,0,0.9445788169371024,8.505574232046501e-07,0
pred_004613,2025-11-09T05:16:00,v1,1419.4396060213778,17,0.0151083573243824,935,2,1.7793397191711289,0,0.8327226706831766,1.5781349495654843e-11,0
pred_004614,2025-11-09T05:24:00,v1,646.8587875872786,16,0.0403655372014694,440,1,14.10613695654718,0,0.7261301986199082,1.0420036396343598e-06,0
pred_004615,2025-11-09T06:15:00,v1,1495.953406939946,21,0.2012864537599433,980,1,15.36378923640105,0,0.8827073181509862,1.9100648527769883e-12,0
pred_004616,2025-11-09T06:16:00,v1,835.9388029252599,16,0.4138946354518704,975,4,3.66981831933675,0,0.8165270006783699,4.558183539744247e-08,0
pred_004617,2025-11-09T06:22:00,v1,674.8476169435859,11,0.0839586426476663,426,2,6.730873686819866,0,0.7498324812020796,5.20003609686259e-06,0
pred_004618,2025-11-09T06:39:00,v1,1861.428055716751,7,0.0457270740171436,298,5,43.95532586736256,0,0.819533194441197,1.6022737442188281e-07,0
pred_004619,2025-11-09T06:41:00,v1,429.87127576592826,12,0.1100544368214651,98,5,14.408677156890697,0,0.7568066372056579,0.038479030251122426,0
pred_004620,2025-11-09T06:50:00,v1,1195.8884512907314,13,0.2589469743318296,86,2,9.198059901546818,0,0.9427988870867644,1.4537461682780347e-06,0
pred_004621,2025-11-09T06:59:00,v1,383.3387898381322,17,0.0407051393201198,172,2,5.055056784856836,0,0.6609090287363826,0.00035400697464992346,0
pred_004622,2025-11-09T08:12:00,v1,1194.303026651468,19,0.0953090670961042,762,0,0.8053530478358615,0,0.6255550109470512,1.0199372109438194e-10,0
pred_004623,2025-11-09T08:18:00,v1,1278.5547298317365,16,0.2341191699901625,694,0,2.199804690532491,0,0.6120912303894847,2.462619899582527e-10,0
pred_004624,2025-11-09T08:45:00,v1,1234.8449902825012,8,0.212169359059482,410,2,6.854994932099143,0,0.6313709775962911,2.09382316814436e-07,0
pred_004625,2025-11-09T09:22:00,v1,787.5018260272502,15,0.5244109644343036,557,1,5.238699227007412,0,0.753215818281513,2.7805130728214314e-07,0
pred_004626,2025-11-09T09:45:00,v1,1403.5169828522996,8,0.1989352329244292,247,1,2.63657850426156,1,0.9037406063070272,7.440533988671048e-08,0
pred_004627,2025-11-09T10:14:00,v1,1078.2200946773698,22,0.1594998843231707,299,2,0.664503819973276,0,0.8479897821341772,9.957184906475823e-08,0
pred_004628,2025-11-09T10:27:00,v1,392.19787792203414,19,0.0873405621086324,340,1,3.833559896784001,0,0.7123283096211909,1.2663466277983896e-05,0
pred_004629,2025-11-09T10:58:00,v1,735.6567160674684,22,0.3198599706590095,976,2,28.956044838146266,0,0.8739612299195884,5.789352967509345e-09,0
pred_004630,2025-11-09T11:09:00,v1,679.3018203285636,14,0.1904336162685659,451,6,28.94986084907283,0,0.852740711146509,0.0004891323610275636,0
pred_004631,2025-11-09T11:10:00,v1,1925.696620139464,13,0.2145373687541873,480,2,25.099904804166137,0,0.7518853533207849,2.0611691150663017e-10,0
pred_004632,2025-11-09T11:53:00,v1,1641.8442070786314,11,0.0419324503645837,59,0,10.37220222407247,0,0.9114541962216224,4.342809002461822e-09,0
pred_004633,2025-11-09T11:57:00,v1,952.5789128173786,18,0.2008867822982829,602,3,22.824195874160207,0,0.723440151796405,2.593691905986167e-07,0
pred_004634,2025-11-09T12:02:00,v1,425.3336224929844,10,0.2286839313583267,456,3,11.621518202935446,0,0.7619452997084205,0.00017618294618251183,0
pred_004635,2025-11-09T12:27:00,v1,1754.8976985978725,16,0.4668521482646598,692,1,2.7161122929760206,0,0.6441540031018261,2.730594860250918e-11,0
pred_004636,2025-11-09T13:15:00,v1,548.2752396192432,8,0.0277030330717727,197,4,0.368978098263325,0,0.6471324327017518,0.002416349079251931,0
pred_004637,2025-11-09T13:20:00,v1,271.05047033099146,21,0.3516025627729501,334,1,7.047998009788319,1,0.7639874201942813,0.00013245752550256163,0
pred_004638,2025-11-09T14:41:00,v1,2017.717701465478,22,0.0547850639507095,269,1,9.297388831553851,0,0.952470244653417,1.3636181161597195e-11,0
pred_004639,2025-11-09T14:48:00,v1,317.7889853380128,8,0.1027680982462912,168,0,18.562591577626048,0,0.9242464545414426,0.00015661188760518195,0
pred_004640,2025-11-09T15:22:00,v1,1006.8149112343058,18,0.5147366760972686,905,4,20.88528721332049,0,0.640598669884229,7.099258045461701e-08,0
pred_004641,2025-11-09T15:35:00,v1,832.0779579280731,10,0.172050932185405,855,2,17.16175722452681,0,0.9088537327196318,2.1571088637182943e-08,0
pred_004642,2025-11-09T15:47:00,v1,959.2870394427052,7,0.1646413507816436,894,2,2.747430213379255,0,0.8027410512056733,7.317370362289105e-09,0
pred_004643,2025-11-09T16:02:00,v1,939.949430418868,18,0.1319496282769753,232,3,6.708813042029716,0,0.8594871041958281,3.7606175498512343e-06,0
pred_004644,2025-11-09T16:49:00,v1,1975.2983313892369,14,0.2396818136917298,829,2,12.32331783371362,0,0.7025548564481631,3.003271160782167e-12,0
pred_004645,2025-11-09T17:07:00,v1,832.6592370246779,14,0.452503304269533,393,3,16.763838140882108,0,0.6912861981740192,1.7941939478776973e-05,0
pred_004646,2025-11-09T17:10:00,v1,884.4394287654516,19,0.2411751164156553,63,1,10.543351740396014,0,0.8171074570442624,4.700682685423067e-06,0
pred_004647,2025-11-09T17:15:00,v1,705.2691643355909,18,0.1159900751021393,446,3,12.916072725932915,0,0.9661996384597674,2.3366218766576092e-06,0
pred_004648,2025-11-09T17:18:00,v1,2895.3824060841284,21,0.1328339992711433,71,1,29.1907136754003,0,0.7734169811392877,3.905655407892166e-13,0
pred_004649,2025-11-09T17:30:00,v1,917.1171981861928,19,0.0345548581252941,232,2,12.956383317156574,0,0.9687138553664691,7.801613783314466e-07,0
pred_004650,2025-11-09T18:11:00,v1,764.033076634005,19,0.0406724183243417,576,3,10.62019188303149,0,0.7498750135127572,5.611203305775105e-07,0
pred_004651,2025-11-09T18:33:00,v1,612.1718251879586,13,0.1050237455772518,44,2,4.999162912445534,0,0.6241523632982977,0.0004790544147828251,0
pred_004652,2025-11-09T19:01:00,v1,983.2267226336264,8,0.0585825929399901,833,3,8.941365218386833,0,0.9611252107072484,1.6286711489162886e-08,0
pred_004653,2025-11-09T19:09:00,v1,987.2535619357114,22,0.1084137486913582,167,4,1.4807750935265684,0,0.8275826565163136,7.947976934201679e-06,0
pred_004654,2025-11-09T19:11:00,v1,420.9620597382325,13,0.3592419708180639,754,1,5.738833964885403,0,0.911628720741656,3.827516501159675e-07,0
pred_004655,2025-11-09T19:28:00,v1,718.5263618409726,17,0.0700772227105619,137,2,0.4740956880216767,1,0.8889124025871589,3.6996815653393625e-05,0
pred_004656,2025-11-09T20:06:00,v1,1078.0438860330123,11,0.1277332434165734,438,2,36.879383190190026,0,0.9407200686832128,2.4843456998505825e-07,0
pred_004657,2025-11-09T20:15:00,v1,554.1859030831836,7,0.1055334765704172,898,0,2.857857237750833,1,0.8709492024668278,3.397368574015396e-08,0
pred_004658,2025-11-09T20:23:00,v1,479.5462905088057,21,0.0756521059450606,490,2,2.7488816377393586,1,0.8278597320152997,5.56727625745597e-06,0
pred_004659,2025-11-09T21:10:00,v1,785.1464849737762,10,0.2872980262936324,326,1,48.979222548300875,0,0.6525204868436248,1.843700206367737e-05,0
pred_004660,2025-11-09T21:25:00,v1,1400.4073154980774,10,0.017531804132607,116,1,4.053969987636996,0,0.7960734426350523,7.592882259879338e-08,0
pred_004661,2025-11-09T21:54:00,v1,1590.5543243468144,18,0.0900600805848584,864,1,36.41986740391426,0,0.7993381784057388,8.609611256404913e-12,0
pred_004662,2025-11-09T22:34:00,v1,1167.9816399699562,15,0.2400273961650524,609,1,19.94365894563411,0,0.858134821316792,3.89434354813644e-09,0
pred_004663,2025-11-10T00:49:00,v1,1077.9809283989223,15,0.155949194427594,30,2,12.130575804706895,0,0.932132126025111,4.375296333400912e-06,0
pred_004664,2025-11-10T00:51:00,v1,1297.9849580747668,18,0.0371376084509366,213,1,12.45747986802286,0,0.9540286006654036,1.5910880789977543e-08,0
pred_004665,2025-11-10T01:26:00,v1,1086.107154340639,7,0.2841415162893695,222,3,70.67618357280175,0,0.9376645598498744,5.1055314429810136e-05,0
pred_004666,2025-11-10T01:32:00,v1,1221.2198520262623,19,0.0691880957250086,440,1,4.3763870887969185,0,0.8449435499721539,3.243295438208399e-09,0
pred_004667,2025-11-10T01:40:00,v1,1400.913714475279,11,0.0704895244849744,81,0,30.993621834177933,0,0.8848122328277961,5.5660617477755505e-08,0
pred_004668,2025-11-10T01:54:00,v1,754.3034053540869,12,0.4947727108483906,726,4,63.55434027839144,0,0.6110558096729295,3.2280016517529826e-05,0
pred_004669,2025-11-10T02:28:00,v1,454.4673584654048,10,0.4023956121533381,56,1,0.0135974091130204,1,0.7833868135345454,0.0020764722756306847,0
pred_004670,2025-11-10T02:58:00,v1,1671.9172766348267,7,0.4620598546510083,227,3,10.220973367606032,0,0.7989859371393336,1.6157745310149384e-07,0
pred_004671,2025-11-10T03:20:00,v1,859.3397174102402,22,0.1529990655297191,717,2,4.841593505157114,0,0.7222577496952213,1.532279031279018e-08,0
pred_004672,2025-11-10T03:55:00,v1,1267.53124855998,15,0.2618593764102932,708,0,10.30509360381982,1,0.8932403723992428,3.7276265481242997e-10,0
pred_004673,2025-11-10T04:13:00,v1,432.7139958699959,19,0.3066277470936373,133,3,0.2816227280856655,1,0.9726125776296148,0.0012799810207839116,0
pred_004674,2025-11-10T04:20:00,v1,1022.4891011928472,9,0.3231844838571245,43,2,17.705301934489164,1,0.9470795214228404,6.79954424533954e-05,0
pred_004675,2025-11-10T04:41:00,v1,721.3967641075872,20,0.0155055106802114,830,3,5.674477650325762,0,0.7716338925613854,3.9366356346018753e-08,0
pred_004676,2025-11-10T05:34:00,v1,734.8261468225005,11,0.07707222772204,942,0,18.06668511374608,0,0.9153736811667904,1.3038429714710891e-09,0
pred_004677,2025-11-10T05:37:00,v1,1454.61331881895,7,0.1704316265193234,467,5,18.618268403055023,0,0.9387388843098328,3.273393126047211e-07,0
pred_004678,2025-11-10T06:00:00,v1,1332.8251042523718,14,0.157922511907767,812,1,2.997730155044491,0,0.7945363786289664,9.111905902274382e-11,0
pred_004679,2025-11-10T06:47:00,v1,1923.9773758610088,17,0.3649828461139588,908,4,0.1275462779102011,0,0.747767955850455,1.1025839489324226e-11,0
pred_004680,2025-11-10T07:40:00,v1,1117.6591349218638,7,0.1667871316808606,756,1,16.284278008669975,1,0.9538382167482804,6.121571460516184e-09,0
pred_004681,2025-11-10T07:42:00,v1,358.1002779569797,18,0.0331680569723727,554,4,26.48296779860343,0,0.7611412742760126,0.00011007989395974877,0
pred_004682,2025-11-10T07:48:00,v1,657.4615490173384,14,0.0539096109320219,838,0,13.040140585472772,0,0.9596228431116328,3.1113809921466968e-09,0
pred_004683,2025-11-10T08:12:00,v1,1000.6374746069498,19,0.110360248994501,418,1,2.887323513012299,0,0.8924957385283306,2.187135944611673e-08,0
pred_004684,2025-11-10T08:36:00,v1,1209.5774020880074,15,0.0259113662306743,214,2,1.1118077402261923,0,0.9716358126584198,1.0347490408083871e-07,0
pred_004685,2025-11-10T08:47:00,v1,322.32464448323725,22,0.2687034634484569,673,2,25.51271763016165,0,0.6826202623175875,5.5941174944039946e-06,0
pred_004686,2025-11-10T08:49:00,v1,293.36973756582665,20,0.2555660097950772,224,3,6.215580969227399,1,0.6842657880132513,0.00405888721345103,0
pred_004687,2025-11-10T09:06:00,v1,482.81780703761586,17,0.0970707537385258,939,2,0.1436166843543533,0,0.7286398613371242,5.3252287253224154e-08,0
pred_004688,2025-11-10T09:08:00,v1,458.1235916258,9,0.0800972601101191,334,2,3.08560372099173,0,0.7783423916755733,8.22544275508888e-05,0
pred_004689,2025-11-10T09:19:00,v1,1206.560327346746,17,0.2159736278628998,954,3,0.9527092415516732,0,0.8747309979210021,3.3262120159788444e-10,0
pred_004690,2025-11-10T09:28:00,v1,2227.000867146236,18,0.2682036466445688,363,2,20.346345760846543,0,0.8578496482372976,1.8823363415343553e-11,0
pred_004691,2025-11-10T10:39:00,v1,1014.9016388209808,12,0.3032398103987506,998,2,34.625003066608045,0,0.858914108934111,2.4649338154131315e-09,0
pred_004692,2025-11-10T10:54:00,v1,446.59252029148354,22,0.2827670157523477,594,2,3.8758277131395378,0,0.8901730120964537,1.1359307304615337e-06,0
pred_004693,2025-11-10T11:03:00,v1,908.6707861599888,11,0.2406708965545167,576,1,5.631817339060135,0,0.9896336168211431,3.231691257622465e-08,0
pred_004694,2025-11-10T11:56:00,v1,745.7498166050151,7,0.3101275811563708,333,3,10.460467722477713,0,0.9272196649356802,4.554904629355627e-05,0
pred_004695,2025-11-10T12:18:00,v1,86.2327328078852,1,0.8957694716550141,108,12,24.12640116333723,1,0.2291352549002084,0.9999994745253048,1
pred_004696,2025-11-10T15:37:00,v1,1382.5834302820956,21,0.1317527738162866,615,2,11.560543560164527,0,0.7177391298404058,8.27196603382514e-10,0
pred_004697,2025-11-10T15:41:00,v1,597.3498775896408,12,0.2817741927335404,878,4,9.650729947056483,0,0.8545691326376628,1.1405043141802995e-06,0
pred_004698,2025-11-10T15:58:00,v1,696.5046023625183,18,0.0973328948977516,793,2,13.420866278005604,0,0.9827836005548728,2.1455287275702122e-08,0
pred_004699,2025-11-10T16:07:00,v1,2017.5248971135804,14,0.2432346037614708,436,0,0.6603628048319463,0,0.8050315347348177,5.27910611524138e-12,0
pred_004700,2025-11-10T16:43:00,v1,936.498100467298,16,0.2568691366107876,364,1,25.758652205326666,0,0.598879664224843,8.316965882376222e-07,0
pred_004701,2025-11-10T17:42:00,v1,1177.3694573248267,14,0.2761996084523413,963,2,7.11616687157666,0,0.7880092238863955,3.5674923002231223e-10,0
pred_004702,2025-11-10T18:21:00,v1,1285.7462877970854,21,0.4189308692904029,573,2,2.534303813943565,0,0.8676813689579131,2.5557415273987706e-09,0
pred_004703,2025-11-10T18:26:00,v1,413.4184284182288,12,0.0495719889698236,92,3,2.0985895049274896,0,0.7951415603414109,0.0023866520112747498,0
pred_004704,2025-11-10T18:48:00,v1,1860.1301938860224,13,0.0296533832368884,217,4,14.067171002973492,0,0.8153974137066483,1.8291431935744372e-08,0
pred_004705,2025-11-10T18:56:00,v1,695.9872816496202,18,0.1149262142214332,306,4,20.3976012589256,0,0.7667558121282286,8.552926090353603e-05,0
pred_004706,2025-11-10T19:06:00,v1,355.03490575817847,7,0.1307930607146989,31,0,5.987741314219863,1,0.7990798336012777,0.0016482431146480443,0
pred_004707,2025-11-10T19:50:00,v1,858.2019533316903,21,0.2751623764304269,870,2,19.154644556151965,0,0.8640834276325947,4.900526548441666e-09,0
pred_004708,2025-11-10T20:10:00,v1,731.4444954760535,15,0.400015395459219,140,2,20.99335355584607,0,0.9110474778511076,6.425750222903358e-05,0
pred_004709,2025-11-10T20:35:00,v1,728.7415848684299,13,0.0231156329513557,530,3,5.226183105487046,0,0.6410324183388068,3.4031204987687863e-06,0
pred_004710,2025-11-10T22:16:00,v1,1021.4386056604192,9,0.0980601580110446,937,2,16.25031618859774,0,0.8051114203706851,2.718441399342779e-09,0
pred_004711,2025-11-10T22:39:00,v1,151.6576866354929,23,0.7185024775380524,12,6,30.31839223065154,0,0.29751809541184,0.9596804182358046,1
pred_004712,2025-11-10T23:05:00,v1,1470.2743828352154,22,0.2738386861990678,518,0,5.039680836696684,0,0.8768233488964936,5.968236639996387e-11,0
pred_004713,2025-11-11T00:03:00,v1,1183.6973036498764,11,0.371583735808789,696,3,1.2794443491382883,1,0.7020860329300892,9.844148328873185e-08,0
pred_004714,2025-11-11T00:29:00,v1,527.8320989007981,19,0.2032739760288447,467,4,45.34676100880875,0,0.8889074038052893,0.00010078122756718697,0
pred_004715,2025-11-11T00:31:00,v1,649.0449235981846,22,0.1003080601493597,102,2,15.474454252074088,0,0.8272533497139992,3.5271271588491715e-05,0
pred_004716,2025-11-11T00:43:00,v1,460.50296250881246,21,0.0861704792211993,408,2,0.4789257675924167,0,0.9451639338996928,3.434710844350857e-06,0
pred_004717,2025-11-11T01:42:00,v1,843.2523040807725,16,0.2017597287843092,399,6,21.29842132653642,0,0.8637265602139048,0.00012670035565175858,0
pred_004718,2025-11-11T01:57:00,v1,126.59586662364296,1,0.8484417976451059,47,6,294.3778305375779,1,0.5474217583930971,0.999999652893694,1
pred_004719,2025-11-11T02:57:00,v1,602.7248898811639,15,0.0567505976937816,173,5,1.272844651276258,0,0.7841893103645858,0.0015574668052730383,0
pred_004720,2025-11-11T03:08:00,v1,1281.1141324173018,12,0.0581918394021673,60,0,7.178316592079324,0,0.8991576126444591,6.934976004554963e-08,0
pred_004721,2025-11-11T03:15:00,v1,490.0951482046988,14,0.1131041455270927,155,4,11.6071522989574,0,0.9602300678612046,0.0014262548917731404,0
pred_004722,2025-11-11T03:16:00,v1,596.1351539013339,14,0.2238109823292668,981,1,3.803121725490987,0,0.8623616685372631,6.385834977889997e-09,0
pred_004723,2025-11-11T03:18:00,v1,1232.5951818121584,18,0.1322885434952105,557,3,14.703359064291552,1,0.9740076129405032,3.026124258035858e-08,0
pred_004724,2025-11-11T03:36:00,v1,2419.913050206142,19,0.1200232959964764,603,3,8.363311726444051,1,0.8365167220993153,1.3405183408637636e-12,0
pred_004725,2025-11-11T03:57:00,v1,766.5341261254554,14,0.2779366890084342,493,0,18.289125823279917,0,0.9587966425135293,8.68624386621179e-08,0
pred_004726,2025-11-11T04:09:00,v1,1203.5459983466276,18,0.2008530452792048,887,0,49.94491388587225,0,0.6576993392602093,1.6651946124190654e-10,0
pred_004727,2025-11-11T04:22:00,v1,626.9223704120947,16,0.4402802714120976,315,2,33.26489092250131,0,0.9803915897562429,2.819981440098907e-05,0
pred_004728,2025-11-11T04:26:00,v1,972.379480799994,19,0.1848558003116439,450,0,0.270064956538721,1,0.8747123708410471,2.0048624647212004e-08,0
pred_004729,2025-11-11T04:30:00,v1,705.3620157158114,19,0.536459305483985,545,4,7.444901408241701,0,0.6779839736903173,1.649756273117385e-05,0
pred_004730,2025-11-11T04:43:00,v1,1190.3288970298695,22,0.3535837464292592,661,2,9.148441726068588,0,0.7999978120399243,2.620710648878118e-09,0
pred_004731,2025-11-11T04:50:00,v1,955.469017480586,19,0.1197092219637414,482,0,3.757453460929611,0,0.946798043644055,4.4603443456814774e-09,0
pred_004732,2025-11-11T05:04:00,v1,482.75049760856393,15,0.1958039788477939,330,3,6.511574542064202,1,0.9487601290603448,0.0002083176699543294,0
pred_004733,2025-11-11T05:05:00,v1,805.4965654175647,19,0.0572929677467023,315,0,30.647012752880553,0,0.8358895174122158,2.3894854507870786e-07,0
pred_004734,2025-11-11T05:32:00,v1,1099.746072446218,10,0.0976325042249615,836,1,19.410012499345555,0,0.9644473542527718,6.662836852927639e-10,0
pred_004735,2025-11-11T05:40:00,v1,608.1236656730713,16,0.0964549493237432,697,2,6.286978877872858,0,0.7759109753016259,2.6032956498947203e-07,0
pred_004736,2025-11-11T06:50:00,v1,1305.5399830393442,20,0.0966886196072955,605,1,1.411002337101371,0,0.6955033713493627,4.4509254746761866e-10,0
pred_004737,2025-11-11T07:13:00,v1,670.8049643759427,11,0.2286102419783812,280,3,2.7989051128865574,0,0.7870023839138744,8.454344455046458e-05,0
pred_004738,2025-11-11T07:15:00,v1,1209.0405588917845,16,0.1122374868396229,967,3,9.80397716944282,0,0.948954325019554,2.5643692852188544e-10,0
pred_004739,2025-11-11T07:20:00,v1,1192.2566433930524,12,0.3032302601786323,329,0,1.6752636969721386,0,0.9203314277610048,1.3819989452786222e-08,0
pred_004740,2025-11-11T07:40:00,v1,1129.790239553908,17,0.1103395594004992,806,1,15.870551421412117,1,0.6195934791986663,2.203014567370542e-09,0
pred_004741,2025-11-11T07:53:00,v1,861.6575891195234,13,0.2216183022579197,330,1,40.73094760449247,0,0.8286480601239424,2.138645591032661e-06,0
pred_004742,2025-11-11T08:08:00,v1,1425.877400330049,11,0.045884595276989,841,3,18.386314909825373,0,0.8306429603692499,5.445592186893496e-10,0
pred_004743,2025-11-11T08:30:00,v1,1581.401452316334,14,0.1115409639395056,820,3,7.469006333505679,0,0.8170219000591139,1.0818001184188227e-10,0
pred_004744,2025-11-11T08:55:00,v1,898.7267913668722,16,0.3010522095994412,458,1,3.6866101954789854,1,0.6257111481463121,6.115065613693231e-07,0
pred_004745,2025-11-11T09:15:00,v1,601.5681266939722,9,0.0753746237632247,625,1,48.54459591957706,0,0.9114714134117492,1.0619769883880706e-06,0
pred_004746,2025-11-11T09:18:00,v1,1536.8259485336034,8,0.1389583969107182,201,4,16.17402289849707,0,0.64031342393086,1.6378647991507695e-06,0
pred_004747,2025-11-11T09:22:00,v1,828.8655281975032,19,0.280512363354047,397,2,1.3488139421460212,0,0.9561659589044154,4.1330153899366594e-07,0
pred_004748,2025-11-11T09:50:00,v1,868.092018948395,18,0.0221042155500972,507,2,1.1243889793657642,0,0.8185192615060983,9.624669363755275e-08,0
pred_004749,2025-11-11T10:08:00,v1,1397.1171906041698,9,0.2332410170575555,911,2,5.090031838152238,0,0.8731560977878254,1.2930993852256855e-10,0
pred_004750,2025-11-11T10:37:00,v1,1449.2203080528056,7,0.0413838418356095,886,2,47.548180353378406,0,0.7137474534499625,5.911309426823772e-10,0
pred_004751,2025-11-11T10:39:00,v1,950.2429845682188,10,0.1354531902915297,952,3,7.644958840136456,0,0.9485540712925744,5.855494555046996e-09,0
pred_004752,2025-11-11T10:42:00,v1,916.3256506858542,7,0.2097785001991822,64,6,3.1328570159939084,0,0.7937437320881614,0.005643525025053295,0
pred_004753,2025-11-11T10:55:00,v1,875.1741821114656,10,0.0798135928337765,168,1,20.26160529250223,0,0.7915407214693793,6.404843646769771e-06,0
pred_004754,2025-11-11T11:54:00,v1,1199.5636556068866,22,0.1930200768217141,108,2,2.5100784424180524,0,0.7019295661699229,4.947901996762043e-07,0
pred_004755,2025-11-11T12:08:00,v1,1507.2811604524031,19,0.3112728871519834,585,3,13.66797914839925,0,0.6623363691063346,3.588422499051078e-09,0
pred_004756,2025-11-11T12:10:00,v1,930.824009125617,12,0.3157032606585471,200,1,16.528470930995837,0,0.8669853182530924,2.7299145877281845e-06,0
pred_004757,2025-11-11T12:26:00,v1,784.2266776438307,12,0.23173740223907,521,0,1.7213875434644144,0,0.8208349916626317,6.597994711655938e-08,0
pred_004758,2025-11-11T13:42:00,v1,515.5712801060263,4,0.5517725982288626,131,9,437.83401897746865,1,0.5410141311252361,0.9999999784285563,1
pred_004759,2025-11-11T13:45:00,v1,860.7798751989864,10,0.1006140151315192,387,2,18.269418808745225,0,0.7601711711558795,2.819320465517795e-06,0
pred_004760,2025-11-11T14:07:00,v1,928.1872822689908,7,0.0592522589009927,381,1,12.697993328617192,0,0.8212599249433005,5.059631127162006e-07,0
pred_004761,2025-11-11T14:11:00,v1,991.629563475632,16,0.0910591981184907,673,3,9.638237098365869,0,0.8379823172715084,4.1090073809949097e-08,0
pred_004762,2025-11-11T14:18:00,v1,2041.583542106994,9,0.194705340599696,336,1,1.9049297888546777,0,0.7988997467591284,7.45262503341506e-11,0
pred_004763,2025-11-11T14:22:00,v1,538.5253008714687,9,0.0477290390895703,755,0,19.399403777192248,0,0.9972886442131252,4.117087361897164e-08,0
pred_004764,2025-11-11T14:43:00,v1,1670.6543080094484,9,0.1669878395340876,147,1,13.213031900024928,0,0.7410075098197728,1.6810435204561444e-08,0
pred_004765,2025-11-11T14:54:00,v1,1702.8637237657083,16,0.2077105076230516,959,2,0.7231503570135399,0,0.8929981608652058,1.8118617274324287e-12,0
pred_004766,2025-11-11T15:04:00,v1,1807.126025723534,10,0.2018675789495775,101,3,41.824642564696646,0,0.8322088507017736,1.5116835895516154e-07,0
pred_004767,2025-11-11T15:12:00,v1,890.390800338221,9,0.3532259097687847,468,3,5.985009813147002,0,0.6808527932854281,6.280310374238859e-06,0
pred_004768,2025-11-11T15:45:00,v1,1476.4855565028424,16,0.312281214859229,525,2,13.821982511408498,0,0.6923010760050164,3.6783077497149627e-09,0
pred_004769,2025-11-11T16:27:00,v1,1976.7120603151336,22,0.226625735788797,784,1,20.365987759705096,0,0.9487649998791352,2.3332837410582296e-13,0
pred_004770,2025-11-11T17:12:00,v1,491.3081078685319,12,0.2251987414859411,687,1,1.3640960679628358,0,0.8647826048110303,3.5991771663027106e-07,0
pred_004771,2025-11-11T17:28:00,v1,2777.2059512320475,17,0.0983511517400372,385,1,9.129383671349528,0,0.5961403327343754,7.130472133165956e-14,0
pred_004772,2025-11-11T17:40:00,v1,504.8757868914213,16,0.3896992330059665,936,3,54.79045451984458,1,0.5031119580042848,1.2002398211283646e-05,0
pred_004773,2025-11-11T17:47:00,v1,2097.664429671492,11,0.4194717902713996,687,1,2.06073443612772,0,0.8449446367002648,1.542244336150436e-12,0
pred_004774,2025-11-11T17:54:00,v1,1097.2342982149416,7,0.2098077080486595,599,2,22.39147584911549,0,0.6529882249501588,1.6464698446837484e-07,0
pred_004775,2025-11-11T18:07:00,v1,943.6814978851282,12,0.0878880120295448,402,3,11.967832337691584,1,0.7544531167246519,6.565856591482452e-06,0
pred_004776,2025-11-11T18:29:00,v1,587.6023208043569,16,0.4329987075900004,590,3,36.028384869549086,0,0.7892347820597208,1.651455448136649e-05,0
pred_004777,2025-11-11T18:30:00,v1,1312.9541461293034,13,0.1039917425587929,139,5,1.512824279569965,0,0.9397205584094476,5.8684080471665865e-06,0
pred_004778,2025-11-11T18:50:00,v1,1583.3982149584567,9,0.2650687746208454,828,3,14.99594132622623,0,0.9084608109746384,2.7403000768307964e-10,0
pred_004779,2025-11-11T19:06:00,v1,1023.6567732346628,22,0.3550701132038812,848,1,0.2463847734539035,0,0.6711854586576501,5.788762244259493e-10,0
pred_004780,2025-11-11T19:23:00,v1,480.2233757424622,22,0.2330323357713196,342,2,18.257545820369224,0,0.9505833388992664,1.2192977486306218e-05,0
pred_004781,2025-11-11T19:24:00,v1,1832.673335627376,19,0.4718247490150516,909,3,9.483313275738256,0,0.8613220108302474,6.240555372613132e-12,0
pred_004782,2025-11-11T20:03:00,v1,825.4024348986369,18,0.0483424905878897,403,3,27.42113901221325,0,0.8375727007900806,2.8342670271260724e-06,0
pred_004783,2025-11-11T20:27:00,v1,1304.4485468717776,7,0.1350224676839698,542,1,9.96194085026759,0,0.7304336904658654,7.151881186696943e-09,0
pred_004784,2025-11-11T21:09:00,v1,885.689607494862,9,0.5558438333123726,49,3,5.261814332002375,0,0.864785589769166,0.0003798964003439956,0
pred_004785,2025-11-11T21:34:00,v1,1225.653550834185,7,0.1912453296550452,713,1,4.648426640828715,0,0.5183108721950329,5.054050680827847e-09,0
pred_004786,2025-11-11T22:54:00,v1,1140.59928795693,10,0.0893083344183234,614,2,30.123250095642383,0,0.8391619004434673,3.0875262339881097e-08,0
pred_004787,2025-11-11T22:59:00,v1,1090.9692298573289,9,0.3868394873530176,880,2,12.205017252714503,0,0.5943049819133369,1.0716468223186265e-08,0
pred_004788,2025-11-12T00:18:00,v1,3834.1653892419863,20,0.295552926197811,250,1,5.989502399520024,0,0.9715787753212478,1.2775468496220027e-17,0
pred_004789,2025-11-12T00:27:00,v1,594.8232723618255,14,0.3368825521516738,341,2,1.4306761689808738,0,0.8592757069619033,1.6609283852746907e-05,0
pred_004790,2025-11-12T01:10:00,v1,559.6379207872038,19,0.1646823260125177,946,3,32.1744100689105,0,0.6564767831398205,2.655202475952163e-07,0
pred_004791,2025-11-12T01:11:00,v1,990.0057953278877,10,0.3277642670238566,922,2,21.604610018078255,0,0.8766827347752686,5.7985763461019165e-09,0
pred_004792,2025-11-12T01:15:00,v1,672.7227883742294,9,0.1142210496366063,359,4,0.8372165255800056,1,0.9745371576878504,0.00015832969716872045,0
pred_004793,2025-11-12T01:43:00,v1,1374.3169539778935,21,0.0985521039763688,126,2,1.2146049273322723,0,0.6466415963298107,1.0568763386898952e-07,0
pred_004794,2025-11-12T02:00:00,v1,1085.6792926181886,8,0.0526472307487228,555,1,2.4364394189856413,0,0.6418890423087319,2.840267740592053e-08,0
pred_004795,2025-11-12T02:31:00,v1,1522.33145713466,20,0.3052499343044834,305,4,9.338474389114616,0,0.6403061012252098,1.3877998853541968e-07,0
pred_004796,2025-11-12T03:35:00,v1,539.3422762018469,13,0.1009692812974254,801,3,4.586832012804471,0,0.8958494210821072,4.972000757579879e-07,0
pred_004797,2025-11-12T03:52:00,v1,360.3457629148599,14,0.1885285674002162,207,2,12.229436345754795,0,0.8414778491217622,0.00044340756627040236,0
pred_004798,2025-11-12T04:10:00,v1,698.720677757645,19,0.1515409663610462,854,4,10.930388435933269,1,0.837892764858269,4.956527522348449e-07,0
pred_004799,2025-11-12T04:22:00,v1,1002.1694851999056,14,0.082837730960401,744,3,13.0365338767699,0,0.925723634930446,1.9604146210971712e-08,0
pred_004800,2025-11-12T04:23:00,v1,1548.9974942549677,15,0.0947857223744675,386,1,21.349210841483977,0,0.8668469214409796,1.1582991271006628e-09,0
pred_004801,2025-11-12T04:39:00,v1,879.5723275529616,22,0.3892319757459763,354,1,52.11165019739575,0,0.6752123519972997,1.4770842283198375e-06,0
pred_004802,2025-11-12T04:45:00,v1,2242.640700857788,10,0.2060670155813179,780,2,25.03246434256228,0,0.41649906015493,3.779684298186808e-12,0
pred_004803,2025-11-12T05:02:00,v1,1262.2064307645055,19,0.0937788784499601,215,4,20.2338567515881,0,0.8730183870987327,1.1824676769001146e-06,0
pred_004804,2025-11-12T05:19:00,v1,1127.5372211313447,19,0.4261674806162624,774,4,2.2785117870377283,1,0.8104227091720694,5.72039357324902e-08,0
pred_004805,2025-11-12T05:45:00,v1,661.986720730561,22,0.38227025814825,914,2,5.561306186643202,0,0.8619815962190359,1.1667050148164924e-08,0
pred_004806,2025-11-12T06:00:00,v1,770.4185305672079,14,0.4482993743547603,164,3,8.401739892259615,0,0.8877849925868385,0.0001135649905053409,0
pred_004807,2025-11-12T06:10:00,v1,1229.5551413713142,7,0.3444031837997592,422,2,18.726671556739262,0,0.792641576823844,2.5498213119079197e-07,0
pred_004808,2025-11-12T06:32:00,v1,1512.7330486493352,12,0.072023186602328,255,2,7.214467110435028,0,0.8375271061531183,1.9648933658885868e-08,0
pred_004809,2025-11-12T06:42:00,v1,2909.0410461600895,22,0.3479883725897918,584,1,6.8709426556333675,0,0.5981480610838664,2.757248827384325e-15,0
pred_004810,2025-11-12T06:43:00,v1,955.296063353961,7,0.2163737238854491,433,1,8.199079950996259,0,0.6768266473588187,5.21816371184352e-07,0
pred_004811,2025-11-12T07:08:00,v1,794.1200898315452,15,0.1635372375146995,723,4,3.7203888473721873,0,0.8048610758169497,5.204980219574074e-07,0
pred_004812,2025-11-12T07:35:00,v1,1123.427641933139,10,0.2073881143055441,587,2,27.6097646195597,0,0.8413673002621378,5.780751437611285e-08,0
pred_004813,2025-11-12T07:55:00,v1,850.6619517928389,12,0.1129817326516573,450,3,28.80515756801139,0,0.4685133703002062,1.5836971265342383e-05,0
pred_004814,2025-11-12T08:03:00,v1,830.7059786923069,14,0.148530880651594,896,3,3.624485341907438,0,0.8634946238122281,1.8851341012767586e-08,0
pred_004815,2025-11-12T08:22:00,v1,1129.439053226297,8,0.0352991818782053,56,3,6.440182850888181,0,0.7833591728050375,2.0705500286242767e-05,0
pred_004816,2025-11-12T09:06:00,v1,475.8530612865566,14,0.0947105691178145,910,2,0.359820095929914,0,0.7873866439192586,9.483906595334817e-08,0
pred_004817,2025-11-12T09:39:00,v1,1765.64074682155,14,0.2119919124516844,375,3,88.80512721932465,0,0.440161681090127,1.337800968310678e-07,0
pred_004818,2025-11-12T09:57:00,v1,841.571891254838,19,0.2421590241390894,132,0,16.14438790778258,0,0.8443159537717825,1.1175491878806243e-06,0
pred_004819,2025-11-12T10:45:00,v1,473.5610634245276,17,0.1252869109071585,684,3,13.58027545598108,0,0.8464063732617348,2.595312610294951e-06,0
pred_004820,2025-11-12T10:50:00,v1,692.2531116762208,11,0.1909222777577386,514,3,3.9023420373303654,0,0.8617297160052872,4.8175947659597305e-06,0
pred_004821,2025-11-12T10:57:00,v1,265.3024048886048,15,0.3174191254681527,785,1,23.87557986967399,0,0.6312257192086094,3.2019049818559505e-06,0
pred_004822,2025-11-12T11:05:00,v1,722.8121329935219,16,0.2517667972351547,822,2,3.180001847625577,0,0.6482190340396725,6.162471881744551e-08,0
pred_004823,2025-11-12T11:14:00,v1,2302.7005967999644,21,0.2236402180652112,809,4,10.150717578123295,0,0.8735171173918206,4.638473650752387e-13,0
pred_004824,2025-11-12T11:27:00,v1,811.8424231563199,11,0.3775951289761154,892,2,13.135327569011183,0,0.75212666992482,3.947934497003386e-08,0
pred_004825,2025-11-12T12:19:00,v1,666.0857005823366,12,0.2559797610458239,581,2,8.081635367475412,0,0.4963960143168591,4.0397740406584924e-06,0
pred_004826,2025-11-12T12:32:00,v1,1396.5514023722324,13,0.2107542929218524,457,4,5.681726239325969,0,0.7013313784855166,1.3049829064089255e-07,0
pred_004827,2025-11-12T12:33:00,v1,650.140771384903,16,0.2765153108442437,720,0,6.89843466326912,0,0.762807030404313,2.3897355064342128e-08,0
pred_004828,2025-11-12T12:36:00,v1,1080.40324667263,22,0.0944270628921052,771,1,22.963412597448087,0,0.8049429794456385,5.127622265875859e-10,0
pred_004829,2025-11-12T13:02:00,v1,1161.7099375834734,9,0.2331343917147259,125,2,3.2682509617810505,0,0.9487685376470888,1.7689855112204886e-06,0
pred_004830,2025-11-12T13:44:00,v1,865.7937239233834,12,0.1824931684691949,648,4,1.4303520027998244,0,0.957167167971088,5.430131954782003e-07,0
pred_004831,2025-11-12T14:00:00,v1,1148.5412620963646,21,0.2335637547883448,270,3,13.098186126805778,1,0.9034421842959676,1.1127460446306377e-06,0
pred_004832,2025-11-12T14:15:00,v1,1208.9664356603394,17,0.0404618048008011,944,3,11.588784505305364,1,0.6428929432213143,2.004691386086507e-09,0
pred_004833,2025-11-12T14:16:00,v1,973.2663959115928,12,0.1377653661229874,679,2,48.149469699466,0,0.7838302557467175,1.1308147844750211e-07,0
pred_004834,2025-11-12T14:22:00,v1,259.15937024411943,10,0.048961964367655,120,5,2.63085806549022,1,0.5938432012830632,0.333107381666236,0
pred_004835,2025-11-12T14:26:00,v1,1437.8463951391027,15,0.3253290309230354,957,4,16.87430341284819,0,0.9279131135876152,3.7810520463407954e-10,0
pred_004836,2025-11-12T14:56:00,v1,601.1981820589972,11,0.1145312946448147,868,1,12.925514236021376,1,0.7234546760031528,1.3356116381458216e-07,0
pred_004837,2025-11-12T15:13:00,v1,1418.2864872192383,11,0.2867139095142738,893,1,46.776900357944534,0,0.9263700044618368,1.0487103574414015e-10,0
pred_004838,2025-11-12T15:24:00,v1,683.2042272086751,20,0.101866654289399,962,1,12.691149114908288,0,0.9679740664863206,1.0516393605965913e-09,0
pred_004839,2025-11-12T15:40:00,v1,888.7698304032335,20,0.1097637277331002,298,0,78.23268709910741,0,0.8797946436991742,5.333706783874576e-07,0
pred_004840,2025-11-12T16:02:00,v1,1845.1615496089344,8,0.4143771768593201,795,0,19.034660015035005,0,0.890729000581752,2.7744239148655488e-12,0
pred_004841,2025-11-12T16:09:00,v1,617.3122784102338,17,0.0485467598255819,960,1,15.72002796646116,1,0.7699562307172567,1.5080493239114997e-08,0
pred_004842,2025-11-12T16:33:00,v1,1542.9679666794182,13,0.0515717900531046,248,1,14.841459954198996,0,0.971874047961488,3.294737357925074e-09,0
pred_004843,2025-11-12T16:43:00,v1,1993.029035199232,15,0.1398380648635944,973,2,1.313463785503385,0,0.7799119863797093,2.1943419664591606e-13,0
pred_004844,2025-11-12T16:51:00,v1,638.6988500932056,21,0.2384394742548307,102,1,0.6154424108863887,0,0.7413479403761806,1.679460399625747e-05,0
pred_004845,2025-11-12T17:24:00,v1,1153.4561952936635,15,0.2600461957408044,903,1,6.585351712478699,0,0.8586315310315176,1.5644533298502857e-10,0
pred_004846,2025-11-12T17:43:00,v1,712.5623104387936,14,0.1328829802142422,403,3,23.98328907776756,0,0.925955799092733,1.0347251295151023e-05,0
pred_004847,2025-11-12T18:14:00,v1,1722.0975279138838,7,0.1240043245621212,281,5,16.650966693834675,0,0.9215658432275898,2.1481513672128564e-07,0
pred_004848,2025-11-12T19:18:00,v1,933.684262721392,20,0.244496564338385,716,5,13.627839351059,0,0.8446575292782585,4.0360880041808306e-07,0
pred_004849,2025-11-12T19:19:00,v1,1085.4415739122326,18,0.0438809208701519,290,1,30.06318159264864,0,0.8639805895671273,1.0035058352984496e-07,0
pred_004850,2025-11-12T21:39:00,v1,597.9757931428908,22,0.1458125373108673,125,1,37.76902001916885,0,0.8507203251309748,2.7200280731127445e-05,0
pred_004851,2025-11-12T21:42:00,v1,1371.1094793004872,19,0.101745496962131,466,1,10.827306578033372,0,0.6770302575705822,1.7790475793009742e-09,0
pred_004852,2025-11-12T21:55:00,v1,1860.493495482684,19,0.2838537964951182,968,1,3.647813751801042,0,0.8332125109576402,1.512568101768154e-13,0
pred_004853,2025-11-12T22:02:00,v1,1237.0193986606296,8,0.3326545861829857,413,4,1.3425058713164182,0,0.9597842237070292,7.320327394595605e-07,0
pred_004854,2025-11-12T22:44:00,v1,990.0983643409968,21,0.2712256621859936,531,3,68.70316184914219,0,0.7920322034145553,9.843718263237056e-07,0
pred_004855,2025-11-12T23:00:00,v1,1945.686267421171,16,0.2598345026517102,396,4,6.872262099507315,0,0.602583120910536,2.9711282167801397e-09,0
pred_004856,2025-11-12T23:39:00,v1,672.3931148036191,15,0.2657128786253757,501,2,3.3880697350775755,1,0.6649990131551136,7.345045259103456e-06,0
pred_004857,2025-11-13T00:15:00,v1,747.6998819005902,13,0.0626024178039164,541,1,4.2076999973048235,0,0.9201954505247848,9.948084162665196e-08,0
pred_004858,2025-11-13T00:17:00,v1,279.62306599073065,0,0.6822379298698177,35,7,106.96744099617857,1,0.3310152605091177,0.999931385129285,1
pred_004859,2025-11-13T01:01:00,v1,361.067097295629,10,0.1941773592863022,430,4,45.61161533582141,0,0.9054414564541432,0.0019600159615738542,0
pred_004860,2025-11-13T01:10:00,v1,734.2474021435011,14,0.1473058531950539,56,4,24.963671945510335,0,0.7438728995226723,0.0018949505932450502,0
pred_004861,2025-11-13T01:26:00,v1,1754.7661572563445,21,0.0731345575908648,812,1,4.10403921087818,0,0.9262606704382436,5.493091502716019e-13,0
pred_004862,2025-11-13T02:13:00,v1,1153.9491233509852,10,0.2251727581205744,891,4,13.62099694901806,0,0.9364941332522884,1.0474502876863895e-08,0
pred_004863,2025-11-13T02:46:00,v1,1294.714852598154,15,0.1277899120553414,553,2,7.309698521562774,0,0.7326313449426,6.238287781549833e-09,0
pred_004864,2025-11-13T03:07:00,v1,899.4958449016866,15,0.4503573969409465,412,2,0.0885593054402476,0,0.9303149840456034,5.814599041781788e-07,0
pred_004865,2025-11-13T03:18:00,v1,933.5577318106028,9,0.3139093822314755,616,6,3.1091842653710784,0,0.9329760587075152,1.111525562957887e-05,0
pred_004866,2025-11-13T03:46:00,v1,731.6078157168556,7,0.1402887115548206,272,2,8.07373354551221,0,0.9434338276090676,1.6709402644877372e-05,0
pred_004867,2025-11-13T04:02:00,v1,895.2040008112147,8,0.4292600540049118,472,6,17.01851182260443,0,0.7419367954707735,0.00030750394297473116,0
pred_004868,2025-11-13T04:32:00,v1,1244.240130041558,22,0.3478640248682417,189,3,2.235698427726232,0,0.6567206510002903,8.447085800820195e-07,0
pred_004869,2025-11-13T04:32:00,v1,1087.467615220363,12,0.1053718713353492,645,4,7.578234570787259,0,0.7844157058423885,1.6947504993860138e-07,0
pred_004870,2025-11-13T05:40:00,v1,664.6560608534468,19,0.053317935359973,71,1,15.443305432688568,0,0.9446212122288892,1.1899539263998918e-05,0
pred_004871,2025-11-13T06:00:00,v1,386.5873412253056,12,0.1839440035346639,782,1,15.522619072116989,0,0.9433850883813828,3.4200140587683816e-07,0
pred_004872,2025-11-13T06:40:00,v1,697.743571434378,21,0.1389166749943183,922,3,14.657764154612243,0,0.7839386102832601,2.8252231116911608e-08,0
pred_004873,2025-11-13T06:51:00,v1,356.8263954559654,9,0.2600872392424576,585,2,46.18833927405776,0,0.8577345257004882,6.782333380122839e-05,0
pred_004874,2025-11-13T07:09:00,v1,1192.446533984512,22,0.0468334035345989,774,3,2.8527940941193113,1,0.9191402087584616,1.7765827696627132e-09,0
pred_004875,2025-11-13T07:27:00,v1,2324.68143045548,13,0.3626311812844533,133,2,7.981390034954503,0,0.6908001815552428,2.818991125404811e-10,0
pred_004876,2025-11-13T07:32:00,v1,962.516676770378,9,0.2184810723332323,349,1,60.22477081337782,0,0.7670532474634137,3.1490000739653435e-06,0
pred_004877,2025-11-13T08:01:00,v1,1459.8299870243002,9,0.0933795238174803,970,3,17.75254964719671,1,0.9236068768019998,3.25173044700097e-10,0
pred_004878,2025-11-13T08:18:00,v1,1697.095087069021,21,0.1035857214247103,661,1,5.398680134766497,0,0.8216060448763102,6.597561451411625e-12,0
pred_004879,2025-11-13T08:28:00,v1,870.4458112817468,7,0.2420452397967331,472,1,26.87224243734238,0,0.740532407262195,1.067904930508917e-06,0
pred_004880,2025-11-13T08:47:00,v1,1099.068267065108,15,0.306144599610563,237,5,26.97421717910213,0,0.9123876838630656,3.796280960290694e-05,0
pred_004881,2025-11-13T08:52:00,v1,1851.96924866589,15,0.0506699208739017,526,0,10.190464476667366,0,0.8889036434271087,4.3287940297707e-12,0
pred_004882,2025-11-13T08:57:00,v1,185.33922723473376,5,0.514111587699549,89,9,72.56508052063313,0,0.2044207588122403,0.9999149768095892,1
pred_004883,2025-11-13T09:31:00,v1,683.7750713035731,16,0.2928188127673193,222,1,0.5719778292579938,0,0.818279485432496,6.253380564958608e-06,0
pred_004884,2025-11-13T09:36:00,v1,889.5883278913547,11,0.1910566904744705,689,1,52.18599965310284,1,0.8549715211935418,1.9943087971511502e-07,0
pred_004885,2025-11-13T09:39:00,v1,962.0988874648394,13,0.0802913781074751,651,1,10.318802762894409,0,0.9367768530370406,6.807680530416229e-09,0
pred_004886,2025-11-13T10:34:00,v1,1260.397512476312,8,0.1929077804138108,415,3,5.8918430957353145,0,0.7371752048495748,3.2939505742478844e-07,0
pred_004887,2025-11-13T11:17:00,v1,541.3408169314471,12,0.1486765041764471,431,3,1.819218888993852,0,0.8772873650335317,2.6215043800142646e-05,0
pred_004888,2025-11-13T11:22:00,v1,2011.18806149688,9,0.1164299593308291,270,1,0.8438598458244724,0,0.6776078581282761,2.2727510740306409e-10,0
pred_004889,2025-11-13T11:33:00,v1,2225.078891542092,19,0.1022203555008865,588,3,5.141614382177576,0,0.9823655636698015,1.437728978275564e-12,0
pred_004890,2025-11-13T12:20:00,v1,2118.9166538603163,18,0.2025678083572755,290,2,6.318489381946379,0,0.9889063605995372,3.249673875520296e-11,0
pred_004891,2025-11-13T12:23:00,v1,868.9550977602654,18,0.0672092931083352,408,1,35.07896640156954,0,0.7317282453922137,3.544163870441067e-07,0
pred_004892,2025-11-13T12:28:00,v1,643.7697534204831,10,0.1125377540764193,464,2,3.901514093671822,0,0.4580133773743758,1.4762076084561344e-05,0
pred_004893,2025-11-13T12:32:00,v1,759.2269424098462,15,0.137770450362524,854,1,23.394700249878156,0,0.6618310763482081,1.5915897331837947e-08,0
pred_004894,2025-11-13T12:38:00,v1,638.5775110385428,14,0.2259800695568199,859,1,0.3330775752090522,0,0.7963457711522333,1.7689125309512907e-08,0
pred_004895,2025-11-13T12:45:00,v1,1072.4506907056175,8,0.3689616006133271,982,1,84.54530432321953,0,0.9484218396507924,4.085049297158809e-09,0
pred_004896,2025-11-13T13:00:00,v1,443.4196069531084,13,0.1461013715814687,510,4,40.0257717780926,1,0.6555309155832756,0.0014301347015666542,0
pred_004897,2025-11-13T13:15:00,v1,1322.3570663774992,16,0.1332548844110236,873,5,18.740019946857853,0,0.8875637989313423,4.72493072741552e-09,0
pred_004898,2025-11-13T13:26:00,v1,648.8067769652041,14,0.3793562740643867,685,3,7.2570571495026,0,0.8873633594187709,1.2921547373398325e-06,0
pred_004899,2025-11-13T13:37:00,v1,521.8336297264317,18,0.2621454757802615,823,2,8.703450045546159,0,0.7443956325117299,2.027901851501778e-07,0
pred_004900,2025-11-13T13:38:00,v1,1079.5704327644742,21,0.1974233711197668,881,3,2.128607321915738,0,0.9147259301227364,9.368217757933279e-10,0
pred_004901,2025-11-13T14:07:00,v1,783.7424242357814,20,0.0268764718891413,699,3,20.921082652314897,0,0.4267619119762158,5.038730360196291e-07,0
pred_004902,2025-11-13T14:22:00,v1,1020.0200326614298,16,0.3002503638289933,670,3,26.500158158981133,0,0.6937605713516893,1.6191026819086108e-07,0
pred_004903,2025-11-13T14:38:00,v1,90.51598751030852,3,0.6344571538215232,128,3,212.88673812120004,0,0.2970433079930717,0.9993681372388414,1
pred_004904,2025-11-13T14:53:00,v1,553.323741883692,22,0.191286048727203,990,3,26.2524154926043,0,0.9378529867673192,3.77155569664011e-08,0
pred_004905,2025-11-13T15:02:00,v1,928.6600916160664,18,0.2546397661369286,890,2,17.541572341535876,0,0.4697542198859875,1.2900474214772056e-08,0
pred_004906,2025-11-13T16:27:00,v1,971.5065863408772,21,0.1801818051560889,207,2,4.258575150411833,0,0.8586403973057415,7.892780515246653e-07,0
pred_004907,2025-11-13T16:51:00,v1,1418.2821764034777,22,0.4338195516457474,522,1,4.320706524363627,0,0.6219000534769598,1.0304623221502372e-09,0
pred_004908,2025-11-13T17:54:00,v1,1169.8358960555015,8,0.4562272945185018,446,1,35.053984114538586,0,0.7446459961274742,2.292825624238416e-07,0
pred_004909,2025-11-13T18:04:00,v1,933.7615998852384,10,0.340799610387021,525,2,13.753741013688428,0,0.947445087538436,3.1693445339461897e-07,0
pred_004910,2025-11-13T18:07:00,v1,547.539512369812,15,0.5381251819572533,495,2,7.1445196154683055,1,0.8334134051737669,2.6597604271161147e-05,0
pred_004911,2025-11-13T20:25:00,v1,628.2516659395557,19,0.2934331233841032,169,2,3.1244771367791904,0,0.7815793430719017,4.314762529602092e-05,0
pred_004912,2025-11-13T20:34:00,v1,992.6260894945464,7,0.1256239577663682,47,1,14.63683723713588,1,0.9563731709622592,1.841364561944563e-05,0
pred_004913,2025-11-13T20:43:00,v1,1821.6280826883376,22,0.1909362073201573,172,1,24.403993058021,0,0.7405025759756652,8.660329516062543e-10,0
pred_004914,2025-11-13T21:41:00,v1,307.6062929739161,18,0.1428194190526328,94,3,18.471517691765897,0,0.9120744128092648,0.0032086181780047107,0
pred_004915,2025-11-13T21:45:00,v1,606.2157058115366,18,0.0957461332930511,84,1,17.897558377812746,0,0.9404239272431256,2.3727935803910797e-05,0
pred_004916,2025-11-13T21:51:00,v1,1046.7882281336515,22,0.2727133485853959,186,2,13.96236098446803,0,0.899944348637234,6.741271400313367e-07,0
pred_004917,2025-11-13T22:12:00,v1,943.5926456888658,11,0.1246325524253776,774,4,14.042946103500556,0,0.9291537006541885,1.3188307483569808e-07,0
pred_004918,2025-11-13T22:53:00,v1,908.6700929767862,16,0.1150364290833116,145,2,0.0188035268692281,1,0.6935871904003474,1.8623733714002773e-05,0
pred_004919,2025-11-13T23:20:00,v1,527.0093893355481,17,0.5650814399400956,227,3,12.863297527057853,0,0.727898474093284,0.0007732349181647613,0
pred_004920,2025-11-13T23:46:00,v1,1131.59741252857,8,0.3004979957300263,889,0,0.2373742848845794,0,0.8895066714433153,1.5112862053739384e-10,0
pred_004921,2025-11-13T23:48:00,v1,1775.3181501736617,14,0.2645602085344553,426,2,2.636810477965648,0,0.9384802674209788,3.035893146648266e-10,0
pred_004922,2025-11-14T00:18:00,v1,907.78499251758,17,0.2552751467214897,113,2,8.843188618396423,0,0.8997059725513536,7.396392128624758e-06,0
pred_004923,2025-11-14T00:32:00,v1,1287.5785195312442,23,0.7165186557087492,187,12,195.24878285234095,0,0.2175994230437905,0.9897088413712269,1
pred_004924,2025-11-14T00:39:00,v1,1357.2776904437237,22,0.3152625231338523,549,0,0.2397171285361912,0,0.8172358230921626,1.2986806265607217e-10,0
pred_004925,2025-11-14T01:40:00,v1,504.0724250942385,18,0.1459617279390316,429,2,0.3573292754737312,0,0.9217274365323131,3.8042904595705796e-06,0
pred_004926,2025-11-14T01:41:00,v1,961.0402588384508,20,0.2108600144775648,925,4,16.82963371142997,0,0.9275727769489858,9.17770767883303e-09,0
pred_004927,2025-11-14T01:50:00,v1,990.8139655603212,11,0.0083714693609523,592,5,26.871057321018252,0,0.8877427791731953,2.329415749505227e-06,0
pred_004928,2025-11-14T02:34:00,v1,1450.2518511735293,7,0.2457941041959303,182,2,7.051707802947079,0,0.8446199686925372,2.1367768381902409e-07,0
pred_004929,2025-11-14T02:40:00,v1,529.8370984622239,19,0.0563494844992711,740,2,31.590568773943687,0,0.9535182527600874,2.1673580255717037e-07,0
pred_004930,2025-11-14T02:59:00,v1,530.9860019344284,20,0.1578958960953495,556,3,0.8943443437364442,0,0.9504543134893704,1.9293987918435877e-06,0
pred_004931,2025-11-14T03:00:00,v1,544.2593090935051,21,0.1686658508976207,559,1,0.9702059072264068,0,0.7369936465023071,3.0969573299174504e-07,0
pred_004932,2025-11-14T03:35:00,v1,1422.4672285053337,14,0.1092249205618797,343,1,1.6877517930353476,0,0.5246579251678405,1.1096670483059256e-08,0
pred_004933,2025-11-14T03:44:00,v1,1221.2579161619271,9,0.2542855397837854,53,2,3.19843881825245,0,0.8828357899760166,3.001160367977647e-06,0
pred_004934,2025-11-14T03:54:00,v1,926.3469889706148,19,0.1348419917624548,285,2,17.81931741853431,0,0.685392043042934,1.7522951245662841e-06,0
pred_004935,2025-11-14T03:55:00,v1,896.2051205953071,20,0.1632477671064894,705,3,16.389884670681255,0,0.9802811427073064,3.223581670727631e-08,0
pred_004936,2025-11-14T05:06:00,v1,508.2678994921109,8,0.4002527797711898,55,1,26.24297967920195,0,0.8839429588343669,0.001043263548965812,0
pred_004937,2025-11-14T05:14:00,v1,273.1885714467651,22,0.2270822057536539,468,3,1.7000911918964074,1,0.8531745175078678,0.00013519943183972567,0
pred_004938,2025-11-14T05:34:00,v1,1719.4150096517378,21,0.145394057954131,121,2,13.5663350641666,0,0.6763781640742144,9.924426900191868e-09,0
pred_004939,2025-11-14T05:39:00,v1,1081.2430589458895,9,0.1052267957706011,247,2,25.05807552925212,0,0.6629810425371983,3.928103358817746e-06,0
pred_004940,2025-11-14T06:04:00,v1,1492.7326105837312,13,0.2404790511371467,726,5,12.72033772270875,0,0.9663632578987512,6.61209316294579e-09,0
pred_004941,2025-11-14T06:09:00,v1,458.0282191661112,22,0.1580813860980481,718,4,4.832687984714119,0,0.8228664399932004,2.9260612669518585e-06,0
pred_004942,2025-11-14T06:41:00,v1,499.717566085122,12,0.0640328404060108,993,3,46.794698458434304,0,0.8956449224157436,3.8709041449927163e-07,0
pred_004943,2025-11-14T06:53:00,v1,1268.209895463313,17,0.1529103305032971,171,2,13.995402208811797,0,0.7477996406561336,3.3968726921852173e-07,0
pred_004944,2025-11-14T07:21:00,v1,845.2154400649257,22,0.3686876158008944,290,2,147.29397156703618,1,0.9014767350049064,0.0002663757515622058,0
pred_004945,2025-11-14T07:39:00,v1,1287.4075593920004,16,0.1829580405528263,117,3,3.857387276990095,1,0.7915909024654786,3.424464792567477e-06,0
pred_004946,2025-11-14T07:40:00,v1,2215.1349282265405,19,0.274295917748854,820,1,5.250875412545854,0,0.91479683370117,2.8666859966872035e-14,0
pred_004947,2025-11-14T08:12:00,v1,798.5804982255796,7,0.1472641963210215,244,0,8.052255846128881,0,0.75451442976469,2.4768867645602503e-06,0
pred_004948,2025-11-14T08:14:00,v1,449.8770341081863,13,0.1661454584862595,718,4,22.893294258495132,0,0.7055591018926639,3.1571424393650376e-05,0
pred_004949,2025-11-14T08:30:00,v1,674.9404937573819,7,0.1415856749238809,311,1,4.241596205781903,0,0.8789105318537148,6.234552154200375e-06,0
pred_004950,2025-11-14T08:31:00,v1,345.671628803208,18,0.1204035856488205,674,3,24.7514567538059,0,0.9258376146483438,7.405836593680288e-06,0
pred_004951,2025-11-14T09:33:00,v1,654.5261824917343,9,0.4961849920417871,343,3,5.627636838914547,0,0.666680602212173,0.0002269742747571059,0
pred_004952,2025-11-14T09:55:00,v1,456.4444289610074,7,0.3377447977056252,238,3,12.345212840643212,0,0.6370884257690413,0.004014269653263899,0
pred_004953,2025-11-14T10:12:00,v1,742.0336159019068,19,0.3668182211276387,625,8,10.455686552272551,0,0.8922451024794352,0.00019412863457443516,0
pred_004954,2025-11-14T10:32:00,v1,594.9736035334558,13,0.210916237830746,569,1,8.028597929770564,0,0.8341689872661258,5.818781184486288e-07,0
pred_004955,2025-11-14T10:48:00,v1,871.3728874805212,8,0.2365020810375873,333,1,2.1839094075948893,0,0.9225037544294346,8.898284831654412e-07,0
pred_004956,2025-11-14T11:17:00,v1,728.5328863294704,11,0.0205316966440834,213,1,23.59207821967114,0,0.6730455780287764,1.6922006012087693e-05,0
pred_004957,2025-11-14T11:31:00,v1,277.4709631582519,1,0.5155228947581597,80,10,54.57191828991586,1,0.1949017995801157,0.9999823544020986,1
pred_004958,2025-11-14T11:34:00,v1,422.0273002597868,14,0.6171590692742985,647,4,1.596940527118466,0,0.8893357594543385,5.9139092634705534e-05,0
pred_004959,2025-11-14T11:36:00,v1,669.0921347262636,18,0.3467034912218169,612,3,1.176959142215848,0,0.690313962004887,1.9683315749134385e-06,0
pred_004960,2025-11-14T12:20:00,v1,2155.292568574027,13,0.0531812988835133,588,1,4.904753728369768,1,0.616616364975854,5.1839405761155615e-12,0
pred_004961,2025-11-14T12:26:00,v1,345.68647214944093,21,0.1287689242747236,672,2,23.868249648359004,1,0.7305412020628499,8.255705687798451e-06,0
pred_004962,2025-11-14T12:35:00,v1,1406.3973672176865,13,0.0210593578269007,389,5,6.0324843970137305,0,0.933426406612056,2.0946017610861816e-07,0
pred_004963,2025-11-14T13:04:00,v1,709.223672293966,16,0.0597723013877912,659,1,1.2547254444345852,0,0.8225771635005313,3.431926852134787e-08,0
pred_004964,2025-11-14T13:15:00,v1,525.6672560334304,21,0.202279757198041,980,1,16.46146586277897,0,0.8409875274905961,6.258569305178902e-09,0
pred_004965,2025-11-14T13:35:00,v1,411.0112501868525,9,0.5445404866106082,527,3,2.095274523679559,0,0.924035012251936,0.00010421458065252445,0
pred_004966,2025-11-14T13:54:00,v1,648.4832765386838,21,0.1681980666884915,251,0,10.069666843812891,0,0.922945826023764,6.278355824742355e-07,0
pred_004967,2025-11-14T14:30:00,v1,1146.6306704157955,17,0.0545124979885035,919,4,1.8860339945645457,1,0.8886911936992277,4.395172592345388e-09,0
pred_004968,2025-11-14T14:35:00,v1,732.7906399108045,15,0.4876220306961176,254,1,1.727803009124867,1,0.7663899511091711,1.961912246755397e-05,0
pred_004969,2025-11-14T14:37:00,v1,1039.0451379387196,14,0.1879285644339109,699,1,2.579943835348544,1,0.7158409436777958,1.2022156640814953e-08,0
pred_004970,2025-11-14T16:04:00,v1,826.1857466754234,17,0.205188945360495,379,2,10.082837139527255,0,0.571649899057705,2.901675607071137e-06,0
pred_004971,2025-11-14T16:13:00,v1,1851.6987622452325,10,0.3843953076357754,942,5,30.18979487712088,1,0.6566376407167862,1.2705242050406455e-09,0
pred_004972,2025-11-14T16:51:00,v1,637.5401300932303,20,0.5929170239414053,228,1,5.514454075998348,0,0.7093901354646454,1.7706342523944286e-05,0
pred_004973,2025-11-14T16:54:00,v1,977.6954216577848,14,0.1988255131726146,766,2,1.3947472422901266,0,0.8924224650908931,6.276220500110017e-09,0
pred_004974,2025-11-14T17:39:00,v1,1224.7790674835192,15,0.1609073656720045,399,1,5.550209765292084,0,0.8947719311827058,9.355489301377248e-09,0
pred_004975,2025-11-14T17:59:00,v1,557.5796192637027,18,0.2614709235074053,238,1,7.0674475056999055,0,0.8592811517403427,1.0853124474865303e-05,0
pred_004976,2025-11-14T18:11:00,v1,1125.0624586431245,14,0.1562239982161515,651,3,53.20711331738328,0,0.5345730425519645,3.130099631201829e-07,0
pred_004977,2025-11-14T18:34:00,v1,742.3519520802897,9,0.064296246295003,611,3,17.260063396674102,0,0.6733896702449402,3.463414923626072e-06,0
pred_004978,2025-11-14T18:50:00,v1,542.9091567053505,8,0.1697981292806246,327,2,5.72743247968425,0,0.7841205864139579,6.837228905533849e-05,0
pred_004979,2025-11-14T19:03:00,v1,2207.501119411199,12,0.1535111358583784,348,1,3.0688020885677822,1,0.5391789832408425,7.101778956280347e-11,0
pred_004980,2025-11-14T19:16:00,v1,1416.601325269883,20,0.0642958318771628,85,2,20.74404420932964,0,0.9216128414908074,8.245032787420387e-08,0
pred_004981,2025-11-14T19:19:00,v1,1183.3889742230574,14,0.1766352262242141,156,2,7.628019898611101,0,0.7958249564828439,8.965946609179483e-07,0
pred_004982,2025-11-14T19:20:00,v1,884.6762295560425,20,0.089549593559022,603,1,4.277708517031721,0,0.7197511913450675,1.3810417124047442e-08,0
pred_004983,2025-11-14T19:43:00,v1,1219.505693121794,12,0.3130230682571583,776,2,4.640342939523336,0,0.9109987572739836,1.464496718159268e-09,0
pred_004984,2025-11-14T19:49:00,v1,815.8543609050333,20,0.3390525939844319,913,1,18.63121405966488,1,0.8854684026975834,4.710968990675645e-09,0
pred_004985,2025-11-14T19:57:00,v1,2430.685600066341,15,0.0193921164520605,834,1,38.543992795665275,0,0.6324441474255683,3.103299585226107e-14,0
pred_004986,2025-11-14T20:29:00,v1,531.5223475916838,9,0.2286261474407068,113,1,10.235107385624593,0,0.8470250126059371,0.00018636522692630646,0
pred_004987,2025-11-14T21:03:00,v1,1075.5793775871257,8,0.1814167450724545,430,1,15.88562713132128,0,0.8242674601285768,1.1962785170876308e-07,0
pred_004988,2025-11-14T21:32:00,v1,590.7793399445463,22,0.0731157971262044,727,1,1.2212300073966846,0,0.8977977896826398,1.4954545472814494e-08,0
pred_004989,2025-11-14T22:00:00,v1,184.97025449057213,5,0.6232262560153076,11,10,70.19216867007671,0,0.1668316318236308,0.999991455139306,1
pred_004990,2025-11-14T22:41:00,v1,928.5750989519604,7,0.1689208570049713,152,1,0.5006034961249447,0,0.8207384596187479,4.61161179029817e-06,0
pred_004991,2025-11-14T22:46:00,v1,2024.9893213093856,12,0.2203355912167928,269,0,4.543296797725671,0,0.8879239392482052,2.8378634364607972e-11,0
pred_004992,2025-11-14T22:50:00,v1,928.3250919356466,12,0.3028779121985244,932,1,0.3567052022668901,0,0.6968627347452363,1.855254331752741e-09,0
pred_004993,2025-11-14T23:10:00,v1,757.8561190627679,20,0.0553251728705588,325,2,8.532928909760283,1,0.8671495227684843,3.479118570550165e-06,0
pred_004994,2025-11-14T23:26:00,v1,1368.237850981268,14,0.1453381043796614,588,2,7.204942304844761,0,0.661418098699443,3.7428694290192625e-09,0
pred_004995,2025-11-14T23:45:00,v1,1045.4360299127698,11,0.246333767743152,433,1,1.483259433314052,0,0.7062264881656233,1.1021185449790826e-07,0
pred_004996,2025-11-14T23:56:00,v1,2832.1447516279713,18,0.1075068976844151,999,1,38.53206698041703,1,0.8010569096780181,2.6838339180607916e-16,0
pred_004997,2025-11-15T00:17:00,v1,855.8990223361063,12,0.1519828545346064,832,4,23.124343680842458,0,0.819723421412198,2.7281941257139394e-07,0
pred_004998,2025-11-15T00:29:00,v1,1094.8671387327,21,0.086792806354201,61,4,2.8091438789654855,0,0.7220335606954478,1.6032693162878582e-05,0
pred_004999,2025-11-15T00:41:00,v1,1470.9897523952995,13,0.2052292023385038,269,2,10.155061548535883,0,0.8779392318929115,2.759238300490947e-08,0
pred_005000,2025-11-15T00:42:00,v1,333.96590059916787,9,0.2018964315610475,501,4,36.66239583649174,0,0.8561596547824782,0.0012729441597844483,0
pred_005001,2025-11-15T00:57:00,v1,1651.262059389671,21,0.1232953169053617,561,2,24.35535134757744,1,0.5875296850159379,1.00952774839504e-09,0
pred_005002,2025-11-15T01:29:00,v1,1518.5051017814449,15,0.212793996957528,541,1,13.393286158793602,0,0.8926377947310383,2.9889890037333337e-10,0
pred_005003,2025-11-15T01:37:00,v1,1499.5908928141614,19,0.0843262584316825,469,5,15.207609752351336,0,0.8787101405615866,3.4657366904740165e-08,0
pred_005004,2025-11-15T01:49:00,v1,1020.610446387298,8,0.3896483897262847,429,0,34.366575493267405,0,0.849423849362529,1.621283148212745e-07,0
pred_005005,2025-11-15T02:03:00,v1,2084.8313203366424,14,0.501912757314438,285,2,21.441334276428957,0,0.7162808826960504,7.34362478205313e-10,0
pred_005006,2025-11-15T02:11:00,v1,1051.960875679163,7,0.2629996728057924,389,3,1.4038302088378491,0,0.7680667566802101,2.522134001638887e-06,0
pred_005007,2025-11-15T02:38:00,v1,667.5445757540532,20,0.2811662749321312,880,3,14.87244912387689,0,0.9307988435272968,5.464547473856408e-08,0
pred_005008,2025-11-15T02:44:00,v1,338.7221328077238,9,0.2790291379109113,816,0,8.827431203535665,0,0.9794612253128387,1.5679347253311506e-07,0
pred_005009,2025-11-15T02:51:00,v1,1583.3258079132063,16,0.0883458549382073,914,3,32.53523700590129,0,0.815799421634832,6.359975221576605e-11,0
pred_005010,2025-11-15T03:08:00,v1,778.6738115129075,10,0.117165953188399,804,1,4.718386269313369,0,0.8661602509078368,1.1921574966464038e-08,0
pred_005011,2025-11-15T03:09:00,v1,1083.5886600550464,21,0.1866773587940617,711,0,3.874802563244922,1,0.831540513925711,5.697482854337165e-10,0
pred_005012,2025-11-15T03:23:00,v1,1144.5387922282764,15,0.058561930427493,308,5,3.6308398242626,0,0.7446011916684383,6.00791952084752e-06,0
pred_005013,2025-11-15T03:43:00,v1,777.0600657056085,20,0.2112053733763778,644,1,4.692476021777106,0,0.9399210270735352,1.3799126611154121e-08,0
pred_005014,2025-11-15T03:43:00,v1,763.3600426064077,16,0.125037257889842,380,1,16.488177930980857,0,0.6598580940658652,1.2505910353030944e-06,0
pred_005015,2025-11-15T03:48:00,v1,1346.5034862962916,17,0.0181033999656042,674,2,11.42208095338252,0,0.7628066915336594,6.954273136948487e-10,0
pred_005016,2025-11-15T03:59:00,v1,1654.4609624660163,22,0.1131002120226933,235,1,6.660309760923755,0,0.8951450315634414,4.869692511596305e-10,0
pred_005017,2025-11-15T04:11:00,v1,74.12884649852246,5,0.4461088027748012,149,7,251.1457281311653,1,0.1694470367241838,0.999999025009719,1
pred_005018,2025-11-15T04:15:00,v1,330.8699940814364,13,0.0435184847997635,39,4,26.708270125435128,0,0.7747177433095968,0.048251566389822226,0
pred_005019,2025-11-15T06:53:00,v1,995.7692041755748,7,0.2500527793745353,82,1,23.849393783910937,0,0.7735177291589194,1.6256032028535526e-05,0
pred_005020,2025-11-15T07:00:00,v1,2181.1252172390587,8,0.03817970001968,472,2,49.05323752871588,0,0.8190880576891119,6.098799451871698e-11,0
pred_005021,2025-11-15T07:47:00,v1,1475.4238483008596,19,0.0776311101940992,912,5,7.461665895249502,0,0.9425085318223492,2.970111396209558e-10,0
pred_005022,2025-11-15T08:19:00,v1,1008.4213950809938,20,0.1433813793470877,715,3,12.686873578513504,1,0.8877924012797697,3.752601004802864e-08,0
pred_005023,2025-11-15T08:34:00,v1,1556.5177671097767,12,0.0919860774867553,728,2,4.040647391540592,0,0.9225111970014664,8.1772697813684e-11,0
pred_005024,2025-11-15T08:51:00,v1,1288.8323074671223,8,0.1987636457482879,610,2,18.269292787162996,0,0.7244097403292651,1.7705435999182837e-08,0
pred_005025,2025-11-15T08:52:00,v1,455.9514282948663,22,0.1137793321188138,806,1,39.97290750597936,0,0.6317201249738561,1.9362391165188096e-07,0
pred_005026,2025-11-15T10:42:00,v1,799.5212477360037,13,0.3058814576055458,268,0,15.180610557566077,0,0.779790606238668,1.374880424656123e-06,0
pred_005027,2025-11-15T10:42:00,v1,640.0098145078975,13,0.414229420828085,400,3,23.621654345520533,1,0.8585255045672986,0.00015647162135783578,0
pred_005028,2025-11-15T11:34:00,v1,2278.3130726822315,19,0.0903804733652338,346,3,8.880242021637413,0,0.7755738410032278,2.4448021458432625e-11,0
pred_005029,2025-11-15T13:05:00,v1,633.2583217682336,7,0.0306755426903761,526,4,1.3453379786677588,0,0.9145825022833596,2.0229919696602836e-05,0
pred_005030,2025-11-15T13:44:00,v1,838.9531355645851,12,0.1515888254019773,771,2,2.528361969652466,0,0.7396328389769877,3.923544089126516e-08,0
pred_005031,2025-11-15T13:53:00,v1,1698.5614360588152,19,0.031843588383775,584,2,11.782912747731553,0,0.7506669965308881,7.995261381509178e-11,0
pred_005032,2025-11-15T14:27:00,v1,854.7501383745029,10,0.0641438986814641,842,2,20.790228175076955,0,0.7099902730830439,3.539319591479055e-08,0
pred_005033,2025-11-15T14:28:00,v1,612.0441565126633,17,0.1623411852180284,536,3,29.61669057141476,0,0.9505882153682608,4.659718440861637e-06,0
pred_005034,2025-11-15T14:33:00,v1,1311.253096349006,16,0.195845128916956,104,1,1.389457388649882,0,0.6868110233617587,1.5845683816055427e-07,0
pred_005035,2025-11-15T14:45:00,v1,1003.6346478881426,14,0.0892823644418302,943,2,8.032974420523832,0,0.7230537555350803,1.4504068577093826e-09,0
pred_005036,2025-11-15T15:07:00,v1,190.84108482189936,9,0.0711759941508317,956,1,10.33609229042498,0,0.6778756572994702,7.439576066350658e-07,0
pred_005037,2025-11-15T15:08:00,v1,642.5177925184267,17,0.1964785976451802,527,0,3.2598054847632656,1,0.8085324034116707,2.598775630782828e-07,0
pred_005038,2025-11-15T15:17:00,v1,1855.3974115026715,9,0.4468783367528093,507,2,15.664715495212093,0,0.9550636727869796,3.25007906813006e-10,0
pred_005039,2025-11-15T15:17:00,v1,1273.9144874529495,9,0.190305682805448,667,1,9.623587747489758,0,0.6398542691440846,3.0572613770662424e-09,0
pred_005040,2025-11-15T15:41:00,v1,28.34434358336809,1,0.502028638192833,79,12,212.6482250377117,0,0.2743106044949903,0.9999999939090156,1
pred_005041,2025-11-15T15:57:00,v1,1215.4061541198148,8,0.2913733252073061,367,0,15.179544976846277,0,0.9581588575086456,1.8010250994502502e-08,0
pred_005042,2025-11-15T16:29:00,v1,1733.2478735421223,11,0.277592821527705,267,1,8.23924332391273,0,0.8910804637694832,1.4920460336937423e-09,0
pred_005043,2025-11-15T16:42:00,v1,798.2570724075159,9,0.0715113000023324,933,0,11.665341964995998,1,0.7824234673357423,4.035670151827471e-09,0
pred_005044,2025-11-15T17:10:00,v1,818.7713364049704,11,0.2177915746870439,93,1,23.805616700059353,0,0.4969128740231526,8.499668485423636e-05,0
pred_005045,2025-11-15T17:46:00,v1,1945.443323346876,21,0.3630088763613286,281,1,31.412609645936197,1,0.9547850705981692,2.968423764389019e-10,0
pred_005046,2025-11-15T18:04:00,v1,3412.4179444568326,11,0.1623591904819977,551,0,17.682996341341195,0,0.5697706489225195,9.463221367516453e-17,0
pred_005047,2025-11-15T18:27:00,v1,496.6458600707076,21,0.121690003809555,74,2,3.796487829455152,0,0.7409659775735921,0.0001873986840684846,0
pred_005048,2025-11-15T18:32:00,v1,597.3140990726442,13,0.1091112373243236,714,4,0.1813583594135351,0,0.7166964281435293,4.054607938269786e-06,0
pred_005049,2025-11-15T18:48:00,v1,828.8928400021149,19,0.0736884826798034,685,4,2.1138015412433364,0,0.8956099295487304,1.7574762282317565e-07,0
pred_005050,2025-11-15T18:50:00,v1,1376.214063193155,17,0.3444217180108746,413,2,22.587991083226612,0,0.8918884618845911,1.5569404196455195e-08,0
pred_005051,2025-11-15T18:52:00,v1,1350.0050105306436,21,0.149512291279606,489,0,23.773948287524693,0,0.7916181633958882,4.361180727017474e-10,0
pred_005052,2025-11-15T19:21:00,v1,836.0832088684754,19,0.0894638711589205,710,1,11.422322738326296,0,0.9237522489091275,4.855151217146635e-09,0
pred_005053,2025-11-15T19:39:00,v1,741.2257906835464,13,0.2757409541656759,667,0,15.520283318481198,0,0.7412939690993909,4.235560141221523e-08,0
pred_005054,2025-11-15T20:08:00,v1,593.1175288368971,20,0.1179441632069345,639,0,3.922887503984755,0,0.750913945217139,3.0554268881016e-08,0
pred_005055,2025-11-15T20:12:00,v1,846.9678301736736,11,0.2351569142335809,942,2,8.675391029701615,0,0.8982911369707093,6.430410343794359e-09,0
pred_005056,2025-11-15T20:47:00,v1,982.780070580286,8,0.1413590314632452,390,3,14.722439976559851,0,0.7323641059900173,4.782885413482949e-06,0
pred_005057,2025-11-15T20:56:00,v1,1079.607916826499,21,0.186241843935179,416,2,11.585508052428247,0,0.964179275131442,3.470096786697528e-08,0
pred_005058,2025-11-15T21:02:00,v1,1928.307094976836,11,0.2099355199863644,791,1,19.019665211449347,0,0.8888239534645769,1.8235331081984764e-12,0
pred_005059,2025-11-15T21:07:00,v1,1232.109842740378,21,0.1383525837473093,439,4,24.29926886692865,0,0.7410167932434589,2.399733592950503e-07,0
pred_005060,2025-11-15T21:15:00,v1,1074.9967844332466,18,0.4656806383597817,338,0,12.704323987484608,1,0.6822651283630519,1.8628164741136416e-07,0
pred_005061,2025-11-15T21:16:00,v1,1131.8487270510434,18,0.3388336824928306,511,3,3.5003241085794308,0,0.7268200944209126,1.1604356417618327e-07,0
pred_005062,2025-11-15T21:42:00,v1,946.7458270459302,7,0.2924545058987113,549,3,47.46091854518234,0,0.8125557813206604,4.552392002541892e-06,0
pred_005063,2025-11-15T22:06:00,v1,1351.5100361986583,10,0.4951514797376102,514,1,4.433760300587793,0,0.8746019446299806,5.256209752585683e-09,0
pred_005064,2025-11-15T22:22:00,v1,1274.647411413268,16,0.1265357599662704,322,0,12.502662998553369,1,0.7553851784352007,1.8565739648567392e-08,0
pred_005065,2025-11-15T22:24:00,v1,692.9319780962612,22,0.2267098172147121,448,3,4.059416370661592,1,0.6497065693026943,1.2025631419009066e-05,0
pred_005066,2025-11-15T22:46:00,v1,1026.2937695791666,15,0.1256678171947031,943,0,3.8034385332324714,0,0.7320077220433867,9.37296025027668e-11,0
pred_005067,2025-11-15T23:06:00,v1,478.08579790657575,10,0.1987639584495205,651,2,1.776595573466493,0,0.6745576717985695,4.641138140942928e-06,0
pred_005068,2025-11-15T23:09:00,v1,544.3773399868713,22,0.1314192669437576,958,3,35.2212633976934,1,0.7878027371296379,2.962586753084826e-07,0
pred_005069,2025-11-15T23:28:00,v1,1365.937893472163,21,0.0639950464588795,937,0,23.888280282292456,1,0.6268856950904693,1.651374570345576e-11,0
pred_005070,2025-11-15T23:43:00,v1,2314.893317926103,13,0.1987562557905643,895,1,2.3060710383477865,0,0.9111636216727508,1.0900070104724465e-14,0
pred_005071,2025-11-15T23:46:00,v1,771.7398302166939,15,0.0639859148648928,370,2,18.905173399178583,0,0.8170063203616119,2.5315571795289672e-06,0
pred_005072,2025-11-16T00:09:00,v1,1203.2610039969693,9,0.2745744835453635,594,2,10.307648797259924,0,0.5324123747005809,6.796840117685314e-08,0
pred_005073,2025-11-16T00:30:00,v1,796.3951959045648,14,0.2602051435095932,106,2,5.651204100532215,0,0.9177973328287544,2.618565148743514e-05,0
pred_005074,2025-11-16T00:36:00,v1,852.3226910634112,14,0.0647756180777679,290,1,7.952575349754723,0,0.9267824140352782,5.092461792455347e-07,0
pred_005075,2025-11-16T00:58:00,v1,200.73944266154157,0,0.7434185617063566,101,4,139.03226005830038,1,0.3059201007699454,0.9993242628012503,1
pred_005076,2025-11-16T01:06:00,v1,865.7339257253044,11,0.4012824238481947,380,1,2.234810719876662,0,0.8353382850187997,7.793915897279856e-07,0
pred_005077,2025-11-16T01:21:00,v1,686.3871238272808,11,0.1118399034913494,707,2,12.514431113528802,0,0.7391981103822305,3.707011373341581e-07,0
pred_005078,2025-11-16T01:23:00,v1,437.6407442594195,13,0.1020891188452618,341,2,3.201214570957273,0,0.8588501417843706,4.026021541188135e-05,0
pred_005079,2025-11-16T01:30:00,v1,1237.478084438705,12,0.262741210344106,486,5,5.689523023591733,0,0.5969044566806745,2.1992812124751345e-06,0
pred_005080,2025-11-16T02:02:00,v1,562.9212757364862,14,0.4233874368706163,892,1,41.45969245266302,1,0.4552971046610564,1.286163462966008e-06,0
pred_005081,2025-11-16T02:31:00,v1,2608.7334141011565,17,0.0529662261296531,469,1,49.53844136169424,0,0.8229149972107248,1.6773197556700998e-13,0
pred_005082,2025-11-16T02:55:00,v1,389.2023669084899,14,0.0370063488106027,570,2,8.409912988773048,0,0.8467986563019845,5.326982230083668e-06,0
pred_005083,2025-11-16T03:06:00,v1,547.4849330348242,19,0.1674130420061299,398,2,1.6742389167485865,0,0.4853686085507749,1.652246446897467e-05,0
pred_005084,2025-11-16T03:24:00,v1,198.35717722741495,1,0.8920707073192986,151,6,17.035149769832934,1,0.4195619572163098,0.9944396853223648,1
pred_005085,2025-11-16T03:28:00,v1,2201.3933814466686,8,0.5164520992184317,150,2,7.973724789870357,0,0.8347165451036297,1.1883623023971406e-09,0
pred_005086,2025-11-16T03:41:00,v1,1071.9790249104376,7,0.261496196778852,67,2,19.87257896879289,0,0.9257963685181084,1.7268681712990133e-05,0
pred_005087,2025-11-16T04:37:00,v1,992.262068393127,9,0.0500622634781473,918,2,21.50283520124795,0,0.9210236638347836,2.8757897157245843e-09,0
pred_005088,2025-11-16T04:38:00,v1,1097.3522631467235,22,0.0373391927494309,388,2,14.816431423287556,0,0.8331492143419434,4.162012959268047e-08,0
pred_005089,2025-11-16T04:42:00,v1,1728.1806944321113,9,0.1614545007090702,383,2,14.428258582593894,0,0.7094407693876582,3.5858218947702438e-09,0
pred_005090,2025-11-16T04:57:00,v1,943.4744416289672,8,0.4246982552925497,427,3,22.006268923047607,0,0.8645434983364932,7.298014217607229e-06,0
pred_005091,2025-11-16T05:42:00,v1,1074.6943133751115,17,0.0674792449822795,451,3,1.0868111323682328,0,0.8362247316263458,1.232011853396174e-07,0
pred_005092,2025-11-16T05:48:00,v1,733.8909134528849,16,0.2726448425619302,389,2,9.80430690570456,0,0.8919254402649032,2.4125542574223742e-06,0
pred_005093,2025-11-16T05:48:00,v1,1509.3530358521905,13,0.3920002953665216,189,2,12.408841969309108,0,0.9671288780808502,5.677601216425938e-08,0
pred_005094,2025-11-16T05:50:00,v1,1315.3156788742904,18,0.1992549973386894,481,1,39.97536897926691,0,0.8404229362884756,4.9306941825009476e-09,0
pred_005095,2025-11-16T06:00:00,v1,424.39595418934255,10,0.2056598286503503,362,4,18.510677939408243,0,0.9067117334218548,0.0010265881164713481,0
pred_005096,2025-11-16T06:22:00,v1,1548.5331889956735,20,0.0616499674829813,839,6,4.558981684085361,0,0.6093101815321469,2.7461316846190476e-09,0
pred_005097,2025-11-16T06:23:00,v1,715.8675701007013,10,0.2229139123151341,283,2,9.142815200757228,0,0.8179897281408306,2.194020370377398e-05,0
pred_005098,2025-11-16T07:27:00,v1,1002.386491044805,9,0.0465272461296153,341,2,11.554249140176996,0,0.5081910093187963,2.8471841509870906e-06,0
pred_005099,2025-11-16T07:28:00,v1,500.00135318757697,22,0.0650445383245448,390,2,0.5228154103585148,0,0.7660049933363733,4.645550632679357e-06,0
pred_005100,2025-11-16T07:39:00,v1,637.5446882854583,19,0.3544021979212552,837,2,56.36366621523514,0,0.8016290836801515,2.6878280052642144e-07,0
pred_005101,2025-11-16T07:52:00,v1,741.5333743619169,15,0.1737600264096759,302,1,26.393726998838023,0,0.7748055057003853,3.878546481430478e-06,0
pred_005102,2025-11-16T09:27:00,v1,1481.0801601978965,16,0.0402415415720954,414,3,17.874747287024036,0,0.8358761510785169,1.1871344145085514e-08,0
pred_005103,2025-11-16T09:58:00,v1,736.4505926874187,10,0.1316564557213521,853,1,8.05057944235798,0,0.9102469817590436,1.0083668160152829e-08,0
pred_005104,2025-11-16T10:10:00,v1,1356.407867014833,11,0.5264084009442451,480,2,12.9128596200699,0,0.8500798079901731,3.047095735503553e-08,0
pred_005105,2025-11-16T11:19:00,v1,668.75600652733,13,0.044635415753555,890,2,11.29048113246808,0,0.953245942182019,1.9043224812384998e-08,0
pred_005106,2025-11-16T11:20:00,v1,1145.227793755909,20,0.3342838040322139,761,6,1.8352504523692996,0,0.6999889166313116,2.1491929042868553e-07,0
pred_005107,2025-11-16T12:05:00,v1,1279.1321337423926,22,0.2520296570197477,993,1,12.78067836807252,0,0.7133360425863018,1.6312521915030558e-11,0
pred_005108,2025-11-16T12:35:00,v1,2451.473329472398,15,0.0665708841100646,818,2,1.4542323578693015,0,0.8233066142128919,1.7834819626193847e-14,0
pred_005109,2025-11-16T12:39:00,v1,1426.9989542297776,10,0.2630809573584481,954,3,12.645948405177972,0,0.7592334111111344,3.746973216179129e-10,0
pred_005110,2025-11-16T13:06:00,v1,636.8183207219272,20,0.060605532581925,101,0,0.6007808229793509,0,0.6421984848267175,5.607821569399061e-06,0
pred_005111,2025-11-16T13:39:00,v1,1064.0887816435493,15,0.336672594744432,642,4,1.504698993334149,0,0.6553545405712169,3.231681162713718e-07,0
pred_005112,2025-11-16T14:00:00,v1,862.3566470726912,12,0.1404184315201534,106,3,5.895826863179262,0,0.9495951085229906,4.3673652277815555e-05,0
pred_005113,2025-11-16T14:20:00,v1,941.9412546045088,16,0.3412016243234222,923,3,3.3933372084980737,0,0.9832711694269494,4.579089764786536e-09,0
pred_005114,2025-11-16T14:33:00,v1,829.0155353709101,11,0.0603569031929765,332,2,22.7516959898332,1,0.9596368550965044,7.6237648607591115e-06,0
pred_005115,2025-11-16T14:52:00,v1,1373.667224809206,17,0.2428186502769877,199,3,33.74513509004206,0,0.83511601603233,5.932766403370074e-07,0
pred_005116,2025-11-16T14:58:00,v1,903.704941753024,18,0.3107361581478243,431,2,3.502173852376586,0,0.627457425146478,6.892086710976341e-07,0
pred_005117,2025-11-16T14:58:00,v1,963.8773465936664,12,0.4210037140943246,50,1,17.899002371287505,0,0.9178344495662324,1.0779334605995241e-05,0
pred_005118,2025-11-16T15:11:00,v1,1628.4852671426618,10,0.0682796625291997,739,1,2.196691411669575,0,0.9059057391646644,1.5963432714302037e-11,0
pred_005119,2025-11-16T15:14:00,v1,427.45999503006846,9,0.0063625809245759,227,3,17.811073377731564,0,0.8203261649267991,0.001127090697153734,0
pred_005120,2025-11-16T15:21:00,v1,1179.1327277130815,19,0.0179974561995497,966,3,4.139456449223214,0,0.7533910780610714,2.833533193221341e-10,0
pred_005121,2025-11-16T15:34:00,v1,1246.3847410351002,11,0.2783478432731485,157,2,44.93117051077297,0,0.6209413924716087,6.346602886109042e-06,0
pred_005122,2025-11-16T15:36:00,v1,1148.0384552660455,17,0.0216146607049084,553,0,7.855555375569093,0,0.9084876444802088,6.156315066381879e-10,0
pred_005123,2025-11-16T15:45:00,v1,619.1052534047672,17,0.1605182558962977,266,0,29.5212335751008,1,0.8087317613793786,9.03596048299433e-06,0
pred_005124,2025-11-16T16:55:00,v1,1287.8882960929552,12,0.049223977517894,330,2,26.186203065122054,0,0.8464910764022847,9.496000525919117e-08,0
pred_005125,2025-11-16T17:04:00,v1,501.7542887463132,11,0.2341676437724579,441,2,1.096895385459486,0,0.61626108940025,3.63434540934574e-05,0
pred_005126,2025-11-16T17:41:00,v1,958.7964711696194,10,0.063431475243329,568,2,4.518188828669862,0,0.7066092345502871,1.46648750690835e-07,0
pred_005127,2025-11-16T17:48:00,v1,1145.460682925524,12,0.0917832082003722,192,2,28.62280817264855,0,0.886706596872307,1.2708230491306417e-06,0
pred_005128,2025-11-16T18:20:00,v1,1235.4048329280138,18,0.3538093841028848,869,1,54.861995203632375,0,0.9343250831740244,3.1726174662413244e-10,0
pred_005129,2025-11-16T18:24:00,v1,1406.2018344599912,12,0.1348765190317218,294,2,36.95353256567336,0,0.9150401388723294,7.082378012789959e-08,0
pred_005130,2025-11-16T19:07:00,v1,921.5048078394418,11,0.2511942799205082,404,5,15.673163611083227,0,0.7579415497337505,5.694375433001186e-05,0
pred_005131,2025-11-16T19:09:00,v1,1885.52107013362,15,0.1340382372253178,885,4,1.3670436664098848,0,0.91843527283565,7.984054801201589e-12,0
pred_005132,2025-11-16T19:32:00,v1,1335.030959398056,8,0.1373472532265776,943,2,2.1621413302556833,1,0.8061545893029763,4.4492838877184177e-10,0
pred_005133,2025-11-16T19:48:00,v1,846.3696810268372,17,0.3213651519577905,479,1,20.93418977798543,0,0.7797924078693823,2.495224371563506e-07,0
pred_005134,2025-11-16T20:39:00,v1,1369.4091376703711,8,0.0230142919012777,516,5,24.39055361813205,0,0.914089088204627,3.102630640736745e-07,0
pred_005135,2025-11-16T20:41:00,v1,1059.0599667634576,13,0.3527977684161409,214,0,7.98647973114733,0,0.6458329078102417,4.1582365641773203e-07,0
pred_005136,2025-11-16T21:15:00,v1,1107.6875972221155,20,0.1963824504492551,462,4,0.1433454720221968,0,0.649168957290906,4.6104141747217704e-07,0
pred_005137,2025-11-16T22:16:00,v1,950.322105230746,13,0.1869292668165693,535,5,23.711799910489663,0,0.9598746627425278,4.750742306319673e-06,0
pred_005138,2025-11-16T22:29:00,v1,184.45581361026208,10,0.3924609946297293,505,1,27.835954169803603,0,0.6635897855764354,0.00026374719733868353,0
pred_005139,2025-11-16T22:31:00,v1,992.1493255860876,20,0.0559617193803152,204,2,5.315243596961353,0,0.7285317929611781,9.53679529076152e-07,0
pred_005140,2025-11-16T22:39:00,v1,18.058317144870703,1,0.7595538611510468,108,9,1160.8576456323178,0,0.2427347927346586,1.0,1
pred_005141,2025-11-16T22:57:00,v1,621.6015532486296,22,0.1308301935302915,715,0,31.518752122356815,0,0.9504843664136972,1.0037157830862833e-08,0
pred_005142,2025-11-16T23:04:00,v1,852.9507204827473,18,0.1925729669594731,958,7,5.681578173051118,0,0.7863033019427261,7.923500468831937e-07,0
pred_005143,2025-11-16T23:13:00,v1,454.4276522470143,17,0.301228998833253,976,1,36.314877198090386,0,0.8488874172689981,4.83529056374123e-08,0
pred_005144,2025-11-16T23:31:00,v1,1172.530547939562,16,0.1162875270996579,441,1,13.551690455830755,0,0.7720952359502903,1.438080183989253e-08,0
pred_005145,2025-11-16T23:43:00,v1,1084.6172691706763,12,0.330183011741272,251,4,11.54988256225593,0,0.7690029159279365,1.9597401361254693e-05,0
pred_005146,2025-11-17T01:29:00,v1,3181.603194006482,15,0.2081915547825239,862,5,22.755911733080808,0,0.6831048670654721,4.557717811847315e-15,0
pred_005147,2025-11-17T01:53:00,v1,1462.867796569355,22,0.2107499344972265,549,0,8.5801652538153,0,0.7165321328363156,7.816945596647446e-11,0
pred_005148,2025-11-17T02:00:00,v1,644.5945635552655,11,0.3257537067816254,768,0,9.890674200867242,0,0.9393220515178706,2.11230507726141e-08,0
pred_005149,2025-11-17T02:46:00,v1,1112.7603375820356,11,0.2048058852921937,443,1,7.0081184524198195,0,0.6700750343142607,6.995923356350407e-08,0
pred_005150,2025-11-17T03:38:00,v1,1575.6009924353148,8,0.106926511556091,808,2,8.76244738086864,0,0.8380003521232465,9.097672577244947e-11,0
pred_005151,2025-11-17T03:43:00,v1,654.1135314290997,11,0.1046139375118556,512,2,20.375530466353908,1,0.8093850753498005,9.173357015331637e-06,0
pred_005152,2025-11-17T03:50:00,v1,1491.6947336906842,16,0.3857331063006204,808,2,33.494308269599074,0,0.9216518356585331,1.8292202389768606e-10,0
pred_005153,2025-11-17T04:05:00,v1,1769.7175688584505,20,0.1341148902843874,283,2,9.820116276386733,0,0.952336644666353,4.791408309881749e-10,0
pred_005154,2025-11-17T04:18:00,v1,599.6794665865332,8,0.0469604035799426,236,2,10.623858144818474,1,0.6263553380056193,0.00043971326956487904,0
pred_005155,2025-11-17T04:19:00,v1,457.16828443686035,4,0.6695940589247455,106,6,130.4274710590551,0,0.2749818069610836,0.9961897305565806,1
pred_005156,2025-11-17T04:23:00,v1,582.6754812396805,8,0.2263983630425628,417,3,9.403637913227474,0,0.6259872621479077,0.00014622767771588333,0
pred_005157,2025-11-17T05:03:00,v1,1661.425939427326,8,0.1416479696940878,776,2,9.787032426028508,0,0.6792254574720274,1.241858085202279e-10,0
pred_005158,2025-11-17T05:36:00,v1,790.0215982088567,17,0.2741815552306568,569,1,9.205615259549088,0,0.7924664973681887,9.374257782903992e-08,0
pred_005159,2025-11-17T06:03:00,v1,582.5157252066598,9,0.0836081518755295,633,1,17.269495279341612,1,0.6505604963579098,3.061098622316392e-06,0
pred_005160,2025-11-17T06:16:00,v1,428.8587819451899,12,0.2011132021097814,774,1,18.25238928488373,0,0.7590028283953125,5.774512450293134e-07,0
pred_005161,2025-11-17T06:17:00,v1,1597.6861876569126,14,0.0756300097417552,452,2,8.134246805981194,1,0.8917122306036326,2.3465320303824597e-09,0
pred_005162,2025-11-17T06:51:00,v1,1069.649087529805,9,0.4977288303379055,557,1,43.12887129745563,0,0.775689609537098,1.8706769471856007e-07,0
pred_005163,2025-11-17T07:18:00,v1,1578.4376423930603,22,0.1927577760658265,921,1,24.450067391040584,0,0.7595793149495744,3.0813702851540875e-12,0
pred_005164,2025-11-17T08:00:00,v1,873.7924937037778,8,0.226876208024473,890,1,27.991708986298043,0,0.8517394625777492,8.853872381129793e-09,0
pred_005165,2025-11-17T08:45:00,v1,644.3221509272277,13,0.0598895399910983,131,2,11.91888893226932,0,0.788520393004203,9.414069105076205e-05,0
pred_005166,2025-11-17T08:46:00,v1,1182.2990510642876,18,0.1232898927663016,644,1,16.71420968034488,0,0.7591779484160064,1.5047719315149049e-09,0
pred_005167,2025-11-17T08:59:00,v1,680.7425589049868,7,0.1951930153520972,358,3,14.731748144231856,0,0.7617847693506534,9.25450102545504e-05,0
pred_005168,2025-11-17T09:21:00,v1,1226.7143845055346,15,0.1081441382863729,608,4,2.3421115106688997,0,0.5834877508887165,8.971235859364932e-08,0
pred_005169,2025-11-17T09:40:00,v1,1549.5086982142282,7,0.2448630010105084,553,1,6.024344039804301,1,0.7458417173725015,2.621692087740765e-09,0
pred_005170,2025-11-17T09:55:00,v1,806.1248373696862,21,0.1013121513300518,243,5,22.52364709133782,0,0.8340784565027146,0.00011101665603245687,0
pred_005171,2025-11-17T10:19:00,v1,1440.91557740263,16,0.076895758304775,891,2,2.0630756121654725,0,0.7882886827602047,3.3065217958152016e-11,0
pred_005172,2025-11-17T10:20:00,v1,2030.0996604130544,9,0.3840442316412814,982,1,26.40173600298575,0,0.9562410712030316,2.38542712101022e-13,0
pred_005173,2025-11-17T10:37:00,v1,1447.0314977443406,12,0.1282689464184577,41,1,4.149920354810706,1,0.7018314693964604,4.1982733889334887e-07,0
pred_005174,2025-11-17T10:43:00,v1,975.6401593935666,14,0.0675788540722015,352,3,2.3198821745603806,0,0.8377962248498961,1.2001905971551144e-06,0
pred_005175,2025-11-17T10:49:00,v1,658.9686378176623,15,0.1574159008900913,839,2,27.829970916173497,0,0.8602643478479666,8.012062177598525e-08,0
pred_005176,2025-11-17T11:18:00,v1,1294.2280093796514,21,0.190029031588213,223,1,3.8623485436782774,0,0.6657189924276846,3.034030063961885e-08,0
pred_005177,2025-11-17T12:23:00,v1,1323.7844681136596,13,0.127622418069714,143,0,32.59128695542076,0,0.7793343695405394,7.393101366597585e-08,0
pred_005178,2025-11-17T13:25:00,v1,878.4959967459805,8,0.2174973252013196,946,2,19.22027974206316,0,0.7906464447883553,1.4414432454654202e-08,0
pred_005179,2025-11-17T14:03:00,v1,453.0243356332751,7,0.0861387050589534,225,4,5.195803620860064,0,0.7032772320547326,0.005039408165630512,0
pred_005180,2025-11-17T14:07:00,v1,1822.5795510350256,21,0.3283143209165745,388,3,0.1888383437791401,0,0.6499856407275931,1.0757579683444169e-09,0
pred_005181,2025-11-17T14:41:00,v1,667.7669853895894,14,0.0522712330300932,548,0,9.605562926231617,0,0.9346720319013052,5.224319693369138e-08,0
pred_005182,2025-11-17T15:00:00,v1,65.60143570201346,3,0.4106247237077161,131,3,4.88682860333617,1,0.4895949081589038,0.6938069083185399,1
pred_005183,2025-11-17T15:40:00,v1,1134.293472428714,10,0.1512443564744112,625,2,9.33807824347914,1,0.8554177575715382,4.5904553843129965e-08,0
pred_005184,2025-11-17T16:02:00,v1,1183.6603365242977,17,0.0963015648855132,481,2,12.842270681965926,0,0.7481104078875479,2.4720570645441566e-08,0
pred_005185,2025-11-17T16:03:00,v1,656.486899648148,10,0.1449206275753272,141,5,4.70795941506099,0,0.7365526617214866,0.004732762064427171,0
pred_005186,2025-11-17T16:04:00,v1,551.6969108794298,12,0.1906111396236171,292,1,2.184607694118609,0,0.8982188532628568,9.874943780182885e-06,0
pred_005187,2025-11-17T16:11:00,v1,1158.3072138134405,11,0.1852823089593386,992,2,31.080341631127816,0,0.8363656038351317,6.767008081459166e-10,0
pred_005188,2025-11-17T16:43:00,v1,5474.689406471591,12,0.1080777962195591,44,4,1.9169349793035049,0,0.6012905137339344,3.495584840835585e-20,0
pred_005189,2025-11-17T17:20:00,v1,1380.5088924746765,14,0.1029454523931149,209,4,9.358465782975472,1,0.9318262640078824,1.5998927821575263e-06,0
pred_005190,2025-11-17T17:51:00,v1,693.1737091964951,22,0.4301536983595178,367,4,29.35534104620874,0,0.9291180806104266,4.357690056692429e-05,0
pred_005191,2025-11-17T17:51:00,v1,692.1296551046565,15,0.00771529122417,505,3,5.1518303163204395,0,0.8016476095415896,2.3832207609041236e-06,0
pred_005192,2025-11-17T17:56:00,v1,267.1131511488578,15,0.1581695178203144,411,4,21.202379719712404,0,0.6637339443582019,0.002497241955879253,0
pred_005193,2025-11-17T18:19:00,v1,779.1238896404246,13,0.1476347025577831,483,4,3.6368834099528993,0,0.9068266789217232,5.900449185570719e-06,0
pred_005194,2025-11-17T18:37:00,v1,681.3804366742669,13,0.0743877874637049,425,0,4.717500199976939,0,0.6602516523737991,4.535736958008021e-07,0
pred_005195,2025-11-17T18:39:00,v1,1067.875807274104,9,0.0986381730153889,972,0,33.83982550051699,0,0.6491562833091187,3.813546370513958e-10,0
pred_005196,2025-11-17T19:27:00,v1,790.413091968399,21,0.1720949478038093,789,3,11.036995998827386,0,0.7947772383701511,4.7523836464927216e-08,0
pred_005197,2025-11-17T19:58:00,v1,1863.9471470619255,9,0.1988987958026506,948,2,15.334809086272369,0,0.9148032761978108,2.150728827476991e-12,0
pred_005198,2025-11-17T20:00:00,v1,1764.4244443374723,9,0.265837692156687,89,2,40.01261147127848,0,0.4893694205891256,3.290602623626238e-07,0
pred_005199,2025-11-17T20:24:00,v1,1047.9410320395489,12,0.324752120403893,352,3,6.168553943561534,0,0.6367867102094805,3.965278135459825e-06,0
pred_005200,2025-11-17T20:30:00,v1,1327.3143361998518,18,0.2259176774676042,753,3,13.095207600328289,0,0.7285112976767338,2.060922249985999e-09,0
pred_005201,2025-11-17T20:30:00,v1,1143.1149194982015,16,0.0521575460924921,743,1,1.0363028402746646,0,0.954598816637868,2.600922448960355e-10,0
pred_005202,2025-11-17T20:56:00,v1,1397.1872227687168,10,0.0202659757457515,517,4,5.904495146846156,0,0.5831308223267649,1.0374466439843124e-07,0
pred_005203,2025-11-17T21:04:00,v1,1017.977905829444,15,0.1146325164553362,38,1,6.2119642337722665,0,0.8913350715532021,1.7717021696346374e-06,0
pred_005204,2025-11-17T21:20:00,v1,537.468395339261,17,0.3350390795985489,340,2,19.259477916240428,1,0.9825017701659308,5.257382323370568e-05,0
pred_005205,2025-11-17T21:54:00,v1,730.1070195288518,12,0.2168333086211629,680,2,0.5616741005910701,0,0.8378478551019931,1.8662623506870885e-07,0
pred_005206,2025-11-17T22:43:00,v1,895.1152004750923,19,0.2408328925268726,58,4,10.74110549766452,0,0.8353157105436212,0.0001423428268889645,0
pred_005207,2025-11-17T22:56:00,v1,829.2060741561083,21,0.481557637830304,459,4,30.93613349048338,0,0.8940834543381856,8.919779977833704e-06,0
pred_005208,2025-11-17T23:14:00,v1,856.4727518371345,21,0.1105561899872936,697,3,2.803155566558733,0,0.8741852966790052,3.497779273942941e-08,0
pred_005209,2025-11-17T23:45:00,v1,677.4937190377128,7,0.0778010524123647,873,1,3.660794542964851,0,0.880720573736433,1.7436275172056423e-08,0
pred_005210,2025-11-17T23:47:00,v1,515.032823429358,15,0.2405198403047493,238,0,8.470271370308572,0,0.8013837687009021,8.992760472307388e-06,0
pred_005211,2025-11-18T00:00:00,v1,1464.9325056540708,10,0.03751980600229,924,3,1.0500068627305388,0,0.4669531862763552,4.15497931566404e-10,0
pred_005212,2025-11-18T00:10:00,v1,343.8048171996076,5,0.6034988614531537,160,6,55.70288902006106,0,0.4332851984109648,0.9395040731999752,1
pred_005213,2025-11-18T00:16:00,v1,1068.33519275234,22,0.5041945763517084,783,4,13.976622513639242,0,0.9327140555371446,2.2735710848418183e-08,0
pred_005214,2025-11-18T00:29:00,v1,692.9467005592242,15,0.1030114708256754,133,1,12.66670570773365,1,0.8627259675193756,3.4414607267614564e-05,0
pred_005215,2025-11-18T00:51:00,v1,393.89942681575417,8,0.3193992267232696,386,1,4.103572429517455,1,0.8893364953288412,0.00010274013021611718,0
pred_005216,2025-11-18T00:51:00,v1,707.9503526776737,15,0.2923892240601916,940,1,6.031452293599083,0,0.8449089754658091,4.558896056659829e-09,0
pred_005217,2025-11-18T00:53:00,v1,217.0489853437632,2,0.4301005406356144,188,11,390.49432046994855,0,0.2377245050569097,0.9999999986716384,1
pred_005218,2025-11-18T01:04:00,v1,1465.1479412518966,19,0.12297274769192,63,2,0.7357931321607167,0,0.9434951118089568,4.622273479518146e-08,0
pred_005219,2025-11-18T01:18:00,v1,1088.9389458541991,11,0.1784907130216171,509,0,2.472100024436404,0,0.9121460500677864,4.635516318911068e-09,0
pred_005220,2025-11-18T02:28:00,v1,2079.418033891008,13,0.1121744802192129,670,2,29.57669862989541,0,0.7494666847738417,7.730204979217734e-12,0
pred_005221,2025-11-18T02:49:00,v1,922.7896495322684,22,0.2274015067901269,437,5,41.7097209798709,0,0.9043090752964248,1.0194704266037021e-05,0
pred_005222,2025-11-18T03:02:00,v1,1390.1967082966266,9,0.0330295386937782,539,8,13.61341643051176,0,0.7363822905482591,8.29116351381464e-06,0
pred_005223,2025-11-18T03:14:00,v1,808.4593863703874,18,0.2124572284952432,880,0,24.385801051000943,0,0.9873725962305518,6.408618075435395e-10,0
pred_005224,2025-11-18T04:43:00,v1,740.7574169712022,13,0.1260456607267255,257,4,3.309287019465409,0,0.9276100559121548,6.86456748350249e-05,0
pred_005225,2025-11-18T05:08:00,v1,186.90890799155304,4,0.6172518556215479,102,12,203.827816541334,0,0.3829607392645366,0.9999999373582565,1
pred_005226,2025-11-18T05:14:00,v1,1183.4568010401092,21,0.1714708413799643,703,1,16.53669513973633,0,0.8124692643527998,4.933768112649885e-10,0
pred_005227,2025-11-18T05:33:00,v1,1056.6925281966137,19,0.1814333165121456,577,1,29.94419650778911,0,0.7982207760798107,1.083416593986733e-08,0
pred_005228,2025-11-18T05:37:00,v1,851.4500828090456,21,0.1572755318344125,596,1,22.26138879934985,1,0.7095643564639047,9.867013517765601e-08,0
pred_005229,2025-11-18T06:37:00,v1,610.6891938220689,13,0.0542006945022597,436,2,2.524087718284112,0,0.7032484957575734,5.693567163462879e-06,0
pred_005230,2025-11-18T06:49:00,v1,1025.5430039272337,8,0.3560009084733777,345,3,3.335328764229996,0,0.8993995225972891,3.547612230634035e-06,0
pred_005231,2025-11-18T07:23:00,v1,1365.3274630311698,19,0.2686904860466578,352,4,28.964611579232137,0,0.5464125565625336,8.426307572810579e-07,0
pred_005232,2025-11-18T07:53:00,v1,720.5108193180308,16,0.0513775804680822,809,0,5.852687396102559,0,0.939172939005796,1.5931658663555256e-09,0
pred_005233,2025-11-18T08:27:00,v1,3086.0443665445173,11,0.2979546652866818,451,2,2.2124618066470134,0,0.8430276075153301,1.2647328358823534e-14,0
pred_005234,2025-11-18T08:32:00,v1,1970.3687221082232,13,0.0795270896092177,151,4,4.099038060057906,0,0.8716689595937787,9.87465834087516e-09,0
pred_005235,2025-11-18T09:25:00,v1,1323.8095344035596,17,0.0999434240053056,772,4,28.83055366144601,0,0.9488429969688492,3.5091549948166273e-09,0
pred_005236,2025-11-18T09:56:00,v1,796.13947976529,21,0.2406505820748198,747,1,13.658874630235964,1,0.7498878298719212,2.76490251151454e-08,0
pred_005237,2025-11-18T10:05:00,v1,519.443318607721,14,0.352899046686827,381,3,5.122447123350566,0,0.8518447365517596,7.918376403361437e-05,0
pred_005238,2025-11-18T10:52:00,v1,989.451037646724,10,0.6997571729698465,94,5,7.8545583761633555,0,0.7612036724431894,0.0020964829737194603,0
pred_005239,2025-11-18T11:18:00,v1,303.14717611560945,8,0.3551943726178492,636,0,19.62877199489324,0,0.6135704826310838,9.363883632111353e-06,0
pred_005240,2025-11-18T12:06:00,v1,1594.2221481763142,17,0.1067815595558011,559,1,1.57919078613302,0,0.6697781353384701,1.178395370122235e-10,0
pred_005241,2025-11-18T13:16:00,v1,823.4174739871945,12,0.1792009527870056,514,2,10.17741695486639,0,0.905287772046774,4.4842713572396497e-07,0
pred_005242,2025-11-18T13:23:00,v1,795.6151927617238,13,0.1559347282899568,928,3,14.517611183666782,0,0.8400866602209601,3.267005033026649e-08,0
pred_005243,2025-11-18T13:56:00,v1,1020.3922074306548,7,0.0197061218193925,253,2,20.04209898850467,0,0.9162543644439016,2.2612309795799045e-06,0
pred_005244,2025-11-18T14:03:00,v1,864.7708873288283,16,0.0656728129883963,723,1,6.784610251126368,0,0.8945524760111129,4.719123954852929e-09,0
pred_005245,2025-11-18T14:06:00,v1,1591.512124876217,15,0.078957588945997,73,1,31.12043053201387,0,0.7034881620111161,4.498967492592281e-08,0
pred_005246,2025-11-18T14:10:00,v1,1204.0292676467716,21,0.1250661567344299,925,3,19.88816528138968,0,0.771563371789023,5.250313255086883e-10,0
pred_005247,2025-11-18T14:11:00,v1,1067.4557157625295,10,0.1932769333921494,423,3,22.1788267608657,0,0.8780999167460172,1.0981101382591578e-06,0
pred_005248,2025-11-18T14:37:00,v1,608.6284740404558,17,0.0825909570957417,899,4,30.145701373735793,0,0.6135768117471606,1.094682836442559e-06,0
pred_005249,2025-11-18T14:42:00,v1,919.8571686356518,14,0.128466055223,845,1,11.446442441502906,1,0.8657641897905995,4.821774024593438e-09,0
pred_005250,2025-11-18T14:46:00,v1,1063.2415063912729,18,0.0392949414917409,581,1,10.880867243298072,0,0.8069265525755213,4.2585966702801665e-09,0
pred_005251,2025-11-18T14:50:00,v1,1249.7576038516845,12,0.0587943432447174,637,2,0.590347070033051,0,0.5857011554306577,6.869125495290038e-09,0
pred_005252,2025-11-18T14:52:00,v1,638.3708009839648,22,0.1235305813855138,94,2,0.7632039332954229,0,0.9469111107135592,1.8265048055523125e-05,0
pred_005253,2025-11-18T15:32:00,v1,1960.496485415253,21,0.2387404293416828,760,3,24.18020045411184,0,0.7969435680860154,8.124074053244987e-12,0
pred_005254,2025-11-18T15:59:00,v1,542.8003534832836,7,0.2901697340904224,413,0,47.88468229510711,1,0.7475154486765384,5.020365968910866e-05,0
pred_005255,2025-11-18T16:00:00,v1,1228.5116870389547,9,0.1708053332585105,328,3,23.823906134753663,0,0.8175914892716936,1.1000763297802423e-06,0
pred_005256,2025-11-18T16:07:00,v1,828.6040264684979,8,0.0481950173897268,309,1,4.704526569981929,0,0.9488727231082016,9.788155200428624e-07,0
pred_005257,2025-11-18T17:00:00,v1,1622.2022555474996,11,0.2198051450350773,169,4,21.63940171964226,0,0.7336640346894834,7.599967185981148e-07,0
pred_005258,2025-11-18T17:14:00,v1,876.5382104054669,13,0.2610033037640891,339,5,1.8888538622889697,0,0.9412604239763872,4.1038271054142214e-05,0
pred_005259,2025-11-18T18:12:00,v1,952.484672715341,20,0.1800457087190205,183,4,2.7071843331162095,1,0.7929262653254846,4.6211424315256056e-05,0
pred_005260,2025-11-18T18:14:00,v1,1017.220852405706,12,0.0586595796637853,498,2,20.88152385194781,0,0.7164751527300718,2.1879380837540634e-07,0
pred_005261,2025-11-18T18:53:00,v1,2629.8287800996613,18,0.2040853591683847,823,0,8.870953805444323,0,0.9324145097852958,2.9899901738883876e-16,0
pred_005262,2025-11-18T20:37:00,v1,1353.5502817702768,22,0.5137743313165887,696,1,14.353875523304364,0,0.8416384882457083,2.3032919925264637e-10,0
pred_005263,2025-11-18T20:46:00,v1,647.7100306853777,22,0.2999250321051315,606,0,20.632878648887704,0,0.9079888866957844,3.111415699622287e-08,0
pred_005264,2025-11-18T22:07:00,v1,607.3253457016299,17,0.1462697778576054,715,1,40.190366112568405,0,0.9669023354717072,9.655991369006845e-08,0
pred_005265,2025-11-18T22:15:00,v1,939.9862699909046,20,0.1748349633517078,907,1,13.642611193297718,0,0.684233089899032,7.725768811765553e-10,0
pred_005266,2025-11-18T22:31:00,v1,739.8158924826355,12,0.0314196110487898,607,1,36.58359907192716,0,0.9426893915053066,1.4699141633360736e-07,0
pred_005267,2025-11-18T22:38:00,v1,1265.1215033511164,17,0.1327251834721479,112,1,2.1252125642571658,0,0.8233835504985553,9.840145526434446e-08,0
pred_005268,2025-11-18T22:47:00,v1,825.4784688756195,10,0.3926372445822719,697,2,11.677626004920318,0,0.8783662974614451,1.8492373355157688e-07,0
pred_005269,2025-11-18T22:48:00,v1,1545.538554259116,21,0.3025695432622695,568,2,29.422020704851473,0,0.6495224597437957,1.2097649847343095e-09,0
pred_005270,2025-11-18T22:51:00,v1,803.8115701622294,20,0.169983800308099,430,0,32.84378745068455,0,0.6519605254790933,1.806387468491265e-07,0
pred_005271,2025-11-18T22:59:00,v1,1005.5230972804852,11,0.2267892189571813,716,1,1.9765116888792431,0,0.9642314072642604,3.370745336668492e-09,0
pred_005272,2025-11-18T23:01:00,v1,694.839427899097,7,0.3322775668855615,701,1,21.479012078991165,1,0.9598507134752708,5.868231146076278e-07,0
pred_005273,2025-11-18T23:25:00,v1,704.8907062345994,8,0.2357179546656172,829,0,15.290708245190752,1,0.7714372051145796,5.047956436011766e-08,0
pred_005274,2025-11-18T23:48:00,v1,3116.9272181376855,13,0.1253654573377354,245,4,16.316632854319675,0,0.8294234853236901,6.382826214886756e-13,0
pred_005275,2025-11-18T23:53:00,v1,493.3233069349971,17,0.3143376047655213,210,0,30.316913810619127,0,0.8087538596420809,2.4663689930585808e-05,0
pred_005276,2025-11-18T23:59:00,v1,1032.2893603678558,16,0.2287787907407538,192,1,7.7089204292748414,0,0.8457230368722076,4.751080403736659e-07,0
pred_005277,2025-11-19T00:12:00,v1,1536.358489917372,12,0.2542127190233188,993,1,1.8472204080776695,1,0.619099351747377,2.3502489580193043e-11,0
pred_005278,2025-11-19T00:53:00,v1,771.0606256138608,13,0.080887146537316,852,5,5.151271867690426,0,0.8187356508489974,5.932625273187432e-07,0
pred_005279,2025-11-19T01:20:00,v1,2209.3387134468003,19,0.2010344915909265,853,0,17.09099088797935,1,0.8381651455967957,2.875933434198554e-14,0
pred_005280,2025-11-19T01:58:00,v1,778.9377055664745,19,0.2172906327480695,57,3,0.8524356331623845,0,0.9009949984769404,6.307116384434045e-05,0
pred_005281,2025-11-19T02:02:00,v1,1363.1541514513488,20,0.0976388424503965,698,1,10.340650234389887,1,0.7990517871225771,2.7114753558372954e-10,0
pred_005282,2025-11-19T02:05:00,v1,863.7521963335107,19,0.2907924975786922,183,2,4.4043364889361545,0,0.9435701579463934,3.1831167061540722e-06,0
pred_005283,2025-11-19T02:50:00,v1,1443.4611041939916,19,0.3366389066132078,687,0,38.7176390312033,0,0.915148599442638,6.087759532685935e-11,0
pred_005284,2025-11-19T02:51:00,v1,1064.15735499875,9,0.1129809040602621,371,3,11.752696831623185,0,0.9485342576052058,1.010619157070105e-06,0
pred_005285,2025-11-19T02:58:00,v1,623.4538938782326,13,0.1087949240441656,158,3,3.1982253550087334,0,0.8771662424849714,0.00017208326144597702,0
pred_005286,2025-11-19T03:24:00,v1,226.805430329342,0,0.4035974616922261,85,13,244.0980090514927,0,0.351203806382788,0.9999999944249154,1
pred_005287,2025-11-19T03:38:00,v1,415.6436077642752,8,0.1240682029441831,923,4,56.26171418285356,1,0.8322517990530246,4.797298549367222e-05,0
pred_005288,2025-11-19T04:42:00,v1,1835.5860191394224,14,0.1826471418753628,611,2,24.878911041987266,0,0.7040777922287428,1.0756057428099786e-10,0
pred_005289,2025-11-19T04:52:00,v1,610.2567468275469,20,0.2549333654918813,767,1,15.358063913181931,0,0.9134208185100418,2.659052891328385e-08,0
pred_005290,2025-11-19T04:57:00,v1,459.8730840496136,19,0.1061709099357491,785,1,9.125841243691536,0,0.7884097654699743,7.705991729580719e-08,0
pred_005291,2025-11-19T05:09:00,v1,385.8627086757139,16,0.3690947209528208,763,1,21.052299520373545,0,0.5152591405717886,2.0457761330695915e-06,0
pred_005292,2025-11-19T05:26:00,v1,825.7107467394155,16,0.147587293060402,501,2,9.313397333685918,1,0.697381993245339,1.4423304611181507e-06,0
pred_005293,2025-11-19T05:31:00,v1,1271.3032165101013,21,0.3667220342118281,875,2,1.981453684791804,0,0.9368246266280952,9.172868253082149e-11,0
pred_005294,2025-11-19T06:25:00,v1,1416.666571897332,15,0.2614053794846207,125,2,31.676511982286396,0,0.9775070567125898,2.1666431555336852e-07,0
pred_005295,2025-11-19T06:39:00,v1,610.9561766390119,18,0.0540190395951005,93,1,5.441841832049683,0,0.8671571170148701,1.6537628130412044e-05,0
pred_005296,2025-11-19T06:50:00,v1,1648.5384474226353,9,0.0449323187988303,735,1,67.19858246422633,0,0.9258390865910356,1.0805616229461173e-10,0
pred_005297,2025-11-19T06:57:00,v1,1047.5145856442134,22,0.2118751092514652,192,1,5.196672613986492,0,0.3695275380468719,8.51016027483865e-07,0
pred_005298,2025-11-19T07:00:00,v1,274.6476966922474,14,0.4243734347855292,342,0,9.731148805274898,0,0.9259360330362358,2.749902742894998e-05,0
pred_005299,2025-11-19T07:30:00,v1,816.545886558948,17,0.1507452988797352,977,0,25.86330475513881,0,0.573801814414971,1.0231907189426127e-09,0
pred_005300,2025-11-19T08:09:00,v1,737.7818058576813,9,0.0997350699003781,370,1,1.0244223674126034,0,0.7859980494886448,1.7448591774841753e-06,0
pred_005301,2025-11-19T08:11:00,v1,630.7680505871564,11,0.1375875633204048,641,4,0.45903334493902,1,0.945005195519178,1.1278891818661592e-05,0
pred_005302,2025-11-19T08:14:00,v1,1168.3577474108226,19,0.102501860091711,390,1,40.95158932978595,0,0.9599399935471552,1.8592228270131766e-08,0
pred_005303,2025-11-19T08:22:00,v1,1114.2905291752916,22,0.2643892333059031,392,1,15.42083675229101,0,0.913682987154239,1.4736614613675279e-08,0
pred_005304,2025-11-19T08:22:00,v1,2375.6432721286524,8,0.2167489087122486,933,4,10.797579912980163,0,0.6417675366579386,1.1167211453779718e-12,0
pred_005305,2025-11-19T08:31:00,v1,972.8404289086744,20,0.3305082389485788,530,2,3.3879389178276456,1,0.85299450454306,1.3767952162227973e-07,0
pred_005306,2025-11-19T08:41:00,v1,1307.72171554765,18,0.088891201955563,722,2,19.51633079760546,1,0.5920991845877731,3.925653059693894e-09,0
pred_005307,2025-11-19T08:46:00,v1,686.0075562212663,22,0.280023627554718,302,1,13.637061689706115,0,0.5473099427336313,4.3740463215822815e-06,0
pred_005308,2025-11-19T08:55:00,v1,2623.338428340501,15,0.2262229706245801,594,5,7.319819568823118,0,0.9666691247781456,1.5168008528199575e-12,0
pred_005309,2025-11-19T09:06:00,v1,1221.8269078270546,7,0.2122226258770542,525,1,2.692647223632242,0,0.935956536220822,7.755710523513756e-09,0
pred_005310,2025-11-19T09:20:00,v1,356.9592210683739,2,0.4460514481960227,19,8,125.07550313547794,0,0.0561376359232637,0.9999516457646469,1
pred_005311,2025-11-19T10:10:00,v1,1133.2694295076335,21,0.1242141142546572,634,5,2.158798025410146,0,0.985647691355928,4.8846984596306095e-08,0
pred_005312,2025-11-19T10:25:00,v1,801.7539938515589,20,0.2615243062154756,174,0,3.263414960384047,0,0.504337352969337,2.075757826064008e-06,0
pred_005313,2025-11-19T10:27:00,v1,731.7524462163951,12,0.303866200172966,66,2,16.20787957255221,0,0.8271632182836979,0.00019061185474579626,0
pred_005314,2025-11-19T12:15:00,v1,66.98098849583573,2,0.4423677247262059,107,5,220.41268560299923,0,0.1604370610654671,0.9999720940177325,1
pred_005315,2025-11-19T12:55:00,v1,1857.5386405161044,15,0.3969638924045948,136,0,17.0877882770734,0,0.6094754972885214,1.7212216447306183e-09,0
pred_005316,2025-11-19T13:16:00,v1,1812.2868401606283,12,0.1887911360230591,310,1,2.3345593469137444,0,0.9559477105174412,2.310164370451918e-10,0
pred_005317,2025-11-19T13:25:00,v1,1233.2929691115776,22,0.1504071351775645,658,2,9.049530625914294,0,0.4673157744404524,3.714020046487865e-09,0
pred_005318,2025-11-19T13:33:00,v1,634.5603995520012,7,0.2957174851591059,990,5,50.70338935663061,1,0.7794828648594238,2.399423319466249e-05,0
pred_005319,2025-11-19T14:01:00,v1,1294.8840090885826,11,0.1531443650463392,166,1,3.724215952207067,0,0.7453901032316621,1.569563075270344e-07,0
pred_005320,2025-11-19T14:07:00,v1,2841.335215416275,16,0.1890987582104202,646,1,35.85821812071483,0,0.905141484991141,3.3650285602874294e-15,0
pred_005321,2025-11-19T14:18:00,v1,1008.6156929079632,8,0.1549287247223249,226,1,16.600168750475852,0,0.5379302848353257,4.303283110675671e-06,0
pred_005322,2025-11-19T15:07:00,v1,1124.5470765690534,21,0.4794803142841911,461,1,34.0676361390543,0,0.7148413079772094,4.911770207760663e-08,0
pred_005323,2025-11-19T15:19:00,v1,563.4070868291767,19,0.1615222238584451,991,4,11.79534385205413,0,0.9216954613872224,1.0737869312158383e-07,0
pred_005324,2025-11-19T15:23:00,v1,818.4874606020936,7,0.1173901493689685,490,1,20.68739395894855,0,0.6391980827740686,1.1735597795121646e-06,0
pred_005325,2025-11-19T15:40:00,v1,689.6086460540903,15,0.0216803033361154,741,2,17.112119167485158,0,0.7474567251146786,1.2737574820675786e-07,0
pred_005326,2025-11-19T15:45:00,v1,1249.306681923381,17,0.1020878389452669,780,2,1.329564847711984,0,0.5787901183418587,9.205657925007884e-10,0
pred_005327,2025-11-19T15:54:00,v1,1389.2358014703857,15,0.0650726681192642,785,3,11.750511453839518,0,0.9856747197981688,3.5410456986662616e-10,0
pred_005328,2025-11-19T16:10:00,v1,827.6717286386236,16,0.2365302073464401,743,2,4.5381346378709715,1,0.7696772522561386,1.0308215581022153e-07,0
pred_005329,2025-11-19T16:47:00,v1,515.6683897402371,17,0.0294673808020063,96,5,0.1125209586128925,1,0.9750568337167722,0.006349992671961694,0
pred_005330,2025-11-19T16:50:00,v1,831.6232041437726,17,0.0893809963434444,417,1,16.138771544322605,0,0.8927889920569531,1.6761171810208803e-07,0
pred_005331,2025-11-19T16:53:00,v1,912.7658017009912,17,0.3179849285648458,349,0,3.8150424731204167,0,0.8389965904152047,7.895769445287903e-08,0
pred_005332,2025-11-19T17:03:00,v1,2511.511031721557,18,0.2711708186287409,224,3,26.583771179941923,0,0.9040383778378274,2.5132376491738262e-11,0
pred_005333,2025-11-19T17:18:00,v1,3295.1806811901984,18,0.2403904710194686,796,2,4.068775937869178,0,0.6871113239045583,4.0758373535223817e-17,0
pred_005334,2025-11-19T17:25:00,v1,1375.569605585834,19,0.2491347366839007,670,2,29.430529253581184,0,0.5117843565689018,3.3012960757791183e-09,0
pred_005335,2025-11-19T17:28:00,v1,1636.4269794776878,20,0.2290801839315515,986,1,13.708797260812746,0,0.6098760051433602,1.7892481088123226e-12,0
pred_005336,2025-11-19T17:30:00,v1,888.9795099861651,15,0.2482324368935005,794,3,0.8419513654677379,0,0.787703892234636,4.397525032184598e-08,0
pred_005337,2025-11-19T17:58:00,v1,718.4452595770443,11,0.1988912187692964,536,2,3.689816493152484,1,0.8463185824981555,2.826919738882606e-06,0
pred_005338,2025-11-19T18:09:00,v1,845.29455295146,15,0.4811846264693779,671,2,3.575165755464253,0,0.9507678888530608,7.424505677266728e-08,0
pred_005339,2025-11-19T18:11:00,v1,311.7082019008912,23,0.7807484909022875,29,8,70.88934502193679,1,0.4066390700995048,0.9976800670855878,1
pred_005340,2025-11-19T18:36:00,v1,851.2821563999319,16,0.4584850992943352,494,1,13.234230809613832,0,0.9689020328970231,1.3533164962135633e-07,0
pred_005341,2025-11-19T20:01:00,v1,1277.2194668730947,15,0.6019408354230483,807,1,13.527614988475026,1,0.871734647299046,1.1587355944071392e-09,0
pred_005342,2025-11-19T20:11:00,v1,1708.616478210644,19,0.1802098856023442,844,2,38.40712789732505,1,0.696754739622785,5.893517218227765e-11,0
pred_005343,2025-11-19T20:15:00,v1,886.3179583284286,17,0.1490951522592339,485,1,16.061489276385903,1,0.8595632395218957,1.9261596680562097e-07,0
pred_005344,2025-11-19T20:28:00,v1,1015.2906300781004,16,0.1912641610487536,480,0,7.280475808424635,0,0.9541756327978194,5.64159953830125e-09,0
pred_005345,2025-11-19T20:50:00,v1,604.4421610659136,12,0.1935384436301963,848,2,3.459614237789086,0,0.8197206954171204,1.0495589481513804e-07,0
pred_005346,2025-11-19T21:21:00,v1,1966.3540515823672,18,0.5764555104242048,547,2,7.085396051575094,0,0.8045996536268474,4.320567562297476e-11,0
pred_005347,2025-11-19T21:33:00,v1,1197.5997978232006,11,0.2442895733325903,295,2,4.092738179647199,0,0.7745308923242552,3.491644995404786e-07,0
pred_005348,2025-11-19T21:39:00,v1,1112.7730835695152,21,0.1937981299638495,527,2,14.78719395134614,0,0.7499524105732424,2.0920988180728692e-08,0
pred_005349,2025-11-19T21:43:00,v1,175.00035315455304,2,0.7087831379531891,64,10,106.55454172324144,0,0.4772117863524601,0.9999931572815851,1
pred_005350,2025-11-19T22:31:00,v1,1194.6549662973316,11,0.30345355385054,595,1,5.7731938844597455,0,0.6898058159711924,8.924352214753612e-09,0
pred_005351,2025-11-19T22:38:00,v1,1648.2437862071567,13,0.0732268015949596,919,1,25.877671568887692,0,0.9430059958651524,2.642792221999769e-12,0
pred_005352,2025-11-19T23:17:00,v1,744.3983152698371,10,0.2449148160174496,41,1,34.20219361874279,0,0.4563821748787949,0.0005210954918162804,0
pred_005353,2025-11-19T23:35:00,v1,917.7188460279954,21,0.0528969883653393,134,1,25.009597402192064,0,0.9541438671060988,7.779764461224487e-07,0
pred_005354,2025-11-19T23:55:00,v1,445.5816911877976,16,0.268332751820705,920,2,43.44829753275144,0,0.7787048299822471,5.023246123566851e-07,0
pred_005355,2025-11-19T23:56:00,v1,498.5877050732655,8,0.1974889949017363,387,1,4.832032269636205,0,0.7479372854442062,1.9762616451541002e-05,0
pred_005356,2025-11-20T00:23:00,v1,953.787804574686,22,0.3396528296972862,736,1,2.0092480748095447,0,0.8164460919549505,1.914427115670729e-09,0
pred_005357,2025-11-20T00:45:00,v1,1162.3485093280422,10,0.0363973670970604,134,6,18.02772223756734,0,0.6761189732404499,0.0003786649764836192,0
pred_005358,2025-11-20T01:02:00,v1,750.2362384548934,16,0.3454928515054776,401,0,5.230724513905203,0,0.8704110698411984,2.0364124151038557e-07,0
pred_005359,2025-11-20T01:10:00,v1,597.8828420656786,21,0.2261182576758941,71,3,5.0290325163960015,0,0.805430305853972,0.0002932699382551378,0
pred_005360,2025-11-20T02:33:00,v1,1935.3134001817955,16,0.1551498585062635,665,2,14.212025450921262,1,0.7510160434012387,3.188665815656082e-11,0
pred_005361,2025-11-20T02:37:00,v1,691.5493157514188,9,0.1268406412522491,802,6,4.019867081587902,0,0.8621737430233744,1.0062523524215894e-05,0
pred_005362,2025-11-20T02:54:00,v1,1768.8039561922976,13,0.1529345624357798,676,1,11.446490242392263,0,0.8894249905198705,1.0884971919228757e-11,0
pred_005363,2025-11-20T02:56:00,v1,528.0599503188074,14,0.3361743676649636,910,0,2.6401608063658486,0,0.9032856924951804,7.847602459404319e-09,0
pred_005364,2025-11-20T03:12:00,v1,586.6091894609131,19,0.1852277047723941,328,5,2.960969710107176,0,0.584732020139656,0.0006194770682672741,0
pred_005365,2025-11-20T03:41:00,v1,805.6939215317439,13,0.320313325556613,764,1,3.3781341198937573,0,0.8562293448666111,1.542540430522368e-08,0
pred_005366,2025-11-20T03:56:00,v1,1154.5550355951664,9,0.3708513889561707,660,3,19.380993697066536,0,0.6505123367695276,1.8569520690378077e-07,0
pred_005367,2025-11-20T04:19:00,v1,725.3454356781324,8,0.2974040942003963,326,4,10.44070457535894,0,0.7628852212977595,0.00027956576844084883,0
pred_005368,2025-11-20T04:25:00,v1,2575.4340532539213,15,0.2140312834088861,826,1,3.2265925926934895,1,0.7679551649466841,9.508254599331368e-15,0
pred_005369,2025-11-20T04:57:00,v1,824.141056749982,15,0.3597262503980127,189,2,27.5315880646049,0,0.7236350265996487,3.977999465259394e-05,0
pred_005370,2025-11-20T05:03:00,v1,996.193091159409,13,0.2321847506654269,682,6,19.352006878942603,0,0.6830264539374793,6.291756365485866e-06,0
pred_005371,2025-11-20T05:20:00,v1,2856.6388295964134,17,0.2720335964180597,521,1,47.77610900395853,1,0.7422153828173327,7.91374421090271e-14,0
pred_005372,2025-11-20T05:25:00,v1,930.9402870232998,22,0.1930548488723061,903,1,29.80628694667182,1,0.910825242809978,1.3584052541193963e-09,0
pred_005373,2025-11-20T05:54:00,v1,2068.112960367614,14,0.2693223628133974,588,1,17.60254462559485,0,0.7209010567023588,5.931440218853262e-12,0
pred_005374,2025-11-20T05:57:00,v1,2444.3395063128196,13,0.3016048623548078,628,1,35.11160996010847,1,0.7423568916825998,1.0081013264257337e-12,0
pred_005375,2025-11-20T06:14:00,v1,774.5627122622897,10,0.2213221900533734,428,5,31.68984885753475,1,0.8312920139568402,0.0005473064753282552,0
pred_005376,2025-11-20T07:51:00,v1,1077.5768700769218,17,0.209759540194802,148,1,1.0218688112748646,0,0.7875695196570841,4.2172045282888266e-07,0
pred_005377,2025-11-20T08:15:00,v1,1556.3227858675048,16,0.1632013549140482,549,0,8.613867389184065,1,0.8114077327006187,1.5059341982855294e-10,0
pred_005378,2025-11-20T08:34:00,v1,1304.210062601138,11,0.1180719197552816,687,3,5.669457979877056,0,0.7455582122141733,7.619747876384846e-09,0
pred_005379,2025-11-20T08:37:00,v1,1207.786681494624,20,0.2846024178529259,320,2,5.474411380699171,0,0.8006351265878817,7.09213984745313e-08,0
pred_005380,2025-11-20T08:46:00,v1,1068.2895755110087,8,0.2135628285222474,271,2,18.318452777461516,0,0.3647204112506884,1.2301426439556452e-05,0
pred_005381,2025-11-20T08:49:00,v1,865.0461874886294,20,0.1798002025311222,573,0,10.870018740050796,0,0.9474830341464078,4.66428513159982e-09,0
pred_005382,2025-11-20T09:56:00,v1,1962.098232245189,12,0.1039165407069861,518,1,2.471040731083324,0,0.7306398238831984,1.5115476372048903e-11,0
pred_005383,2025-11-20T10:00:00,v1,388.8950943373632,14,0.1010869015283655,205,3,10.891323606203963,0,0.5862272718043635,0.0022023603103845757,0
pred_005384,2025-11-20T10:09:00,v1,1733.1992700029066,22,0.0709908057638794,972,0,5.8150589218454805,0,0.5898083279330713,1.221733341726478e-13,0
pred_005385,2025-11-20T10:14:00,v1,973.407926553027,13,0.0626287190528605,298,3,7.515177215772216,0,0.6884470728652945,4.825893566268028e-06,0
pred_005386,2025-11-20T11:30:00,v1,1047.3446776877172,12,0.6224714098886526,384,0,1.3644524792595731,0,0.9370814538096232,5.436825293073121e-08,0
pred_005387,2025-11-20T11:57:00,v1,304.64718565378405,22,0.0221291152149544,61,0,28.097948875234003,0,0.7558538974566348,0.00013353592459563733,0
pred_005388,2025-11-20T12:35:00,v1,2705.2954244658904,17,0.1213227335803708,672,2,23.968068565365964,0,0.8434276951550926,1.5825885715834824e-14,0
pred_005389,2025-11-20T12:48:00,v1,1640.3824674902971,8,0.1064667294375433,966,5,16.606463568659287,1,0.5182741880959638,3.957020750865181e-09,0
pred_005390,2025-11-20T13:02:00,v1,1008.873885495609,12,0.3178212472703767,997,3,14.233124714299802,0,0.9473542577506108,3.3789604075848395e-09,0
pred_005391,2025-11-20T13:41:00,v1,154.44796107996822,2,0.5877920730187952,92,6,271.76618694761675,0,0.3960559060429539,0.9999950618647068,1
pred_005392,2025-11-20T13:57:00,v1,1064.6177755666972,11,0.4539040141189207,142,1,15.53130567572956,0,0.8914158690962742,2.4069417351735097e-06,0
pred_005393,2025-11-20T14:12:00,v1,1123.1706621668309,7,0.1519157182696995,448,1,9.930881129549952,0,0.903381913566756,4.548882231993691e-08,0
pred_005394,2025-11-20T14:12:00,v1,2603.3915575398255,13,0.1871386028748474,226,2,1.8695605376544095,0,0.6633245533235412,6.63615720197184e-12,0
pred_005395,2025-11-20T14:49:00,v1,853.8839721404082,9,0.3208409253601376,400,5,5.346036757420217,0,0.8472443494311424,8.666734353548499e-05,0
pred_005396,2025-11-20T14:54:00,v1,308.0932590544133,22,0.1340814702561099,616,4,8.982647358526473,0,0.8479427243681968,2.7203438824675924e-05,0
pred_005397,2025-11-20T15:08:00,v1,1121.5283798634523,20,0.4043653870919094,866,1,26.842245770125498,1,0.8886351492612816,9.445059162575532e-10,0
pred_005398,2025-11-20T15:36:00,v1,1255.8339988800908,15,0.688858450990208,670,3,25.45320318174354,0,0.9078924329576256,3.3194534374902676e-08,0
pred_005399,2025-11-20T16:22:00,v1,801.4181992182392,14,0.3823111816036901,143,1,27.178284375261985,0,0.8018135634843091,2.1683748920793706e-05,0
pred_005400,2025-11-20T16:31:00,v1,398.9005581734429,8,0.1144561292899945,492,3,53.14859634401965,1,0.8870328638955766,0.0009626086632993808,0
pred_005401,2025-11-20T16:33:00,v1,1716.01235184708,20,0.1176431588073786,74,1,6.133313118307359,0,0.6177554452918018,5.373670957883001e-09,0
pred_005402,2025-11-20T16:37:00,v1,596.8027945862243,16,0.0563139749990651,860,1,0.657474837570865,0,0.529542890762349,3.1301364568531664e-08,0
pred_005403,2025-11-20T16:37:00,v1,1666.3944587612796,13,0.1304775601268477,53,2,19.30680185183096,0,0.8871094176231363,5.2768301140194e-08,0
pred_005404,2025-11-20T16:38:00,v1,1749.103977578938,7,0.3586336075955228,894,1,1.4812988467327088,0,0.5325745151130411,1.5053231345546823e-11,0
pred_005405,2025-11-20T16:45:00,v1,489.8658325406699,8,0.3222661148456505,329,1,17.86730104052986,0,0.9180993898314402,4.2731115465702505e-05,0
pred_005406,2025-11-20T17:11:00,v1,1594.4243094471094,20,0.1926533725370976,135,2,7.04932291000843,0,0.9216588436163856,1.058292160075399e-08,0
pred_005407,2025-11-20T17:58:00,v1,526.274909275227,11,0.094031862642724,184,2,7.895252447475221,0,0.7156391920089522,0.00024121822769752242,0
pred_005408,2025-11-20T18:17:00,v1,995.9736404881004,11,0.0868928990297872,564,0,1.7784540704273215,0,0.9409826351858788,3.96911724767025e-09,0
pred_005409,2025-11-20T18:25:00,v1,527.0029702278827,13,0.1126493264265408,273,1,32.362919525639995,0,0.7417506685358509,4.6343953190245816e-05,0
pred_005410,2025-11-20T18:35:00,v1,890.9234330581157,16,0.4030670111382915,524,1,32.217702146849575,0,0.9310723290998516,1.2980200316812492e-07,0
pred_005411,2025-11-20T18:38:00,v1,675.4193192235213,15,0.133777555027039,964,8,9.082917972504749,0,0.8998274376713814,1.007389927031739e-05,0
pred_005412,2025-11-20T18:51:00,v1,494.4812472483179,22,0.4079788176117516,340,5,0.6681118807953058,0,0.6451872178545304,0.0009935712095231197,0
pred_005413,2025-11-20T19:00:00,v1,1121.147466182597,19,0.0604834536109201,572,0,5.6523934656237325,0,0.916509409855798,4.737166700129271e-10,0
pred_005414,2025-11-20T19:06:00,v1,791.9257277128734,12,0.3539460531901458,206,3,28.52528788773774,1,0.8445548016263124,0.0003901964773209663,0
pred_005415,2025-11-20T19:55:00,v1,716.1403504763542,19,0.2817099119777159,103,1,2.749110601254869,0,0.9597668556968424,6.4681420955259e-06,0
pred_005416,2025-11-20T20:56:00,v1,414.34093155596753,22,0.387789258359806,641,2,18.439375545628565,0,0.3890458542435393,1.132934223032822e-05,0
pred_005417,2025-11-20T21:42:00,v1,1639.3584088348462,17,0.144157746575322,702,2,4.615814389158474,1,0.9180933633350388,8.409812025506184e-11,0
pred_005418,2025-11-20T21:44:00,v1,1927.7929765909128,13,0.0559073278813468,889,3,6.13751778120758,0,0.9351435778349434,2.0226453997665103e-12,0
pred_005419,2025-11-20T22:20:00,v1,1087.3553142555654,16,0.2246652827594032,98,3,37.55991377237481,0,0.8588547739986951,1.937585927518474e-05,0
pred_005420,2025-11-20T22:35:00,v1,531.2248848507988,19,0.2380786441689576,197,3,6.802324945594413,0,0.9376096852029104,0.00012869949973336306,0
pred_005421,2025-11-20T23:47:00,v1,749.1100631747653,18,0.1434861078364825,61,2,3.5585196484111905,0,0.9499097168609268,2.1010431253107396e-05,0
pred_005422,2025-11-20T23:52:00,v1,371.679933418846,22,0.5355135961042151,186,6,129.0086059225796,0,0.3673102205794951,0.8926593888734415,1
pred_005423,2025-11-21T00:05:00,v1,1805.59552344713,8,0.1617720359413832,754,0,5.88904338204583,0,0.9268158685982156,1.7784726810636553e-12,0
pred_005424,2025-11-21T00:15:00,v1,912.3731062629548,17,0.5013708223970527,766,2,10.239557819368905,0,0.8880144484914647,1.9954371879040668e-08,0
pred_005425,2025-11-21T00:21:00,v1,751.7194049782582,9,0.0500499312866059,896,1,12.92679431820402,0,0.8845242013188327,6.916104697747394e-09,0
pred_005426,2025-11-21T00:23:00,v1,413.9709803489951,13,0.0754503777575283,70,1,14.632352654001991,0,0.74795506877473,0.00046292499927943353,0
pred_005427,2025-11-21T00:29:00,v1,918.6794511070404,20,0.2272338649538594,862,0,8.022431618054476,0,0.4027254095527019,1.1802599032206554e-09,0
pred_005428,2025-11-21T01:11:00,v1,552.5154878792937,18,0.1856220109211561,78,5,4.392230040490223,0,0.9175223795174248,0.0037450867796040826,0
pred_005429,2025-11-21T01:12:00,v1,512.6999988028556,13,0.1479165880761266,737,3,13.723562544789162,0,0.7940050188520223,2.539239758837454e-06,0
pred_005430,2025-11-21T01:15:00,v1,989.881649136891,19,0.1742780611263259,93,3,20.61231637725306,0,0.8152970395703306,1.7682603923340794e-05,0
pred_005431,2025-11-21T01:46:00,v1,550.2138590146765,15,0.1851934309429177,206,2,7.151099146735062,1,0.8561323446642142,0.00018045798411510586,0
pred_005432,2025-11-21T01:54:00,v1,1015.0443911331816,10,0.1569087745837639,223,1,37.86832064481124,0,0.8932128261517676,1.7196992661791453e-06,0
pred_005433,2025-11-21T02:22:00,v1,812.4247382108352,12,0.0745491152674493,176,0,6.872272970557318,0,0.8944978082321239,1.0303082875199999e-06,0
pred_005434,2025-11-21T03:17:00,v1,744.248833595648,20,0.1542617377450859,276,2,3.863580313371468,0,0.9546975749891682,1.9030107274096445e-06,0
pred_005435,2025-11-21T04:03:00,v1,1663.8857356831568,7,0.0329282338038107,919,2,9.585152730344523,0,0.9326274726563536,1.0128524584560229e-11,0
pred_005436,2025-11-21T04:09:00,v1,730.0615290597414,17,0.0951971178931517,578,2,7.937197549875876,0,0.6568761953197356,4.444550028196581e-07,0
pred_005437,2025-11-21T04:15:00,v1,510.2905421686048,13,0.3219368124553813,838,2,6.780352340530388,0,0.6922635521786514,5.242858274915237e-07,0
pred_005438,2025-11-21T04:36:00,v1,582.8803528437746,15,0.1879651969178293,130,7,9.471014779856732,0,0.3126238130585429,0.22186166356143674,0
pred_005439,2025-11-21T04:52:00,v1,1275.5353849786577,14,0.1410963391559113,331,5,15.781461647971494,0,0.8464409336901256,2.3696837286493954e-06,0
pred_005440,2025-11-21T04:56:00,v1,241.06627114602887,10,0.225312445994274,638,4,13.843963631282064,0,0.5494256788418339,0.0009207462844604277,0
pred_005441,2025-11-21T05:13:00,v1,911.5035787387176,14,0.3263615757116933,288,1,11.4383759304696,0,0.8778532173868209,8.289805766061118e-07,0
pred_005442,2025-11-21T05:33:00,v1,1436.784272464594,17,0.1425889135225658,736,4,0.442681595729747,0,0.5843456733654927,3.410599418989775e-09,0
pred_005443,2025-11-21T06:03:00,v1,1029.7907523753163,10,0.4047554171768606,853,4,0.2408452739433633,1,0.6602039881432896,3.225101713256099e-07,0
pred_005444,2025-11-21T07:17:00,v1,567.6245636695517,9,0.1775684919262092,87,3,3.0140747909464283,0,0.8959476756533092,0.001100558058100139,0
pred_005445,2025-11-21T07:55:00,v1,1235.6951476601116,7,0.0826073016396534,831,3,11.869900385026568,0,0.7037575134395672,7.174061530034758e-09,0
pred_005446,2025-11-21T08:27:00,v1,1371.7760918255683,19,0.1478755688791979,107,5,12.469614329549149,0,0.4897954992443805,1.6438418126933834e-05,0
pred_005447,2025-11-21T08:35:00,v1,339.2735707441015,0,0.5249092979257,150,3,174.6508498753148,0,0.1369407704825726,0.9906066107161149,1
pred_005448,2025-11-21T08:37:00,v1,240.05721797439017,20,0.1428095782400522,50,2,4.227128650945818,0,0.8779646338478795,0.0014637630892248006,0
pred_005449,2025-11-21T09:00:00,v1,2427.870952719926,12,0.1866706609806534,111,3,51.19558934283726,0,0.8604969759240184,7.542204685417074e-10,0
pred_005450,2025-11-21T09:30:00,v1,800.4484304618884,20,0.2495979898037553,911,0,3.6480798139214694,0,0.8872979347502415,3.0847492345720583e-10,0
pred_005451,2025-11-21T09:32:00,v1,445.595472718514,13,0.2483719089333595,531,1,7.559745959604411,0,0.8289300732986203,3.1871098624260435e-06,0
pred_005452,2025-11-21T09:33:00,v1,626.5247652332492,21,0.260813757044964,62,4,3.20331621938902,1,0.7312634312872452,0.002993320353370328,0
pred_005453,2025-11-21T10:23:00,v1,1040.78607008314,9,0.1937873579161039,545,3,19.95217014605738,0,0.8509527233803491,4.7453166807643357e-07,0
pred_005454,2025-11-21T10:51:00,v1,1092.5632278290814,19,0.1588052707098724,696,0,0.4850941356391121,0,0.6725647127621643,4.4763326023925117e-10,0
pred_005455,2025-11-21T11:10:00,v1,1496.3059608770857,17,0.4697511415717726,832,3,11.090650301319425,0,0.896307865442166,2.600334077762417e-10,0
pred_005456,2025-11-21T11:56:00,v1,1130.8882486465093,21,0.0714023044546292,316,4,1.0338849134304031,0,0.6965289520391782,9.088640944553531e-07,0
pred_005457,2025-11-21T12:16:00,v1,588.5575374655206,21,0.1576122284880637,929,4,4.975350187640247,0,0.6919544131037568,2.2250621870093535e-07,0
pred_005458,2025-11-21T12:21:00,v1,703.0831160137459,18,0.2809131384559801,120,3,3.9757916306062167,0,0.7744403078756005,0.00014603309730884255,0
pred_005459,2025-11-21T12:25:00,v1,1584.537979720052,17,0.1457808684320223,613,2,3.5024985950889693,1,0.672717417873523,7.526348348281605e-10,0
pred_005460,2025-11-21T13:06:00,v1,1585.5536776462648,13,0.123321426988595,312,3,1.4312466954004746,0,0.9661911839846614,1.0212155825711825e-08,0
pred_005461,2025-11-21T13:48:00,v1,1454.1793607509717,10,0.405499621354688,158,2,17.843285398231163,0,0.6884251644609861,6.252532851712234e-07,0
pred_005462,2025-11-21T13:59:00,v1,1341.689875043226,22,0.3984146510173148,296,4,0.4548175216090319,0,0.9265557652544149,1.7119063398695152e-07,0
pred_005463,2025-11-21T14:06:00,v1,1020.177777745877,14,0.114622491292116,146,0,4.228183646261915,0,0.5394608855165733,6.954479075247918e-07,0
pred_005464,2025-11-21T14:22:00,v1,600.621869191928,13,0.0864934817162162,221,3,51.55206233780204,0,0.8659994880222494,0.00048498359293536815,0
pred_005465,2025-11-21T14:41:00,v1,192.3611771147874,1,0.8021188368125984,95,9,149.31910277416532,0,0.1659587413259263,0.9999979427527418,1
pred_005466,2025-11-21T15:33:00,v1,848.3408405732795,12,0.0905943380079937,91,6,2.9844212440251754,0,0.8170190209728506,0.00244910004063977,0
pred_005467,2025-11-21T15:39:00,v1,1095.9808760829972,18,0.2003627745828484,443,2,2.79996859224518,0,0.9813188447925308,2.65608223525439e-08,0
pred_005468,2025-11-21T15:59:00,v1,1006.7082044145352,12,0.0442124225682845,477,5,13.571008415143451,0,0.7895231903635294,5.811776308841763e-06,0
pred_005469,2025-11-21T16:17:00,v1,2102.416046631958,19,0.188899115829064,553,1,45.0211601229706,0,0.6737716938285163,6.968919544514376e-12,0
pred_005470,2025-11-21T17:52:00,v1,722.1138722043129,14,0.2825101519273496,756,2,18.592435095077068,0,0.6846795451537425,2.474424112360367e-07,0
pred_005471,2025-11-21T18:50:00,v1,538.372341304529,18,0.0582956114866598,798,1,14.179354067172868,0,0.7729277454416464,4.513662451765317e-08,0
pred_005472,2025-11-21T18:56:00,v1,1412.571435010235,9,0.2973360910449995,751,3,0.6961305787730155,0,0.418904589913288,9.607092830324604e-09,0
pred_005473,2025-11-21T19:49:00,v1,668.066141260534,12,0.1377829393701973,707,2,14.306550115527262,0,0.8345704747760092,2.98852554802644e-07,0
pred_005474,2025-11-21T20:26:00,v1,459.68163387572406,14,0.3344791040230153,563,2,14.632575577378423,0,0.7669824516585048,1.1081552765795855e-05,0
pred_005475,2025-11-21T20:47:00,v1,1392.09401607072,15,0.2806030923882855,518,2,13.656269637330093,0,0.8962392082108291,4.0222807760324316e-09,0
pred_005476,2025-11-21T20:51:00,v1,330.3439042471689,9,0.1240637428583201,357,0,22.146601744835415,1,0.9143945319669046,6.046426342988947e-05,0
pred_005477,2025-11-21T21:32:00,v1,590.3707774749387,15,0.0622167511417275,405,1,2.9692971381267466,0,0.8733308277121813,1.2017505317491224e-06,0
pred_005478,2025-11-21T21:54:00,v1,405.9398250162052,20,0.0645259920412372,172,1,41.74868138158856,1,0.8508975189728213,0.0002715053703869357,0
pred_005479,2025-11-21T22:12:00,v1,893.6277058058619,8,0.1287909035770205,138,4,8.894162237921611,1,0.7104308856870243,0.0009636860252945362,0
pred_005480,2025-11-21T22:26:00,v1,593.7021468504768,16,0.449401413317997,269,0,35.33021786990961,0,0.9333848807560432,7.328388280410575e-06,0
pred_005481,2025-11-21T22:37:00,v1,713.8763514238356,16,0.0547184706397369,903,3,3.041894469290223,0,0.7958790812280729,3.349993177176855e-08,0
pred_005482,2025-11-22T00:28:00,v1,1454.0960785601983,7,0.0815415366139417,138,2,0.2491156457422169,0,0.6794546642850197,3.1036689203810615e-07,0
pred_005483,2025-11-22T01:41:00,v1,1959.8177628707024,18,0.2093493846233537,970,3,12.934428521639324,0,0.8305465264323332,8.812377732565362e-13,0
pred_005484,2025-11-22T01:52:00,v1,407.2960488069537,16,0.1365974217837213,454,3,25.37688352952445,0,0.6023883347773834,0.0001864379998642014,0
pred_005485,2025-11-22T02:19:00,v1,1021.2869672263156,15,0.2264781116661819,243,1,0.360895265618878,0,0.6168273397968496,6.442623143132849e-07,0
pred_005486,2025-11-22T02:25:00,v1,848.506753024814,16,0.4840460936114832,750,1,23.629331718284988,0,0.6741022331306111,4.420421504571157e-08,0
pred_005487,2025-11-22T03:15:00,v1,545.2641452304962,18,0.0413822607089482,55,0,32.47327286459353,0,0.7274394821183964,4.760730064654388e-05,0
pred_005488,2025-11-22T03:15:00,v1,749.1680211154963,11,0.2639694697705549,597,4,6.410692388045287,0,0.7796261736859762,7.368683555229888e-06,0
pred_005489,2025-11-22T03:44:00,v1,1971.6369548660932,11,0.0311624590891132,785,1,28.07450166745634,1,0.719415899167306,5.711468387124449e-12,0
pred_005490,2025-11-22T04:07:00,v1,179.61842318038688,18,0.0275131928824911,831,2,33.13719555639197,0,0.8947576232953236,2.090777705039189e-06,0
pred_005491,2025-11-22T04:50:00,v1,917.8845872667396,13,0.2250288099535971,986,2,18.27791891124959,0,0.8739209182245246,2.4779499546075123e-09,0
pred_005492,2025-11-22T05:12:00,v1,1017.7860230168864,15,0.2835768532339316,293,2,26.237613169701103,0,0.9046275915315264,1.1904944112653647e-06,0
pred_005493,2025-11-22T05:24:00,v1,1732.3639496049857,19,0.1781057578409789,621,1,0.9234616438297508,1,0.5982071100244261,6.318527870657655e-11,0
pred_005494,2025-11-22T05:30:00,v1,847.8303866954997,15,0.2148964250873158,307,1,17.97879396944904,0,0.8738967449790217,9.30151336637775e-07,0
pred_005495,2025-11-22T05:39:00,v1,413.4372714374912,10,0.1444137546991232,180,4,26.42523071987828,0,0.638206924979527,0.019748899763839697,0
pred_005496,2025-11-22T06:06:00,v1,1097.504505339994,20,0.1118174645965323,358,1,20.285100000258844,0,0.8286944073982717,3.405578982308714e-08,0
pred_005497,2025-11-22T06:07:00,v1,971.6067781644124,8,0.2092371303672349,423,0,25.725919806283283,0,0.7716968555190357,1.6371520078659994e-07,0
pred_005498,2025-11-22T06:39:00,v1,2320.638711324807,19,0.1556100873891654,782,3,12.786900432962774,0,0.8991571235362411,1.8221024148671078e-13,0
pred_005499,2025-11-22T07:00:00,v1,496.2952463761736,8,0.2307367018414633,722,1,0.6375697820184786,0,0.9395418381764306,3.2995877882400534e-07,0
pred_005500,2025-11-22T07:01:00,v1,816.7101597228437,9,0.260981970038134,915,3,19.887123505334053,0,0.7963713494660476,1.0139791889033293e-07,0
pred_005501,2025-11-22T07:09:00,v1,796.0428069380345,8,0.3374808447990841,788,1,10.761143034808825,0,0.8672253257804298,3.42847463450117e-08,0
pred_005502,2025-11-22T07:49:00,v1,718.7085530215624,17,0.1879226104826718,404,1,1.6579588223672728,0,0.8473403549026335,4.6243983160225136e-07,0
pred_005503,2025-11-22T08:18:00,v1,1422.8678530175869,22,0.1414168004974254,663,3,7.7948937774679505,0,0.812969562308486,6.623584527859573e-10,0
pred_005504,2025-11-22T08:36:00,v1,866.8837259710916,18,0.1892069083011312,909,2,11.17417460447858,0,0.5608526493178015,8.836326365856969e-09,0
pred_005505,2025-11-22T08:55:00,v1,1003.7750061591112,22,0.3551010203968982,541,0,25.61137536481232,0,0.8184796390340179,6.089423533857275e-09,0
pred_005506,2025-11-22T09:00:00,v1,682.8119699649377,11,0.0714936359878627,814,2,4.83450728123293,0,0.707345474952364,1.0324497947286828e-07,0
pred_005507,2025-11-22T09:11:00,v1,1080.975923067175,22,0.0716731600941205,982,3,10.150654524092324,0,0.7992117088976314,4.067060555488885e-10,0
pred_005508,2025-11-22T09:24:00,v1,1001.9502323451331,22,0.2352129457178554,824,0,1.4420667735090442,0,0.8196580189430357,1.2302858722425516e-10,0
pred_005509,2025-11-22T09:42:00,v1,1041.791487277619,16,0.0682045966758225,746,2,1.2000618687753166,0,0.8631847755912824,2.692884445216578e-09,0
pred_005510,2025-11-22T09:46:00,v1,1466.5267586876498,13,0.1809011241041954,616,4,21.33792184609715,0,0.8793826014757092,1.1829635761172961e-08,0
pred_005511,2025-11-22T09:46:00,v1,782.6448446361092,20,0.3138914956115302,304,2,14.41544687742231,0,0.789385490392722,3.948491716285609e-06,0
pred_005512,2025-11-22T09:53:00,v1,776.1856543936113,21,0.0276403371585831,243,0,9.532879896713014,0,0.7393257449238715,3.185476310666205e-07,0
pred_005513,2025-11-22T10:07:00,v1,695.1382272847412,18,0.0800738513598797,342,0,3.244352772243173,0,0.7666843627090479,2.9963919254535267e-07,0
pred_005514,2025-11-22T10:11:00,v1,64.2204273364409,4,0.6978169597772164,51,10,322.66026441997127,1,0.020299641193729,0.9999999997097799,1
pred_005515,2025-11-22T10:47:00,v1,2314.0043090446707,18,0.2885834960011365,913,2,28.5409619678743,0,0.6698785506117386,9.575195305442547e-14,0
pred_005516,2025-11-22T10:54:00,v1,506.9738194550235,7,0.1611126850791139,402,4,17.750611298461813,1,0.8146634401148536,0.001786570538778289,0
pred_005517,2025-11-22T11:15:00,v1,660.240799813195,16,0.2395812455402141,511,1,6.030328500714688,0,0.731560400612153,5.783937896459531e-07,0
pred_005518,2025-11-22T12:19:00,v1,1352.2660412095684,10,0.0187593586673877,574,1,33.03678239981879,0,0.8424983376072588,2.312374648949098e-09,0
pred_005519,2025-11-22T12:33:00,v1,917.2795711036866,20,0.4216608623467118,846,1,65.40772304256087,0,0.8044493281092185,1.0492133552905837e-08,0
pred_005520,2025-11-22T12:51:00,v1,1806.9436060646185,19,0.0259132842734073,764,2,19.74071826248131,0,0.8280573765966033,5.140434311228027e-12,0
pred_005521,2025-11-22T13:03:00,v1,832.8316719874219,21,0.1702260919750279,727,3,2.7566128915025967,0,0.8230302816137456,4.372991816583947e-08,0
pred_005522,2025-11-22T13:04:00,v1,529.4302453797686,14,0.0811693909518302,227,3,4.65152480235097,0,0.8533440100130903,0.00016941370672207082,0
pred_005523,2025-11-22T15:01:00,v1,1105.542370654563,13,0.2126888514790801,680,1,15.365780668455066,0,0.7723966701545151,4.654422035034591e-09,0
pred_005524,2025-11-22T15:19:00,v1,596.2446469065106,9,0.4420951177319451,675,5,1.4755340299279247,0,0.6712258872633456,9.993609185292475e-05,0
pred_005525,2025-11-22T15:51:00,v1,1052.0177341278484,22,0.0675801611665615,38,4,1.677548532470279,0,0.9357893716417216,1.0614253408153882e-05,0
pred_005526,2025-11-22T16:21:00,v1,803.211863303954,9,0.0503163990878822,469,1,17.82065033767123,0,0.7391313592949207,6.62337451071824e-07,0
pred_005527,2025-11-22T16:41:00,v1,2812.4987835780603,9,0.4768761535303938,700,8,0.4389092232210353,0,0.7636884038133195,2.8108507379039135e-11,0
pred_005528,2025-11-22T17:04:00,v1,525.6570190332181,10,0.0280042172710055,770,3,2.3994031059934224,0,0.9571943945534536,7.330941950780496e-07,0
pred_005529,2025-11-22T17:26:00,v1,2095.6625308496405,8,0.1662629698065272,995,2,4.131862175446262,0,0.8756659610086703,1.7499357485823684e-13,0
pred_005530,2025-11-22T17:50:00,v1,792.8195203679473,16,0.2325230181584135,888,2,21.058139025745497,0,0.6624806956711089,2.822220387083285e-08,0
pred_005531,2025-11-22T17:50:00,v1,567.7649862985369,16,0.2237001493804076,487,1,16.2051476388414,0,0.8858766039397812,1.188518223463724e-06,0
pred_005532,2025-11-22T17:57:00,v1,634.538601970351,18,0.2299543720608693,313,0,1.9613344965164536,1,0.9602605511295516,1.2636647383451694e-06,0
pred_005533,2025-11-22T18:01:00,v1,509.66284223298726,10,0.2971143780258584,784,4,22.35221357163409,0,0.6663876687145007,2.435249858098351e-05,0
pred_005534,2025-11-22T18:02:00,v1,1243.521867875721,19,0.1707635407615291,78,3,1.902364509168518,0,0.8677095467215243,1.1956487084624579e-06,0
pred_005535,2025-11-22T18:25:00,v1,1191.4540579752531,4,0.3630176013993814,118,7,449.53704044252254,1,0.3604849283985334,0.9999714625253925,1
pred_005536,2025-11-22T18:31:00,v1,869.4338086729358,17,0.055135056183118,535,2,7.045413658168859,0,0.9409253880609296,7.008563147060311e-08,0
pred_005537,2025-11-22T19:26:00,v1,1114.4176600952403,17,0.1860266805651348,875,0,18.96850415360634,1,0.9337835829437562,1.6793396748071821e-10,0
pred_005538,2025-11-22T20:24:00,v1,2569.495433715558,19,0.0565580280039956,145,1,2.829314992685777,0,0.6783866635949191,1.798023040514732e-12,0
pred_005539,2025-11-22T20:26:00,v1,845.2758410165064,8,0.0354034151117947,83,1,30.920406548224165,0,0.8164334009812599,2.934379489948311e-05,0
pred_005540,2025-11-22T20:45:00,v1,363.2903063525816,22,0.7005469020378575,188,8,68.19046156747551,0,0.096281116686424,0.9820677269227619,1
pred_005541,2025-11-22T21:31:00,v1,685.6923484612157,7,0.0091229387471144,627,5,2.605819039566265,0,0.7198363686869601,3.0262193779411868e-05,0
pred_005542,2025-11-22T21:46:00,v1,1236.780631486836,20,0.0253799806676544,716,0,2.822026203102653,0,0.8603883006034128,3.8184708554209254e-11,0
pred_005543,2025-11-22T22:10:00,v1,1143.146911974849,15,0.0325576560217526,779,2,5.193579907335907,0,0.7967473261541792,1.2813558337921273e-09,0
pred_005544,2025-11-22T22:38:00,v1,970.6513991164412,15,0.3058837848834633,972,3,41.56346823562296,0,0.6144627844444203,2.8600535737341046e-08,0
pred_005545,2025-11-22T23:00:00,v1,1780.475840329889,13,0.1821684750616295,292,2,17.280758172568255,0,0.839200428403114,2.3727212546645774e-09,0
pred_005546,2025-11-22T23:02:00,v1,858.7379351108365,21,0.1216080251198071,743,0,8.180475711583135,0,0.9344564847767268,6.343576704017379e-10,0
pred_005547,2025-11-22T23:05:00,v1,1810.681899085812,18,0.1856724321094618,863,4,9.664496419394368,0,0.8399776739975721,2.3158167745289524e-11,0
pred_005548,2025-11-22T23:16:00,v1,598.5930644043434,21,0.1390691414738867,189,1,2.074989504199385,0,0.9342889510789962,3.945741524794834e-06,0
pred_005549,2025-11-22T23:53:00,v1,992.3497485427008,8,0.0642786348295408,804,2,29.70297441471833,0,0.4373423080699663,7.917679839333779e-08,0
pred_005550,2025-11-23T00:23:00,v1,3068.917007427079,12,0.1230854303286101,94,3,13.516617043035724,0,0.9473851207801997,9.308767631201039e-13,0
pred_005551,2025-11-23T00:39:00,v1,1290.7220687194786,15,0.3374003035259246,846,2,7.326156756459182,0,0.7497753702903626,5.376573453630055e-10,0
pred_005552,2025-11-23T00:57:00,v1,727.5155433218993,18,0.0149598369504986,189,1,19.129975266066552,0,0.7455021721502403,5.194549891930437e-06,0
pred_005553,2025-11-23T01:09:00,v1,755.2448440802609,12,0.0733641054858666,138,1,38.03754718789442,0,0.8143410404034237,2.712944917899351e-05,0
pred_005554,2025-11-23T01:25:00,v1,1593.163127655345,20,0.099431575715155,236,6,55.955495884128034,1,0.8007597437057224,6.272002895430578e-06,0
pred_005555,2025-11-23T01:25:00,v1,605.8981440439151,20,0.1142267063608744,638,2,11.691518872123403,0,0.8728668058831419,2.3499118942303376e-07,0
pred_005556,2025-11-23T02:04:00,v1,379.42306885275167,20,0.0633401970518691,655,4,18.10155964270148,0,0.9202603168646694,1.1757450680256267e-05,0
pred_005557,2025-11-23T03:12:00,v1,1738.7533162306988,18,0.0447572982055767,735,1,5.509359454023213,0,0.8916876804156698,2.317430754985857e-12,0
pred_005558,2025-11-23T03:22:00,v1,530.6843692099909,9,0.1123223715518927,916,0,37.998459596958945,0,0.784181587412245,3.890953595930284e-08,0
pred_005559,2025-11-23T03:25:00,v1,881.6865699141114,9,0.0719615006572066,378,3,4.527850618907703,0,0.7731576228469569,5.612820181309439e-06,0
pred_005560,2025-11-23T03:32:00,v1,583.0915846690884,22,0.6099744350560813,110,3,11.40704221556746,0,0.9196264195627284,0.0004157131726609414,0
pred_005561,2025-11-23T04:15:00,v1,666.6974775352629,10,0.1680684589457695,907,2,4.054782702538852,0,0.8645219808906586,3.792105005947648e-08,0
pred_005562,2025-11-23T04:34:00,v1,1313.7651121459514,15,0.1772391277304613,425,2,2.8758582191758424,0,0.9211870299228097,9.78954888389768e-09,0
pred_005563,2025-11-23T05:54:00,v1,1383.6043475563674,17,0.0571373961455644,183,2,1.5529861645464027,0,0.7967739032746176,5.248980682986155e-08,0
pred_005564,2025-11-23T06:09:00,v1,972.7514317328142,11,0.2742185468602273,261,2,13.600801978121057,0,0.8565460776591035,3.32761578986076e-06,0
pred_005565,2025-11-23T06:56:00,v1,424.9830635038763,12,0.3560064538366451,621,0,56.20795550369626,0,0.7532629321658367,4.2728155832309404e-06,0
pred_005566,2025-11-23T07:04:00,v1,1735.6902270998642,21,0.1571973246050514,105,1,30.448183609866867,1,0.535590215274098,2.491549194870633e-08,0
pred_005567,2025-11-23T07:12:00,v1,748.4806927485173,12,0.2128141445443998,504,6,8.97830631785894,0,0.7734007301587658,0.00016490181692749734,0
pred_005568,2025-11-23T07:41:00,v1,774.8461931063653,18,0.4519159648804393,879,4,56.71738317976948,0,0.8445625820253527,7.654640605490569e-07,0
pred_005569,2025-11-23T07:52:00,v1,1009.2311253826634,9,0.1747037398755977,144,2,19.03919316282725,0,0.7832452199794593,1.2865527196799292e-05,0
pred_005570,2025-11-23T08:30:00,v1,1034.5074779160802,11,0.116434747091241,260,4,34.08217720690659,0,0.8135073353391175,3.104963759200921e-05,0
pred_005571,2025-11-23T08:31:00,v1,583.2678220102512,22,0.0580317805002805,451,2,2.0642035756089734,1,0.93030897835855,1.9878204291434583e-06,0
pred_005572,2025-11-23T08:57:00,v1,706.7321482879513,13,0.3257996348798413,483,4,9.414592818768304,0,0.9261134233424316,1.8718175513696732e-05,0
pred_005573,2025-11-23T09:01:00,v1,570.767101636135,16,0.1245291632501401,556,1,17.398857612123535,0,0.8058364816727878,6.20353772652037e-07,0
pred_005574,2025-11-23T09:31:00,v1,487.928876634033,15,0.189522358480693,268,0,3.976747146285874,0,0.8367092047574101,5.577676414113265e-06,0
pred_005575,2025-11-23T09:49:00,v1,1535.2608031824263,11,0.0531892979900241,364,0,4.825681641282334,0,0.7490402695357693,7.379415870383867e-10,0
pred_005576,2025-11-23T09:55:00,v1,1046.3976711039832,16,0.08749347881063,88,2,0.2593349508409365,0,0.643982863528798,4.432821958834415e-06,0
pred_005577,2025-11-23T10:06:00,v1,1162.9156979308614,9,0.1341649103558776,349,2,27.70909343011281,0,0.7945521061269915,5.26720054524446e-07,0
pred_005578,2025-11-23T10:08:00,v1,880.7317786451277,17,0.2787469936087492,424,1,0.999813226516879,0,0.953155090873946,8.534229558654624e-08,0
pred_005579,2025-11-23T10:29:00,v1,1071.3117602659668,11,0.2446903521044122,139,0,25.643339697939645,0,0.9129789501032574,5.430598122240119e-07,0
pred_005580,2025-11-23T10:37:00,v1,478.7571141549001,19,0.1944737540274376,846,2,14.194418360286042,0,0.8491503982973737,1.355597636098051e-07,0
pred_005581,2025-11-23T10:51:00,v1,351.6734939159283,11,0.2075182570385528,168,3,18.74715929595948,1,0.983895226996044,0.007349439192066899,0
pred_005582,2025-11-23T10:55:00,v1,1241.98516862293,18,0.3995827722506161,781,1,31.975338335396035,0,0.6407191902038845,1.1514747684551574e-09,0
pred_005583,2025-11-23T11:32:00,v1,791.6106565383357,17,0.0870497834704117,810,1,22.970323629822925,0,0.687082864314803,1.128461630161787e-08,0
pred_005584,2025-11-23T11:34:00,v1,1028.8618286607834,22,0.2140085462498309,499,2,11.357199794162472,0,0.8232200986288386,3.462545046308909e-08,0
pred_005585,2025-11-23T12:03:00,v1,343.97395829000004,22,0.277514822661182,925,2,7.557396262080311,0,0.8390955850758066,1.2333839453181103e-07,0
pred_005586,2025-11-23T12:03:00,v1,820.0053985248071,18,0.2841834766824922,411,0,60.52756774440937,0,0.9274297241107948,3.031713168368857e-07,0
pred_005587,2025-11-23T12:16:00,v1,861.6943067398589,7,0.0741973275517728,374,1,18.97853849260147,0,0.694293768572392,1.8560345942310156e-06,0
pred_005588,2025-11-23T12:28:00,v1,924.8384793356944,13,0.065393038352736,586,1,49.76568398317299,0,0.7397835268157492,1.1792545550942598e-07,0
pred_005589,2025-11-23T13:05:00,v1,1057.3668708234095,17,0.087131453672566,882,5,16.486606467137992,0,0.8106633644206562,3.5292017062695815e-08,0
pred_005590,2025-11-23T13:07:00,v1,718.9721074195459,21,0.5189829005084962,174,2,2.2514057646400447,0,0.912464167414862,1.5845479961235132e-05,0
pred_005591,2025-11-23T13:23:00,v1,825.5032953693903,18,0.1117369705695575,858,1,6.578372012569082,0,0.6621165371987311,3.189018061468248e-09,0
pred_005592,2025-11-23T13:35:00,v1,469.13259607062577,8,0.3236444199613089,692,2,12.758516810902528,0,0.8936207420641581,3.9035957425061905e-06,0
pred_005593,2025-11-23T14:32:00,v1,944.0984124215032,9,0.0890692776547404,873,0,26.08734484113048,0,0.8966528590252077,8.993974309261653e-10,0
pred_005594,2025-11-23T15:10:00,v1,1686.6315570950806,7,0.2306290433662445,392,3,9.006160085466654,0,0.8762207919310206,1.0986536027720626e-08,0
pred_005595,2025-11-23T15:29:00,v1,2014.142837552183,9,0.0709887116247004,389,0,0.0821478897905748,0,0.9147978055055924,7.728679419880739e-12,0
pred_005596,2025-11-23T15:59:00,v1,823.0451643634613,20,0.3674152680264299,764,0,8.64848112371577,1,0.8460844232157425,5.6329993261264646e-09,0
pred_005597,2025-11-23T19:06:00,v1,1111.7020900462196,10,0.2278499914794283,873,1,2.0035674958209615,0,0.5321946171754486,1.5820810199928341e-09,0
pred_005598,2025-11-23T19:14:00,v1,1894.5853040797504,17,0.1134159275039052,753,1,3.3956963864941336,0,0.7777023351460169,1.0521917696421963e-12,0
pred_005599,2025-11-23T19:54:00,v1,1219.8437423688915,9,0.0674576168861731,322,1,1.415518690824078,0,0.9451653507209752,2.938763008447772e-08,0
pred_005600,2025-11-23T20:32:00,v1,1883.183617043705,8,0.1845625505236854,438,1,3.6931273160853273,1,0.7263556148157579,4.076000657649144e-10,0
pred_005601,2025-11-23T21:15:00,v1,581.4791243822742,17,0.1805312144005494,128,2,6.137904621970718,0,0.9278585766291978,6.243958440822658e-05,0
pred_005602,2025-11-23T21:21:00,v1,859.2385046419425,17,0.2773898545022859,563,4,8.17734761601302,0,0.7631114931720886,2.0489540233713113e-06,0
pred_005603,2025-11-23T22:05:00,v1,559.1892037476345,14,0.3817091326135049,917,2,3.536373638024522,1,0.916586187150682,1.764080817876356e-07,0
pred_005604,2025-11-23T23:23:00,v1,1773.2429146580002,21,0.1027458999188809,666,2,26.981371443287006,0,0.8876048351649287,1.6733208836487303e-11,0
pred_005605,2025-11-23T23:27:00,v1,902.8388902570052,12,0.0835411956351699,455,3,13.993928697777218,0,0.8782619163992141,1.3319543954888521e-06,0
pred_005606,2025-11-23T23:48:00,v1,1802.0171968137024,15,0.2907413828664377,949,1,10.316761446413238,1,0.7767105223442238,2.20715990244559e-12,0
pred_005607,2025-11-24T00:11:00,v1,1444.6718062905884,16,0.2844866910749306,404,0,4.751805560799937,0,0.7135275395438717,1.0163767793895087e-09,0
pred_005608,2025-11-24T00:12:00,v1,685.9470727663851,12,0.5952086653218667,690,2,4.741740983934358,0,0.952680121445195,4.78800820508985e-07,0
pred_005609,2025-11-24T00:14:00,v1,515.9167317173516,15,0.2463850733820918,44,0,13.164753709899609,0,0.9227590667256792,4.813366615560001e-05,0
pred_005610,2025-11-24T00:35:00,v1,765.1131137162942,20,0.2882107117034225,543,0,6.8534956107448375,0,0.8658401312068958,2.2205071016264663e-08,0
pred_005611,2025-11-24T00:38:00,v1,5033.712078918075,14,0.3259997861342275,966,1,14.037376493016277,1,0.9550578909641754,5.0696303250405516e-24,0
pred_005612,2025-11-24T00:49:00,v1,172.09660688952744,1,0.6430965297365906,133,7,184.0333437360356,1,0.1495754903851938,0.9999953239765501,1
pred_005613,2025-11-24T01:24:00,v1,776.7093518563183,18,0.0528550327968862,912,3,9.878100506447458,0,0.9055093128162433,1.139449421597095e-08,0
pred_005614,2025-11-24T02:12:00,v1,321.7285877696451,15,0.2409378635379813,87,1,4.331943108722112,0,0.9625903127312406,0.0003176049516063806,0
pred_005615,2025-11-24T02:38:00,v1,1023.3895017836996,9,0.2007348863210455,803,4,39.67295239418481,0,0.8706538360408566,2.2809218674109071e-07,0
pred_005616,2025-11-24T03:11:00,v1,2038.2149649200792,18,0.1268470508024576,797,1,20.143148780669023,0,0.8281526835033445,2.631325135495898e-13,0
pred_005617,2025-11-24T03:40:00,v1,700.4476847129476,13,0.226219497786528,173,0,22.680320669846136,0,0.6065758202024374,1.5393972139454104e-05,0
pred_005618,2025-11-24T03:58:00,v1,2793.025973369303,7,0.1547672175833388,719,3,28.400303674926366,0,0.8355098982691295,8.555221618703154e-14,0
pred_005619,2025-11-24T03:59:00,v1,1256.8283604082942,17,0.2275139543191571,330,2,8.320745773809467,1,0.7559859797408992,2.009850262727143e-07,0
pred_005620,2025-11-24T04:01:00,v1,808.7152905595386,12,0.2808022579284038,357,2,4.955220252954591,0,0.5971747228550041,8.16591396626757e-06,0
pred_005621,2025-11-24T04:30:00,v1,2009.394293120383,13,0.2270684155420247,390,1,26.70423257564484,1,0.8542691275027788,1.6467047193723914e-10,0
pred_005622,2025-11-24T04:52:00,v1,1864.8212732490224,8,0.0349211050949504,709,3,9.91207453550418,0,0.7090727283818155,1.0297051181954657e-10,0
pred_005623,2025-11-24T05:00:00,v1,541.9634242071386,16,0.2655666704966916,256,5,4.856968745567751,0,0.9011620140706,0.0011978673670764019,0
pred_005624,2025-11-24T05:01:00,v1,714.1235546067617,9,0.0179568181607957,372,3,2.7783697902665265,0,0.9207060709997354,1.138261055718556e-05,0
pred_005625,2025-11-24T05:46:00,v1,1435.261075555762,15,0.4047121733661212,154,3,11.063222647247615,1,0.958447036490876,9.904621273109945e-07,0
pred_005626,2025-11-24T06:00:00,v1,391.26800290749776,17,0.3172128302646997,205,0,13.93853127355517,0,0.8614400459687921,2.989055510263815e-05,0
pred_005627,2025-11-24T06:16:00,v1,1282.458979290344,22,0.1502298665101595,274,4,40.926004399497685,0,0.8738617086659153,7.819791213636983e-07,0
pred_005628,2025-11-24T06:21:00,v1,702.6922047483973,19,0.3542770904398011,587,2,5.84312882431917,0,0.8330512530261506,3.6606844547734517e-07,0
pred_005629,2025-11-24T06:35:00,v1,1502.5527408053515,22,0.1960194079443328,466,0,4.1643290153493275,0,0.8292960451166562,7.33454506723387e-11,0
pred_005630,2025-11-24T06:37:00,v1,1097.311374510151,7,0.3593517509092833,818,2,9.08203172955343,0,0.8277406369164868,9.352350692210029e-09,0
pred_005631,2025-11-24T06:48:00,v1,1368.0587110055617,11,0.3286732739427557,420,4,10.41061256617698,0,0.9530276532864684,2.0356318170233675e-07,0
pred_005632,2025-11-24T06:55:00,v1,1080.5224603322588,21,0.0987867276053203,677,2,1.3899385498535768,0,0.7239608485853452,3.401998551609588e-09,0
pred_005633,2025-11-24T07:01:00,v1,454.07157790984667,11,0.0746009031647906,226,3,7.387999088555721,0,0.8914602634946899,0.0004573595043820599,0
pred_005634,2025-11-24T07:06:00,v1,574.3878352912216,14,0.0886048525975714,669,5,2.96997150127259,0,0.6435104425457446,2.8795656285681396e-05,0
pred_005635,2025-11-24T07:08:00,v1,1057.357942073177,14,0.1565660446084019,307,3,12.669319028639787,0,0.8731853446129261,1.4804788965806675e-06,0
pred_005636,2025-11-24T07:33:00,v1,703.9763156688765,20,0.2671357911366607,614,1,8.458180203581977,0,0.7172558681205427,9.736325380278677e-08,0
pred_005637,2025-11-24T07:49:00,v1,1128.466779699384,17,0.1106664562146457,54,2,17.386314666721983,0,0.927753973813788,1.8123593310107825e-06,0
pred_005638,2025-11-24T08:36:00,v1,1403.1454139977782,16,0.1982979551049247,434,2,3.932289334291088,0,0.8769778761039102,4.762541434223384e-09,0
pred_005639,2025-11-24T08:44:00,v1,1133.2517565665164,20,0.2523222183858334,752,4,5.407767036521634,1,0.868898132771778,3.3848482948371295e-08,0
pred_005640,2025-11-24T08:53:00,v1,904.223569089488,13,0.1484603954161593,449,4,37.14055293007502,0,0.9110480589518204,8.388672604472937e-06,0
pred_005641,2025-11-24T09:16:00,v1,803.1841533548281,17,0.5537879402491401,207,0,12.50887934935524,0,0.9750756239663474,1.187404630869685e-06,0
pred_005642,2025-11-24T09:31:00,v1,859.1631911881183,18,0.2796922032697341,897,5,23.78610293374344,1,0.688081275112762,1.1417378598476164e-06,0
pred_005643,2025-11-24T09:59:00,v1,922.1358221134592,14,0.0110103644470694,708,1,11.035794719882867,0,0.5711837950899348,1.4519709598370762e-08,0
pred_005644,2025-11-24T09:59:00,v1,883.4184579919734,8,0.0965023216076888,832,2,11.397991505193469,1,0.7528417203129412,7.865284092101796e-08,0
pred_005645,2025-11-24T10:35:00,v1,1447.0863164364343,19,0.031359901843647,235,1,0.776068241270065,1,0.8980123798006047,7.456346897630677e-09,0
pred_005646,2025-11-24T10:49:00,v1,364.7688840703897,16,0.0659671602684291,404,4,26.635278309132268,0,0.3926652345201126,0.002578075563960879,0
pred_005647,2025-11-24T12:31:00,v1,803.4597381753298,9,0.230309829746948,665,4,4.196750830908358,0,0.6959282553972522,3.6855679631279865e-06,0
pred_005648,2025-11-24T12:37:00,v1,983.0640983566155,19,0.1058663987808055,449,3,2.554673290738187,0,0.8283859503102571,2.3532493249912313e-07,0
pred_005649,2025-11-24T12:40:00,v1,1223.1167998187216,16,0.075777363780292,403,2,1.80384458315682,0,0.6480896707662048,4.3858419966163604e-08,0
pred_005650,2025-11-24T12:42:00,v1,1612.5548517229042,16,0.3435783806065331,522,3,4.718408852033517,0,0.7912558590943227,2.3063735356488313e-09,0
pred_005651,2025-11-24T13:51:00,v1,836.1511829600802,12,0.1432618668032745,233,2,6.241227980512529,0,0.8184370403660811,7.587570969488518e-06,0
pred_005652,2025-11-24T13:53:00,v1,777.6266597170722,18,0.1870767780909926,160,0,19.712211970762173,1,0.6859935947455833,7.649331291232045e-06,0
pred_005653,2025-11-24T14:02:00,v1,528.318277211485,16,0.158526825672744,887,1,2.197823170626434,0,0.9096206066496838,1.4571434742888822e-08,0
pred_005654,2025-11-24T14:08:00,v1,1469.9891207910314,19,0.3867066739391108,994,1,17.836331535259912,0,0.9454419111028608,3.794944686480704e-12,0
pred_005655,2025-11-24T14:16:00,v1,1705.6723388133576,12,0.2958105741904744,412,1,11.47417158347844,0,0.6162408322582335,1.156375807651594e-09,0
pred_005656,2025-11-24T14:33:00,v1,1100.6949122490314,21,0.1080955738620823,218,2,9.472237343064258,0,0.7057975616444725,4.1649744410186767e-07,0
pred_005657,2025-11-24T14:35:00,v1,1700.7800004423618,18,0.4649045664418872,879,2,12.235442983459553,0,0.716868121157666,1.5955214933132205e-11,0
pred_005658,2025-11-24T14:51:00,v1,1316.8001206864303,22,0.2103845331194567,656,2,63.83150100127675,0,0.7284040252065163,4.825786687815472e-09,0
pred_005659,2025-11-24T17:50:00,v1,1570.9300839767318,21,0.200907019685217,300,3,7.705868947671188,0,0.7078223639800252,1.5100453154490794e-08,0
pred_005660,2025-11-24T18:03:00,v1,727.1691400011587,20,0.1394407630701654,30,6,2.621236076563712,0,0.8498985339467283,0.003773306984018084,0
pred_005661,2025-11-24T18:05:00,v1,838.4259341505302,22,0.0144825555372675,859,3,18.449887546411315,0,0.7726568368238347,1.2501732161428592e-08,0
pred_005662,2025-11-24T18:45:00,v1,934.3367576190328,16,0.1738163867183607,927,5,15.09120332129965,0,0.8616616516773474,7.032474905053362e-08,0
pred_005663,2025-11-24T19:03:00,v1,1915.2299821712277,17,0.3956019330575518,438,1,27.8607010032086,0,0.6983888135937488,1.244776836037395e-10,0
pred_005664,2025-11-24T19:11:00,v1,3017.284407905269,13,0.1918271466796378,987,4,19.948597296874873,1,0.9396390926389558,1.9616819949514618e-15,0
pred_005665,2025-11-24T19:17:00,v1,248.90682504632483,8,0.0745178245657668,569,2,25.898875160125655,0,0.9219293008626191,5.861279221747522e-05,0
pred_005666,2025-11-24T19:19:00,v1,1984.4456155271089,22,0.1273626916864089,313,3,8.148284195409325,0,0.7014957052307063,3.383637262428706e-10,0
pred_005667,2025-11-24T19:23:00,v1,629.5697391995786,8,0.3836181764948679,950,1,19.460193174450428,0,0.7199958992907365,6.47752540828846e-08,0
pred_005668,2025-11-24T19:43:00,v1,1210.4705453908489,13,0.3634540521351262,474,0,6.12179731680462,0,0.9878852800500276,2.5063560533296977e-09,0
pred_005669,2025-11-24T20:24:00,v1,475.8191393774355,2,0.5336900540287552,19,5,117.33639556626544,0,0.6304863858667509,0.9674142349286152,1
pred_005670,2025-11-24T20:24:00,v1,2509.425087455497,20,0.1325847023248902,960,1,8.555913608494636,0,0.9190164732705544,4.169521479629003e-16,0
pred_005671,2025-11-24T20:35:00,v1,642.7231407309939,20,0.1997550422700653,874,3,58.69302653220437,0,0.9091324471379464,2.436990095029935e-07,0
pred_005672,2025-11-24T21:07:00,v1,1385.5433202404963,22,0.0666026944839758,431,5,8.887365872176966,0,0.8093757716268907,8.375050995587937e-08,0
pred_005673,2025-11-24T21:46:00,v1,813.8802193166141,10,0.0837848583832866,366,0,20.470387992531386,1,0.6050884480578155,2.3993802995970825e-06,0
pred_005674,2025-11-24T22:14:00,v1,356.0741336614439,22,0.0905887191991383,926,1,1.7149825638698264,0,0.643306921794939,3.5850047301426467e-08,0
pred_005675,2025-11-24T22:34:00,v1,597.4141859310861,9,0.0898822116829459,317,1,2.741703810126357,0,0.584152924736295,1.9794561251869924e-05,0
pred_005676,2025-11-24T22:52:00,v1,715.4796160519714,18,0.173968240568349,157,0,2.095674960124914,0,0.846384343022077,1.5136682620658831e-06,0
pred_005677,2025-11-24T23:08:00,v1,1305.1946707752006,15,0.1589768580599242,428,1,20.84045572839989,0,0.7979501081886461,8.20113459605505e-09,0
pred_005678,2025-11-24T23:38:00,v1,741.2674530853891,9,0.1379577293898752,279,2,13.58067392267043,0,0.7359247329018381,2.663468748862703e-05,0
pred_005679,2025-11-25T00:46:00,v1,1408.2709270312766,19,0.2870204933912394,678,1,4.632717540349485,0,0.7460187238888776,1.5984766750557954e-10,0
pred_005680,2025-11-25T00:59:00,v1,1268.0064776910742,7,0.0804594256614672,523,4,9.7322378648923,0,0.6239537251303673,4.9161077778699e-07,0
pred_005681,2025-11-25T01:00:00,v1,716.225872080475,21,0.1159747768750637,877,1,16.645051807236776,0,0.6156579996324364,6.7629957661036425e-09,0
pred_005682,2025-11-25T01:05:00,v1,809.9279090760425,10,0.3931544288031255,820,3,38.64139165012613,0,0.7717994941360602,6.616820379778074e-07,0
pred_005683,2025-11-25T01:05:00,v1,1020.9931555081544,18,0.2278903889662381,671,0,22.69030228311064,0,0.8214320944144561,1.6679549516700515e-09,0
pred_005684,2025-11-25T01:11:00,v1,729.904920556653,18,0.0603351710117191,234,2,0.88415727139677,0,0.9743975333728032,2.9249707626103626e-06,0
pred_005685,2025-11-25T01:25:00,v1,1332.152075836717,20,0.1710357682602737,342,1,20.96338560488236,1,0.6306834499679187,3.8829614446223866e-08,0
pred_005686,2025-11-25T01:38:00,v1,847.0379573963365,11,0.3666597784720983,772,0,13.73146947377492,1,0.5695793069995255,4.97847016240173e-08,0
pred_005687,2025-11-25T01:48:00,v1,969.6034562312752,11,0.1488742398961883,426,4,37.467780368419554,0,0.925852363712383,7.970232032209815e-06,0
pred_005688,2025-11-25T02:10:00,v1,1184.155084264945,16,0.1759554043512205,656,2,6.425096275456591,0,0.8546319555882194,3.339662515135606e-09,0
pred_005689,2025-11-25T02:20:00,v1,625.469391507295,10,0.0515095694971797,234,2,45.59837737425257,0,0.8017283155512307,0.00015985371123061648,0
pred_005690,2025-11-25T02:28:00,v1,1254.0526520298376,20,0.3830110828008117,937,3,25.821217790750776,0,0.5947720989605146,1.561758629393076e-09,0
pred_005691,2025-11-25T02:47:00,v1,2064.5920328481297,14,0.0482639214098222,91,1,3.3515727167389895,0,0.8202352205121767,2.3592256353327017e-10,0
pred_005692,2025-11-25T02:50:00,v1,863.8580616799768,15,0.2604150205930401,751,4,1.4391603943565645,0,0.6797989991379552,4.1431627589621296e-07,0
pred_005693,2025-11-25T03:24:00,v1,2532.948753463611,16,0.0628317335968143,415,3,3.9718479098839503,0,0.8349668861517151,1.5321135405161074e-12,0
pred_005694,2025-11-25T03:41:00,v1,872.7557875655317,14,0.1276517937790434,455,0,0.835866176682086,0,0.9158375447156516,2.4786188658338628e-08,0
pred_005695,2025-11-25T04:42:00,v1,888.1331105647008,20,0.2758338238387787,323,0,0.2453793418195392,0,0.8410906151902832,6.466989179476218e-08,0
pred_005696,2025-11-25T04:48:00,v1,715.2758554748929,9,0.2317859443457555,393,4,28.678701961045057,0,0.6158535618211006,0.00033656110288192334,0
pred_005697,2025-11-25T07:10:00,v1,670.3635042140908,20,0.2233171401154015,760,2,1.6338423325666165,0,0.6190487645497756,9.706265643984277e-08,0
pred_005698,2025-11-25T07:14:00,v1,314.4577765955055,10,0.2265138124351087,761,3,5.129053853155195,0,0.949470698464524,8.329899256963782e-06,0
pred_005699,2025-11-25T07:25:00,v1,926.74361596448,18,0.5190382390139712,917,2,8.787797354859192,0,0.9045766719928952,3.1502378968532894e-09,0
pred_005700,2025-11-25T07:27:00,v1,958.4709279001312,3,0.8701531423176981,71,7,115.81230157989752,0,0.1219712372245392,0.9770546704466045,1
pred_005701,2025-11-25T07:35:00,v1,2658.2089124485037,19,0.0624064321154582,911,1,0.5185981779565049,0,0.6999543586215565,3.3523725419879885e-16,0
pred_005702,2025-11-25T07:56:00,v1,1919.1696549767191,7,0.2607614925419957,561,1,6.648757858036802,0,0.5534354941126037,9.20850316447657e-11,0
pred_005703,2025-11-25T09:20:00,v1,545.8400819616385,13,0.2601541861783855,596,1,0.5464759591134409,0,0.966082022756296,3.707756849775815e-07,0
pred_005704,2025-11-25T09:29:00,v1,2339.1678716283063,18,0.2471826277317965,982,0,3.5462430601220545,0,0.9468752414105116,5.768608320075405e-16,0
pred_005705,2025-11-25T09:31:00,v1,339.5644017973667,20,0.3165842653833666,762,2,8.928448315396684,0,0.7536856482706036,1.3865185695185795e-06,0
pred_005706,2025-11-25T09:49:00,v1,512.1605300825822,21,0.1622741226360918,781,1,68.27207931037321,0,0.7153708742695927,3.686542745526324e-07,0
pred_005707,2025-11-25T11:06:00,v1,697.4904458392044,12,0.272628001206991,472,1,1.71823463867957,0,0.818808392185033,7.892870642114443e-07,0
pred_005708,2025-11-25T11:09:00,v1,985.7898136182984,15,0.0936156268558832,243,2,3.0363832683141903,0,0.9577338856236975,6.344178088015299e-07,0
pred_005709,2025-11-25T11:37:00,v1,890.2811377238445,14,0.1461327507706161,440,1,18.023960349534395,1,0.7440958404327287,7.246478199129928e-07,0
pred_005710,2025-11-25T11:40:00,v1,933.151776063984,9,0.0467795778673241,128,2,2.0498838896939087,0,0.9286119974099116,7.118226390172818e-06,0
pred_005711,2025-11-25T12:08:00,v1,444.8749696778964,13,0.0939933162684803,883,0,28.114554753878977,0,0.786406048029192,4.248666430462785e-08,0
pred_005712,2025-11-25T12:40:00,v1,913.1274814227628,16,0.0853112431324766,351,2,26.683669974286857,0,0.9674943029659836,6.574814504158071e-07,0
pred_005713,2025-11-25T12:45:00,v1,488.76936054347465,13,0.1664858366360065,133,4,16.922989792702833,1,0.7092935003374359,0.018487490379025057,0
pred_005714,2025-11-25T13:11:00,v1,734.5031677239541,21,0.3045098014258808,591,1,10.05357474209436,1,0.954513740401236,1.1165976121040694e-07,0
pred_005715,2025-11-25T13:12:00,v1,942.9091386933252,19,0.0184087107608028,678,2,12.01138484737793,0,0.918669526285887,7.820580485271235e-09,0
pred_005716,2025-11-25T13:18:00,v1,1032.347595098656,18,0.3739585400641827,132,4,84.52272574107248,0,0.9334766513186016,0.00024963681507301995,0
pred_005717,2025-11-25T13:45:00,v1,1712.043197611887,15,0.2983552404946032,446,0,34.83790607770494,0,0.8618383537497948,1.3521300461511052e-10,0
pred_005718,2025-11-25T13:52:00,v1,924.360832204851,18,0.039620367969967,428,3,26.92564148891694,0,0.6931706367020355,1.58631631484109e-06,0
pred_005719,2025-11-25T14:01:00,v1,953.593119869016,20,0.1444429750169465,738,2,3.1696824350217225,0,0.9517666304417606,3.146747130553132e-09,0
pred_005720,2025-11-25T14:06:00,v1,828.1427767853918,13,0.0822710145865458,529,3,59.78587398380051,0,0.9006069779326511,3.831724860709405e-06,0
pred_005721,2025-11-25T14:45:00,v1,477.1979321071694,22,0.1907073147249192,81,10,17.307013996874165,0,0.7780430996410882,0.7641253884018936,1
pred_005722,2025-11-25T14:52:00,v1,1627.287939710082,7,0.204998819711789,704,0,30.19362524117308,0,0.7495386418884403,6.527478235522203e-11,0
pred_005723,2025-11-25T15:10:00,v1,1262.4136897950957,11,0.1645757337307815,391,0,3.3288681631422623,0,0.7611700210170937,6.305438254075477e-09,0
pred_005724,2025-11-25T15:27:00,v1,678.7745883863358,11,0.2887060033888502,850,1,13.828932680595456,0,0.8190862416251232,3.555513861442837e-08,0
pred_005725,2025-11-25T15:40:00,v1,464.4301268548073,1,0.4619758217177648,68,14,122.55795114121364,0,0.3724655322360003,0.9999995239687999,1
pred_005726,2025-11-25T15:48:00,v1,763.1026573760714,15,0.148132323880938,821,2,9.713449722742748,0,0.7318946232342207,3.6178343004221124e-08,0
pred_005727,2025-11-25T15:56:00,v1,1140.9874162930769,22,0.1769322958472579,464,0,7.657618593941669,0,0.9449059730290096,1.001464919411131e-09,0
pred_005728,2025-11-25T16:24:00,v1,1045.176946831359,17,0.2132854842207595,542,2,2.540628588287891,0,0.95041285578751,1.9598347419989957e-08,0
pred_005729,2025-11-25T16:32:00,v1,1773.329554902698,19,0.3256479915467381,389,0,40.92439253469966,0,0.7361459196896343,1.6531577341376537e-10,0
pred_005730,2025-11-25T16:46:00,v1,1017.801676299128,22,0.2181951318728776,449,3,4.837448880615809,0,0.7226824697185084,2.388180369732063e-07,0
pred_005731,2025-11-25T16:49:00,v1,1211.332761080639,17,0.3463934507935743,688,2,0.3358994256510207,0,0.8786713336214425,1.963308476772683e-09,0
pred_005732,2025-11-25T17:14:00,v1,1381.4260458854687,7,0.3685829354792309,444,1,1.757653959359004,0,0.876280500616018,8.562860007597315e-09,0
pred_005733,2025-11-25T18:02:00,v1,942.882006406285,13,0.0448793446607034,502,2,4.7964053478208415,0,0.4803981317850987,4.534053482997855e-07,0
pred_005734,2025-11-25T18:33:00,v1,799.1148800914116,19,0.350260383316415,819,1,16.836920051199932,0,0.759658798220194,9.028836589869276e-09,0
pred_005735,2025-11-25T18:45:00,v1,971.212563480228,10,0.2605409330824037,596,0,18.039030640844025,0,0.6265163259069874,3.229180068105163e-08,0
pred_005736,2025-11-25T19:14:00,v1,1166.056783527078,18,0.1778848280282507,71,3,0.555509630911219,0,0.7871225718197143,3.6354323010360634e-06,0
pred_005737,2025-11-25T19:22:00,v1,732.018676317757,16,0.0838715657315701,897,1,14.476181950240102,0,0.6937047650734469,6.560506672457931e-09,0
pred_005738,2025-11-25T19:43:00,v1,1273.654763326164,20,0.2380580403870937,598,1,3.476377214111243,0,0.515031706658788,1.8046852700343711e-09,0
pred_005739,2025-11-25T20:00:00,v1,854.8389854689724,18,0.3622802386977398,187,1,24.994445680920993,0,0.8374262001076925,3.928570244879086e-06,0
pred_005740,2025-11-25T23:24:00,v1,603.3910222140487,10,0.1784730612069716,594,1,67.6569848014335,0,0.8847968889226786,3.2041742287401326e-06,0
pred_005741,2025-11-26T00:10:00,v1,604.9276753257942,21,0.0241923623204284,608,4,22.76887504920012,0,0.9175986323263496,2.745444470233305e-06,0
pred_005742,2025-11-26T00:29:00,v1,668.7799696919984,9,0.3718626825978562,203,0,23.217127224849985,0,0.943012510119293,1.167053454580134e-05,0
pred_005743,2025-11-26T00:40:00,v1,403.7728245460352,19,0.1441698399615169,436,4,1.2669808092916723,0,0.8271465727913792,0.00010324150598979052,0
pred_005744,2025-11-26T00:55:00,v1,401.6978147072604,20,0.0624086622834099,986,0,8.059049383147157,0,0.7281391171864787,4.694914477667676e-09,0
pred_005745,2025-11-26T01:39:00,v1,1135.971237868778,19,0.1382201228629063,322,3,28.787186962734197,0,0.8830490650275179,4.920984286432961e-07,0
pred_005746,2025-11-26T02:11:00,v1,760.7227156140507,13,0.0173185671892727,641,2,1.6187380397592372,0,0.690009003981288,1.9649291427572687e-07,0
pred_005747,2025-11-26T02:36:00,v1,1630.7671820713515,14,0.5504867396923483,908,3,5.179686140981483,0,0.8989661085524391,6.325802120179718e-11,0
pred_005748,2025-11-26T03:00:00,v1,642.585809479295,14,0.2337249839211531,904,0,51.65528988997824,0,0.9877711095893018,8.566965522246494e-09,0
pred_005749,2025-11-26T03:36:00,v1,461.66584503728257,12,0.2946878242112966,214,2,13.126507513301238,0,0.953864510407577,0.00021834615145781435,0
pred_005750,2025-11-26T03:50:00,v1,1720.8017614649896,17,0.248099664676344,980,1,17.622569653930068,0,0.8942141639507495,6.346731772043376e-13,0
pred_005751,2025-11-26T04:12:00,v1,2010.6538661792863,15,0.1374977572814583,63,2,9.69367745219111,0,0.8889919127217653,1.6160001777520703e-09,0
pred_005752,2025-11-26T06:02:00,v1,1186.895093997165,13,0.2131104170911015,915,3,45.649004330187715,1,0.8667929001335708,1.1574686809152256e-08,0
pred_005753,2025-11-26T06:24:00,v1,420.43287521543755,16,0.1836091744217093,659,1,24.380813065483377,0,0.9457664989788702,6.542887637310011e-07,0
pred_005754,2025-11-26T07:12:00,v1,310.7346277052085,8,0.3166316364271632,956,0,1.1248179263634444,0,0.9027520822513058,6.320682659811198e-08,0
pred_005755,2025-11-26T07:39:00,v1,238.37468254343497,10,0.3128434168813679,614,1,8.760485581817717,0,0.7521414178385978,1.8606763213945515e-05,0
pred_005756,2025-11-26T07:40:00,v1,521.7709877556081,14,0.1030692667046413,501,1,4.349932681413423,0,0.7905041948125454,1.4373620632210213e-06,0
pred_005757,2025-11-26T07:54:00,v1,682.0567879880851,21,0.2363978570369128,115,2,3.8230698325852672,0,0.7113505706209964,4.0738347968435995e-05,0
pred_005758,2025-11-26T07:54:00,v1,1414.5342359713782,12,0.1797635297870036,982,3,2.507397678703662,0,0.8422036956471459,1.0250590555764913e-10,0
pred_005759,2025-11-26T08:21:00,v1,1895.9117873619805,9,0.0683277728857696,173,2,19.378811419255964,0,0.8504569096286061,4.22797154274426e-09,0
pred_005760,2025-11-26T09:00:00,v1,1738.749216865062,9,0.2747546427557257,514,0,3.723004861462176,1,0.6965653416553688,2.3114498896939364e-10,0
pred_005761,2025-11-26T09:06:00,v1,486.9858383828553,12,0.0589433388554597,414,1,10.010754412581257,0,0.8194441645674334,5.9048437213850395e-06,0
pred_005762,2025-11-26T09:45:00,v1,1720.7260958177164,8,0.2052868779664557,283,2,8.655919508570724,0,0.8663306410395025,6.449534522802387e-09,0
pred_005763,2025-11-26T09:46:00,v1,1046.969555395411,12,0.400219505748911,728,1,19.156908308892568,0,0.811883303290566,8.421779104986276e-09,0
pred_005764,2025-11-26T10:45:00,v1,1385.0184656836568,19,0.2772930370363458,722,2,21.61503086244831,0,0.9167599062920052,3.5835765223915436e-10,0
pred_005765,2025-11-26T10:51:00,v1,1216.267372395904,17,0.0551881656077387,991,3,12.555065424790996,1,0.9209729917329454,4.654498388607195e-10,0
pred_005766,2025-11-26T10:58:00,v1,2285.847518806544,9,0.1461787031281849,663,3,21.462981884611207,0,0.8161842501047478,5.93435746383242e-12,0
pred_005767,2025-11-26T11:07:00,v1,22.924809089024563,0,0.5360460586903194,85,7,60.95126407035098,1,0.3149569237780245,0.9999196805518463,1
pred_005768,2025-11-26T11:13:00,v1,1384.6068735362517,19,0.1308591046556607,200,4,14.634840496178978,0,0.6855638389316387,9.155119200177914e-07,0
pred_005769,2025-11-26T11:17:00,v1,403.7204402855417,10,0.1347879139764435,755,0,22.72877797224026,0,0.7219355903567308,3.9555653698583773e-07,0
pred_005770,2025-11-26T11:46:00,v1,1426.14365638268,11,0.3168395571788049,702,3,16.201354947921164,0,0.6945202804614287,6.696053509940163e-09,0
pred_005771,2025-11-26T12:31:00,v1,486.8982872948192,9,0.3602907455887048,411,1,5.089680114083378,0,0.9735845525409084,1.0047391564796113e-05,0
pred_005772,2025-11-26T12:45:00,v1,1095.735221883072,21,0.1344383377029405,650,1,14.786604140151718,0,0.9123217716730104,1.03849194185203e-09,0
pred_005773,2025-11-26T13:17:00,v1,1028.6196568435785,22,0.1004044406028434,144,0,8.447510675701459,1,0.8995831181187433,1.708898174177805e-07,0
pred_005774,2025-11-26T13:56:00,v1,1128.0933014724294,19,0.1009700684702948,458,2,9.275176393961589,0,0.8755025999503604,2.1052340727055754e-08,0
pred_005775,2025-11-26T13:57:00,v1,529.9325726045597,13,0.1599714920038254,303,0,1.7522888667068974,0,0.7112672245532959,5.045449382315751e-06,0
pred_005776,2025-11-26T14:01:00,v1,995.7520612137432,11,0.1404460688591849,807,1,13.180171776975085,0,0.7904336140093099,3.083291510858904e-09,0
pred_005777,2025-11-26T14:28:00,v1,1662.9444050422385,22,0.2000270624766082,891,1,51.72869796630939,0,0.6721159620085033,6.809831273477811e-12,0
pred_005778,2025-11-26T14:34:00,v1,1914.2420444710929,21,0.0167713248572318,693,2,7.028356357176499,0,0.6755011827582884,3.723261168663185e-12,0
pred_005779,2025-11-26T14:45:00,v1,636.7674400597485,20,0.2224436185879551,990,0,5.394355812397151,0,0.7685353117467632,7.948746232188308e-10,0
pred_005780,2025-11-26T15:04:00,v1,1488.8701536023636,10,0.2483650955550252,214,1,15.23450960002815,1,0.6928985249641526,1.3791316678772054e-07,0
pred_005781,2025-11-26T15:08:00,v1,263.03001525667395,13,0.0779478733530724,689,1,38.69898527832546,0,0.9254578966475896,3.4610116644862744e-06,0
pred_005782,2025-11-26T15:09:00,v1,1590.7202798668966,18,0.3120396141986912,77,1,16.2450061215811,0,0.7987009522668373,2.2793039951078266e-08,0
pred_005783,2025-11-26T15:16:00,v1,681.0944558553108,10,0.0326776310459981,951,6,42.303827992673355,1,0.9507564945776348,1.0814843450773463e-05,0
pred_005784,2025-11-26T15:45:00,v1,522.0914771222793,22,0.1912424035526651,925,2,12.09800502327944,0,0.801436014548361,3.054254192427611e-08,0
pred_005785,2025-11-26T15:53:00,v1,680.6636232278263,16,0.1073318022653204,395,1,3.506672736638933,0,0.7649864431773463,9.248968158671886e-07,0
pred_005786,2025-11-26T17:12:00,v1,1634.7803128659068,7,0.1019961142155295,161,1,10.147401691268678,0,0.9293686329175748,1.0281639433998572e-08,0
pred_005787,2025-11-26T17:39:00,v1,789.6210303432368,20,0.1233416188382125,486,2,16.651944727152216,0,0.9605352770702617,2.1272544324773923e-07,0
pred_005788,2025-11-26T18:40:00,v1,295.88374073220626,13,0.2026724672320902,56,5,26.84089411896137,0,0.9268013034263586,0.13783550461568503,0
pred_005789,2025-11-26T18:42:00,v1,826.1329517111186,13,0.0181741758123066,974,2,26.993058504157805,0,0.7334370219868119,7.55801624189606e-09,0
pred_005790,2025-11-26T20:10:00,v1,414.5892821443688,13,0.2675735389687361,959,3,6.649762429886866,0,0.8371651683148069,5.609136116345169e-07,0
pred_005791,2025-11-26T20:43:00,v1,1908.1303855167869,21,0.2037766289532524,956,5,5.817842625183982,0,0.8711442232429243,7.075828193105609e-12,0
pred_005792,2025-11-26T20:44:00,v1,1244.5953641990282,15,0.2514478338133247,89,3,24.80457858576624,0,0.739013694004088,7.530430012838118e-06,0
pred_005793,2025-11-26T21:13:00,v1,582.8358357453957,9,0.1843205051599458,644,3,10.90424177194746,0,0.9672540979156468,3.550845369173052e-06,0
pred_005794,2025-11-26T21:19:00,v1,575.6128877593578,17,0.0316546078796284,354,3,24.91155888945872,0,0.7977496017904598,4.2088179459722745e-05,0
pred_005795,2025-11-26T21:52:00,v1,392.3033979134709,7,0.2641547650272937,741,4,0.5803910576024769,0,0.9375914676610796,2.684511777620998e-05,0
pred_005796,2025-11-26T22:07:00,v1,614.5942829652147,22,0.1220777961119777,441,2,19.746346319550305,0,0.5761021305398575,4.521131952166107e-06,0
pred_005797,2025-11-26T22:24:00,v1,1578.0922954131258,7,0.2193566936956534,288,1,22.319265630417437,0,0.9548117043162466,8.142366216631542e-09,0
pred_005798,2025-11-26T22:40:00,v1,1407.8358102498246,19,0.0358176180633739,764,3,0.3616862824421926,1,0.7981644488994573,7.289738293246541e-10,0
pred_005799,2025-11-26T23:10:00,v1,2495.9306605495913,18,0.1165547729659272,880,2,48.51495235615047,0,0.96338415865752,1.2750043527418604e-14,0
pred_005800,2025-11-26T23:51:00,v1,1060.9517270703957,10,0.5209279413046973,673,3,2.3246662119089234,0,0.8771918165497632,1.1581897368337543e-07,0
pred_005801,2025-11-27T00:48:00,v1,742.3131962895321,7,0.0273511796757257,337,0,18.44481861609981,0,0.95551566473544,7.605546530888822e-07,0
pred_005802,2025-11-27T01:02:00,v1,1071.781580695738,20,0.1423451037937209,461,4,15.152181274062617,0,0.9606586784491522,2.8479492694532284e-07,0
pred_005803,2025-11-27T01:14:00,v1,1283.6098477079229,13,0.2127835834442856,493,3,39.832656439908504,0,0.7998877567041902,1.4461205904506049e-07,0
pred_005804,2025-11-27T01:14:00,v1,644.788255914107,13,0.0209642358011184,615,4,0.4831716054686963,0,0.6779231592160516,6.92709492322962e-06,0
pred_005805,2025-11-27T01:23:00,v1,1346.2875565576269,20,0.0682253980318425,285,1,16.183610443503117,0,0.9269530881177056,5.1921029945708075e-09,0
pred_005806,2025-11-27T01:44:00,v1,907.9700307400929,9,0.3435298682403596,470,1,1.7630753160976536,1,0.9490670474238944,4.6022530131311106e-07,0
pred_005807,2025-11-27T02:16:00,v1,1704.8703722247972,17,0.1206643172990914,774,2,15.201965271071767,0,0.7569471470828583,2.036779879951596e-11,0
pred_005808,2025-11-27T02:30:00,v1,1093.1902260529537,10,0.1283731846900157,622,0,5.008240318065126,0,0.9346048387374069,1.4554423812263637e-09,0
pred_005809,2025-11-27T03:08:00,v1,397.3528958300747,21,0.2858070478255258,993,6,3.462146261267391,0,0.893330940350323,3.6970051052610557e-06,0
pred_005810,2025-11-27T03:18:00,v1,1183.5551358078244,21,0.2161617471601199,711,1,3.6904340057460994,0,0.7238689035694944,4.691600263313926e-10,0
pred_005811,2025-11-27T03:39:00,v1,377.848005055561,17,0.2449135129486347,532,3,42.53551178894333,0,0.7941025244019995,0.00010556786903804389,0
pred_005812,2025-11-27T03:41:00,v1,1651.2041972445093,20,0.2380532704878358,243,1,26.48846507691909,0,0.6648274206318073,3.5800999582551836e-09,0
pred_005813,2025-11-27T03:45:00,v1,832.5798261749786,8,0.0718784386882604,453,1,7.160097946692531,1,0.8115888142707222,1.1308678791951434e-06,0
pred_005814,2025-11-27T03:51:00,v1,1220.3596896044162,8,0.0734006166041901,65,0,51.18024086810539,0,0.4941005030625516,3.3638918312468163e-06,0
pred_005815,2025-11-27T04:05:00,v1,818.3874517021444,19,0.4885249879831578,852,2,31.692875628180985,0,0.6925918112548443,5.105776316401655e-08,0
pred_005816,2025-11-27T04:28:00,v1,243.1490407618179,17,0.2368049474989807,456,2,31.11805959158038,0,0.8120865565757326,0.00013637151187487824,0
pred_005817,2025-11-27T04:30:00,v1,526.5556280668341,12,0.1879069470273356,175,1,16.649066138795718,1,0.7541980730685448,0.0002802116916100645,0
pred_005818,2025-11-27T05:04:00,v1,1284.2953711928817,21,0.1161346699700349,671,4,30.77510775993867,0,0.7998283260194797,1.4131170489281611e-08,0
pred_005819,2025-11-27T05:45:00,v1,919.295330889902,14,0.1872370663602864,283,2,47.13821437508285,0,0.8585301376018142,6.006304532061774e-06,0
pred_005820,2025-11-27T05:56:00,v1,727.2868596837634,7,0.0999632283450159,516,3,8.59964381041733,0,0.5857783722247453,1.5640621282586273e-05,0
pred_005821,2025-11-27T06:08:00,v1,1322.9140597202193,16,0.1621747789485021,874,3,1.6043963354136968,1,0.95031058296795,6.185318232344141e-10,0
pred_005822,2025-11-27T06:36:00,v1,694.0869904594881,14,0.0565985207895542,177,0,3.1590261109348967,0,0.7578127871959882,2.774405777423889e-06,0
pred_005823,2025-11-27T06:46:00,v1,1163.767822353273,21,0.083914941176086,922,5,8.433926576536743,0,0.8723612975789686,3.424783833539737e-09,0
pred_005824,2025-11-27T06:54:00,v1,614.843629283874,10,0.2213366718357562,978,2,0.5167085926591285,0,0.8269068995860025,3.3175054598200576e-08,0
pred_005825,2025-11-27T07:00:00,v1,1770.9232395961478,13,0.1522734184102837,407,1,14.387265778299431,0,0.76204775335035,2.7860468739726944e-10,0
pred_005826,2025-11-27T07:06:00,v1,426.1086059035025,16,0.014543851274628,633,2,9.192557113130215,0,0.8039427222295578,1.7597418970258746e-06,0
pred_005827,2025-11-27T07:32:00,v1,546.8690680419793,15,0.2036152500576355,565,3,4.330787323619542,1,0.8587335848622482,1.5164790119579023e-05,0
pred_005828,2025-11-27T07:46:00,v1,582.04473455663,9,0.1207715809374087,639,0,14.128988014659315,0,0.8340167762420952,1.7062050774467499e-07,0
pred_005829,2025-11-27T08:05:00,v1,2713.3610193248105,13,0.2245731960564861,890,3,17.907679751470354,1,0.9170128464230922,2.1365937977981833e-14,0
pred_005830,2025-11-27T08:05:00,v1,1043.030196982066,14,0.1446356394699122,230,1,10.204018251229996,0,0.9721369150025084,2.2035464433145998e-07,0
pred_005831,2025-11-27T08:25:00,v1,633.2741367901192,22,0.1722832633141038,582,4,1.4243640257450152,0,0.9190515385866764,1.829651193401509e-06,0
pred_005832,2025-11-27T08:41:00,v1,1892.4026408853065,15,0.3256213191979351,419,2,20.11804841105992,0,0.7604736402034492,4.1217820300998174e-10,0
pred_005833,2025-11-27T09:12:00,v1,432.3090171146882,15,0.2986182490015835,291,3,3.1539329445762254,0,0.9409107478266484,0.00020575306279560756,0
pred_005834,2025-11-27T09:26:00,v1,563.7028037706116,12,0.3245923472458246,632,3,4.115674394130778,0,0.568728578278619,1.4555418050501631e-05,0
pred_005835,2025-11-27T09:55:00,v1,1096.0269396672102,12,0.18744247638276,755,2,7.318968399602811,0,0.9248490466218526,3.7203977659713673e-09,0
pred_005836,2025-11-27T10:02:00,v1,2761.813195306376,18,0.1626476574755611,470,1,14.470697259352637,0,0.9347334502096016,1.2286418532401408e-14,0
pred_005837,2025-11-27T10:12:00,v1,773.4465416687641,22,0.0682131215960014,284,1,47.83477936251888,1,0.8431617362953799,4.1096132230159545e-06,0
pred_005838,2025-11-27T10:34:00,v1,623.1871581065766,20,0.2803635768171611,704,1,17.735875706158517,0,0.8131212114559133,7.430085525113442e-08,0
pred_005839,2025-11-27T11:04:00,v1,1588.7779169670118,16,0.0608861297692988,598,0,5.21095932149339,0,0.9397834278719088,1.1332467076606113e-11,0
pred_005840,2025-11-27T11:45:00,v1,993.9164729988728,13,0.2523854208543519,219,1,9.176871173789838,1,0.538966130776287,6.944444751399221e-06,0
pred_005841,2025-11-27T11:52:00,v1,905.028578794364,16,0.1618642287175,893,2,53.843897160158726,0,0.380576898250033,6.815632321521674e-08,0
pred_005842,2025-11-27T11:59:00,v1,395.14415797566414,17,0.1151068457561595,237,5,1.8176438059329985,0,0.9271933735545655,0.0023431117889674458,0
pred_005843,2025-11-27T12:22:00,v1,800.4599408241774,13,0.1802696069345508,545,3,47.39515007611576,0,0.624308899297854,9.57849157297318e-06,0
pred_005844,2025-11-27T12:37:00,v1,1150.5949009878163,11,0.2545476359903609,475,2,1.8562131323984672,0,0.8050497920436461,7.149992921237709e-08,0
pred_005845,2025-11-27T12:56:00,v1,1066.0240417644975,21,0.3143472562873292,239,3,24.03689364178899,0,0.6827703659414681,4.154253006006692e-06,0
pred_005846,2025-11-27T13:30:00,v1,1003.925408914721,19,0.1017533625716931,979,0,3.723497792574358,0,0.9338115772599686,1.9926986454160734e-11,0
pred_005847,2025-11-27T13:56:00,v1,1806.3871776213184,11,0.3040494051440549,237,2,46.159326049994945,0,0.7389921526821804,2.144398945135684e-08,0
pred_005848,2025-11-27T13:59:00,v1,967.105492448696,12,0.1661483260935659,139,2,5.101149736047883,0,0.6578875109817882,1.223662456324156e-05,0
pred_005849,2025-11-27T14:10:00,v1,515.0881602594868,12,0.0515411596888535,516,1,39.29014634820229,0,0.8877276838639835,3.204461713218505e-06,0
pred_005850,2025-11-27T16:46:00,v1,1237.316050058514,10,0.1595871277311002,57,3,3.9003434068773863,0,0.689310552335132,1.1284729693819529e-05,0
pred_005851,2025-11-27T17:02:00,v1,650.7608231869651,13,0.1160266814004032,379,2,2.288871532761142,0,0.6702136668811892,9.546414231862783e-06,0
pred_005852,2025-11-27T17:18:00,v1,1821.671126492272,20,0.3777164609282353,293,3,34.03459040708343,1,0.8434995641108124,1.4492527359366547e-08,0
pred_005853,2025-11-27T17:22:00,v1,2060.4431636920044,7,0.104148143864458,826,2,1.6318124418595064,0,0.9446589197598142,9.16410998734662e-13,0
pred_005854,2025-11-27T18:06:00,v1,1203.8016260424154,18,0.0941959683348698,540,7,7.166993018243624,0,0.7909611007933794,2.4713382187910346e-06,0
pred_005855,2025-11-27T18:17:00,v1,1759.5383489472138,15,0.2919602687285301,599,4,1.9246409485414933,0,0.7188506090117825,1.2407645607432654e-09,0
pred_005856,2025-11-27T18:22:00,v1,426.4777415657168,10,0.2403777270709517,147,1,10.817311781839445,0,0.7845986381947281,0.00035288506738084,0
pred_005857,2025-11-27T18:33:00,v1,889.5878789243462,10,0.1503073980200747,764,0,6.055260229373177,0,0.6884156761126307,4.80776819974785e-09,0
pred_005858,2025-11-27T19:18:00,v1,415.8209139285716,3,0.7167086233811198,197,6,53.44964686672477,1,0.1583822189439774,0.9863093866945042,1
pred_005859,2025-11-27T19:30:00,v1,1602.5864088195533,10,0.3060576369076399,992,6,20.784569967911008,0,0.8530597797845293,2.0912543428126036e-09,0
pred_005860,2025-11-27T20:00:00,v1,1071.3421886601702,7,0.1218235427460838,587,1,40.21601382390722,0,0.920941614006996,3.805900919776906e-08,0
pred_005861,2025-11-27T20:35:00,v1,981.625762641883,14,0.1855888213513238,693,3,46.34501505370551,0,0.8332442007755767,1.9744548132639923e-07,0
pred_005862,2025-11-27T22:02:00,v1,712.5297706420363,14,0.1628270585049841,114,3,0.6385992112821028,0,0.8645469812631228,0.00012439943645712627,0
pred_005863,2025-11-27T22:23:00,v1,1106.322682355721,13,0.2023648628531826,619,1,16.480786871845854,0,0.8405761840256343,6.764685770939772e-09,0
pred_005864,2025-11-27T22:46:00,v1,758.7283204000735,12,0.3319123393886388,642,1,97.97462223771306,0,0.791335326593248,2.20297903607461e-06,0
pred_005865,2025-11-27T23:07:00,v1,829.0161492065469,8,0.1570092127835422,543,2,18.83681104992232,0,0.8396065116950538,8.956184993763005e-07,0
pred_005866,2025-11-27T23:18:00,v1,1588.9871972465055,14,0.1528740191359335,982,4,43.32563032243748,1,0.4873878209578341,1.913781294710169e-09,0
pred_005867,2025-11-27T23:49:00,v1,1266.5729149299848,8,0.6578920878173666,112,2,2.087736331486164,1,0.9463382570716504,7.759861797280087e-06,0
pred_005868,2025-11-28T01:10:00,v1,561.9109228207735,18,0.1464906909401609,918,1,11.217536175327522,1,0.8654565113186657,2.4811556577494012e-08,0
pred_005869,2025-11-28T02:05:00,v1,829.1080703771263,10,0.3100074018514456,126,4,19.825202270946107,0,0.8382972625328194,0.0007121589767281277,0
pred_005870,2025-11-28T02:08:00,v1,2707.959838841336,17,0.202903570715548,722,2,6.369956186177994,0,0.7309867884913858,9.954402582633281e-15,0
pred_005871,2025-11-28T02:17:00,v1,1139.7124990197572,10,0.2602965285780764,650,1,19.971404597111988,0,0.9719686273182012,4.7119290201213834e-09,0
pred_005872,2025-11-28T02:31:00,v1,935.1932829390184,12,0.1283222351275297,750,1,10.73396245336144,1,0.616270530858814,3.542591995801205e-08,0
pred_005873,2025-11-28T03:21:00,v1,953.7619874079584,22,0.0760961567593578,307,0,16.47367183911959,1,0.7069725813027549,1.4580529055088206e-07,0
pred_005874,2025-11-28T03:21:00,v1,684.3601560589705,22,0.2441909081528997,525,1,32.98222477643379,0,0.8056753462153454,3.0889079279762856e-07,0
pred_005875,2025-11-28T03:42:00,v1,1382.2512847113817,13,0.2492724527949677,970,2,5.813124855144333,0,0.83228058229162,5.540872230882485e-11,0
pred_005876,2025-11-28T03:55:00,v1,1863.853064153043,21,0.2585479136605145,42,3,23.83811534705828,0,0.8248800267340118,2.358495602994668e-08,0
pred_005877,2025-11-28T04:21:00,v1,1443.4122221345676,15,0.0536896673755649,701,3,17.00605658475456,0,0.3944173135257656,5.031380153889423e-09,0
pred_005878,2025-11-28T04:30:00,v1,1105.546473877462,9,0.1206495909577954,192,2,0.0418710948879144,0,0.7817880635142432,1.7544089595508334e-06,0
pred_005879,2025-11-28T05:39:00,v1,1618.9355735178724,8,0.2871848128455084,487,1,37.77391857981545,0,0.9951577873303716,1.126573134390075e-09,0
pred_005880,2025-11-28T05:42:00,v1,581.4314887742738,18,0.3212115648916034,481,2,7.237323878734514,1,0.9426913528996766,5.863353027538197e-06,0
pred_005881,2025-11-28T06:02:00,v1,747.7187649752316,9,0.348639976744431,506,3,2.425398747836051,1,0.8212511643880174,1.9992076716919558e-05,0
pred_005882,2025-11-28T06:03:00,v1,904.5939633665708,14,0.1765905717986178,44,1,15.149661152178847,0,0.841157939720811,8.990809378759819e-06,0
pred_005883,2025-11-28T06:28:00,v1,1121.6803149164605,11,0.2940832803624958,219,3,0.8291412816260699,0,0.7443527008391756,5.133690432117889e-06,0
pred_005884,2025-11-28T06:31:00,v1,1006.804578809584,20,0.0824741873012807,549,4,6.777004716817525,0,0.5703277708809182,5.31500862724362e-07,0
pred_005885,2025-11-28T07:18:00,v1,727.8683859795718,20,0.0695256234503788,526,0,12.192642311239789,0,0.8587446295744094,2.4774677375788693e-08,0
pred_005886,2025-11-28T07:42:00,v1,175.87822715038567,0,0.4024650200645888,135,15,11.082954289052084,0,0.2806717342935357,0.9999993587230513,1
pred_005887,2025-11-28T08:22:00,v1,1282.7412931830593,22,0.2024040271377442,349,1,12.568058976702238,0,0.8485887794273447,5.682355072620816e-09,0
pred_005888,2025-11-28T09:06:00,v1,1389.2957949113884,9,0.2330808136508487,776,0,2.299995574842866,0,0.6859814789105484,9.296464750856041e-11,0
pred_005889,2025-11-28T09:13:00,v1,612.8476295376037,19,0.2850513690671716,216,1,27.791809701082393,0,0.7473287094447659,2.2526886569675723e-05,0
pred_005890,2025-11-28T09:15:00,v1,2220.291472332723,19,0.0608153392428785,975,2,23.541044280902533,0,0.8963456481134556,2.027278836460685e-14,0
pred_005891,2025-11-28T09:19:00,v1,616.9940709632924,20,0.2015462439772681,45,3,30.60051427467306,0,0.6421753804670213,0.0014053693849663197,0
pred_005892,2025-11-28T09:42:00,v1,897.5832004754067,10,0.1810714471115059,699,2,3.255176567124587,0,0.9657030322758188,3.309004972900881e-08,0
pred_005893,2025-11-28T09:42:00,v1,1547.889597849425,13,0.2925291781055778,859,1,12.386160336056342,0,0.4452453326760975,7.471475375557732e-11,0
pred_005894,2025-11-28T09:56:00,v1,1534.208239794958,15,0.1230507005048787,669,3,14.110053487888084,0,0.9823707014215488,4.4202806271539393e-10,0
pred_005895,2025-11-28T10:52:00,v1,1085.1965301613889,10,0.1288960785283559,431,1,15.891355796488776,0,0.6746326364166243,1.2222300549542021e-07,0
pred_005896,2025-11-28T11:15:00,v1,947.4291632944166,16,0.0773761477343376,240,2,8.07425138438864,1,0.9312217891246688,2.5984041490866228e-06,0
pred_005897,2025-11-28T11:24:00,v1,303.71366774951093,18,0.1926644740744908,990,1,21.365684837182815,0,0.9639874494268272,3.915259349868054e-08,0
pred_005898,2025-11-28T11:48:00,v1,1239.2084615181543,21,0.241718473516773,149,1,21.41154480779553,0,0.869573538436182,9.522184016269931e-08,0
pred_005899,2025-11-28T11:58:00,v1,576.4953093659166,18,0.233952555355549,520,4,9.728630839318138,0,0.7811326031080089,2.4128722246509412e-05,0
pred_005900,2025-11-28T12:43:00,v1,960.4669474015976,13,0.0174335950802435,911,2,0.6898111441858054,0,0.8672417953336008,1.304314187974329e-09,0
pred_005901,2025-11-28T13:32:00,v1,1410.462084013944,11,0.0459774577336345,805,1,24.083246304935273,0,0.8400545589689979,9.894660086662495e-11,0
pred_005902,2025-11-28T13:55:00,v1,810.3918998718207,8,0.292614845568886,412,3,34.25734725498123,0,0.7972446070117913,3.3403706626902186e-05,0
pred_005903,2025-11-28T13:58:00,v1,2577.8994833213687,13,0.0175586848563059,70,2,8.05301147311945,1,0.702768793136057,7.344951086236032e-11,0
pred_005904,2025-11-28T14:13:00,v1,1409.4183831890134,13,0.2988089075016204,163,2,7.583532391825265,0,0.8878932412904635,1.5019729937818592e-07,0
pred_005905,2025-11-28T15:52:00,v1,696.1228786830281,18,0.1624155039535532,717,2,9.267385233818102,0,0.7857106819573314,9.723352473755544e-08,0
pred_005906,2025-11-28T15:52:00,v1,1105.8417596105878,12,0.2263594477989246,129,2,11.508371723397865,1,0.8909310335880875,7.364686774529047e-06,0
pred_005907,2025-11-28T15:55:00,v1,566.4436684631945,10,0.0256411823370564,330,1,17.663084942517255,0,0.8797930461643586,9.065455331827949e-06,0
pred_005908,2025-11-28T16:26:00,v1,1977.996503422878,12,0.1274714817808862,860,0,14.13007676584856,0,0.9168288539413152,1.0255531795495771e-13,0
pred_005909,2025-11-28T17:10:00,v1,722.7058616438256,17,0.3696433506917808,948,3,4.4416594807877186,0,0.8074320595934956,3.824721078218072e-08,0
pred_005910,2025-11-28T17:11:00,v1,394.2619488659144,13,0.1214442022413796,953,1,17.041220458070857,1,0.7744331447984424,2.2041200421021462e-07,0
pred_005911,2025-11-28T18:21:00,v1,1501.9466647764398,21,0.140720098325346,639,3,12.174667981668549,1,0.8722559833834648,1.292337554218598e-09,0
pred_005912,2025-11-28T18:21:00,v1,583.2929696522638,19,0.215507562635188,492,1,0.7937983806201834,1,0.8365259569262601,1.268512857055929e-06,0
pred_005913,2025-11-28T18:22:00,v1,1766.7135023667956,8,0.0102931944516342,640,2,26.160168730066314,1,0.9101169014974874,2.9524535647678295e-10,0
pred_005914,2025-11-28T18:40:00,v1,1822.0749890775032,15,0.2839947508305895,928,1,31.182833597488393,0,0.7603805409362364,1.6942860252869814e-12,0
pred_005915,2025-11-28T18:41:00,v1,525.8546769440183,22,0.1087288414522138,799,2,14.958133662568866,0,0.6383594946353444,1.6761153499957917e-07,0
pred_005916,2025-11-28T18:45:00,v1,919.3323877260196,14,0.2388042373257037,148,4,14.747863681772538,1,0.5719638433404864,0.0007678770955931656,0
pred_005917,2025-11-28T18:51:00,v1,858.1865091935641,10,0.0518813089401451,945,1,30.682060656916217,1,0.5676364031986224,2.259613874110596e-08,0
pred_005918,2025-11-28T21:07:00,v1,1320.050927048008,19,0.1046803141258024,139,4,6.551527460950942,0,0.6357386154285564,2.4934757404292518e-06,0
pred_005919,2025-11-28T21:48:00,v1,734.2011455007982,10,0.0895743642479466,245,5,17.170976493471983,0,0.7737448220034976,0.0009888383306434286,0
pred_005920,2025-11-28T22:32:00,v1,1531.3234690688655,16,0.3745163451627512,537,7,2.9220393355475243,0,0.7959869015148306,4.150968286084729e-07,0
pred_005921,2025-11-28T22:44:00,v1,1111.5692841969778,16,0.3465997804502448,153,2,8.107680380658525,0,0.7904126109698358,1.9784859875573543e-06,0
pred_005922,2025-11-28T22:57:00,v1,1995.135916194073,16,0.3015729522837355,459,2,8.881948611467974,0,0.6350223879259326,1.0698114531314362e-10,0
pred_005923,2025-11-28T23:20:00,v1,709.5243397546352,10,0.0574122436638567,599,2,5.328449937830207,0,0.7750034449452479,6.470361972500539e-07,0
pred_005924,2025-11-28T23:45:00,v1,726.8509959378797,10,0.2633082966985521,183,3,7.89011359142579,0,0.9410943520660656,0.000121606983928453,0
pred_005925,2025-11-29T00:09:00,v1,2217.8068379644183,9,0.2053876551667129,483,0,12.48446579006984,0,0.7958794087475959,1.8023959294977224e-12,0
pred_005926,2025-11-29T00:51:00,v1,804.2283349268672,8,0.1875376413996437,257,2,21.500472595443657,0,0.9811058813914108,1.3912541654015402e-05,0
pred_005927,2025-11-29T01:12:00,v1,1247.0976415995135,21,0.2381539482100281,801,2,23.075164126612684,0,0.8622976436630698,4.2731819662652794e-10,0
pred_005928,2025-11-29T01:16:00,v1,367.11298158558816,14,0.3757504201097586,464,3,25.1396061765048,0,0.6982584662931566,0.0004053928540362095,0
pred_005929,2025-11-29T01:23:00,v1,1776.1815333643792,13,0.127816469606709,308,1,0.3374825394827512,1,0.7794528618470741,1.12715357599443e-09,0
pred_005930,2025-11-29T01:59:00,v1,659.5162853604405,10,0.0719127716610526,671,0,6.893904533179118,0,0.8636485304451711,3.6022084233896525e-08,0
pred_005931,2025-11-29T02:28:00,v1,865.25151095169,11,0.1123023839582747,405,2,39.27514890892903,0,0.8243880144110782,3.082990662400025e-06,0
pred_005932,2025-11-29T02:29:00,v1,297.01180126458735,15,0.3016278530424939,734,4,26.21165288473844,0,0.597483038607163,0.00016074860180596764,0
pred_005933,2025-11-29T02:38:00,v1,1062.3895495702557,7,0.1394702789435431,959,4,7.104932236448235,0,0.9242355568715171,1.1810618117090277e-08,0
pred_005934,2025-11-29T02:58:00,v1,626.6566975984459,13,0.1106086273795465,244,3,0.8910526444373873,0,0.7443843114039106,0.00010580208472656359,0
pred_005935,2025-11-29T03:19:00,v1,858.5046012831699,9,0.2184169549639835,808,2,6.938220715459416,0,0.6509675387260274,6.655368474422076e-08,0
pred_005936,2025-11-29T03:21:00,v1,614.3774107204358,11,0.1481022855954703,614,2,7.228929235380377,0,0.8778633361192465,9.661268325079253e-07,0
pred_005937,2025-11-29T03:23:00,v1,1057.927388579429,15,0.1200004949902663,177,4,27.79831611548162,0,0.8641726402851936,2.292715997301399e-05,0
pred_005938,2025-11-29T03:45:00,v1,979.900194019983,14,0.1083869406675144,726,3,10.513741114659322,1,0.8026284573015438,1.1770802417164472e-07,0
pred_005939,2025-11-29T03:46:00,v1,2478.970093184789,17,0.7182669516042223,259,3,5.399133820048427,0,0.7012243289247111,8.885299854454298e-11,0
pred_005940,2025-11-29T03:46:00,v1,973.9017417654547,22,0.052580499281695,859,0,8.593401922221343,0,0.5233919705681873,2.456595445665729e-10,0
pred_005941,2025-11-29T03:47:00,v1,891.9331423844343,15,0.2765715166411547,788,2,9.785734384256669,0,0.7273716447156585,2.495115707388624e-08,0
pred_005942,2025-11-29T03:58:00,v1,1037.544375206023,9,0.2544250378993849,590,0,20.454884209208057,0,0.8902104761214437,9.557532919580383e-09,0
pred_005943,2025-11-29T04:03:00,v1,1465.250261503572,16,0.0969676955308835,346,1,8.646133403832255,0,0.8551984873378571,2.095764719877321e-09,0
pred_005944,2025-11-29T04:16:00,v1,465.6793611426693,17,0.2895696427230375,381,3,2.102554067317723,1,0.8352636970598836,0.00017762609585773376,0
pred_005945,2025-11-29T04:58:00,v1,700.2948679041225,11,0.3609507505070184,958,4,9.23370402871111,0,0.6565003592336676,6.233514336503721e-07,0
pred_005946,2025-11-29T05:15:00,v1,173.4681532725553,22,0.8896964740831628,76,11,267.9481147170616,1,0.0895779004798105,0.9999999832543346,1
pred_005947,2025-11-29T05:21:00,v1,1066.750909360963,9,0.4501153201992738,163,2,0.7236490082258109,0,0.8634906129437895,5.693180862121817e-06,0
pred_005948,2025-11-29T05:26:00,v1,1014.7757492196556,18,0.2223935068058167,945,1,7.457349947768746,0,0.6509649913008098,4.017140837066537e-10,0
pred_005949,2025-11-29T05:31:00,v1,1218.9915026469191,19,0.1768054644163463,672,3,4.376248728623041,0,0.8601150512356805,4.101522412575249e-09,0
pred_005950,2025-11-29T05:38:00,v1,1744.2409044357814,11,0.198426703201813,640,2,0.8270729299732966,0,0.9874239704694634,4.6839238180483936e-11,0
pred_005951,2025-11-29T06:07:00,v1,582.976917543916,16,0.09092873826555,799,2,3.004041072705005,0,0.8514972258499759,7.757720149767956e-08,0
pred_005952,2025-11-29T06:25:00,v1,1045.6304666327742,14,0.083054745252238,639,2,35.31106639419307,0,0.8757359490060521,2.947977996313013e-08,0
pred_005953,2025-11-29T06:35:00,v1,1144.7747231514588,21,0.0852284774142173,207,0,12.994429094154402,0,0.8839619308159545,1.746130170992812e-08,0
pred_005954,2025-11-29T06:42:00,v1,410.3283880453523,12,0.1676815926167296,297,1,18.62798375032358,0,0.7694372315058295,7.40548296610055e-05,0
pred_005955,2025-11-29T07:39:00,v1,1286.7434991172029,17,0.2031790140907978,770,3,46.37964057998149,0,0.871919704514994,4.446149661292962e-09,0
pred_005956,2025-11-29T07:44:00,v1,664.527936250547,14,0.0671357674678946,366,5,2.9750412862088025,0,0.7076757171253129,0.00022123176861495807,0
pred_005957,2025-11-29T07:57:00,v1,1344.7041057854265,19,0.275391512006399,564,2,2.2569394310262987,0,0.9073408192010388,1.3826095048462406e-09,0
pred_005958,2025-11-29T08:18:00,v1,732.9655889690647,15,0.3809500372516054,912,2,24.438680193971862,0,0.8811237430627773,3.097030155135138e-08,0
pred_005959,2025-11-29T08:24:00,v1,580.1857605289846,19,0.4530591113332023,48,1,9.712423994887995,0,0.5957433945916272,0.00024077594431445816,0
pred_005960,2025-11-29T08:34:00,v1,923.3417134350508,9,0.1759463392380191,377,3,24.930090750434378,0,0.6622342190027265,1.4747818417615377e-05,0
pred_005961,2025-11-29T08:46:00,v1,1454.478206837575,21,0.0981201162018883,950,1,0.3139089083364508,0,0.9711365004688748,1.2729276328242866e-12,0
pred_005962,2025-11-29T08:55:00,v1,1294.7756759201245,22,0.0624467087800598,39,3,96.0468055645873,0,0.3803759858651007,6.093668902145948e-05,0
pred_005963,2025-11-29T09:25:00,v1,1118.186959419298,13,0.1653432431839791,747,1,5.523040093909654,0,0.5770658083769022,2.801808563211531e-09,0
pred_005964,2025-11-29T09:33:00,v1,1562.285913067071,11,0.1872318781327925,306,2,2.8456074796976285,0,0.9279250065883968,7.687598009471552e-09,0
pred_005965,2025-11-29T11:19:00,v1,499.6320757726426,22,0.0525894052786412,833,3,9.320615235515248,0,0.9789650654049952,1.0206580957593548e-07,0
pred_005966,2025-11-29T11:28:00,v1,617.5718843204073,14,0.1901108625645441,566,1,1.3821060446766351,0,0.9059844609159864,2.573393545684396e-07,0
pred_005967,2025-11-29T11:31:00,v1,843.6523180152718,13,0.0960049533757963,149,4,14.82442148339918,0,0.736908139086174,0.00023114941405221086,0
pred_005968,2025-11-29T11:44:00,v1,700.6163194973742,12,0.3070370572064985,650,0,32.25694567333516,0,0.9399829608143736,7.253582037419842e-08,0
pred_005969,2025-11-29T11:46:00,v1,1246.2673828194145,13,0.4180371224312432,108,1,5.287303712637821,0,0.9076126475328898,3.6126863454109997e-07,0
pred_005970,2025-11-29T11:46:00,v1,1235.9595717856553,7,0.1187687783408036,162,2,6.317787697404476,1,0.5678767788896039,7.773716493658574e-06,0
pred_005971,2025-11-29T12:11:00,v1,956.4538218492572,10,0.2547869348973521,162,3,99.49343677201372,0,0.7352647681420681,0.0008139494532648685,0
pred_005972,2025-11-29T12:55:00,v1,574.0012079495682,22,0.267152375613103,38,0,11.362708271915832,1,0.9577852034910194,2.7544711977852074e-05,0
pred_005973,2025-11-29T13:08:00,v1,1383.1646980366086,12,0.1556851633366544,979,2,26.71129263563261,0,0.5752479834099212,2.196630333778315e-10,0
pred_005974,2025-11-29T13:26:00,v1,442.6382133836294,19,0.5432056938574469,776,0,18.848007234501814,0,0.7102732978334243,1.6425705902300053e-07,0
pred_005975,2025-11-29T13:51:00,v1,763.815006006054,21,0.267183035440819,385,1,0.5255620008334136,0,0.974495739570518,1.6240829841817334e-07,0
pred_005976,2025-11-29T13:58:00,v1,636.8038590082987,18,0.3218976085654394,520,0,31.95055841209,0,0.5948206658595594,6.679594770713925e-07,0
pred_005977,2025-11-29T14:16:00,v1,505.3354542054165,17,0.1170522203085335,799,1,8.497446054695201,0,0.9443290463846205,3.569198260264677e-08,0
pred_005978,2025-11-29T14:16:00,v1,1116.781448585031,22,0.2973892047292471,205,1,37.96147200637671,0,0.9733056064584638,1.6880638577846365e-07,0
pred_005979,2025-11-29T14:47:00,v1,473.17226835356735,12,0.1006840105960402,817,1,37.30961626598081,0,0.8186208130988784,2.9499892520072717e-07,0
pred_005980,2025-11-29T15:49:00,v1,2186.12320530159,22,0.0727256362055473,437,3,1.968718235690096,0,0.3383308457977477,4.9192018032763825e-11,0
pred_005981,2025-11-29T17:01:00,v1,1023.5158873167306,13,0.2898942139626095,204,0,3.8546831389753016,0,0.9313322954646024,1.6596520500401167e-07,0
pred_005982,2025-11-29T17:28:00,v1,551.3805078671368,13,0.2207338646445356,143,0,17.328374673333713,0,0.7467941027049948,3.552479899953967e-05,0
pred_005983,2025-11-29T17:31:00,v1,824.4429994417397,22,0.221467604909038,744,1,1.3217897962190992,0,0.8749767073735124,2.9784213248969723e-09,0
pred_005984,2025-11-29T17:46:00,v1,1060.9777204245747,8,0.1193692550945125,289,2,22.85417541190867,1,0.8329670051490032,5.041614391044353e-06,0
pred_005985,2025-11-29T17:46:00,v1,688.866235151795,8,0.0602319835492122,686,1,7.668019205766011,0,0.8499008345311848,1.0965221698108413e-07,0
pred_005986,2025-11-29T17:49:00,v1,2328.3574704377847,18,0.1684782050768657,814,5,21.002757976048933,0,0.8555862973339922,2.3143565661566653e-12,0
pred_005987,2025-11-29T18:00:00,v1,795.0360348242091,20,0.0826994346985111,970,1,0.4697466782928477,0,0.690857958929854,6.837885442868759e-10,0
pred_005988,2025-11-29T18:44:00,v1,662.7960379484072,15,0.2513364284139863,740,2,0.5360654201881345,0,0.7297362446251188,1.8287124397004305e-07,0
pred_005989,2025-11-29T19:09:00,v1,1090.7762264702917,7,0.3200379954982514,357,4,5.192409681460935,0,0.6717653905158099,1.4997802129234559e-05,0
pred_005990,2025-11-29T20:32:00,v1,972.4223987789034,21,0.1355545156100167,37,3,5.285005556821539,0,0.5715917472488129,3.604357591939457e-05,0
pred_005991,2025-11-29T21:47:00,v1,1630.5535576831958,13,0.443770726109693,284,1,38.11306619716588,0,0.7023571797579169,1.6456325987223305e-08,0
pred_005992,2025-11-29T21:55:00,v1,610.9013907230026,17,0.2022415059388406,410,2,8.030385958772777,0,0.6871632344615144,7.561206065081724e-06,0
pred_005993,2025-11-29T21:58:00,v1,873.4156680077609,11,0.2545028754496167,207,1,40.88511352811092,0,0.8639360083803207,8.665417488691144e-06,0
pred_005994,2025-11-29T22:02:00,v1,412.70208012589785,12,0.284024322981999,732,2,2.2536962409016255,0,0.8092674438903089,2.033231326680623e-06,0
pred_005995,2025-11-29T22:13:00,v1,665.1022902134564,16,0.1024877920966124,677,4,7.625655268125768,0,0.8843139613641237,1.490511742013278e-06,0
pred_005996,2025-11-29T22:34:00,v1,1633.1276748425737,15,0.2011854510754766,393,2,6.285130161238031,0,0.8782596820518755,1.3792299545514823e-09,0
pred_005997,2025-11-29T22:37:00,v1,742.9140962316673,22,0.3863262942588547,941,3,18.82738274731778,0,0.8635030496718489,2.244155534663966e-08,0
pred_005998,2025-11-29T22:46:00,v1,3313.4121105901477,8,0.2894771567408211,481,2,9.109161899252689,0,0.7242462514918684,4.20283692085827e-15,0
pred_005999,2025-11-29T23:17:00,v1,1266.637202592118,11,0.0994672782795806,732,5,0.8760964868574042,0,0.8285427543309637,4.159172807329413e-08,0
