application_completion_seconds,hour_of_day,email_domain_risk_score,account_age_days,num_applications_last_24h,ip_location_mismatch_km,is_vpn_or_proxy,profile_trust_score,label
588.7232316192384,13,0.35535535701264415,52,0,15.505259876654737,1,0.6269327441963956,0
827.3305223555318,16,0.4755511401384412,740,2,5.917802613319616,0,0.8072210722649881,0
508.1609220735399,15,0.011738228210441144,413,4,29.992157399505306,0,0.7859530966961311,0
727.0500226566812,9,0.18358248705738786,405,1,7.039820711196792,0,0.9483122585015616,0
493.09008310351226,19,0.23510092219558187,102,3,21.25424096464667,0,0.7496020697751871,0
401.9824828236604,17,0.17143462107341562,284,1,19.480673057693785,0,0.9518153841379172,0
859.7803669278723,22,0.47495143619461716,926,2,19.836280871265693,0,0.8299337174339544,0
490.186407489302,12,0.19412076995824623,406,1,21.904894718082577,0,0.6461606139221978,0
382.0714901267377,12,0.47717410998838855,169,4,11.471475957935935,0,0.6630489483224931,0
755.004159197016,11,0.37136865874124053,647,1,8.018005099776722,0,0.8487968804132326,0
1356.2115497854234,8,0.15750177083026726,317,3,7.64454915837606,0,0.7103798939016318,0
665.2086969872796,10,0.34630392433597074,931,3,1.0528227378908157,0,0.7698434955843038,0
370.9541069090325,19,0.31544964152563243,921,1,11.777766587330902,0,0.550519891216215,0
447.45322285599957,18,0.35494968856690534,466,0,34.155325391896184,1,0.4894096387958614,0
766.6107865084964,7,0.16633820149188303,845,3,20.85125051981932,1,0.7643104582597544,0
546.7634731423011,7,0.05767152398347644,317,1,5.368380268882969,0,0.7206029565458172,0
300.8673945977982,12,0.08483430028759296,202,3,22.253137943943205,0,0.7430297599385044,0
809.7237198657828,10,0.08481963047728265,197,1,25.870110264447113,0,0.7063259344703908,0
1509.7636826530215,12,0.32766787038457146,875,3,16.143840812927355,0,0.719786055291467,0
457.7508147912625,9,0.32751628490642376,884,2,36.94801810310851,0,0.7975707784191032,0
1026.8794393362648,9,0.07654553469508178,55,4,7.770791233211792,0,0.5905640697817605,0
720.571862344704,16,0.16856714970901332,291,1,14.726366178389112,0,0.7659067501890306,0
716.0048134428448,8,0.20219247682630462,645,3,20.650687914894515,0,0.7093584505639369,0
408.89381951869285,22,0.18266959100879693,929,1,10.147944146005507,0,0.6311581747934164,0
352.7320528157054,13,0.0503781521325731,885,2,32.27399329566045,0,0.7820630024074752,0
474.82107284455725,12,0.16502321812565385,110,1,9.044072749421744,0,0.5974748518307704,0
2406.3044958620717,8,0.3185614992337127,144,1,7.307844397610667,0,0.9079641637362141,0
404.6439302587463,11,0.11571630866592662,104,2,2.312616355941432,0,0.8588971355346826,0
1184.3826401359117,19,0.1871689115895881,271,1,3.8792276550777975,0,0.5602861102989373,0
1459.5597875056756,18,0.1374033518200978,119,4,18.657503258306352,0,0.8097573611167163,0
1365.9164058743831,7,0.15932145083568922,393,2,8.327677076242795,0,0.7873972787041374,0
778.6001950005788,17,0.21834489607114901,734,1,10.093932112782387,0,0.9137052462137164,0
631.4819113064416,11,0.08386778565126636,214,1,11.986897778331153,1,0.6637465373291769,0
1697.7186714480436,7,0.08614882284325989,866,2,8.590501396441145,0,0.6319210293021049,0
793.2227780411837,15,0.2096498694776795,859,0,2.305660586604968,0,0.8990654283297119,0
732.292494782393,12,0.013886559532687637,290,7,5.407247047152919,0,0.9336858915361259,0
1149.1700015049857,7,0.047317783825586754,70,1,6.666810746264115,0,0.8093918064898666,0
906.4618235574328,9,0.3559433506100432,912,5,55.31901097028815,0,0.9451697690219961,0
794.8279977421328,20,0.14944905548170087,783,2,11.864862688761585,0,0.7442457897851524,0
481.0701267869218,7,0.16617759045868022,813,3,1.561093137135674,0,0.8201006221618534,0
929.4347636896745,17,0.4679236876644294,345,3,3.2829884052764866,0,0.8705032278595753,0
850.5496463241709,22,0.030445566767417494,612,1,11.368584473815464,0,0.8023239117150539,0
862.9963198980466,7,0.05835157393074713,99,1,18.117365731147324,0,0.9053937146980447,0
861.9656905749155,11,0.2978259315799601,783,1,0.5894796892653128,0,0.8196019824524712,0
571.5525056731013,11,0.2547510031024497,141,1,2.465113372824254,0,0.8357428787075735,0
693.4857753416183,20,0.290989449020428,896,4,4.617454200571713,0,0.8951798490133921,0
629.0901778124569,14,0.18494855873647123,161,2,22.49910674687188,0,0.9068907513704983,0
356.7570113083143,17,0.41761195560199277,529,1,1.9003632853717352,0,0.6551784478245536,0
388.7565100028805,11,0.17211763240667477,871,3,31.533694331183234,0,0.6247900062100189,0
1133.3522538696484,11,0.3491934784990683,819,1,18.960938289863574,0,0.8260275491028102,0
1094.7140303498047,13,0.38961406621319655,237,2,6.424828985833927,0,0.6679557250372165,0
897.869694526258,18,0.21793772063182204,804,2,10.27643280984462,0,0.8356266863436722,0
461.9795215487085,20,0.2536132920301004,731,2,2.2057109085908086,0,0.9705178827727928,0
717.6495028884058,7,0.10869581486826048,253,0,12.925270183326392,0,0.7432896225891866,0
760.8324113211175,22,0.25024394251849236,474,1,40.45142863066656,0,0.8067195825426345,0
1189.6958872379637,16,0.09526024937113,876,2,10.988318143484756,0,0.8134323901690199,0
948.6481957623055,11,0.20460646368117483,215,2,16.029086664813327,0,0.8415401839082391,0
404.3308705256053,19,0.05622473225587568,412,4,5.6579807428085465,0,0.9072032482744924,0
736.931327048972,8,0.3135395206487675,473,1,24.929623974255605,0,0.625883623157011,0
1955.881295687778,13,0.1714928084013204,449,3,4.198869298705911,0,0.7880977199925641,0
280.9272858165826,15,0.029521424522217368,945,1,7.681574779690152,0,0.9125168221008366,0
180.4666080480904,14,0.12446278478483984,101,0,13.278593074205338,0,0.8795647705943425,0
607.69927353606,10,0.25580117995867074,98,3,2.185189437445976,0,0.8241575195919765,0
546.0645863281618,9,0.15608054832750146,352,2,55.136395467579575,0,0.620945609642121,0
1648.3022991434639,18,0.13732608214247377,457,4,21.15892998991036,0,0.7796503188396874,0
540.4806838679191,21,0.15493720826884008,285,3,6.045934891852863,0,0.9866206367538175,0
706.8723001003362,17,0.3041635221084916,323,1,12.729838517029323,1,0.7868921867321682,0
337.0060170918792,11,0.23910712086350536,686,1,30.74531325039793,0,0.8873785897622385,0
1462.1910376452515,19,0.23444015748237307,779,2,16.97507609923743,0,0.8480249430629287,0
478.3871451487546,8,0.16259742941150415,150,4,3.4973499403127146,0,0.7766925401170605,0
400.10896684140397,18,0.31188876207059546,433,1,26.359780198773482,0,0.9490311963583902,0
518.5798520487693,11,0.10756967027979447,897,2,10.575486882947047,0,0.7556652082359119,0
436.3367208751948,8,0.09180859306188392,568,1,0.22254853754509019,0,0.7022711107408751,0
1011.6199377770948,20,0.1997502226539643,755,2,47.360112490696416,0,0.8904547576491725,0
650.3475349588714,14,0.16128525045550685,63,3,34.96801154342183,0,0.6856937439160605,0
748.8472901188849,20,0.14267230973311837,770,1,2.8149452529508165,0,0.6623991060946541,0
468.2269601095288,11,0.15602325619475413,499,2,19.83399842000992,0,0.5999341811119561,0
1201.6856686597696,18,0.3906794435373304,354,0,1.7107963666529287,0,0.7999750222942071,0
299.9038543121059,8,0.11288389889092333,593,3,70.34713774232719,0,0.96693938032674,0
298.11830597641824,11,0.13592253492443176,526,0,9.368266520677903,0,0.8104607533955098,0
706.3529227264922,12,0.1366015006692639,385,0,14.059990728726449,0,0.7229460087907603,0
702.4028107223462,18,0.1923530968991771,269,1,3.800129353165978,1,0.7843636515316725,0
886.0715862765521,18,0.17663370859012192,748,2,17.232169174337194,0,0.8274280202440033,0
342.259797578164,18,0.3423807709813774,817,5,19.29333923333923,0,0.9782739184506877,0
316.2708790301996,14,0.1948143004139735,560,2,51.02065208151143,0,0.9315330037982219,0
949.1133267688651,7,0.24929622078215022,32,2,1.1038200073969044,0,0.9056072609880375,0
417.4171717264874,22,0.3086245766942364,87,4,213.71413147107327,1,0.23277752215106334,1
262.66590336695583,16,0.4214211667392695,431,1,18.571518747760717,0,0.8057938737889925,0
2054.9694679911754,16,0.077571645838141,669,5,11.823727108870875,0,0.8573752028269529,0
1273.6082307957583,17,0.04740807948899445,688,4,28.583568557425842,0,0.9681985386558908,0
394.54946429113534,17,0.1606790579704166,514,3,17.26650885129495,0,0.9504394302520844,0
892.1017868105506,13,0.2613591060498309,896,3,2.938698444490285,0,0.8761201802999751,0
594.786958828544,7,0.10857491591427063,113,2,2.7492941845068817,0,0.8263389869320477,0
1490.9229223062068,14,0.0897737940598521,87,3,8.46871321347253,0,0.7257404243418931,0
844.9571548248873,19,0.32702437447200255,511,4,2.9694780802912537,0,0.5186849822064717,0
562.9197050128653,7,0.3027001023823664,858,0,7.336227748033577,0,0.47934408585850247,0
281.33026889515236,19,0.10206392965215007,214,3,30.255509155507834,0,0.7158467358323508,0
1491.9304084460277,17,0.19805074966768893,448,2,14.833023185616682,1,0.7073022120821625,0
432.81998831059894,11,0.09067797224396353,877,4,26.30262121969921,0,0.8273722438237309,0
380.75703097064303,15,0.07843025099879523,430,4,31.33953695119514,0,0.6438790365925898,0
1544.3509634231211,8,0.5714775665187655,506,1,0.9182619428427047,0,0.7621718101241174,0
604.7287598730114,16,0.3161634741227041,438,2,20.111721522726842,0,0.8742367001161311,0
552.3653145996697,20,0.05167598615140336,707,5,6.382475770991041,0,0.8501146174453386,0
161.5179459007579,18,0.05681828700892734,155,3,26.81526143544707,0,0.8039454216523109,0
500.3202589111517,19,0.24235990517111472,263,4,46.36820947062302,0,0.944077112930051,0
1041.3250505014573,13,0.10921064827291198,190,0,4.5392198030597335,0,0.8339301434226569,0
562.1866851847427,20,0.2139303364428248,222,1,8.27796360188657,0,0.8411657764446949,0
310.6983447900826,19,0.07298450352782197,478,0,11.99814635377209,0,0.5234053403993084,0
616.1674927785939,20,0.022371139789241486,672,4,11.948622768988571,0,0.6985801940131184,0
216.16945944279374,13,0.238070728118591,855,1,10.39638894192348,0,0.8295173911714274,0
725.1021904110287,7,0.3588478950363987,236,3,58.85364223765479,0,0.8777756394359548,0
763.5170888322026,12,0.23440102934543725,539,5,11.050743653367427,0,0.6111436860041004,0
423.1942870624406,16,0.07109311517270266,341,5,0.7148602833540726,0,0.694062148379978,0
1490.2348453819277,12,0.05448057809241064,927,1,9.487886040187208,0,0.8031240600255025,0
662.3461679149477,11,0.38677300250866387,364,1,1.0307184062834893,0,0.8848177704664576,0
525.9472888469454,7,0.0350278729836067,221,3,17.440954614711696,0,0.8392580571050915,0
563.2998190151111,19,0.20853089172562161,415,1,45.406766893154554,0,0.5432666822599398,0
510.2481644251187,9,0.06425812400202585,704,0,0.9329732148219574,0,0.9876259790087311,0
315.47211977884274,10,0.12269857137103617,639,4,7.139464682242356,0,0.8486718689161951,0
755.7447049544313,17,0.3081513064477321,159,3,5.998656378940061,0,0.7980083334327651,0
478.2495102580911,13,0.12851382596161326,820,2,1.200282240639676,0,0.7530996478749681,0
978.1456484393061,13,0.020182502072662027,613,0,20.07223779220701,1,0.7875258338290091,0
435.99328347578427,8,0.09638833926535052,765,3,11.822200412433945,0,0.7539572525631897,0
740.6517200711783,10,0.16343825253199176,274,1,9.255838219417601,0,0.8129045343053498,0
515.842860087348,22,0.1291021822832815,101,2,2.9003760659376416,0,0.8343794483939634,0
1456.159354574617,11,0.3907705364617429,609,1,24.076888443463186,0,0.9250776070374065,0
1201.8699482290199,21,0.04378038043797684,664,2,7.412125167212005,0,0.8925423245844151,0
237.53949324463855,13,0.19965662977255208,386,3,5.301914462289056,0,0.8239163822991132,0
646.8128826765181,10,0.07031430190166439,936,4,33.67972990607746,0,0.9308386421163284,0
1061.9407983855253,11,0.15192953240539758,161,5,13.561518951229525,0,0.9880313022334477,0
464.00153719075564,10,0.09231381766269023,594,4,16.508047792587835,0,0.9418899727880452,0
693.5112021090351,17,0.10772195353848102,128,4,11.204589450372167,0,0.7630996629436944,0
440.796521521753,20,0.20845526281610505,394,3,25.916852327297132,0,0.8981651302619433,0
829.0513004136014,18,0.14251655178744016,883,2,2.769752913315852,1,0.7556115497410019,0
684.5751337651518,22,0.12775493829364432,317,0,3.8182943527161606,0,0.862324228528888,0
715.7432758396473,12,0.04247325963083416,428,1,20.254419707672454,0,0.8568816466183238,0
903.6097177559247,8,0.10126531324002758,271,2,3.9061425971658332,1,0.8890127623707903,0
375.1422612746522,12,0.06713244715085369,336,3,2.027240015023891,0,0.9228796524518295,0
718.5591409528907,14,0.08083372161179711,189,3,0.18286418338103055,0,0.821999800274466,0
426.9534653888166,8,0.07711810717445812,507,0,0.712493712124053,0,0.8767426297854627,0
346.8735657147488,22,0.14747660793627096,128,2,3.765643593585453,0,0.8143327995858614,0
932.9524712043946,11,0.14010218675326325,91,1,8.448091973078055,0,0.8293656891942817,0
945.4524715881677,8,0.11214396614279165,898,2,13.838358245318078,0,0.7316913499763176,0
552.9655395136488,19,0.24159478982556967,569,2,23.07872063408864,0,0.8819618325473304,0
806.6428213127202,19,0.29034312221588915,723,0,4.646843512466964,0,0.713587397073896,0
517.1498654623954,20,0.11220529955372832,559,2,1.8768918297199924,1,0.9099205592145213,0
878.4130491422359,22,0.05013130611015663,750,1,38.37846126145112,0,0.9400561680643086,0
317.50984724629643,18,0.12958015934233122,614,2,10.149323177596969,0,0.7143874473768596,0
762.223793418498,14,0.03712685891545338,920,1,2.974002271615795,0,0.9067022214232695,0
749.4336916401071,18,0.0757911746842909,947,2,8.949904220228088,0,0.8617114619041593,0
956.0378001187952,15,0.02979256219980017,876,3,27.01697892901666,0,0.6355457323743475,0
899.2660443325827,7,0.13365670213890052,822,1,24.366595403580305,0,0.9422290014826491,0
620.3634926545442,20,0.21715828107794205,544,0,38.9528452612508,0,0.6850428259548801,0
982.8857335539859,7,0.11195377716192027,30,1,33.63920473349937,0,0.9828047783474457,0
482.4399142159879,7,0.16836199358689413,243,4,32.236139011910005,0,0.6237607987130647,0
664.2466234533674,17,0.07308324219222809,651,1,0.6993417195226239,0,0.6207453132452752,0
1069.983507519325,15,0.04639063515827425,803,1,1.3922477312092665,0,0.9438809619744515,0
868.2678936144061,11,0.22308738394606467,654,3,8.547935645856557,0,0.810869990815068,0
587.4102153153448,8,0.1928620031222337,902,4,1.5732099619610482,0,0.9505340338465658,0
477.6868272385529,15,0.17208998818565224,266,3,10.22907786088283,0,0.9504955868013997,0
1058.0649934964092,18,0.027298907103336316,845,0,2.1067754516982258,0,0.6404880550716873,0
347.8097733753099,8,0.15536224670509147,536,3,7.132272618138134,0,0.553971698085327,0
1006.8047190222634,21,0.18655092260352715,358,2,27.208406133906156,0,0.8654185470884078,0
89.79258040663315,3,0.5754324701555583,30,5,419.40513170824715,1,0.3201453318688963,1
807.6800127140829,17,0.3173848824351388,55,1,16.75226612243009,0,0.7108474181547392,0
609.5825757120548,17,0.2612294138712076,434,3,5.174529152277957,0,0.9205923743139071,0
535.644106857471,13,0.048160715562888215,538,2,75.79187737765972,0,0.8745030067563584,0
398.78100722105785,15,0.07453055128283106,592,3,16.995756158905337,0,0.9388105008377822,0
542.552312088135,16,0.11307726370723337,743,5,2.962864117483439,0,0.727049244450434,0
1244.0889439377054,22,0.30258989260374414,46,1,6.464793270016775,0,0.8592300088396747,0
600.3964444906812,14,0.15406966305305686,567,0,57.60578147680183,0,0.7960516036148706,0
282.3283779426749,7,0.11074933174031065,413,2,17.68001378808802,0,0.9520937155772102,0
470.3489600440966,17,0.1293174342870567,553,0,36.13803485513213,0,0.8371451884283029,0
677.2433307858631,18,0.24937552901347887,883,1,1.7890021984026012,0,0.8224164059540741,0
609.9525327969452,16,0.054841838387235255,416,4,3.2881249416475002,0,0.7635293794516806,0
396.31815673247496,19,0.17673321550316498,700,3,1.382534440581879,0,0.9323238965898819,0
469.0013657034451,12,0.13492751257913005,317,2,1.4742290589558396,0,0.81878563995592,0
286.6015150247399,15,0.021588821716075134,164,1,14.262239933206091,0,0.8356278143904953,0
1663.41736360225,14,0.2678323030960528,614,1,3.2239177698552544,0,0.514903102946964,0
221.1922753049118,22,0.21624516474397057,314,3,30.095208787886584,0,0.817477102000793,0
311.08981296178854,21,0.16335917365045732,761,3,16.993638437708945,0,0.822951847772169,0
615.4962134483817,21,0.14410597275763126,561,2,3.4638475668870683,0,0.660620487343282,0
1250.3694023227729,17,0.1868558121860333,228,3,14.799579422110796,1,0.7715315015906998,0
542.0585448794467,12,0.2071640470919034,991,0,6.70920363111645,0,0.9390442819923008,0
1051.6872391661227,16,0.03385410950634197,859,1,21.43899639645753,0,0.9807961788401114,0
594.9398248853979,18,0.34397791759437374,235,3,4.179761496541961,0,0.9185550402622362,0
442.1686381751017,8,0.12364560293815482,674,1,19.069534530167722,0,0.6490867281757025,0
1081.501454424973,12,0.2663908142239174,101,4,3.8351140385864197,0,0.797656028116583,0
980.3005863551737,10,0.18951021987760394,280,1,15.121486368790368,0,0.8182432313428457,0
978.8966860266057,22,0.07958399844447003,532,1,24.944761119310783,0,0.6302751941333413,0
915.9486622633258,18,0.10893923377845137,289,2,25.883304382589532,0,0.8929565551935646,0
949.9910381848586,21,0.1722252593743265,707,1,14.963267205787888,0,0.6648074182600691,0
98.47088445903,0,0.30865336891252954,156,4,249.81929570248715,1,0.42961319595299013,1
212.26016354510816,3,0.3513240868786879,141,8,234.04397213014437,1,0.4936260187180884,1
604.1208763828413,10,0.12109591923501746,866,0,11.390369992234888,0,0.7452382291662386,0
1658.649976837189,20,0.10975984681427994,747,1,7.0509998385100765,0,0.9599690876177067,0
683.4716142952088,20,0.16116792076512765,341,4,3.837077140358103,0,0.7105625235255082,0
1664.877544964698,20,0.277155801054365,449,2,4.936026024101619,0,0.9145100733866597,0
837.2277632820802,17,0.1015871099047288,893,3,8.28530274517875,1,0.8931331947734487,0
119.84936523295548,22,0.6308491972928612,50,7,355.326433429336,0,0.11502913755386389,1
884.3966894623645,15,0.3424404346843247,577,5,21.84039411018569,0,0.9465218713794018,0
538.9479597015965,12,0.2691701288017574,956,4,8.516673805194788,0,0.8089381988045695,0
96.07025155486407,2,0.6471316126368296,30,6,146.38798018864753,1,0.11532367368486728,1
513.6038098526678,11,0.40661319868589024,746,0,10.175520978914005,0,0.6828430390884842,0
1120.1130470055875,9,0.275286564659686,522,1,11.200819429704742,0,0.7388633545595078,0
259.5539427921107,10,0.13480424651918282,90,4,49.897594263033895,0,0.8559086788630196,0
886.6626405175361,19,0.211180607359088,713,2,13.86705000331737,0,0.7710182545086266,0
529.4697953838636,17,0.15512513020112767,494,2,46.8619353234553,1,0.9746531631254199,0
1242.3166593531182,15,0.23325579654462122,426,1,8.593059776804182,0,0.9298649114475388,0
474.1205563372239,10,0.041939198823025256,403,2,15.943242006815478,0,0.9386011556020384,0
1176.9896974079136,9,0.1459282184192852,951,2,2.819992962295431,0,0.8338031893111035,0
2118.767304876676,18,0.1396385020350842,576,1,19.505766152137696,0,0.6202429853470934,0
374.6610374906047,18,0.08496067861948749,119,2,22.32852946938676,0,0.6760719985729153,0
558.8836246836524,15,0.14570097703911244,121,3,0.6669213536738401,0,0.7062243667892786,0
485.59904208801635,12,0.31753420959727124,835,2,0.41602911482444294,0,0.8307589069274229,0
883.8941576633642,9,0.06623291050640413,308,1,29.595916142823178,0,0.8079322079217816,0
990.08373756932,18,0.23816360556793648,868,2,39.137198223951366,0,0.7594575809476057,0
564.5627204793324,20,0.21875868050139002,162,2,10.604130615493018,0,0.6817856512378909,0
450.42025271594184,12,0.20300716858882434,280,1,1.0170347328691276,0,0.9351097622007585,0
759.3385408341244,7,0.3082185555822309,803,0,7.218497809380963,0,0.8677629698295491,0
566.5871325897513,14,0.1826511104951187,377,1,50.48815229483918,0,0.8542473548569249,0
848.240723314144,15,0.24482224864457394,737,2,6.615030988175631,0,0.7803373971725153,0
164.27090890660185,22,0.4788202298737586,73,10,8.466821738540618,0,0.34265693971787853,1
519.6195847528763,20,0.31680601628547134,571,1,34.19761309658844,0,0.7534118400662709,0
986.1126757695891,21,0.06627214945465064,398,1,21.92224990550939,0,0.8300630188334618,0
594.5657643948258,14,0.22059801431290474,928,1,53.610715923368176,0,0.8701155399154328,0
632.3513885852719,20,0.2576048494749104,804,3,20.937674755326352,0,0.6496340751276111,0
638.8728012542902,14,0.21507163656008052,696,0,3.4546986949750944,0,0.7057109650982911,0
970.6793583248418,8,0.11507536259384965,118,2,20.107633609933007,0,0.8346256285277028,0
783.8326060071714,14,0.2571304683781976,947,1,17.219452412136786,0,0.8769944725710491,0
867.6701027572059,15,0.260307924896251,722,5,28.09314088210282,0,0.8783057562433404,0
775.7310828425585,19,0.06025454831242465,234,3,2.7109587869053007,0,0.9820150844573955,0
53.49438626824287,4,0.8172032222138068,9,9,146.71792831195503,0,0.2947838177701284,1
666.3866855393746,16,0.08434523215679457,267,1,18.26179862990586,0,0.8677409162067651,0
349.9128233705337,18,0.4426575876187277,101,2,57.13167753101828,0,0.6459937561290767,0
697.6667224498889,20,0.03686579558930334,798,2,3.637489024428829,0,0.8557464029324474,0
371.65930318730193,16,0.029276518185538957,503,3,1.771606290453501,0,0.7909177000427784,0
1004.0410665367731,20,0.21351703395860386,134,1,20.668952719666414,0,0.9547942641656759,0
335.15880549984104,10,0.02577746936632728,675,2,12.539757799372191,1,0.8116224927951735,0
504.3218794902908,14,0.21139738879275008,849,3,3.7458539533224195,0,0.5809699057484939,0
723.683516230007,11,0.11721314049116972,444,5,15.921950518299635,0,0.8592019548896014,0
875.104461012687,13,0.050619556307141114,663,4,0.592556762359466,0,0.8893544570049667,0
883.3221634174603,20,0.42299245907422284,986,3,3.9533049997060936,0,0.9845861645047077,0
444.70481683015953,20,0.2865879396231313,388,1,4.661202543954897,0,0.8829194402407365,0
1445.8361024090057,13,0.13649494673510626,647,0,19.777992419474774,0,0.8640591496170524,0
72.85158706422725,22,0.7134038457001454,120,5,298.1769670048126,0,0.39317689246240833,1
579.6930219273216,14,0.05830196865856491,61,3,12.78665802755205,0,0.7055848186164978,0
329.9954331617356,7,0.2552405350962314,504,4,5.056828076941402,0,0.8393943613403874,0
411.21260432687814,8,0.29540867994735925,145,1,4.970866961567393,0,0.6340249738023177,0
740.62872289515,16,0.3843358603321848,622,2,43.36609581540634,0,0.9348792052304824,0
318.7466324445539,15,0.11970351916458695,637,2,28.896458257324408,0,0.7601439868383848,0
856.4052960205147,19,0.21221049961680186,127,3,4.80267539165276,0,0.6221806449024924,0
1598.2939510590197,13,0.14777514677736167,814,1,4.78925246080112,0,0.8621669578493923,0
836.5328290073855,11,0.28357602822216316,96,2,0.8910004851558964,0,0.964700878211542,0
1824.6640186095588,12,0.15628682493149346,804,2,10.740517992323332,0,0.7030532733282401,0
546.1695004641762,13,0.47833606037363163,983,2,68.724835267855,0,0.9078362602159925,0
935.3660076541937,17,0.16646164598592728,592,3,1.1974077976621909,0,0.9005899733172718,0
15.36272241541163,1,0.6953880579790589,68,10,10.272446037220691,1,0.08928624664406737,1
494.6212771122792,18,0.2377234663091569,98,6,1.1622509613187066,0,0.8811884860146547,0
389.39705160988404,17,0.17722724484517283,318,2,22.056145587592056,0,0.8754452442172725,0
773.5718345151253,18,0.36920294688872435,227,1,8.024638478169704,0,0.48838526457827264,0
1074.4422946036218,22,0.12781607993073152,348,2,45.05052625324511,0,0.8943018554586636,0
652.2624186998731,21,0.2202372959575143,908,3,9.746318087622448,0,0.7903701515766701,0
278.94863464993807,8,0.07240119332193078,550,2,35.9358194937702,0,0.8698114278872578,0
493.7713207291051,15,0.26500489291980633,475,0,15.944542976045781,0,0.6536180268389311,0
1147.282287039161,22,0.21884261756538056,391,1,10.904948100143432,0,0.9465009882907917,0
569.5182925140881,11,0.13813626467075177,260,4,2.915762201132826,0,0.8755785362879254,0
1200.6490094862347,15,0.07846165052868831,807,1,13.924978847244985,0,0.7827105503674789,0
416.41547798484316,16,0.06598587852723257,661,2,8.220480222098102,0,0.9405204862527049,0
299.53294800121716,5,0.7830854317404573,189,8,87.66723133069434,0,0.3109376519524681,1
756.3031377378431,13,0.28601165797960054,578,2,62.28797915663072,0,0.890172851975459,0
836.1467453151582,16,0.32476923058776686,211,1,9.297561062948262,0,0.9223069407251858,0
1096.3124090736167,16,0.286907152571068,599,2,12.767948421562682,0,0.7246343334042368,0
499.1200063529804,18,0.25083480109957024,689,1,5.74757546782515,0,0.7250543924911753,0
568.4900345345516,19,0.30338812376043917,622,1,42.63076297692284,0,0.737069005553164,0
843.8519161472387,10,0.0745048385206773,63,2,23.925340537778833,0,0.938101887266102,0
427.90719623174385,20,0.1607944535286586,506,2,16.07072209857444,0,0.8648544390465384,0
50.406117809706515,1,0.6995623035507373,118,10,142.20400041662418,0,0.2684814184503973,1
1276.4772907284928,21,0.1508754363071475,913,3,13.104984421441767,0,0.6927786751045546,0
831.6430363190367,10,0.08361600737916927,96,4,18.809922378056644,0,0.8034936136762735,0
432.5976688076594,16,0.1399553121591049,767,0,3.0054546524507444,0,0.8940199085862831,0
649.1550301280515,14,0.087302685995283,246,1,0.9917472294190177,0,0.6826895924282731,0
699.5950582272874,14,0.16702424710940175,726,1,7.87981862614437,0,0.8242369570795147,0
807.440864843945,22,0.08832421804486926,156,2,0.18131822749792012,0,0.8738701179521432,0
93.30951171303525,3,0.6568647387331377,88,7,15.18685892180023,1,0.43456701942309767,1
510.5181976610603,22,0.1831091571185613,661,3,0.1293336993327078,0,0.9221389036858733,0
976.736478978516,18,0.18173643487737492,910,2,3.6693389383086252,0,0.7309459803464028,0
280.4343444150561,22,0.2205296894630133,562,0,10.838914021626493,0,0.5429634080199929,0
278.50422181035134,9,0.05856902347339396,494,1,6.959656875066241,0,0.8861945707836879,0
602.9459909223217,14,0.25178479971005047,338,0,14.439039692470832,0,0.6756808369368491,0
820.7812607189537,13,0.10457152418520517,887,2,7.2909401039386195,0,0.9196805476999504,0
475.4774220399547,10,0.22892124951014245,969,3,14.1239376982217,0,0.891767340148101,0
910.2360441946142,10,0.22564653299818457,649,5,34.90699757853277,0,0.7577300316292744,0
310.6529417475085,17,0.10105786850798383,690,0,3.1793141991211606,0,0.7977639189151515,0
768.6978568695213,14,0.1873617741489812,802,0,12.025958334571891,0,0.8147452466611698,0
1023.0705786933021,14,0.4440360207282234,474,1,98.17441590130015,0,0.6830402668050483,0
542.2194177748688,15,0.07959873183313787,733,1,7.148112925200387,0,0.8976768422570254,0
20.77869936909654,23,0.5251705481997098,84,11,5.74418521289913,0,0.3636235152472968,1
170.5345772252058,16,0.6789076863946061,772,3,35.468733650415984,0,0.7898604465918577,0
981.0897874475485,17,0.08786523148870024,190,1,6.353222950722762,0,0.9840347173240931,0
512.5379719317809,9,0.2752454326180623,111,2,19.707222720001308,1,0.8366429322850307,0
156.95631690341318,1,0.7776754743079478,89,5,39.013946049110714,0,0.34889186680854567,1
805.8194048138181,12,0.24128341750955334,667,3,32.26398145075653,0,0.6631300371072737,0
940.9006996497704,17,0.5481405957465852,738,1,2.712999658051809,0,0.8328197052134663,0
169.94205645877116,17,0.045553818391112805,888,2,10.767729894650193,0,0.837293977126121,0
521.2680639945403,13,0.07167279723483605,823,2,6.94108719758852,0,0.7948819486570013,0
340.2251252410435,12,0.1687965690434472,769,0,17.734326791260944,0,0.76479420856399,0
322.7602440794776,12,0.019908330431517685,966,0,12.54178981789273,0,0.5351129200180988,0
948.2788101181933,17,0.16925321851822298,834,2,8.67635386090753,0,0.893287343134834,0
1468.143034994364,13,0.11610998938842107,247,1,3.410013590276249,1,0.7647643451404574,0
530.9275041873502,12,0.1777268511333766,395,1,34.48850330537311,0,0.8068082471384278,0
1055.3424276632097,17,0.05739263186620868,251,0,7.542637925239312,0,0.5611192332027681,0
423.5399352177555,22,0.13815702857452347,65,1,0.9520386373921637,0,0.6932366834605058,0
432.71872269762883,12,0.10611586100846723,899,1,101.93683310938218,0,0.8175775068625356,0
973.2832563451558,17,0.22111206914366874,205,2,11.775633266835003,0,0.8719191562216606,0
635.7809267718595,17,0.10302296834586892,663,5,2.767930629999899,0,0.7829156495085011,0
684.2648001632997,21,0.5526439007070874,866,3,41.90112554257143,0,0.5754147472486744,0
373.8277317189258,9,0.11544994890890685,157,3,52.20090907711844,0,0.7664809073071893,0
62.40198607689375,4,0.3560634913147312,43,7,50.48548205217836,0,0.3689035938091038,1
1114.9763536057237,17,0.015284814021976208,104,6,17.89393394543827,0,0.9252944732703284,0
367.30897989454957,22,0.17361622568613522,765,2,54.153037833075025,1,0.6818875181401284,0
712.5380862873027,20,0.17707981394568706,151,0,25.213002755880737,0,0.6397862228798837,0
771.2072113553636,19,0.24682917042800168,445,5,22.53093611954579,0,0.8079150021702393,0
881.8303502068684,19,0.24708898808959356,503,1,18.879361911372825,0,0.5796542852343495,0
1097.8996576595746,11,0.11604631327022095,938,1,9.04090670472853,0,0.981056128933095,0
593.7551069600876,18,0.16995188758743918,731,1,32.231491052153146,0,0.47809819222178124,0
651.9472939459054,18,0.2788970008259335,781,3,9.83518982906421,0,0.9713401671072821,0
362.7179812515232,17,0.15592696540898027,146,0,16.666592977079237,0,0.8895197230487286,0
670.5482353181219,13,0.09112510260459666,946,2,13.144356672568788,0,0.851064669417484,0
2372.7569571713275,8,0.07126310253300584,476,2,36.23479905388558,0,0.9270320843071549,0
407.2861080595772,10,0.08254898171546043,326,3,1.394057643987784,0,0.7954812978175038,0
875.8802673271014,18,0.1355019544074377,798,3,9.171744904789165,0,0.7068542541841799,0
814.6634269353754,19,0.21526677455831564,276,2,41.37558870360101,0,0.8183998836847367,0
764.9206054465619,11,0.11303121462047944,495,1,4.432108603344859,0,0.8195130071991912,0
586.5336685436695,12,0.23727245152686433,170,1,6.643504503990398,0,0.7913390835309095,0
721.004006500925,9,0.5336770909970093,243,3,15.257632071107912,0,0.86271218553044,0
917.2622065938015,11,0.3046475157868583,993,2,3.25814591633138,0,0.9747478454376817,0
811.6916663786869,8,0.21190941218044382,165,3,0.22000852809442586,0,0.7718332970272145,0
785.567829968493,18,0.04207555190453726,528,1,7.7767786399511385,0,0.8547484317729882,0
1526.7724671297794,10,0.14044492110932336,487,1,5.810398731353611,0,0.9824363358387996,0
348.84329165229497,20,0.13721291948045905,183,0,20.987644624248336,0,0.9013818001583997,0
484.05237579967906,20,0.06730657684646542,395,1,23.19571422718029,0,0.8162476342095311,0
364.69974759603446,9,0.5183925329776087,855,3,52.65092843845808,0,0.7216390939480315,0
1032.5015799202342,10,0.30506174824941934,475,2,4.068675018820444,0,0.8418975704508619,0
1077.2997189203043,14,0.4301340445056381,391,0,65.96436467220194,0,0.7121679657737187,0
393.65255220650016,10,0.17901424033883956,430,1,14.035645184148343,0,0.6944465258356501,0
913.0708298575663,8,0.21138906433475438,892,2,4.508749209697725,0,0.8753763006294638,0
602.0868833027566,12,0.2179114980426331,54,1,4.553868232063125,0,0.8708446099544327,0
707.5192909593449,17,0.06509486436570325,340,3,10.402793356890516,0,0.7794187059908706,0
414.67867229927197,20,0.0846874846213868,402,0,13.59391455656519,0,0.7964252637060012,0
507.25831124748254,10,0.0963042589753417,594,4,6.02290248489727,0,0.799995968877827,0
578.7115631424856,18,0.09598880753073148,285,0,7.521654816364699,0,0.6766234527666073,0
1313.7339372091103,18,0.1945936725058974,379,2,27.96927562394669,0,0.9465739210088745,0
1264.101555531511,21,0.21800447988975888,640,2,0.05365759743569652,0,0.8041967881305082,0
503.8901039424428,8,0.4078733652123862,511,1,18.967441640051767,0,0.875159148994931,0
1419.8388176434046,9,0.34439902053571997,810,0,6.7270542419358526,0,0.7813861597843338,0
1239.837784765706,19,0.13578143177106178,344,2,0.9842469102444299,0,0.5948130158381344,0
257.0064443487234,10,0.18435200220354542,329,3,37.76456423848306,0,0.6175655215052613,0
41.68730154313851,2,0.5209644546951755,186,13,106.56234690120104,0,0.18912947638236408,1
384.87349730263736,20,0.300991580400773,108,1,3.4590711614873464,0,0.7406935661571404,0
102.36662443027888,22,0.4324742534518768,118,10,79.54383275407689,0,0.2644413854496041,1
1046.4608306968112,22,0.32450324871882497,770,4,30.13801110932198,0,0.723641953229439,0
328.56048635398145,13,0.19833195447491625,783,0,17.589536690442213,0,0.826480623962631,0
569.7263866966099,7,0.3479829016983118,266,1,35.71265429931692,0,0.7964534434290093,0
3375.000812535853,10,0.398906167145913,258,4,14.902430360292792,0,0.8868243190578936,0
828.754208365003,20,0.2872668819334459,295,2,2.3840103510846515,0,0.9203592529856682,0
1190.2823237944906,19,0.2535801516756531,800,0,26.54344516319559,0,0.6509708837903647,0
942.8734435800616,18,0.1005432551951677,412,2,2.870543831099686,0,0.8226092528071575,0
678.873556422757,13,0.17823977828065052,785,2,14.637276609978715,0,0.6747030122612456,0
736.023817675311,21,0.29175375003210174,858,3,65.90798679200547,0,0.8387649957197985,0
400.27971312459,8,0.1292287649537716,454,4,0.8709520339696727,0,0.8180324260383112,0
429.68241473446915,22,0.08497485541846422,695,1,2.078387633085736,0,0.845893760378869,0
505.8075601567526,13,0.10216611576472549,137,0,5.906291957503797,0,0.46844118279068386,0
264.28164354978423,4,0.3457475889153429,92,9,26.40073828798287,0,0.170251205882981,1
1552.8013175598076,9,0.2544149177323413,459,2,5.412836226952091,0,0.8144455788162858,0
537.4423990476192,12,0.26747804076711357,42,2,5.087788694303632,0,0.8096504986874595,0
469.04859723095217,9,0.08754208162154396,98,3,18.39651302068216,0,0.7437136652712779,0
437.4032665719263,16,0.15599848847196904,646,0,9.323346692526206,0,0.8115838562055694,0
232.40710537916377,20,0.028704919302427342,316,2,2.1920988060625324,0,0.9254935920710575,0
1419.7033283837723,20,0.23209365651523392,44,3,12.757870344792982,0,0.9157833555835804,0
1147.9469743896975,11,0.05542518335651247,915,0,3.512818169306603,0,0.6004652572180862,0
712.3838078299823,19,0.18005658065434135,732,1,21.55197394549991,0,0.816321407814349,0
1364.2611377526252,18,0.20357531281051056,619,0,44.27484382891359,0,0.9111106460535559,0
704.3164721358661,19,0.19399367207304152,47,3,1.5942502428338734,0,0.6756594655932364,0
611.8977204365445,14,0.19917093023511276,194,2,3.317206028817038,0,0.8441276656028106,0
1447.5821999189595,16,0.44431855506150636,211,3,39.45954754863443,0,0.7340813743561602,0
430.667608531296,8,0.3666336960697001,30,3,16.290999995420265,0,0.6972301851747074,0
551.2966451150038,16,0.2364336324841791,557,0,8.509754838801983,0,0.762624558954834,0
503.39577486162784,20,0.1947192801870951,243,4,14.364625992740935,0,0.8966643533934446,0
1686.4419475950774,17,0.4349321415579271,508,2,25.289730441181025,0,0.624687740295817,0
686.1124723465948,20,0.08088438932969165,204,0,1.817022339517192,0,0.9516651886733305,0
438.68053375503206,16,0.12409103751138634,839,2,7.740721213363541,0,0.9217066257511217,0
865.3066237527532,16,0.1357750223027768,554,1,9.007529312351572,0,0.7920295001556001,0
553.2589573757224,11,0.10923732554477424,916,3,23.714888688819517,0,0.8574521214852435,0
416.48791597124756,13,0.13619452857706485,632,3,36.3198507116231,0,0.9104455296647967,0
1342.7051411797158,9,0.11169200168075821,122,2,2.6282028928021552,0,0.9766796140825673,0
395.4423191614078,15,0.23089892348902574,494,4,48.5032422186892,0,0.7760308166901987,0
1100.071563238089,19,0.32398776647407906,370,1,11.560863375984127,0,0.7600641158833952,0
494.1609402383887,22,0.26481653041893444,53,1,1.450168796112361,0,0.8237489745436398,0
1627.2230437618307,12,0.1765367021722355,537,1,41.27919183120953,0,0.9720996138873607,0
968.1676526047769,14,0.11483429133633424,953,0,5.9553971613066485,0,0.7391038440865789,0
429.5917931001536,21,0.19902273675950286,953,3,58.53917795771801,0,0.5725014544425993,0
693.7833753102803,18,0.0713352052885549,969,0,33.31302350713921,0,0.8742539079092848,0
441.984286355696,7,0.21507358094573442,491,4,7.955086035629231,0,0.9024816782219357,0
774.4870327190667,22,0.04897867711700919,474,1,9.235089636457644,0,0.8562181217643522,0
375.5112023675974,21,0.07389027615067877,868,3,10.148210183949889,0,0.898220534173016,0
1100.3849281347818,8,0.05312542336814922,641,2,26.33365157736759,0,0.7705769347602989,0
1044.1484315820003,11,0.22339182645652664,350,2,1.2506084048167474,1,0.6508614129921954,0
1210.2778447345258,22,0.1643041915420139,193,1,36.375555018630685,0,0.7541434085331215,0
1373.3654092563777,21,0.282935290837767,514,3,4.742708994694012,0,0.9153417838731636,0
442.08791985703664,19,0.020495736279415467,950,0,4.986641427514988,0,0.6416244005572933,0
329.7164402031643,18,0.17070064368825671,159,1,14.717782473355983,0,0.8123376712566497,0
902.9138002146319,12,0.3612856659844228,206,0,9.631410059065514,0,0.9573335405626728,0
1328.889123352797,16,0.2874817890173199,901,3,0.3545942234015449,0,0.9316475848101892,0
652.5265414814302,21,0.22232047127353732,222,1,0.3503972173610259,0,0.9238733991544567,0
492.0804830959976,17,0.3321436602520977,203,2,8.336987532021958,0,0.7848869990056655,0
1112.8739092535022,19,0.1460482885599377,561,0,2.9117958431083473,0,0.7231975470379538,0
1033.5238091197468,19,0.3050342989025156,748,2,5.397955909230333,0,0.9030741056685705,0
780.4232928315367,19,0.7258187353122945,678,4,0.9768306108384998,0,0.8732753497005925,0
912.5862433772918,9,0.1388178109943078,68,2,39.409601261725456,0,0.5819066335515494,0
1081.5934071609463,14,0.19732269290062798,737,3,13.191928970102293,0,0.807979593051922,0
701.2761764417111,22,0.3101446289951714,690,1,53.66646649658995,0,0.8756671290528588,0
773.0282911300585,10,0.21342684818383736,298,3,1.1743856454447053,0,0.7527836254889572,0
670.9093586134248,14,0.2089585120049875,455,2,0.8421410855527409,0,0.8466889493821563,0
619.2130688537095,14,0.08527934769139724,397,3,14.841677202725467,0,0.6985996871448117,0
883.5253803278868,9,0.3048965580379151,37,2,2.983812002200641,0,0.8831686827201165,0
900.190641344771,13,0.020650451484991773,629,2,24.105168628590693,0,0.4250281087013064,0
941.9468169326781,11,0.10546429373345993,760,1,41.57220175491798,0,0.932483928654538,0
397.5377277848783,19,0.4352301426213672,775,1,20.93287120924771,0,0.9354697047813826,0
451.1668012186859,10,0.018810993274174657,164,1,12.281462606486347,0,0.9467528411859838,0
375.3861916421928,7,0.16498778381818963,271,1,73.98792687402768,0,0.8783457140170523,0
1380.6688789765362,10,0.3466799739872199,415,2,10.04390806407139,0,0.925790201175972,0
254.29328549294547,7,0.211980125349914,599,0,5.513827216775442,0,0.8604987849367361,0
1385.06854049233,18,0.17498411330023433,356,2,10.659735876558873,0,0.8351788551216327,0
698.3974886776475,8,0.2741300354885624,968,1,23.99155802766366,0,0.9374729432017195,0
769.682289957067,20,0.06109256019536698,879,2,16.949290780638588,1,0.7127600941068527,0
442.7609235785794,7,0.04894432830736875,703,6,12.769504649542888,0,0.7854893065461386,0
151.8512822828912,13,0.5173572265789904,499,2,2.06854478921719,0,0.9485763488215427,0
480.51431879433005,19,0.4023635336972325,372,1,3.1902511850671234,0,0.8890827027898931,0
593.1516891615888,14,0.22056414181078254,491,5,14.645825470344166,0,0.6897578618630749,0
664.620720894102,10,0.29354750646959865,144,3,9.657347959343818,0,0.6783777520711094,0
1629.5620475477788,12,0.0388358765368443,581,1,29.162415607453713,0,0.5773630175861982,0
629.3184661493865,11,0.21755228493929982,705,1,43.81949712806609,0,0.7139715847451015,0
548.2535202429776,17,0.07626378691584955,876,4,4.216534301030657,0,0.8738791004774419,0
913.2510173472326,11,0.1325405177803977,498,0,2.938949066544664,0,0.8708489577611129,0
263.3173920269318,11,0.11361536991691759,914,1,25.770890999783123,0,0.820140826756603,0
407.2036003662434,15,0.1675749424090747,60,1,41.93347653019628,0,0.9455400096194294,0
478.7682233074294,14,0.4709754358457142,608,1,0.9166314170719093,0,0.8669930354425573,0
332.1639191803811,19,0.35321207290134743,781,5,9.792576009548473,0,0.6533643581965863,0
491.95394847453565,22,0.040357296346178295,121,2,21.02645501169894,0,0.7758027877642174,0
711.588125231953,9,0.28908058531974434,905,2,6.462690995661134,0,0.9614328894704064,0
675.1731078643135,8,0.1769363799767403,470,5,55.74015933172185,0,0.8384708518468214,0
703.0484118106923,19,0.2287910234017647,163,2,11.288349939381453,0,0.8439943644306882,0
502.92799006778534,7,0.14872592183410796,644,2,13.623714033861681,1,0.8664208690033075,0
314.87540779624493,10,0.24265079457238134,783,3,1.6178864775911683,0,0.9173062905839127,0
480.50451075408864,17,0.2183417516743999,484,4,32.7188488577765,0,0.5574026745561181,0
353.79162384492764,12,0.14295464964055396,276,1,17.19394615976672,0,0.6944399897875448,0
765.5762254804021,19,0.42281585078612544,381,2,0.7564649976439672,0,0.9227823524793067,0
1326.8669578179245,13,0.508323600839459,841,4,0.29172246611434605,0,0.9294871672948022,0
328.1187576480327,7,0.24178144291804354,524,1,95.23102376397111,0,0.7514071896709404,0
479.87226501964,9,0.2410184569761141,50,0,23.398323675513996,0,0.8073081542400797,0
107.52942746118366,23,0.820736890930952,88,1,19.158028563570653,0,0.211562710369937,1
1798.072088853741,21,0.3519439418214674,347,5,56.743198342169215,0,0.8578364485210007,0
970.4122674782825,9,0.06337965538377409,333,1,3.216161433593544,0,0.744484955441612,0
335.03598750383634,7,0.11475009641736839,689,5,3.376315451739519,1,0.7664446661574749,0
1833.8584234297437,11,0.1697091261387383,192,3,72.58639637891599,0,0.6909638155926583,0
927.9192555378428,19,0.28778857133116126,953,0,24.227532650384266,0,0.8788089533025037,0
754.3346453758516,18,0.13390657870326456,80,1,22.474702004524545,0,0.7855115126645135,0
415.96201434157086,10,0.08790098405986987,664,7,3.262490489980016,0,0.8798919781676293,0
414.92714806753065,10,0.26535451515015124,68,3,1.7506465982539674,0,0.8721603043764978,0
479.4698690677662,22,0.21279258855746186,408,2,22.05925789927665,0,0.8972019541897426,0
1352.4435987102283,8,0.28374958176267157,560,2,9.061939484106375,0,0.9413453596563762,0
804.7248764529861,18,0.29376324568585516,223,1,7.077610691099832,0,0.6090885421772972,0
375.12925133945,11,0.10263131620570048,673,3,14.206526460596727,0,0.9286163767240915,0
313.53427448988094,21,0.08688006009864918,60,1,0.6375926490268892,0,0.9203823501390864,0
518.1456046889014,1,0.8901410289739575,187,6,534.0469413948347,0,0.2809652997892641,1
978.6550818640013,14,0.20764556439052045,137,3,25.782660584573826,0,0.8020979380289649,0
457.9674543538929,12,0.18054643753349528,756,1,1.4422260338897395,0,0.6372230562833314,0
204.3031983645799,23,0.7547184092999931,126,11,80.69732666573971,0,0.06520727984826268,1
834.4365386182028,22,0.10599119616834349,392,3,22.752484657226344,0,0.5051949517714263,0
726.848019106258,8,0.10882679421316484,951,0,34.48529287738761,0,0.7739406731457142,0
812.6649401478793,16,0.19895711796556811,681,1,32.137859583311965,0,0.7071084095714647,0
667.5128371913125,13,0.08916013424716598,976,1,18.933292438251893,0,0.7260016189439329,0
877.3662910271706,22,0.08836533000866288,472,4,9.845434860426446,0,0.938758973710047,0
590.9127284880549,8,0.15001823838216072,672,1,32.09172783211202,0,0.7047116782617603,0
469.3817452224009,7,0.2773684159379066,341,3,19.47700437092684,0,0.9983659763032627,0
683.118683807167,9,0.2720877372648336,767,0,11.942855220066052,1,0.6582398754665985,0
109.5348422593003,2,0.8184435183196476,187,10,0.0033684741259462658,0,0.10182911373018101,1
834.35367627,16,0.0977292300049782,225,0,24.676535613358148,0,0.8370554044875113,0
563.3802617260495,19,0.15630476430932672,734,1,0.0061783492106026695,0,0.9477348887679705,0
1072.203934803372,19,0.2549261123663128,484,1,0.3111706253494555,0,0.9442533910162982,0
602.6838305699599,19,0.3354251267123651,32,0,0.03858013031285566,0,0.7219413172994202,0
399.50536975398063,14,0.18968228488134206,188,2,4.311999840427724,0,0.8267184736728261,0
218.507747664547,11,0.277873524278945,186,1,16.46490138114113,0,0.8320201776142656,0
489.7364152467063,18,0.08086259869956024,454,5,8.40952698674851,0,0.6758569434702479,0
536.4785379627912,14,0.18486731411751026,252,4,2.086715757744584,0,0.5961826628851561,0
1183.8448486536017,10,0.21429836788808565,696,1,5.9293774419829886,0,0.6199227514399686,0
422.64383869236343,8,0.17192590716984493,616,4,0.662639972774926,0,0.8334362396911886,0
838.4492285937959,19,0.13651711799298433,793,0,22.068453879181988,0,0.6560940176366167,0
174.3526969289547,23,0.7570162930699985,116,9,44.511514132467425,0,0.13139535390397244,1
331.6065126325555,12,0.2218754792358492,988,3,10.04051009134949,0,0.9233386831069615,0
525.3382845480475,22,0.055928408872291314,420,1,38.54907668239107,0,0.8933404840920013,0
234.42979606761267,9,0.2198278445484763,464,4,24.234702423579325,0,0.8339454205213105,0
957.5946306694678,15,0.11800693123908447,31,0,55.7681103615532,0,0.7761663161610477,0
994.3791456232645,17,0.05088729030282193,422,2,4.1011643740182055,0,0.8891757000847962,0
679.9562189202786,8,0.23486252659241513,977,2,1.6176996373379944,0,0.60642962253986,0
286.5003801776341,15,0.2067700636804524,271,2,18.61588452134802,0,0.9285276769838594,0
418.84630006113787,21,0.15830185983211192,500,4,9.238380647408789,0,0.7660332131263036,0
2167.5166605742415,7,0.18810120326491572,553,2,7.700606515650275,0,0.5874076204809786,0
1145.2095621597045,8,0.327946125415429,929,1,63.09927583674681,0,0.7574787811276573,0
966.6188636752302,8,0.13047864381392668,873,2,14.486451740079364,0,0.5194284468027591,0
591.0334588536913,23,0.6071006024017341,168,8,656.1181141306377,1,0.09501219531243255,1
489.21144799357745,10,0.2772958830139651,106,1,4.716412132736056,0,0.8719613431437636,0
975.1635122679468,10,0.028018486752992174,732,1,21.903288524300322,0,0.9268114556849382,0
852.1904136294888,16,0.11095258247454409,74,2,11.792368144835718,0,0.9049118885721317,0
1069.9620670770573,10,0.24074006704878703,495,3,4.875933850183644,0,0.5564418743715098,0
652.0745426242768,20,0.2745020203112181,713,0,0.5870195536716317,0,0.8906616087709042,0
953.6999451494569,8,0.08498717384267765,956,1,1.2194258180033768,0,0.8761917291216825,0
267.13694339836405,22,0.3511613724710474,894,1,1.1160193339073792,0,0.8868292055591578,0
285.6531215975631,4,0.5923812828221966,56,9,393.02185542214625,0,0.4230442898873316,1
1207.3739629192862,7,0.0582665835656057,447,3,14.877338051120812,0,0.8310779038439216,0
358.1445680334172,11,0.12079833724316641,423,2,4.535128675983046,1,0.7810068996244668,0
84.96911892307243,1,0.584756767763441,192,9,189.26521941535648,0,0.18615317243163748,1
393.83579798747763,14,0.18720144188281945,959,1,9.292944303583596,0,0.7820349756473174,0
454.84250109507997,14,0.1627592566664898,579,2,18.748781885537074,0,0.8891282675527467,0
933.9004032712812,11,0.5250376503968281,185,2,6.032072487063961,1,0.8147028063385324,0
302.9105597167107,16,0.2828789606765497,546,2,28.329996601440858,0,0.8987812282574141,0
413.6164609658694,19,0.1887835853982265,615,0,16.518908029451907,0,0.6947455051503106,0
319.5772059852861,18,0.23908156716735027,774,1,28.83267700564445,1,0.6545250478151372,0
280.2117498434365,8,0.1736292396753732,47,3,9.869552667566223,0,0.9548384988925338,0
637.5391086668328,10,0.3404413976002053,323,1,6.736946936170668,0,0.8639108248254433,0
801.5611990086946,13,0.08940056756576706,225,1,19.31068078417964,0,0.9141193971578336,0
776.8364307204924,21,0.21291556123760114,290,2,37.742084638909525,0,0.8140471625669653,0
934.2666991316936,16,0.029553367936142536,713,0,19.172611496691836,0,0.8421895927654699,0
286.83694278238045,18,0.07085352233520739,238,1,6.5227274822652195,0,0.6708603728072241,0
878.9154399404929,10,0.28466232998341423,743,3,8.40570642228159,0,0.8711544521420015,0
955.3067916839071,19,0.03381002664145854,451,2,7.114111266159167,0,0.7169193808362512,0
1369.088523045717,9,0.22402853782972085,152,4,12.73073742479115,0,0.8951542006452686,0
1382.4147252165026,9,0.2742205349766842,853,2,4.445548927500958,0,0.6801215885511191,0
355.8081827855785,18,0.21227233480502225,769,3,0.5755892370802782,1,0.9237246518668472,0
491.7254989770197,8,0.08110970061859699,238,1,6.573012127303573,0,0.8541528214361708,0
603.4887029183421,14,0.1103684996502802,763,3,10.323214835534884,0,0.9582752431656169,0
1294.4495770599447,18,0.06561994082858792,310,2,54.930508927745024,0,0.8893704151643482,0
735.8322889637201,20,0.0392260587617994,385,1,7.6687362054109185,0,0.8603020943534434,0
648.0606630851785,17,0.14339522410841823,424,0,21.34629912803616,0,0.7259292975205357,0
1204.9235120812868,13,0.2031514714268077,544,3,4.268103963288966,0,0.7331556343718202,0
561.0968053400796,14,0.2011442855791704,855,4,0.705007479700597,0,0.7690972441889519,0
437.76529614062787,22,0.13771776238830372,40,1,7.051526284667665,0,0.699801660625043,0
1528.4163060186734,16,0.14434765235226185,160,1,9.664131011708495,0,0.7869450674925695,0
597.4882806898448,9,0.49413919496901515,763,1,16.066678129263444,0,0.6592214429722334,0
832.9057133948921,10,0.0590138831509057,838,1,8.908443241436837,0,0.7474374877554789,0
1047.4032743819344,9,0.08893106050331938,536,0,22.652240462675096,0,0.9372403230415688,0
341.7963755618101,21,0.07706088477338664,731,0,20.217786283682088,0,0.9476426734845486,0
255.25762550241183,7,0.05607080038310531,589,0,4.3385006553026075,0,0.9164054171312688,0
1530.185062423769,16,0.05696848149855451,688,0,21.6426708292604,1,0.8994591066059644,0
433.7017349626539,13,0.08250307872732837,902,3,2.268738225851217,0,0.751480474035283,0
1260.672022026643,22,0.01850885022813282,229,1,6.7750835617307725,0,0.49270654033947764,0
1013.8763312784504,14,0.0895476200650841,252,1,6.927766182123624,0,0.9588816076094702,0
1171.9580010968557,13,0.3785874929455484,302,1,2.6847558741767257,0,0.7772023358393778,0
1621.0822023325316,19,0.08029480391347918,957,3,10.75800274763576,0,0.9322762891772605,0
563.1134925625804,18,0.30440505772831006,978,3,1.4534814061874715,0,0.8246988542617494,0
375.5988490854993,7,0.05264642606041642,590,1,1.8950841188818608,1,0.8151576270137053,0
448.0494751599585,19,0.22266589702863876,406,1,22.494508497281753,0,0.7638178897946443,0
277.3540049387082,13,0.12520278074929111,946,1,1.003173882661965,0,0.6307969786877116,0
713.6498445441808,18,0.24796716016399742,398,2,40.50523658950592,0,0.9353593977246097,0
235.53661164893728,11,0.07504700859076634,794,1,9.832646174780173,0,0.9493118134228021,0
459.1583974659698,10,0.18404796356428113,378,3,5.652081534181027,0,0.9254326880188787,0
574.6041750650927,21,0.11709623604066578,262,2,12.266684080820406,0,0.6178563905872462,0
171.1584116803197,9,0.0986920575740987,743,4,31.195585519479096,0,0.7987233344959016,0
975.6820309770253,9,0.29753554709506114,705,2,12.196353522303205,0,0.9433676296383076,0
886.1854245340777,16,0.14688137595832904,148,3,8.86466338671409,0,0.8969313377436802,0
652.3670884745669,21,0.3496683553891225,378,3,23.557151159937355,0,0.9588078089769985,0
980.8397107573027,7,0.5259030378607319,906,1,3.008426379447134,0,0.9566951138551778,0
727.3105572555131,11,0.5125416525867955,43,2,7.056960821472068,0,0.8709223108074472,0
632.7474967254743,8,0.06620918111569137,977,2,3.0175651968558754,0,0.9352253519131194,0
1781.0250587203614,13,0.04820875285964388,930,2,14.87450828955761,0,0.6498974875838908,0
527.1657411635339,20,0.024259155368779144,751,3,9.915923637629046,0,0.8259478224612012,0
610.2345354089011,13,0.17738109002726155,181,3,8.602779291642303,0,0.8998417570112774,0
399.03246695883104,7,0.44558923724159555,65,2,41.75686659894338,0,0.812067839546605,0
492.12429589581154,15,0.0390833827454605,205,5,2.219800996759414,0,0.836276704986499,0
907.0243190422107,8,0.20245779222795807,519,2,24.02563199542083,0,0.887915316136347,0
1245.50169160899,19,0.11720611643152987,331,0,3.562361809980915,0,0.9417056719831546,0
584.4731124805409,8,0.39500553187196763,600,0,4.401878717660967,0,0.7257550269972032,0
567.716923293433,20,0.3310604693802181,153,1,7.4043673276317135,0,0.6628038585308378,0
857.2877136597297,17,0.20758234643727994,792,1,11.358546023688525,0,0.8195162675923263,0
593.4606886838056,20,0.2291133811860745,658,2,29.553418076370935,0,0.863782497831853,0
455.90763636741445,13,0.25609274834742296,442,2,0.11732217773563858,1,0.9202497114881006,0
815.4863261254219,8,0.3663374701348563,951,2,6.726401919769238,0,0.9040176919972395,0
1502.7112962885078,9,0.2925218436546416,969,1,23.53519443151304,0,0.7340930254907492,0
709.913124323446,19,0.3929976480961955,793,2,3.0545266142191587,0,0.6684992756285759,0
1237.1774844747815,14,0.5104767682537582,466,1,0.44524571987668377,0,0.6413607944516853,0
598.9324479939887,21,0.1724497654433396,710,4,2.7487153717926187,0,0.531984268178221,0
546.5382071839232,9,0.39962921589205536,993,4,16.04680994922682,0,0.8299800153703967,0
610.8984154287624,22,0.27620542381568974,356,5,57.23312776971554,0,0.6299358799518893,0
913.6643271958128,16,0.3637829346458936,895,2,82.38807660213138,0,0.8406255109055987,0
813.4518066883554,7,0.10497470260741654,374,6,23.306014201490065,0,0.6713885892972306,0
764.3476919174186,10,0.2951313155520189,233,3,1.483611375352873,0,0.9382544700401687,0
920.525857493176,15,0.22243168531348734,704,2,23.684572558613567,0,0.8104245536320263,0
393.73586076396924,15,0.2036382111946182,589,5,18.692688587276425,0,0.9673546765059864,0
411.974521538491,22,0.37677327933428423,91,4,10.143756393964328,0,0.9523967810348651,0
589.8632013479014,13,0.1793014771588379,740,0,17.69121202402356,0,0.9315043782883218,0
587.0211614288812,10,0.31665215236556127,546,2,4.791330429180333,0,0.6765743952246015,0
476.25911513553666,14,0.14596037033091394,701,0,27.311615425801396,0,0.8533313189000868,0
648.7177647200181,18,0.24418552443927002,223,3,32.35392235707487,0,0.8850980173329938,0
585.5089703355875,7,0.41811382992518725,786,6,27.357984179807193,0,0.8496843635606216,0
731.8631096794398,9,0.11844338056951165,93,5,18.374624099078055,0,0.9624653430377664,0
297.06511338584824,7,0.08990724530648359,313,2,0.6605255727174351,0,0.8500897663043037,0
1302.1777441909353,15,0.05775165238976598,138,0,14.997542516538346,0,0.6019732416693465,0
485.73443423638446,10,0.2367384253188142,135,2,31.81137440013051,0,0.9376050845005997,0
825.7104064612669,7,0.07240327217396274,473,2,5.166032522028411,0,0.9162219487976231,0
1051.1058254393638,19,0.2524994730180165,471,0,5.122350814545328,0,0.8992259929689332,0
638.909847624682,14,0.22997625775153477,173,3,4.23161286313828,0,0.7824414582456677,0
371.3616261270621,13,0.10635517017129151,61,1,30.398151019559712,0,0.841802893272537,0
578.0050193111932,10,0.010304918058497651,676,1,33.529075376238204,0,0.7909813859553306,0
1236.4241891782824,12,0.03369767576025574,912,4,66.90693354937,0,0.8749018870285737,0
306.3584635283265,3,0.4212927861805729,125,8,5.301560712131624,0,0.5828491663745677,1
1659.4062207165573,20,0.06123504923217157,793,2,28.34564459931694,0,0.6502950060153395,0
312.1587016458087,11,0.3577845290751109,150,3,21.471787720322197,0,0.8244384336564138,0
624.5368937026786,8,0.33075589581431775,816,1,4.666628532018587,0,0.9506635457225425,0
821.5413360986163,16,0.3440779546514303,662,0,15.781035339614565,0,0.6846105171359382,0
1426.2073738531026,13,0.010469322014024543,215,4,48.18803340650305,0,0.8091242946191367,0
363.29851283872904,17,0.4025761966470085,547,1,6.940173208693151,0,0.910327256440788,0
4749.947955295793,16,0.12887615094028648,781,1,4.703254376847427,0,0.4654430537491533,0
565.4735511414543,21,0.4855100436532741,143,2,1.5244347226942838,0,0.7320174559511027,0
678.5085226941487,8,0.09541279848647778,611,1,1.540229672825557,0,0.8401618526445535,0
666.2680253725392,14,0.1426201515876665,70,2,2.732090975404668,0,0.8472441960059224,0
235.62489242839175,11,0.2553884328547875,214,2,9.14565541242117,0,0.8006155543439163,0
546.8821605811252,13,0.3056881151300192,179,1,7.468342531890954,0,0.7755000433704573,0
546.4945522743785,9,0.10370168016736801,892,1,20.678939740721116,0,0.7269243154523054,0
325.1462947531059,13,0.029175187780845747,272,0,14.5745917681155,0,0.8574335956572887,0
600.4417831757427,13,0.03681362371167842,734,0,21.578632950147124,0,0.8976744871270252,0
618.9745943298401,20,0.11901850101080515,778,1,39.23419202412265,0,0.9275392147179885,0
321.3200086013775,7,0.19859857990294685,911,0,19.799456897491076,0,0.6139473581172548,0
1225.8066920277754,21,0.16726631185180924,839,4,0.3792000596999394,0,0.6809566499945594,0
843.9942290158704,19,0.1407595710788337,525,4,2.323387957645831,0,0.7664119075375433,0
412.9902085088549,10,0.11271019986310653,670,3,4.244047939060665,0,0.9630320012502632,0
441.13410614211205,12,0.5060303455598893,87,1,11.46955625831379,0,0.7503956131807419,0
1231.5300598996805,15,0.2018074042597793,220,6,1.8291382384572166,0,0.8824131552166725,0
394.6566908446569,17,0.01958738599215581,610,3,14.813566650259485,0,0.6832023620366576,0
662.2173344862791,17,0.1628950638819778,615,2,0.8374344578361639,0,0.9207031154512725,0
893.5676885296742,12,0.0500554225064413,639,4,2.0669150527850944,0,0.6327118985072911,0
358.1713872704374,10,0.13985136369103476,803,2,18.223282881714848,0,0.8547687484664652,0
1729.8210311176258,17,0.3896283212261133,660,1,0.3004054055884883,0,0.8382250675483655,0
1640.5720928322526,12,0.09500386594488215,935,3,2.250627874612084,0,0.9528961045116792,0
787.7721301245094,9,0.11091941566689996,353,2,16.8299813932223,0,0.9075245400139346,0
506.45898539038353,7,0.23144947737636917,725,0,11.99014540436961,0,0.8276067722657422,0
840.0892820382898,22,0.13041834725958934,357,2,4.783812249539633,0,0.8211529622862072,0
443.9327543207677,9,0.0402317939915929,504,1,12.869901586289021,0,0.9470610415974977,0
949.0873465396139,7,0.48754399355291983,813,2,9.93338481084718,0,0.7698814756340945,0
1226.092162754993,16,0.06935825825611737,157,1,4.77157620377223,0,0.7499353370759549,0
457.0445945270862,9,0.42372271674389245,956,0,9.336014871694797,0,0.6131576397922897,0
1029.3756914253138,22,0.2138922004599168,757,1,26.122974758399167,0,0.7477962314982188,0
1299.7189569425773,13,0.08884226360221512,948,3,0.6777752431330524,0,0.8351801435520556,0
391.2843914320211,22,0.30518438762398764,739,2,0.9286468903279249,0,0.84449136720822,0
1436.0284231859112,9,0.1830181312342736,310,1,25.45621154624446,0,0.7474538314576935,0
831.2899197214866,7,0.08846348469784658,795,3,17.20033392885231,0,0.5592774602899255,0
710.0529238207248,15,0.2578767142375132,861,3,23.207010526399547,0,0.5718421753401115,0
991.611751210399,18,0.07739946006705951,892,4,3.7347496690100654,0,0.8445337957893184,0
350.8080918879653,10,0.16260685969333408,35,1,1.817431327716912,0,0.8356746584513417,0
1099.6457096327529,3,0.7368695155393138,194,8,100.92167636711567,0,0.11484012916046031,1
167.0905082691161,15,0.22231714398114463,115,1,0.367705156949747,0,0.9231982390324328,0
608.6768111457629,8,0.027594047597942976,561,2,8.378295058136272,0,0.46017459599916494,0
1416.6983361333241,21,0.29024112091597326,976,1,59.27124947383108,0,0.8559104069883202,0
1040.6807105504236,10,0.23089134934400324,662,1,16.456105091531796,0,0.7355390806468233,0
520.0710232284072,15,0.0981095894799524,602,0,13.257142874976065,0,0.8154384824291961,0
449.93624874236303,17,0.2926731302990393,482,1,40.14126775203917,0,0.8132234275107926,0
388.09096249865587,15,0.3421120529110611,199,1,24.144359993301183,0,0.9472072908733947,0
961.0145548221913,8,0.14255023511518097,76,2,14.659598679874897,0,0.7378447944697764,0
935.5633310886169,12,0.1466974055940218,895,2,12.614168394125516,0,0.9305948513142608,0
796.518861712116,13,0.09566156263207407,809,1,3.7652438240229844,0,0.9408125526274237,0
401.82487530077685,9,0.12644322327540947,226,2,5.685208755711507,0,0.8678896983076742,0
273.0637796016537,20,0.28346342255007806,637,3,5.454117723348214,0,0.9594966365476242,0
458.37974091196435,10,0.04756756424029049,36,3,13.129168510815026,1,0.3695862601306423,0
731.8793258341825,17,0.21281740378461278,634,2,10.095093533244137,0,0.7848145382431161,0
487.07824183519216,15,0.2603484405238739,735,1,2.6074903918714885,0,0.6700531042340576,0
1233.4435428801787,22,0.27702473801937305,125,2,12.832396775147902,0,0.6237328131158507,0
555.8252421245675,16,0.07363277015634909,138,2,21.57850558401905,0,0.7183290987173361,0
669.730097592481,18,0.12119928883701822,216,4,4.9825569588479715,0,0.6856435462722611,0
1168.2449773045753,7,0.43373238744796055,990,2,0.4997062775291491,0,0.5177400834672552,0
555.5988409107249,8,0.12576719222926117,503,6,8.995587754721997,0,0.8829843098639787,0
469.9755067061031,10,0.1443401846316512,688,1,1.0831946280674734,0,0.7180592808964812,0
989.4952158391968,12,0.07394006492407704,361,1,0.6675867791552104,0,0.7237912997035048,0
1005.0169825459999,7,0.280741811888271,412,1,5.425641667411318,0,0.8531323922992142,0
290.414835962266,7,0.08705319401745791,663,3,14.824503778424202,0,0.6361475415571816,0
1266.751202791962,20,0.33419578126268845,811,2,4.1431400373379095,0,0.8242034084517508,0
813.3143308092328,14,0.3426470305470062,772,1,3.7946489500505587,0,0.9480035275817524,0
361.7149740421017,21,0.12531128438939673,966,1,34.494972904143935,0,0.900162361618244,0
827.2851155204073,11,0.10478060087939751,139,3,1.9311275968679187,0,0.7391138493985051,0
636.2462969281181,8,0.1838096255106879,656,2,10.781656877516294,0,0.8540417099170154,0
260.58019281067425,18,0.09732644950471216,483,0,2.9183640546860277,0,0.9420682777394598,0
675.977105684402,7,0.0413298622692245,616,3,3.7855929451523713,0,0.897043567138471,0
172.15629805451098,5,0.40367651383580916,57,6,262.4105135288948,1,0.6129893941385397,1
504.018103678645,8,0.06519266920699131,324,1,0.08991099262707627,0,0.726911354814864,0
610.660394477943,19,0.25971477147018784,690,1,14.373842764496072,0,0.7947737428925506,0
313.4577289849903,8,0.21463512652062172,255,2,9.405811313618615,0,0.8056875966196833,0
1187.752701600721,15,0.17291690605945562,255,2,4.8978160219451805,0,0.8699255711949146,0
559.4814058639033,22,0.004643692685991948,449,1,7.506095789726906,0,0.9430931370817207,0
576.3215729830209,13,0.13662359837289667,67,4,0.7614735223143099,0,0.9464918652471002,0
666.1241562252247,7,0.23578593092774236,744,3,26.104642681342117,0,0.8155067728593174,0
498.87328417725934,17,0.22738453914179754,576,1,46.591487188500324,0,0.6956556269392383,0
803.4080823207779,16,0.1495540729480906,160,1,11.403144943600335,0,0.916442895301244,0
485.7150221350033,11,0.1955506462356748,126,1,0.7567434383446261,0,0.9241195673755918,0
1263.5224179578927,17,0.22346850059292853,766,3,13.893858298733555,0,0.9226890168565387,0
1694.8948315025839,18,0.26651509894860836,267,3,10.18752838906004,0,0.9165154077187536,0
1811.6830119154276,18,0.1645975282426312,123,2,26.125692329966682,0,0.7186488966848125,0
678.6235129495726,7,0.0986507751226773,39,1,0.39542179260566623,0,0.9091203483893786,0
450.061488161327,14,0.3033056050771035,266,1,1.509718748787134,0,0.6719693346902975,0
575.0984442158467,20,0.07009708997858127,181,1,1.963307980098933,0,0.9112507658261755,0
985.502566817313,16,0.028859179502667393,264,2,8.879914044079044,0,0.9665297247164909,0
475.63466934250874,14,0.27788842201211317,189,1,8.187174026059498,0,0.9327214243076297,0
423.0011918084018,13,0.1319256953107673,241,0,0.503388342529098,0,0.8679930521773668,0
368.7275334818608,19,0.1781347997338609,261,3,35.72239839817014,0,0.8446988323775312,0
665.6760835791374,15,0.20418969533046796,726,3,21.9077609121699,0,0.8197991455213209,0
596.3659601770074,17,0.22726086696900685,108,1,6.4143403363672205,0,0.9529974029171207,0
782.0791801558147,10,0.14678466418215413,878,4,2.1873285307318744,0,0.8651664310070648,0
1068.6959435355488,12,0.15691986004419894,170,1,10.115443202121732,0,0.952391641274616,0
124.71733372462982,4,0.5068649359968991,50,3,17.75957141661984,1,0.4018449374224169,1
447.79170892104435,18,0.3706929842848672,809,2,14.19064199248302,0,0.9723437408502892,0
578.7693357165176,15,0.11669828678120883,265,1,18.577989778194105,0,0.8671907121101862,0
343.14223049759573,7,0.442267450482049,823,2,4.533286425012814,0,0.7647320884146493,0
728.8979749430343,8,0.17289209449927465,711,0,29.863845981246804,0,0.8106363881431763,0
989.4613952272958,8,0.04493819594247412,34,4,4.0869276247578785,0,0.8605516177357933,0
470.1847990009245,21,0.11253911269109422,403,1,14.193635526994477,0,0.8025023011610072,0
1067.3205686599845,16,0.2676093003301501,896,1,13.313524583828295,0,0.6796776426078435,0
581.7450915491387,12,0.10452556094472783,336,3,6.164545509927331,0,0.9390488941510213,0
1467.2345009315825,18,0.1393157928017501,267,1,62.65983911815987,0,0.8805925190829333,0
569.6549675123413,9,0.044120278590744647,883,1,14.206157815963266,0,0.48385392450947057,0
561.6730719454478,13,0.46720952683105743,706,3,27.658477509962445,0,0.9675206436690645,0
1530.9526344712494,7,0.09624119069804193,111,4,9.2394593117129,0,0.7924890381225785,0
1427.3264601747599,22,0.06948069248892579,656,1,15.882727882544462,0,0.7352649682603519,0
2095.4150286862664,16,0.23855155048473417,48,0,2.2507216780898984,0,0.9344113293498126,0
1392.598913082881,14,0.2151772125711084,777,3,28.08479060383947,0,0.9461698702639723,0
1131.586730720765,15,0.2246719673436034,936,1,14.204265703956802,1,0.73164612337101,0
262.29877804449444,22,0.10251585916339859,621,4,16.459119019621735,0,0.7892656861258607,0
683.5102179202723,9,0.1479768797894588,198,2,18.668092264875483,0,0.6334611545846315,0
955.6416141416627,15,0.3338220049447843,826,4,4.753646543485488,0,0.7509382129481299,0
599.1791056402442,20,0.2686230631637484,779,6,23.419724928480694,0,0.49141714142976206,0
302.3770425648875,16,0.14283276907754086,70,2,20.714598256662768,0,0.7822194294031148,0
265.8624802249062,18,0.20940553940935758,931,1,2.6786864449030277,0,0.5952918211209375,0
1486.0835430845095,9,0.05121183010768527,34,0,9.47689993264181,0,0.869697712512915,0
335.04859049843554,16,0.5138953229185598,200,2,18.880339085268368,0,0.8717487803291771,0
965.8101256491611,7,0.1578415804328979,918,3,9.065380669328817,0,0.8658280365270843,0
1082.3466744829707,18,0.1468022664986675,433,3,38.22613807374683,0,0.8648563355860969,0
1508.4193609461026,20,0.34316100725454296,638,1,9.941409235123722,0,0.9171577927503121,0
691.7722709378701,11,0.20221092468362217,311,2,17.336491508414312,0,0.6917698468532654,0
627.4568263667421,17,0.2467230903214078,804,3,3.012030246232613,0,0.789889998814267,0
458.0928078924781,10,0.2670657273284352,727,3,0.895842270561103,0,0.8985207777521976,0
343.4299293000841,22,0.16424359551088802,710,2,78.43673578640856,0,0.8648725322435896,0
317.48332426742843,13,0.16776727503343203,945,2,15.346260828677938,0,0.8625066183574099,0
505.66774228238637,17,0.12978528180778867,428,2,27.03582521353174,0,0.9689244523139597,0
540.1497254459215,19,0.12684205889997718,697,1,28.8272999804855,0,0.9659905353476066,0
197.92386615131923,14,0.2740724331421836,79,1,43.522661762179894,0,0.8427755460514603,0
960.6587921537692,9,0.1327727825662393,656,2,5.795321526968486,0,0.9679761985788545,0
418.21042648291495,15,0.21391996726923995,913,3,2.4953513474929845,0,0.8107428407643082,0
955.1634522917851,13,0.27819024838279793,553,2,1.6939611120882403,0,0.8844773162527714,0
757.4875053319137,21,0.19690027643391741,332,1,29.314252299375134,0,0.9847669462143682,0
1035.6024523076592,20,0.4910008994506602,272,2,59.573238186156736,0,0.9508892112800467,0
400.0572846963601,19,0.3557186766836839,647,4,25.26375405093451,1,0.8474290536591247,0
79.17598015911376,1,0.7049869289355246,138,4,62.052146628303426,0,0.3167527394083493,1
685.0479098715301,21,0.24736263758637714,331,6,6.910168206617587,0,0.7414279123024103,0
919.7592612308244,17,0.15455439110265862,33,1,5.2302288456396235,0,0.8042150722310833,0
602.0754534863937,18,0.15652679395185157,61,2,3.1624177804774725,0,0.8594341204185316,0
725.2505592333224,20,0.1960550625951048,587,2,8.98261084588031,0,0.7911873111266396,0
434.5727462486775,20,0.08209793256277007,858,3,16.91016542358024,0,0.733269608979598,0
2180.6857609789618,7,0.1386021192257119,703,3,5.493670433472343,0,0.7316993081979405,0
499.54380776126493,9,0.0784119493215121,802,1,1.871788427898906,0,0.9222480002876443,0
695.6892083385579,16,0.1268886209099296,766,2,3.0128528710543816,0,0.8193042150630347,0
627.7394618618479,15,0.6968823071452631,114,1,28.823872972905843,0,0.906345409317383,0
1663.6674773528932,7,0.05105995609189544,533,4,2.8258979564344813,0,0.7110825287184076,0
837.1009183690784,11,0.33798724036827976,925,0,6.998799143031092,0,0.8067296305879382,0
348.52849821819876,22,0.1181260488113489,175,1,24.62218748950226,0,0.7985844861501196,0
1146.6140299026358,22,0.20324630167481725,789,2,15.887303734014502,0,0.8991470264975493,0
797.4419123150759,17,0.34143433665754414,837,0,6.099995941681559,0,0.44519487852125583,0
827.4781034594185,16,0.2011338226171974,185,2,20.35969695227306,0,0.7249604528086173,0
738.8397239561008,12,0.04947285264653976,677,1,99.85590242630686,0,0.5963622652019019,0
739.5164132907472,18,0.055475071263696205,758,2,2.5666268778329537,0,0.7083534431864318,0
533.1314668647823,11,0.052219326694598465,553,2,56.186625433708215,0,0.6775971330796684,0
617.3554688513613,18,0.1904738789117686,718,3,23.120103557354,0,0.5727139246615931,0
246.83930746937355,16,0.24322085755552197,903,1,0.13038022665243928,0,0.7438597002416503,0
1156.6472437480943,8,0.039680985108500454,400,1,24.884792776248755,0,0.7981493000491207,0
522.5244107630629,12,0.14504706042065765,953,4,8.146846908522177,0,0.963940472230002,0
1181.8586935670376,10,0.1996969900239088,869,2,8.46374933194531,1,0.8304678767970506,0
828.81135872894,22,0.14507820359255824,61,2,17.86241544663397,1,0.6979967687600682,0
561.734269493295,17,0.25566864526556093,172,1,5.08267913594267,0,0.9498234777345359,0
503.3458827638366,21,0.18104968159814908,326,6,3.6467196768675993,0,0.7095387566178605,0
740.0164834668052,8,0.37119283572658046,178,0,3.0528543769469603,0,0.7050655942515965,0
369.96953032580524,7,0.04344568616075613,374,2,6.746734133102387,1,0.9437867755824803,0
569.8383894443933,20,0.14306134576875965,817,4,11.825015028269922,0,0.8424562848993664,0
180.60834583141497,9,0.18965799116161927,850,1,2.0725081258067357,0,0.92001662781718,0
361.82395608877863,20,0.20017377376312886,407,5,20.240267542913,0,0.8043813315324565,0
964.6148952248732,22,0.38890915193032,759,0,2.3277790992545975,0,0.7574803172944199,0
621.5203952701115,16,0.4275405989694145,840,1,24.49809279221183,0,0.6292550306718402,0
482.2788126441536,12,0.28338945904265234,947,1,11.122756365767797,0,0.7217418616618505,0
133.205724785968,5,0.8021811235842937,110,14,156.86846031526514,0,0.10327294702126881,1
956.0848262822041,10,0.31668938137675917,65,0,26.476750522176886,0,0.7586506970749289,0
196.1126608996043,17,0.2691720481707341,114,0,13.220050588915063,0,0.8577141959221608,0
572.6249407870675,19,0.18456900708010135,157,2,28.295809414754643,0,0.8525124084534488,0
564.9854969641773,20,0.042107005765921156,278,3,5.424312087118981,0,0.71610368867945,0
866.929988609169,11,0.2202368534995883,36,5,6.919563275550914,0,0.8624268749888158,0
475.3512390183103,22,0.11730846846127038,361,0,10.882237622589923,0,0.8498438411384301,0
687.5605987126916,22,0.18103092209434699,768,1,0.24654059981794302,0,0.85472590232217,0
861.0569031433904,14,0.2088581730822625,366,2,6.69366765890879,0,0.7368700639719762,0
1013.4174292041735,7,0.24407526996921688,500,2,38.09631636515589,0,0.9349710106002451,0
617.826834271719,9,0.395631733987379,985,0,12.560586973875282,0,0.8375187745594096,0
1260.8247959479784,8,0.21005467235763917,551,2,1.5470763878810783,0,0.8638990393089575,0
1295.49054553766,12,0.2568422332946019,395,5,12.567436609546327,0,0.9582578780814665,0
1716.4069194429662,12,0.073274335821123,201,1,5.596833877282566,0,0.764639967134003,0
341.26771743558635,21,0.36532118916576245,200,2,25.2152452250479,0,0.9337694063151352,0
482.5194050314114,16,0.2115873316418507,955,1,5.449775411220072,0,0.7768375509094548,0
520.5336619887792,9,0.13409967307673984,172,1,42.538056419913545,0,0.7857898420105904,0
699.0250344691938,16,0.2058244682184949,492,3,45.41786880168679,0,0.6352196854500589,0
645.178797711995,8,0.1303929944582443,578,1,3.4095613491143677,0,0.7875955114769861,0
452.6096748751304,14,0.10332267620710493,621,2,14.647372827842135,0,0.6844489938784312,0
316.76633751662075,15,0.07973801653369471,361,1,14.11666140195676,0,0.5626004555772157,0
1318.2835774285124,8,0.19701466503246134,314,0,29.14020142112297,0,0.779400111552105,0
572.5171524524492,7,0.1956856745528615,121,1,76.56892226883875,0,0.7481959861516629,0
436.3397754198045,22,0.24414905364136674,707,0,8.463902834334252,0,0.8846052088940564,0
318.2879339842151,2,0.7478339797788651,186,3,19.155572490231457,0,0.33570529006764543,1
254.81910520692887,10,0.1749337143050201,646,2,10.933135177606058,1,0.6657785854283167,0
526.4708821475645,22,0.23156897911458557,683,2,9.49172601362762,0,0.7819307891790463,0
297.27458646128304,14,0.28068767291609076,355,1,3.0221412727327572,0,0.9297972303394964,0
749.7127628164924,14,0.15913824405796748,119,0,15.857752953030843,0,0.8133517818885605,0
360.75431678371507,8,0.10277714779697594,249,0,6.942343711247627,0,0.9360835659418385,0
697.3137298255143,7,0.4025993548309262,655,3,6.761394797326123,0,0.9051048166873763,0
905.6857175129394,9,0.26817768793219954,574,0,6.164197597319819,0,0.9521492063278952,0
754.3221982010691,14,0.22958607341494347,239,0,13.272808332443104,0,0.8039506233954709,0
547.7536856151821,15,0.1788067545899179,704,3,6.656511557597814,0,0.682784896260346,0
519.2057377670419,17,0.35488660196716093,531,3,1.7445349872762757,0,0.7983039933683258,0
241.44773395296238,12,0.02588360662073178,326,3,32.217492892935795,0,0.6675971468015214,0
967.815439833463,10,0.19324335584640068,218,3,2.8472777638498967,0,0.6612877564409112,0
731.2940684273387,11,0.22576681764372158,973,1,6.759379428607251,0,0.8833865989732285,0
247.4704079763173,11,0.058743989292928456,347,2,1.8471765790170251,0,0.45083888578602443,0
742.8315276111528,8,0.20695979800320982,292,3,39.3752985499264,0,0.9258516501225018,0
1264.5105484844287,14,0.2368047040991186,441,1,3.637501992364347,0,0.8236635400213599,0
959.4440657807801,16,0.12423846275505444,840,2,22.767509982882654,1,0.8892410313447052,0
1149.3972647326088,15,0.09693917437508105,241,6,15.987889581783763,0,0.8840631355371582,0
116.4114412645039,0,0.4762530907106573,125,9,124.10859941987323,0,0.49129500502716156,1
626.2618370465407,18,0.19506532050566397,656,2,17.177178457447262,1,0.6157797303208621,0
102.55907280448798,4,0.5722317220889982,49,6,47.20153320578277,1,0.23796219727403659,1
628.8944431756387,16,0.35004754570398583,496,4,13.912241553332748,0,0.6755733254757914,0
557.7314729995664,14,0.18668552620789336,892,0,14.43345329926277,0,0.8588121379685988,0
57.30127430565573,2,0.5624316036249639,129,3,236.6177522134086,1,0.3311325749885087,1
559.752835445156,12,0.2430580136998464,550,1,5.0107073035634535,0,0.9166234404577239,0
1169.6068502736962,12,0.13790358074942813,838,2,43.36212486995458,0,0.7433170829899217,0
947.1031562540699,14,0.006152240565396503,544,5,22.843496826753253,0,0.8767475258470719,0
242.3728161302229,16,0.18991164719762582,652,1,4.570452382747117,0,0.794627454767207,0
3133.861250052008,10,0.22133989706971002,970,1,29.34246470482086,0,0.8775348531661399,0
959.2420405071409,22,0.34449486967442755,480,2,37.78840638663536,0,0.8685688592003221,0
312.3052266773591,13,0.3147840354400343,725,3,4.047735288417059,0,0.8998778815169448,0
92.78103506640736,23,0.7164577796491076,71,7,383.95624268475785,1,0.32612080808798743,1
1971.3230017625995,17,0.19592515061201649,126,4,10.542964505640931,0,0.8907420452538517,0
918.6743468218114,19,0.1486986569015738,671,0,14.454810522061404,0,0.8465174698841443,0
444.00514449117617,18,0.20482229296214433,573,2,17.053483833970347,0,0.7588230132451025,0
278.6766012335751,13,0.26954976568385225,736,3,25.02001272092259,0,0.6718844845995497,0
775.999949232997,22,0.4488881506805058,751,2,4.168224350225107,0,0.9133021616217971,0
1222.9551280206088,9,0.41425278463754595,252,3,12.232541248950477,0,0.9524167919106441,0
987.46926197449,8,0.1293139010867181,532,1,0.824629859140964,0,0.9324736115118448,0
567.1902804053925,22,0.10108680077345396,545,1,45.51449702227733,0,0.8658673951256453,0
421.37734188197237,21,0.05504905182441082,722,2,4.905635122569675,0,0.7322400210618164,0
489.13382491836353,9,0.2074789071829864,913,3,0.9560975543749771,0,0.8283893034472252,0
1984.5499049005193,7,0.32036842108388547,792,0,1.7847649387041964,0,0.681297238365034,0
586.4563539027531,18,0.28006326061485204,973,0,28.049628495921585,0,0.9550105252280795,0
766.3498556715776,11,0.11318266056632177,876,2,4.09611448247796,0,0.7647632252319111,0
312.13004281265097,17,0.765122295173192,118,1,0.749901574435681,0,0.8809505445288085,0
919.0257268425574,11,0.2680190630311878,255,2,22.255612200565597,0,0.7498051682052929,0
870.1006509549572,9,0.34977653955877647,879,0,9.302299637964436,0,0.9564426545781867,0
332.5238572426452,23,0.7052133063714239,70,4,771.4892515853104,1,0.3216251491163549,1
972.0072459106207,22,0.305903872965971,942,1,4.219127579526507,0,0.6786195725994972,0
747.4683123438921,9,0.6257500192838409,748,3,3.3242437216988416,0,0.9707883009307778,0
71.67300326341443,0,0.6132554440186172,129,1,188.6426543270232,1,0.2880879424338358,1
861.2063287046127,9,0.1168872343186584,284,3,44.398424383472324,0,0.8094185100832155,0
1691.92617370531,21,0.5830979396959021,345,3,2.747877602125425,0,0.8272612095830979,0
190.58331928411891,4,0.6611293100757162,36,5,5.476828617518036,0,0.362189299445246,1
311.9596541992836,18,0.2497191997503148,351,0,8.98059513061273,0,0.9628109190548272,0
1215.1107538160015,19,0.06394816170459498,632,1,0.4312788162541205,0,0.9479574413781261,0
996.5851709566698,21,0.1577407443812818,325,1,36.93184770392186,0,0.9351509142403978,0
312.96964039958067,22,0.3309061163210525,260,1,29.295084784309655,0,0.9219764615828749,0
427.367238544814,9,0.17327279828722314,800,4,17.93321777843942,0,0.8828726601066527,0
179.10545391225338,16,0.06148796812880569,64,1,3.2961142630485374,0,0.8715175107720213,0
196.6849313485958,1,0.8119510955102419,181,8,105.53520311606971,0,0.05774342719524324,1
164.75368811984782,0,0.6523606739149517,101,4,31.754059958229686,0,0.2815338480738691,1
585.3376451942523,15,0.0812114617666718,276,2,0.08057662360167761,0,0.6606204998323192,0
956.7066728265012,14,0.1593826172869478,346,3,11.116116907629618,0,0.7350168311838591,0
997.7099777604384,20,0.34695347056967873,728,2,21.479907353989375,0,0.5261597703955013,0
690.8464301947845,17,0.134470269252577,128,2,3.1024796800680763,0,0.8160133518017738,0
668.6265327467319,16,0.16981861694909306,936,6,30.439233020262865,0,0.8948484760030355,0
603.7126726933133,13,0.32559234735748205,519,1,21.23350677551943,0,0.8219849985856111,0
918.8337100806968,10,0.057907532241482824,475,2,12.275487504799976,0,0.9553732283075329,0
456.7441714938753,13,0.6985015199060488,795,2,2.1263552406294544,0,0.7557139247457488,0
461.4285943177048,7,0.23948256823546282,102,1,3.025535094111155,0,0.8049658508831817,0
1243.5295250768163,13,0.14215962689125825,75,3,1.5180517739024895,0,0.8382149759523102,0
521.9223667711093,16,0.19267033171156037,308,1,39.70397890463802,0,0.7419024593698861,0
465.4969615834197,8,0.08182729950894128,324,2,21.70105676821636,0,0.9632756549986895,0
607.2893937630307,14,0.24697264594863347,540,3,9.663086440874695,0,0.9262213082121293,0
441.15682598346245,8,0.42000873572860964,417,2,2.495421616562003,1,0.5135767308655406,0
741.1989284925593,10,0.08741799065642898,989,2,5.1514286718042905,0,0.8255275812483653,0
301.74197876770626,15,0.12221758774283184,241,2,0.03774337957201016,0,0.6761787796232415,0
500.74887066308463,21,0.0629725870164239,421,4,13.674142259632976,0,0.8785378335329802,0
436.7636864672957,15,0.1224116961643369,552,0,3.1291701753383,0,0.7122700875097518,0
2435.9925222804786,8,0.07759986237816525,460,2,6.078843439685336,1,0.8177591899011538,0
412.15959214067215,22,0.2265615296034521,448,3,20.877469840208516,1,0.9194868275441818,0
294.2928569968973,17,0.4415639266349773,756,3,11.042406008182898,0,0.8418882025618369,0
763.5761981301945,17,0.04982734224011704,801,1,30.22367576972694,0,0.8844592183562635,0
422.85945177732816,17,0.21787377698807808,285,1,16.183867808134373,0,0.8660087196392483,0
832.7127000536354,16,0.23813328586120358,947,1,0.04193573012416327,0,0.7417272406860947,0
1270.1756574299145,12,0.16716186706984973,504,1,16.968063398343688,0,0.625630133498528,0
136.84840753399607,1,0.31594273982912935,131,2,297.2956141240415,1,0.1809799435761736,1
500.56440800447245,12,0.118198290845952,161,1,9.332945836781256,0,0.7881986269645533,0
915.6745276716247,17,0.27402634245466057,484,1,6.1136003233474785,0,0.7904347885737606,0
408.75370431761746,20,0.10975663137882985,831,2,34.05800723814129,0,0.8979676014421033,0
555.0544530603654,17,0.12297345278277069,910,1,18.39722391417747,0,0.900756923993071,0
862.4053908642193,7,0.4105478700409217,958,0,26.36956378394636,0,0.7099725392239417,0
777.6560107646784,8,0.09708954852936401,384,0,10.665539061917126,0,0.8169007671038628,0
2068.668102298831,16,0.2743636463178171,537,1,1.6289609454378484,0,0.9210728799229839,0
667.7098335348916,22,0.4184154046808473,546,3,20.19697310864168,0,0.7304093626452487,0
412.41328314448253,14,0.15340706219524838,135,2,31.245210796003274,0,0.8922230442124234,0
2256.8757198148355,18,0.19215946414210597,569,1,88.75748198465568,0,0.8169823887658589,0
806.6288862501896,7,0.3708352348198674,825,2,36.99852951232137,0,0.7467282477129642,0
294.8840326213458,12,0.17994793981004722,694,1,7.340818735664069,0,0.8932347872434644,0
508.1819396397121,11,0.38025526901879925,928,1,5.803526556513776,0,0.9595685456008375,0
742.279764135803,10,0.17192235655371538,427,1,2.101360834098832,0,0.7259641519123352,0
557.0182114250347,18,0.15368572365303637,522,1,29.7036607046109,0,0.6791427370945818,0
720.5666715458202,22,0.22141007231956433,293,1,27.727663381011958,0,0.9431614485843947,0
1342.2241322662928,21,0.1711447706134055,970,3,10.635487367536388,0,0.7867198458911393,0
464.89641272847354,14,0.08602976596319363,920,4,39.64909220749919,0,0.6613660161995623,0
745.6768122548131,16,0.17861724342455712,654,5,7.299729326433295,0,0.9440948912047742,0
862.1749307460282,11,0.1700180534605125,760,2,4.539230736805527,0,0.8115969236309619,0
40.463154859357296,5,0.5105009986488585,146,8,100.07201535782337,1,0.29088564680399537,1
574.4705823505612,15,0.053625581917778456,377,4,1.3195171509027086,0,0.8759006557169872,0
633.1481010030941,10,0.0483788880929159,676,3,16.145592730000715,0,0.5142839589339743,0
378.76120552229554,7,0.1249283911957793,602,2,7.224953074970196,0,0.8540167990321905,0
721.6637201446147,12,0.11336827271513628,298,4,2.8232828839297412,0,0.7718251152015043,0
1076.0770347728849,21,0.10045288510440092,156,5,10.65708861900287,0,0.7154915437413736,0
1403.8672249511187,9,0.46398606053674174,82,0,0.142864276641204,0,0.8708681028124516,0
1243.2300843436442,17,0.150971379119586,819,1,7.4326956793666215,0,0.6381760929311064,0
571.5907444363204,19,0.38649488008691785,959,2,15.327372599771515,0,0.7358429470300768,0
858.7355545478804,16,0.10646186444777773,125,2,18.39284626136292,0,0.8601027794891594,0
209.52589746686445,1,0.5760879703618238,193,13,141.2817253227692,0,0.23516003817564046,1
835.9447574941956,20,0.08817632754159291,721,2,8.630494747853685,0,0.7610172255190965,0
549.9280499990408,19,0.15086992338993993,67,3,0.7344780042234309,0,0.6219609689287539,0
976.8306754683281,19,0.06818343429803758,293,2,76.12391565096897,0,0.9166696961553664,0
1524.3628529707958,18,0.15383195109833384,982,3,3.2639569388528527,0,0.6420665645954716,0
336.65341182528675,9,0.27870327813728224,136,4,18.24526618200503,0,0.9218909961904604,0
556.325572697477,8,0.124224785291311,164,2,2.8611745975875764,0,0.583634462574839,0
975.4208553821559,8,0.3145543192719171,990,3,9.113197984504302,1,0.7162078334892147,0
1335.0127348188823,16,0.05560978708850334,984,1,15.803430164575982,0,0.7888410109261114,0
555.5452018112758,20,0.09937734886343151,675,0,22.337672880626435,0,0.9669043050753875,0
88.19449468455088,5,0.7419710072925275,173,9,411.3303921152569,0,0.2635661841502255,1
1322.5204241822487,16,0.08380191071840401,852,1,10.743671129275365,0,0.8030161185316074,0
497.9206488008682,15,0.01507690073256718,182,1,8.302584231466362,0,0.7058239369595282,0
638.9776360333493,15,0.060429929007311464,375,1,10.96708771575678,0,0.5988611834203277,0
634.8776419263169,17,0.12825462979907498,500,2,0.09307507318141936,0,0.8481383585157382,0
757.3573520494624,9,0.09110771324201195,41,3,14.560741097601774,0,0.6023459652262879,0
585.7834574550366,17,0.1267298850770922,166,1,0.711840125656152,0,0.9563832555845982,0
1149.4651231804014,10,0.14748024031661922,991,0,11.781662217475699,0,0.9335261597188487,0
230.9703335118596,12,0.11890585272623391,736,0,6.527143827405438,0,0.7701028296271775,0
1281.8116522145503,22,0.10009323291702348,305,1,6.5475351296792255,0,0.9464446019190133,0
776.8893158572258,15,0.141042564410757,840,5,36.21466673179721,0,0.783765123204568,0
496.74710781972414,16,0.32614657634293076,772,1,50.78178199819142,0,0.7417898941879818,0
463.4210848870113,11,0.0918379253228203,235,4,5.888434869334449,0,0.95441823860511,0
719.6478004254487,9,0.32696295426583366,204,2,7.535892747193004,0,0.5901934199602433,0
596.1934663194164,14,0.2616188207948979,600,2,6.074960842023637,0,0.7557094010775357,0
1329.3881508542493,7,0.03859203857906393,105,2,7.634762810258619,0,0.7871109015554278,0
473.8005908153393,10,0.03847470519705367,783,5,15.234588287145568,0,0.66712034939124,0
642.6191071618537,13,0.3298295269945794,574,5,16.704718430541668,0,0.6348469727047262,0
685.3365064022507,17,0.4118212655395439,566,2,3.7684443383108226,0,0.4637269565576574,0
160.8674265150019,5,0.8090218980659609,41,9,52.823106097664166,0,0.35756156877426837,1
601.7656210014732,11,0.3680731183248611,369,0,16.614537786866762,0,0.846636590492532,0
418.79057251233513,12,0.25349029289270053,130,1,3.3882276599691195,1,0.6019332589761164,0
726.3866696102439,16,0.0638276240613006,312,2,4.157698678409818,0,0.8399828837641267,0
1180.2859577634817,13,0.35928953144538006,969,3,5.786424291116264,0,0.6987958064877245,0
172.92450663673068,16,0.019377107166569964,477,2,0.8935976670983383,0,0.80692928011345,0
1030.8315628359708,8,0.35218898080914796,796,2,35.19296734834673,0,0.8042063318404377,0
450.49118004071084,21,0.2871322791134286,661,0,50.579810319573035,0,0.6867015888828674,0
549.1306760392205,8,0.3946833595696406,201,2,0.5555042453671997,0,0.6351478872696401,0
399.4334920631602,11,0.19161106994102342,640,1,1.3493836772962973,0,0.8785465969099039,0
2361.412536385598,7,0.4151259227963016,86,4,1.8629995698547102,0,0.7329626534549004,0
1128.181781094405,19,0.31560719960441,103,2,20.84790774063492,0,0.8798964369653373,0
1023.7446386256601,17,0.17266448747313845,485,2,7.544091452343921,0,0.6477449628078747,0
802.526283807843,14,0.3931720210754553,717,2,4.148104375211874,0,0.8264141658169444,0
475.6756310543889,10,0.15489562095306064,658,3,9.75647471734653,0,0.8426495093189423,0
607.7674736010465,21,0.26891739269539133,345,1,15.979414426399071,0,0.6601162648543328,0
1193.5790599568688,19,0.23143217577428957,832,1,6.588945456926927,0,0.8680816950308556,0
391.5141353999466,19,0.17023565322487028,177,0,77.0035010283035,0,0.6764224283347474,0
433.4359583767041,21,0.0474880432015819,852,3,41.94964266181043,1,0.8774324743189424,0
2603.4259234059105,14,0.12897826902525505,894,1,2.9254223002775026,0,0.8544666102193016,0
831.63827652334,21,0.10553573448036041,269,3,0.10654564271084838,0,0.7699638370144442,0
872.2218311663613,20,0.2202781109767,863,3,27.620487525248926,1,0.9766173166753442,0
508.5704362825635,22,0.12282574103683636,760,0,25.143816012361565,0,0.8474968196604801,0
1025.0699723151413,17,0.2764544452899179,772,2,23.576060421084204,0,0.8516342529043816,0
831.0328302274498,20,0.3012078224234906,255,0,7.268227455301039,0,0.6404520114944212,0
336.23339509454337,7,0.09705516241527203,609,0,11.152784352936148,0,0.6213505805628944,0
1225.2875619204463,7,0.1395927392958676,556,0,16.706928624137664,0,0.9216536878641611,0
934.3507477234797,18,0.13070620754002843,908,2,19.882025720326805,0,0.9629074295639722,0
248.48755108018906,10,0.2106466569596569,269,1,7.630898793477837,0,0.6110746704480493,0
174.53290892098107,5,0.6283933989112533,114,9,265.3730823845541,1,0.3837486331829441,1
417.79548319740263,14,0.5111912165580775,333,4,10.822880604445622,0,0.9959385642079097,0
932.5528823850274,22,0.47973341201457875,664,3,10.04807156593785,0,0.9542987065983307,0
952.5057350047719,11,0.13608560755687973,839,3,0.0657380033630053,0,0.5357260871810429,0
939.5617791036352,13,0.10154750198489886,263,3,33.07968925405742,0,0.8536467176106626,0
447.44123950478684,22,0.6748208726236574,68,12,186.05811109067804,0,0.3304826847055898,1
571.1031781471407,21,0.20359842216124857,611,2,1.8190762568551477,0,0.8995137670266541,0
423.95643988642814,17,0.24026468008233623,39,2,16.868860622947253,0,0.5132273341778344,0
731.4550225848508,19,0.4972282885696443,411,1,6.315239749807383,0,0.8434183025619336,0
1038.9091705546628,10,0.3127548883894466,751,1,3.7589307508725174,0,0.9508032662201821,0
735.2660704494585,17,0.1096518158185257,576,3,5.40350330087236,0,0.8577214171194623,0
555.1482104746011,21,0.20594764830431803,463,3,6.154458592363223,0,0.5267512807860356,0
1281.1311165425823,14,0.18616126393470764,870,2,40.582322853657665,0,0.6023684360645096,0
416.143032986858,10,0.22017403989079104,185,3,20.76175188179492,0,0.7631356569494135,0
720.0784373645448,9,0.18288461859911642,722,2,0.34340699579561973,0,0.8939238630451509,0
1174.3881642252425,14,0.08432485830498446,157,5,1.678308354726953,0,0.9475606056660062,0
487.70146539520937,19,0.04888438143634386,165,2,9.080202766915441,0,0.7633348002649393,0
445.3030714936386,8,0.4038528349917396,699,0,23.240271142045277,0,0.8723316033171004,0
1096.0516894758707,19,0.21755497784753677,268,0,32.552366204570276,0,0.6837929652081254,0
367.5465065752105,18,0.02270584191803239,541,2,14.966223165844038,0,0.9085690326575837,0
873.7881720522462,9,0.1400827422271719,667,2,7.267495324573683,0,0.4129471764206106,0
706.9449712714475,15,0.07556448986735458,953,2,14.795452129496386,0,0.7210624719481284,0
638.010862688203,11,0.22018022586730301,618,1,4.103540731381548,0,0.7836749876056642,0
767.7839003487856,22,0.10221003609875597,260,2,11.905034973395153,0,0.9627428766871441,0
589.8702128215624,21,0.17127071908477753,734,1,63.736499813144356,0,0.9567150798962646,0
671.5087440879233,12,0.28846809530410783,537,1,18.560936379299182,0,0.668230171176623,0
517.0252392602708,20,0.15862061982295875,557,3,1.8805381474484666,0,0.7361659752441803,0
560.4887335233655,15,0.15146035339572123,42,3,2.614156533108424,0,0.31440857593321125,0
876.5146051179287,12,0.3530698445875953,595,1,15.328715754788202,0,0.823792971878162,0
1072.0952341419659,8,0.5502762003748092,650,2,13.74646572548023,0,0.9347894663225186,0
527.5208210526102,8,0.26834596955909684,727,2,19.863559697043303,0,0.821277818382646,0
822.6858114194554,21,0.264832287335061,703,0,3.9994937712686034,0,0.7566542001839044,0
400.9243140549928,8,0.11683110418038355,909,3,16.885522070240174,0,0.7936196330250664,0
968.2664604931928,17,0.10211491492062838,513,4,30.245796299303716,0,0.7326083542464896,0
698.912877244465,18,0.25269786784283804,238,1,14.228098633853797,0,0.847822375773482,0
604.7617259850065,7,0.23144430822653161,351,0,16.771712520087622,0,0.6297964030851725,0
347.43318923743914,16,0.06346599757222403,731,2,15.35611525509726,0,0.7245591257696141,0
307.40452096449667,23,0.6893363909284435,92,8,65.48390350992622,1,0.15084535758941117,1
856.7486429105635,11,0.3013756893774217,373,2,15.098323276458498,0,0.7372268712278286,0
563.9693352639529,9,0.05365189666172176,180,3,3.217735067875591,0,0.8862014232064037,0
537.7736875090872,10,0.04990604477163892,71,3,45.0090032597876,0,0.9698621248405873,0
423.03811547765633,18,0.5895176253088653,720,4,5.830282928499739,0,0.7460423974856252,0
622.1824384299138,7,0.16379311701080007,532,2,0.6269378988906998,0,0.9009063418005587,0
804.8042045621273,7,0.08557169962621125,217,2,12.483723635201956,0,0.8353434790929948,0
640.7237617716688,9,0.11982805457173523,920,4,11.664428186665907,0,0.525186483763413,0
780.126390714936,16,0.03751590480611779,839,1,9.268417657732432,0,0.712600054909146,0
1104.3113888092053,11,0.2709556097752997,730,0,14.072371494035629,1,0.7581968410930578,0
452.8964425949612,18,0.0825153604407498,230,0,18.98163746686743,0,0.6754916500504968,0
591.728167067881,21,0.49539939117575804,174,3,2.3163104579872065,0,0.9275757031921817,0
977.2713246758917,15,0.1623740266130449,812,0,9.012105095186856,0,0.789729609391343,0
600.8140308427403,15,0.09952943317952205,453,1,15.634439118699765,0,0.929154966776026,0
388.9386905947646,10,0.2857076905725115,930,0,8.013775780342648,0,0.84415818377879,0
560.1303421912532,14,0.07220311132719603,42,2,12.296485751893844,0,0.7168123156282217,0
254.47569174995388,9,0.2029380512812315,980,2,48.566585355395034,0,0.9365548880806647,0
835.9271046431899,15,0.22480149115216316,47,1,1.0093308963535288,0,0.8051928915262626,0
797.9076453983326,20,0.029143206021935035,214,3,8.515726218844248,1,0.8107828218124831,0
1443.7446870545295,8,0.30678169601861327,203,6,26.835182468378658,0,0.8523859065636611,0
807.1864679058168,19,0.13692782231069406,758,1,103.96576881989508,0,0.8474275854183415,0
1539.973445007877,20,0.45219286715050117,953,3,16.776877396021302,0,0.8688923242675616,0
576.2666325944323,17,0.15055563051888746,733,2,6.812298522112559,0,0.8666458378372621,0
727.4276756969792,8,0.13975862446256485,825,0,12.999845870073493,0,0.6274942178230606,0
550.7549086356976,16,0.22051875701728632,698,3,16.528534550241574,0,0.9426970771325124,0
899.3656786973821,10,0.27539919343794006,209,2,1.3801607768357476,0,0.9055298104953503,0
348.0334455880191,22,0.10856592661616285,959,4,26.246524637133145,0,0.7065951854632974,0
652.9256139409371,15,0.2120246937963984,691,2,8.532166952040797,0,0.6844318221525718,0
541.9425958032325,16,0.14282339509606512,260,3,43.35130172113075,0,0.7866147499415487,0
447.71873414713184,17,0.3857839019204151,677,2,20.941033009844293,0,0.6717898867448029,0
542.7892345194223,9,0.14278681740917878,363,1,12.677381768489314,0,0.5961970149976111,0
1145.7958293715137,21,0.11742714930780608,144,2,14.027226676452148,1,0.885511957221967,0
827.4651270544335,22,0.19958696371657664,320,3,10.379536675226143,0,0.964327926606917,0
518.583570599503,17,0.2726527871757589,150,0,18.460745266827857,0,0.5556807780908194,0
1141.8177637894692,20,0.06763590194074086,921,1,16.738246938680994,0,0.8004630837777642,0
948.7824142074194,21,0.2049500817149709,458,4,3.8608754685664257,0,0.859087755476327,0
453.2307148892674,20,0.07651769393258623,194,2,51.53733857638083,0,0.894763814248988,0
1269.9647281951452,19,0.10770597656779977,864,1,4.50818717808876,0,0.5608783983347241,0
801.4379573915909,22,0.3320094464526319,673,3,53.05780616129569,0,0.8272292130837245,0
688.8080619924799,19,0.13885882707327907,93,3,17.298863778289387,0,0.8755560948778489,0
501.98372160694043,10,0.10293424600216411,38,4,35.93572582472068,0,0.9028403864509673,0
576.1248516071997,18,0.1420379379767912,875,1,18.676051845998987,0,0.730458459915417,0
455.5265291075361,10,0.13980824123613061,822,1,3.158261285829785,0,0.8514651003250293,0
656.9145428720401,18,0.2880801609394137,984,2,15.28432490206473,0,0.8205096977084141,0
1194.0538689229659,16,0.5012991955042154,615,1,4.859015343649691,0,0.8889444077324973,0
697.205200507808,10,0.12785230749690335,482,2,11.113453501568403,1,0.833694060238327,0
406.24228435527067,19,0.25282951583903923,155,1,1.4347827829001336,0,0.8657324201258646,0
341.8956485537178,15,0.23637960718389942,504,2,2.573588490810291,1,0.9770703186444738,0
508.6823983710455,8,0.10461814122204793,53,1,11.298639509213098,0,0.6249265395902716,0
517.0660629341114,10,0.20907096957210244,835,4,11.769448429101152,0,0.9307100973930476,0
1298.2603635871944,21,0.23740941304893737,461,0,3.240689731431067,0,0.6977627251346039,0
1878.9284386685788,11,0.1583614051324725,880,2,14.402004814764984,0,0.6507009435936981,0
1009.6282236014914,10,0.35011817741621726,134,1,37.34250222220526,0,0.703577703624519,0
1266.711410219295,20,0.23817268921061857,747,1,14.625945459110818,0,0.9339796978589073,0
599.7743718906471,7,0.2191660951155808,808,5,0.8381847543818978,0,0.710946799540167,0
3259.2296218073034,7,0.25986620416198186,417,2,2.252489966664829,0,0.8925863013838703,0
154.90888497098808,20,0.2986083587546814,773,2,11.794234302878195,0,0.7661240326596833,0
1002.5718272209742,20,0.24934022567354133,943,1,10.872701181914872,0,0.8692308014112319,0
504.009251037843,17,0.4419432110727104,477,1,0.34408704647976507,0,0.9054508433358801,0
1078.0155692783667,18,0.19348670067412885,356,1,14.416095728595787,0,0.8827783493613066,0
1870.6921068660695,17,0.09895330113962095,488,1,8.631431429645566,0,0.7859728010165148,0
561.4976481860602,17,0.06503410880470674,90,2,37.744914179887914,0,0.3978452710129951,0
709.3673286578077,21,0.16676292329548847,382,1,16.214614542557467,0,0.7078780276119168,0
986.8964972220689,18,0.08943968551391301,151,3,23.818764203459967,0,0.7144093026289735,0
710.088704765849,22,0.14464819231531673,75,1,15.854407297411964,0,0.8110230731969698,0
745.1151575267577,19,0.1432598010393511,874,1,3.6040721642251774,1,0.9164143828856566,0
300.36222359371834,3,0.859260983045497,198,4,26.460402814918027,0,0.26019614926003215,1
620.8112187163636,17,0.14621779480204314,848,3,35.00747048177704,0,0.6005426980851994,0
637.8078232365198,22,0.20774982776719567,587,1,27.750085508317664,0,0.813971806420331,0
735.2276030404989,14,0.28957617248566403,670,2,36.651556388270855,0,0.863133742831368,0
952.2622558471174,11,0.3379177451268345,959,2,31.319458840293773,0,0.8247735993526633,0
1685.5730161438478,19,0.21110905284338213,958,4,9.409846933959251,0,0.8278098339611193,0
697.5485097308697,22,0.1376094486084724,188,1,9.345662204407281,0,0.6649692608284689,0
484.48838023639075,11,0.04749557556106669,573,4,9.687353282330095,0,0.6804986746641858,0
776.7230905699121,15,0.6600198137596625,783,5,0.7614975737760487,0,0.7764679366311978,0
497.3311442413717,20,0.07203404458084989,231,1,7.514331587388487,1,0.9471457612948968,0
792.300537259147,22,0.24429757127120655,270,0,18.658018335181225,0,0.7602896778072222,0
342.4003223253895,14,0.026726942141538246,281,2,7.386436770622063,1,0.890090386893939,0
439.7147077961978,8,0.07218997984025564,401,1,16.83466799578616,0,0.5739132084239614,0
329.83952922567175,11,0.1047523026763373,328,2,6.049984966182885,0,0.9604138195996363,0
1048.5995978219237,8,0.44430556707534374,653,2,16.482220652306726,0,0.892881217840897,0
1089.3287552875295,18,0.12636986381684662,511,0,10.386522964047343,0,0.7912882049802585,0
541.8085396892724,22,0.2347147367848855,337,1,2.7320334185784443,0,0.5794983291214637,0
982.6436935080765,7,0.3795493358566324,877,2,22.07796408129721,0,0.7584039080307021,0
1662.1049479473493,17,0.2792168182459187,198,2,13.23524604761428,0,0.7016503899144062,0
994.8941241481455,13,0.26590971681338954,409,1,4.042726575937353,0,0.9813106699189338,0
538.8878949316631,19,0.07030890571728617,961,0,24.521523349026168,0,0.7795137362198843,0
711.4471048583505,20,0.025332453387104204,219,1,10.262869956283833,0,0.9668059342754308,0
409.9589358674318,17,0.27799941190096006,713,5,2.2233393136550825,0,0.8106974162827036,0
791.9082603902166,10,0.3898263441779625,119,1,10.22462108196541,0,0.7643045761747767,0
420.9431241904784,18,0.3266392257032588,721,1,4.347338365535816,0,0.7863059517679586,0
826.4096296289498,11,0.26600874903817456,229,2,5.387663039234037,0,0.8286571473874706,0
897.648753762102,19,0.05262701677220403,308,1,8.4614955533492,0,0.8950030258118987,0
1186.4341934636898,19,0.20643306553798058,442,0,11.406388273227908,1,0.7684900464363631,0
670.4912158894808,15,0.04933181318258501,406,4,16.068870361100647,0,0.6682444471561862,0
895.7124238053623,22,0.06967604628497902,690,2,26.35778416590999,1,0.8400692539307486,0
561.2664704770754,12,0.2433963070494615,884,0,11.316806741218839,0,0.8318983780911253,0
428.5197958147615,20,0.5222856935315087,432,3,10.473922246101203,0,0.8429013120834256,0
790.2348647565076,17,0.2655463298058446,984,1,3.622634284072986,0,0.818932105294283,0
667.7810675011887,16,0.3009362410834413,529,4,0.9223905542456075,0,0.7089798568235733,0
1839.3161527792208,13,0.07196759977633467,807,1,17.790949453608352,0,0.9525081773140176,0
465.31292650804795,13,0.06910781071928528,786,2,3.355103092528152,0,0.6813550682717485,0
904.1844846232466,21,0.148231366773455,127,5,48.885768071634615,0,0.8103634143926551,0
359.88247826757896,16,0.47138108447063315,799,0,6.690934109549056,0,0.7915480857159427,0
470.6434136805869,11,0.11745044903512371,459,0,18.006589233255532,0,0.5841097949866689,0
861.3846026730306,17,0.32153245889469156,151,0,3.5131177834626377,0,0.7589163410510352,0
701.8983372568488,7,0.19653354835969836,101,1,11.346018232796183,0,0.5752559098241353,0
407.2189590238699,15,0.17427867138828218,374,5,19.558271288842473,0,0.9005849036964189,0
587.0689472626398,7,0.1779928214486885,151,2,16.759795477261747,0,0.7990925548677119,0
1866.112498038123,18,0.04028533875531486,986,1,12.659610088185833,1,0.8240349662517797,0
71.86190386148506,3,0.6376231052908018,49,9,108.7392963824983,1,0.450597688035107,1
346.142982924158,17,0.20360279650694682,214,5,26.813945865404946,0,0.9488523016495347,0
601.3791180810757,14,0.24376234069074598,588,1,5.432565795548683,1,0.9392856776443613,0
438.78438150487904,8,0.041826237792769845,723,3,12.03305760108913,0,0.6707693375151842,0
494.2479565272398,9,0.11715234584289401,609,1,18.800799964920905,0,0.6666706377892997,0
669.6037431554495,17,0.2670774332202893,122,3,6.88762244454322,0,0.7381923954870001,0
417.21033919672243,22,0.12366064989994718,787,1,23.376347719282972,0,0.5372107750859497,0
715.8183638250576,8,0.27804048650612634,298,0,5.440797166902696,0,0.6573376632468934,0
608.9482998262088,7,0.32423016031297763,858,4,7.681913793982431,0,0.9014638975131982,0
250.24009802718288,15,0.07798476240719669,552,6,27.970791509716147,0,0.5704274133358197,0
235.12031743530835,12,0.24359550065135846,766,2,0.47577711290600977,0,0.7167376884159599,0
657.6571665689294,16,0.10584483329708108,885,6,7.101289228585395,0,0.9171089220094908,0
460.8610100933626,22,0.07250337391591272,708,1,3.2857041988685425,0,0.7720611460027728,0
1412.7266657975515,14,0.030078163565745504,387,5,1.0340615164635447,0,0.8263776313856845,0
1182.9429405952376,21,0.13680500059713774,791,4,0.5992909814944696,0,0.8394330695930549,0
1426.2434068128282,15,0.008439762670351885,372,2,15.068021282320988,0,0.4152021567539933,0
435.7023569547104,14,0.15113764399668905,777,2,0.5874652659556339,0,0.7829773685599987,0
557.1928244817474,20,0.43411324704896714,746,1,8.29685235896071,0,0.9092094950823022,0
369.81492665567924,12,0.048405359543381384,899,3,7.958187460162845,0,0.9130764696871281,0
196.78914918001934,12,0.3267102089040626,136,2,14.922505027311356,0,0.9020364204505136,0
633.745702057505,18,0.2844889515392212,920,0,4.984912388290516,0,0.7584350530631623,0
376.8900627492602,2,0.6030640209913726,125,5,65.80133623930887,1,0.18746224216145432,1
311.0993627730837,18,0.32621456744125166,803,4,16.083302551808902,0,0.7830180308676188,0
494.7333276708742,13,0.26931745900001053,937,0,6.826289621682688,0,0.5620946626802921,0
587.7578491807294,13,0.11331589666673945,428,0,16.79935710420646,0,0.6330889961985391,0
524.6985394885113,17,0.21527449001169474,768,0,12.415488834694505,1,0.9320675134065135,0
987.8893482154128,18,0.07554206580504287,170,5,0.18831953825935713,0,0.737717928512489,0
266.2632039042535,20,0.17173940128912232,812,0,71.71221285121516,0,0.8485603234676007,0
755.6923863178984,19,0.21120036827586416,371,1,31.669244794394412,0,0.6897930835754397,0
747.9131875380743,19,0.14332141049030947,468,2,2.3046818096222697,0,0.8589018559301537,0
1305.679373151042,10,0.22146515830880445,235,1,12.72231706963488,0,0.8105463413456816,0
513.0078570760572,18,0.05791194930005247,256,2,32.74490084857119,0,0.8200278432030976,0
751.4788213823257,14,0.22076642540982744,246,5,2.2352210736333973,0,0.8586623887955489,0
383.06142964448736,16,0.07925324813233371,229,2,18.47152777117736,0,0.9592504780074294,0
178.19316316783298,4,0.7924789060658883,37,9,22.13075202613511,0,0.25121052989307574,1
207.36297816824182,19,0.0159759370109345,668,2,30.33906179502599,0,0.8485116880797338,0
951.6305590145204,21,0.33671846429371877,716,1,2.278308045287712,0,0.906604367995147,0
945.8587276295,20,0.07643314488421264,568,3,0.6282562238084268,0,0.9071939561365631,0
543.574519360684,16,0.396738418932435,121,3,19.757219355731607,0,0.86545685164195,0
532.4762748593436,21,0.1530218112395747,536,1,16.42427627734745,0,0.8201072462604408,0
627.4143457970159,13,0.10122270803744265,741,1,14.791230090010545,0,0.7795474864857704,0
684.2797439197628,15,0.38575877687464344,820,0,7.195134133725943,0,0.9798152978541226,0
192.5203481248204,5,0.5394825774152975,71,8,316.60655237610854,0,0.3330216308972567,1
674.5921455061579,9,0.308565971229431,276,2,2.944716051074287,0,0.7751728189459587,0
1017.598263967022,12,0.07296084754061215,432,1,4.014390446804138,0,0.7955152288476505,0
1170.8120524200656,15,0.06886750952949106,633,2,5.968604115216336,0,0.9719391210115963,0
1013.8466015599325,11,0.2597928013963661,583,2,13.210623419490132,0,0.9500042392130017,0
384.71004223767017,18,0.08666584462045414,929,2,9.680061846590968,0,0.5549056194546549,0
1210.1833300296548,14,0.1574572420595785,457,0,13.35667642835811,0,0.7995156204593469,0
529.7258871054873,20,0.0966532114079002,556,1,7.951624157374192,0,0.7224914345723943,0
1178.7406750572645,17,0.11452277042551015,844,2,10.180877713401168,1,0.8990466719509933,0
1419.2539127479458,10,0.2771773332557793,81,2,2.1626684345631406,0,0.8243210734188736,0
271.8077691348973,10,0.1972981689926597,752,2,29.969740438862928,0,0.8391008755281016,0
681.8127619446091,16,0.5831287160544768,683,0,1.771295114015949,0,0.6985114728702648,0
1868.1908389880964,11,0.29229314343603824,255,2,28.755037528565072,0,0.8097739126681245,0
3099.7961294566726,14,0.3379784738848533,243,0,11.631046439755861,0,0.9672277172832386,0
449.44279577074104,14,0.20965931381707725,214,3,8.773632339626044,0,0.6078317406924401,0
445.75382731561206,9,0.10941783808147214,706,1,32.51015466546447,0,0.8931265434741393,0
1047.9520893993235,9,0.5771421391270852,973,0,18.358044050854296,0,0.9398498922966012,0
553.0217486324069,20,0.2538609256571046,236,3,3.0999582612320653,0,0.8259634298206566,0
1251.0106449725388,14,0.19069419316715167,916,1,30.703877972553414,0,0.9325558412619946,0
317.7059523237526,11,0.24482189261030735,693,1,16.95261328567728,0,0.7818914720070578,0
604.1135746184528,17,0.12114204356770175,658,2,44.636052913970325,0,0.8903973683854904,0
1742.077588472798,14,0.23855867641186315,632,1,2.471644974643542,0,0.7975176417793416,0
412.3091853494458,19,0.12834865124189496,678,1,3.8122132036197836,0,0.7807746448393832,0
44.40634302397877,23,0.7368930716695038,10,5,65.16981406206746,0,0.3473458143598878,1
891.0935572392266,17,0.10575079155731605,593,3,24.095115369773406,0,0.5682407555384943,0
499.0150551103144,18,0.45778815937827333,805,2,34.77365727102573,0,0.9434376619704015,0
346.86328191364936,10,0.20955997210129826,929,3,17.589408691979685,0,0.9655086407538414,0
1790.7784482166574,16,0.17635734863800717,269,3,2.842137283485396,0,0.8134368308877954,0
1158.5916149546474,21,0.284238257842172,677,1,18.25463473646624,0,0.8233842929294396,0
704.4215415623589,8,0.13003993766295716,783,1,25.965194257053454,0,0.6309679730583926,0
642.8460245253372,22,0.3950327136182424,182,1,2.7967345939927144,0,0.8476040141699334,0
761.5669143873905,19,0.32752018525866766,657,1,6.820086325635582,0,0.9229802863916855,0
1011.168433242513,17,0.21791645556067524,53,2,12.366251053942133,0,0.6404681151134248,0
574.1773635233042,13,0.49488961832349937,685,3,14.190451873367492,0,0.9670816923288502,0
654.5835010043301,13,0.20933168966121443,678,2,4.225511751285008,0,0.6120393391240078,0
599.2945205151477,17,0.22433691512898632,576,0,26.54128730771181,0,0.8162144286486689,0
828.1499873336868,18,0.05155892644419543,63,3,18.774997937171506,0,0.9486441407306082,0
553.8348239491421,18,0.185166144768637,122,2,2.501535766265428,0,0.9746017693849254,0
585.6726233210563,9,0.2658382913550988,199,1,5.282927672272319,0,0.8937707650438658,0
718.7893081457182,15,0.0649266770465696,158,4,5.14751533772632,0,0.8897709181151732,0
1573.6114343263953,20,0.216493487232763,152,1,8.372039291072014,0,0.7764660768515333,0
240.77065347119168,22,0.34256092293765095,319,1,30.617862268761264,0,0.9263047409882563,0
694.6287032220026,19,0.22826384325613774,635,2,7.230557793698083,0,0.9715151860853776,0
107.54863331565622,5,0.6867646746964249,188,6,285.1914161007942,1,0.2900920626187439,1
767.7228401003578,19,0.4972220353213343,490,3,3.78256202449336,0,0.9243375371358411,0
428.42541415013557,10,0.12544455734853427,536,1,7.6845938525657305,0,0.889090852635809,0
572.6999591716299,13,0.0679246471010747,678,2,7.791926563527147,0,0.9446012833866657,0
467.02784753721426,19,0.058758704000080555,379,3,6.432409326685352,0,0.7749808711132548,0
356.2474432919628,14,0.15591419696829475,294,7,6.730530405359551,0,0.6607968382308846,0
460.40880683577717,8,0.1764606810362893,311,6,57.17936149693294,1,0.8869097763885279,0
405.48566169422224,7,0.36509264157453686,692,0,27.700052699088594,0,0.5495757598352303,0
914.1573114452091,16,0.04761417928018822,610,2,17.606288861468563,0,0.8711498566319041,0
648.1294131422839,22,0.1982441008526627,280,4,22.00246596040786,0,0.8405823247848444,0
833.6874726472013,13,0.04241854063549759,405,4,2.7194324893386446,0,0.6760128263793298,0
1327.8973936893942,22,0.11077014078205505,775,1,19.460689325005436,0,0.7465468348075229,0
1329.6747117886212,12,0.24474513371746034,743,1,15.71614013397802,0,0.9577853215207218,0
696.1542601421688,9,0.12165450253223502,624,4,1.8750630633749612,0,0.8175770786588004,0
1353.787338147454,17,0.17223251449553403,969,3,9.87299085030349,0,0.8432902892679822,0
429.47536434070537,21,0.08337839800811339,916,3,30.5873934851572,0,0.8818879259719037,0
535.3829934984765,14,0.2472831229290496,323,1,3.438399862956468,0,0.6783972858656311,0
564.411692640666,14,0.1921862515158207,963,2,11.006834332181203,0,0.7691206444456022,0
823.7069452858143,19,0.37044392860639186,260,3,2.9485055762023795,0,0.7274549970059796,0
1647.6484440592153,8,0.1413956559015075,989,0,8.816155825361204,0,0.9333885362598262,0
763.3048468949113,19,0.22070552397227336,425,1,12.690532056740647,0,0.7773776084811356,0
568.4043143231572,11,0.2673958487059185,44,2,20.665501378859318,0,0.8531518077270098,0
1295.5277382364843,20,0.056977502172252746,850,2,1.9525761813608007,0,0.8720714426258226,0
636.7707531611403,17,0.12829645436917633,752,3,17.341568584596672,0,0.8384731749089412,0
936.201119786671,14,0.28341821614426355,56,1,0.7336997235165365,0,0.9071469078872785,0
445.438432331072,14,0.41998440087678107,856,1,32.699359538739785,0,0.5819345423885293,0
744.5587163623428,22,0.0852339388185657,176,1,0.8358977922600357,0,0.6981597315265159,0
569.8935111507992,16,0.18658817390115062,302,4,15.979063884502786,0,0.8595397074723066,0
373.7095954270838,15,0.1748047920621558,835,3,10.165780403400154,0,0.9541724503331941,0
622.2207737759989,22,0.1454626339662425,402,4,14.82488708224556,0,0.49884161910620745,0
519.0874632644759,13,0.24991066314223334,83,1,12.598302929276747,0,0.9718283421686331,0
447.8289721856336,7,0.16729686068626354,928,4,1.7048021243422609,0,0.906462305114764,0
432.2972920576211,19,0.2827458551686163,832,4,5.006950032943215,0,0.9502262292748922,0
383.23185126127504,9,0.3140036214573237,735,3,13.458189669217212,0,0.9455036798511823,0
860.2026375336792,22,0.06487981634872839,442,1,4.706565296322016,0,0.8926682936749852,0
630.7451824864027,8,0.0769119280607929,127,3,1.435546980320041,0,0.9027777958485755,0
615.9137221365958,16,0.2366610013275004,70,1,19.60549199895888,0,0.8562895320658576,0
653.16952959267,15,0.13618442935116562,152,2,48.181742595185554,0,0.6174598388671378,0
976.162772263236,17,0.062509263261309,981,1,70.40678256283142,0,0.7404077758060417,0
572.8217114073799,9,0.3319905887737134,497,0,5.527674899889906,1,0.6711977908840646,0
359.6976733215682,22,0.06745078078070074,312,4,3.268567911068673,0,0.9533587919296563,0
652.6721165566968,14,0.10149575089428449,351,2,24.490292524306664,1,0.8032365538733094,0
1081.1750017265063,9,0.432437923728834,39,2,10.130748683625177,0,0.7006849272799949,0
1014.1152373092399,9,0.28552542749862636,535,3,43.71290794389476,0,0.523308034068801,0
621.4717844638614,18,0.14462848314592788,293,1,8.228141312342357,0,0.8584185006864806,0
1832.7402064497687,12,0.2025201449877375,673,1,43.0756253821842,0,0.7436296527536977,0
274.90910703748887,19,0.22748899963532698,63,4,12.356272883869385,0,0.8065987010801481,0
822.7196140756853,18,0.1392229980287924,824,2,7.443677528043011,0,0.8168884734184152,0
601.1348871186433,9,0.05646379113716694,989,3,6.363073384392499,0,0.7785040786216321,0
536.4796524061902,22,0.45808699203372666,521,2,18.876119136785384,0,0.9038219219606233,0
895.8859808948993,21,0.05098166703662887,333,4,6.498163069380155,0,0.8321131394435214,0
692.8810574449219,20,0.13422446974434538,143,4,3.2715016932151206,0,0.602688211789256,0
889.4106497585536,18,0.21066089128950047,704,4,9.572072522548142,0,0.9009095993488685,0
1277.6978849349855,15,0.3294444627275672,340,1,0.864654997854671,0,0.7891726873127624,0
307.7682770516106,14,0.31505302234201515,52,4,18.275496709891513,0,0.8529545042272427,0
772.0291729179362,20,0.5058715769657008,260,1,0.33135426539152785,0,0.7927759083530762,0
316.69700325161836,20,0.33900683824648237,809,0,9.960545403356711,0,0.6216279165360582,0
904.8893517996125,12,0.12494154715139556,219,5,0.8320979409762929,0,0.8729939052341403,0
1418.9398218680035,22,0.20952647189199924,178,2,30.02420881259407,0,0.9665022074402789,0
78.03551401966114,0,0.7450092284407828,186,9,197.7510047373387,0,0.45230657556639203,1
636.7491571981686,11,0.2145072818340099,346,2,10.924974864078871,0,0.6338668500051724,0
304.23572839086484,17,0.338159302320338,113,3,13.905287931322793,0,0.9636071660138451,0
605.9672573310347,19,0.07335499526123031,245,2,35.70879740736578,0,0.8474923981149488,0
512.2584074349843,15,0.062294492425399896,437,0,36.89781967567614,0,0.8042968690914291,0
902.4004258120559,19,0.24536099423369284,438,0,2.9332732770710113,0,0.7553365207533703,0
483.9822674064262,19,0.2010361234338146,800,2,14.943409062156357,0,0.7884398311272282,0
423.674062292494,21,0.14236815085895488,579,1,8.663318142789945,0,0.9352929048869477,0
1240.7248395520721,20,0.13478518687253818,451,2,10.916030802981515,1,0.6835655428418165,0
796.8926944808475,11,0.13907131176909132,146,1,12.284964605042456,0,0.9183021483550421,0
1310.7492463288681,17,0.30070335396748793,545,4,48.82268745370163,0,0.715410523597822,0
436.59379563778646,19,0.14682882248842233,583,1,3.121886002204694,0,0.9856964067682026,0
779.9557397895449,11,0.13967051964718805,583,2,25.384617699908,0,0.8608411202608234,0
1878.5175797902987,7,0.13562991139991587,160,4,22.679101164491055,0,0.8953031459438527,0
524.2395904560055,11,0.1308863380797409,996,1,0.28816045511371274,0,0.7484720754153603,0
787.7458083104993,11,0.21451659160123987,682,3,28.126125382679053,0,0.8883874711155619,0
582.7060373345624,10,0.19701031869796745,289,2,29.87100795998543,0,0.841078910714937,0
385.4581235359251,16,0.07271974881186238,403,3,12.685986160923369,0,0.8391743346436068,0
723.7234569146023,7,0.11250581425989223,62,2,4.134812098432431,0,0.7553146338765893,0
662.0636971601989,22,0.12327764495352878,525,0,10.82774215602404,0,0.6915203518723633,0
296.94249374425937,16,0.07573527729318594,707,2,19.48637699847228,0,0.8821803945392057,0
872.8670577958147,14,0.5669617699890313,443,3,2.3361672968054035,0,0.735999973810206,0
461.11556769475436,15,0.22585427774783967,435,2,19.810144675549395,0,0.8556835283594532,0
1035.2037052644885,14,0.08887027065356001,387,2,1.1164236671663916,1,0.9539306571995568,0
739.9228376831348,12,0.2752948211153622,983,5,1.0907197682452312,0,0.7140110444225989,0
264.28945120864074,20,0.20601927745114618,63,2,13.729795116972616,0,0.5131286490705522,0
591.8223994935945,12,0.1181382026244673,452,0,0.12052997134758167,0,0.8117900004091106,0
254.4187144198555,15,0.2590651105207665,699,2,6.9807573002626135,1,0.7975421120868127,0
662.2841552304081,10,0.0749046218962145,663,3,30.26383089708289,0,0.9646218711117089,0
680.0015738434236,11,0.046975149546996574,591,2,8.56856917233915,0,0.44934792189393785,0
1024.2200022798875,13,0.3432979322064536,218,1,15.940444525579903,1,0.852005560817435,0
309.0414456194451,9,0.028422780013935348,670,0,28.286486147218138,0,0.8967297362345615,0
405.53032882032613,13,0.2403233164981845,216,1,1.9583010892688275,0,0.7936465161222425,0
324.01098882771976,21,0.007500172910988745,817,2,45.15832000613037,0,0.8873093202356218,0
835.8070696443367,13,0.018644713309562962,348,2,11.034317257666629,0,0.6402969765671469,0
377.40475544716594,18,0.20772718405296,897,3,21.849398370086615,0,0.7308444752040647,0
1256.5886071516427,12,0.18617597035352815,795,5,17.22640096421834,0,0.7321949418222221,0
344.93061514589164,18,0.14875804151628308,848,4,17.772066171183443,0,0.7963757637095716,0
480.38651920082896,14,0.1069146808630705,313,5,14.491762682268828,0,0.8605443769740879,0
852.8405825822324,17,0.29387919314455413,258,2,10.727300670813307,0,0.7959197021897737,0
539.5577118996977,13,0.15090633676404303,829,3,10.961254086818665,0,0.8962526093024761,0
543.4296739860855,16,0.16478337947961225,331,2,7.500959750421578,0,0.6969470330277574,0
929.2039078385912,21,0.012192378556416238,249,2,4.423242239128777,0,0.8986747582576884,0
113.86252464125855,3,0.4852751185986557,47,10,47.068065578076286,0,0.2975635337825616,1
347.76398858498163,10,0.1394649357452711,265,3,8.751762084927384,0,0.6355367292269805,0
569.8582391239527,7,0.4069133276138203,970,1,47.31546582983439,0,0.8389717268724627,0
762.3045438913638,13,0.09541446585778723,203,2,26.123760129000765,1,0.7909540767202026,0
481.82206186743207,16,0.14262317900254518,917,0,10.90844206102525,0,0.8964688173754297,0
1515.0398498359696,14,0.28398340189594046,33,2,14.469125834831534,0,0.8468653276274648,0
103.85569430003383,23,0.5829006238431145,198,9,37.39781643538182,0,0.11207411283135738,1
757.7587501012687,13,0.27355270352159755,662,4,23.363773116306866,0,0.9160867594401632,0
468.95955530699877,13,0.3519488502196068,382,2,11.191787891917048,0,0.8599808554118901,0
694.4059943726028,15,0.02268197780890267,111,2,45.48264168595672,0,0.9171837835990119,0
159.31961018158933,12,0.433958473386095,529,3,0.6709010897765193,0,0.9522670461367068,0
590.5863953205362,13,0.10276974263505861,637,2,4.371876882899081,1,0.7198497983309221,0
490.34400133885845,15,0.1503790657083978,926,1,12.906589486761103,0,0.743689597913992,0
663.467886684327,7,0.3609513209412639,170,1,6.773905578777509,0,0.7817751280822358,0
340.00646096855036,20,0.0840540660181446,444,4,0.0365312998655282,0,0.7025437249773951,0
702.2419541134885,18,0.18349649814780009,505,1,22.8726138821694,0,0.9318983944630191,0
1237.3961016138246,10,0.2591300393644682,928,2,28.107159229799766,0,0.8399888195894535,0
870.7365388553576,14,0.18570462025017082,690,0,10.68114640986483,0,0.825120266473138,0
480.4463576289009,16,0.25209722485018604,175,1,31.930782633361765,0,0.9128147079337878,0
885.0092716091712,12,0.16069391943970804,196,2,1.3249377357768835,0,0.9322854570440817,0
482.5160172496779,21,0.035641345385689756,104,5,5.6487701768284975,0,0.8677729652338941,0
517.3274387705214,17,0.20441550504682443,397,2,48.995074852624946,0,0.9796934661830398,0
178.0702129737639,18,0.011230972191868808,675,1,16.76576697354021,0,0.9251794855790627,0
371.4099963807255,7,0.079772985052836,879,2,21.353410226230956,0,0.7509873989301843,0
1037.0420222756577,16,0.30919070890442935,42,2,5.132315726209959,0,0.8214189038472636,0
202.84557249276625,2,0.7071064657576401,43,6,236.20899159211785,0,0.18919311490273177,1
1528.5195836598502,12,0.1515006028207054,179,2,6.1487855998057235,0,0.8588170985708397,0
721.395000666836,10,0.2904879630373529,605,1,1.2200106024083253,0,0.923988055077672,0
855.9540817229113,14,0.05351317437014626,738,2,0.35437579477624304,0,0.7709641290446358,0
473.23316947751465,20,0.18201340553473144,248,1,1.8092615955018057,0,0.7677704335342517,0
439.1776457951252,7,0.10734134419276598,105,2,7.823866794748062,0,0.641814811487133,0
1076.0728932223715,21,0.11334634235476165,866,0,5.251100370434201,0,0.7579875262469676,0
298.42415584782924,9,0.4097266855511859,495,1,13.329470714975816,0,0.8116386304493236,0
427.7730348270103,13,0.040592584543669694,913,4,23.142419608926623,0,0.8966131458771224,0
1135.3181030577605,11,0.09256011668800831,935,2,2.057081820516814,0,0.9165533332185135,0
1248.3544251400956,17,0.09920248902170764,581,2,10.840091815574329,0,0.8471386386230433,0
1070.4897280396278,14,0.32095521859029164,829,4,27.924529427409045,0,0.5097392568918988,0
615.7473940293295,19,0.0570710388538245,871,0,3.759123686838083,0,0.6602064248361506,0
537.879692018906,7,0.10823110343816282,167,3,23.608568934352633,0,0.8559876314453753,0
848.0464773349927,17,0.11772621084835823,730,3,16.67370765289373,0,0.7947558746646451,0
165.2207769503562,16,0.42432130564039205,198,0,16.83852277014762,0,0.9355300915220752,0
672.7212395805437,16,0.29967225123502106,674,1,3.570052279123682,0,0.7247286283238386,0
645.5675289470652,9,0.23752698184606824,552,3,20.571627476832965,1,0.6937309047558664,0
725.8832765766159,22,0.22142827222208872,817,2,7.475094508517989,0,0.9226386829794246,0
295.3309514264559,13,0.19000220892741257,897,3,29.346296886670917,0,0.9476198844909833,0
331.3932969592548,8,0.24549074256170897,627,2,15.815607397785929,0,0.7713345844301813,0
616.8010794767727,17,0.3254713504604362,869,3,0.2908596016271767,0,0.297395385274322,0
655.5720635679248,16,0.6016963626875673,474,2,0.9226411439233777,0,0.8825558979288467,0
483.88212526792205,21,0.03109703265563893,729,1,17.15719861561037,0,0.9948883752632799,0
286.12143394847106,10,0.027428172784022993,350,1,11.286502628804604,0,0.6071107532862744,0
919.0600822738129,20,0.21653453667759592,594,4,19.095713735798675,0,0.8946889225135876,0
334.53527841527944,14,0.1748729340633831,484,3,9.373748625580768,0,0.8054837893262877,0
1696.1482047024954,20,0.3776535352261948,840,4,25.760924844997362,0,0.6160895985343628,0
622.4324304051496,10,0.18896628486060632,847,2,2.658623953815514,0,0.9396638483238015,0
609.5304434947611,8,0.042710814519819604,640,3,21.86049670701253,0,0.7923137898484013,0
505.5835725408833,21,0.06267736917797274,902,0,0.783222381119556,0,0.458758606526763,0
859.2559757295002,20,0.18528268468782572,555,3,5.059811642117115,0,0.802062154817031,0
688.8937910647863,12,0.1660517270613265,372,2,8.0497962186531,0,0.7528958347283202,0
905.7758013254139,20,0.23880033604852016,753,3,8.117134631160509,0,0.8612032039734316,0
711.2837992612843,9,0.12044830476657452,999,2,0.7664976327937845,0,0.8702262094460494,0
570.8372932035331,16,0.4523551038332481,746,1,2.7023341435338013,0,0.8251882665758404,0
432.2216172156048,16,0.13919118176513448,795,2,41.90832581374245,0,0.8620250345642604,0
1233.64927937373,9,0.31089139486064876,471,6,2.0248252245991907,0,0.9375041201278174,0
2255.5545661886513,21,0.10991353884816034,775,1,2.2533808124307693,0,0.752563840184921,0
1451.4857391291337,13,0.2284624133377311,902,1,3.102674751403858,0,0.8708988548029778,0
1470.8913576225293,18,0.25114002308936095,427,2,2.124229380150866,0,0.7702324445917085,0
565.842987188121,17,0.19866177509774183,527,0,37.378477163729265,0,0.7076381015360127,0
1162.6611767200118,14,0.28978967610543005,769,1,22.15948303572933,0,0.9169153958924927,0
866.6237851739936,16,0.032574439153103034,653,0,41.298690975961165,0,0.9269099994912414,0
1139.207831300204,21,0.25182515910480574,527,3,16.600774032420475,0,0.8924021708356135,0
483.7368023902593,16,0.180938159676438,311,4,2.2734207858833995,0,0.8983275086951132,0
1384.5625532591628,12,0.14461904594823843,614,4,17.244872964882852,0,0.881551524934338,0
454.1817030064284,18,0.13117318538802078,994,4,19.047936875735743,0,0.800578441801794,0
1496.2907090108968,12,0.07192223181496965,310,2,10.84367505811952,0,0.49963609859373365,0
1101.833803095614,17,0.12280077675486276,988,1,34.97814130833944,0,0.8815716410121296,0
1143.2962551458365,22,0.026531779201193303,918,4,4.880032617774226,0,0.7390771678628196,0
603.9170152311541,15,0.06136564329999226,655,4,8.47518593651329,0,0.7893843317865671,0
680.8396782283611,12,0.21167374589693122,639,3,26.535929927563142,0,0.8845304640419903,0
701.799681821307,7,0.11719273572520307,562,3,20.25692787160235,0,0.7140828047730643,0
1263.0594440748014,19,0.23730263561934395,589,0,36.706210747861284,0,0.6744750779541633,0
503.87957502063824,16,0.16318653075702766,626,1,48.885034286071956,0,0.7861763616728891,0
776.447807247542,9,0.04365494736843188,254,2,52.69583744223169,0,0.7689215845775567,0
598.529856014099,9,0.2746950489376412,933,2,11.324488143965269,0,0.9382836013451629,0
647.6673472564128,13,0.06637580114061399,855,1,3.494211828816438,0,0.8264563118161177,0
383.6196448942434,21,0.2511615345613632,203,2,2.1305392775136176,0,0.7733659056765845,0
529.4535751887514,8,0.12933198755909875,439,3,9.446590296136764,0,0.8409984799700145,0
457.3910138036058,18,0.03944584895753734,750,0,0.164071460546821,0,0.5566384600565866,0
333.8539173713442,22,0.04342078528217284,152,2,9.428822030173693,0,0.6614494215972403,0
740.1267821471835,15,0.24223803175054873,560,1,14.02122729434685,0,0.7342780335349716,0
346.5263337305728,14,0.08160653239133063,364,4,0.646481631169011,0,0.86987422385859,0
1039.2806881860204,8,0.28304011195589845,694,0,2.7770084598026346,0,0.5022053977282265,0
283.79579367615236,15,0.17801188635434076,830,0,54.358994333936025,0,0.7891787038554403,0
612.7478958370082,10,0.1049487697543462,175,1,0.0817927333556527,0,0.9193560200359174,0
339.4489075537182,15,0.2368409557337355,631,2,6.54445116741872,0,0.8084290304795184,0
915.9413994048685,13,0.22008640864884654,663,4,17.90525835153728,0,0.5472242730698804,0
1090.644496918273,13,0.27902756883599006,511,2,5.223453496366803,0,0.846648965928991,0
372.73415252311946,9,0.27297056869359465,496,2,13.376327952311048,0,0.6849048535930181,0
399.94750277733596,14,0.1302783019183679,677,4,17.75779865837062,0,0.9461075512957078,0
1075.600229361117,19,0.31893592609060134,761,3,10.73401875152232,0,0.6213240815884172,0
428.3385150659032,22,0.18458311493638752,417,1,39.53744639714843,0,0.9095403688015309,0
436.54615974670554,7,0.18839926526423395,116,0,5.318347644811962,0,0.9853352131529036,0
720.3480051323958,7,0.16019049108109187,652,4,18.161959254155356,0,0.8560177451730536,0
371.7441340384505,18,0.26983219693609917,336,1,8.386286991377277,0,0.7904626193992806,0
851.671405878761,22,0.09633208513923122,981,2,26.012913174461644,0,0.759248054906308,0
1072.5220138309674,16,0.2090056040986525,134,2,4.1627348575082745,0,0.8095375105363917,0
607.8246515879222,17,0.16920901348234849,812,6,18.649655453400015,0,0.8631116642899623,0
1826.2805360872485,11,0.147836375940563,100,1,4.487530134069853,0,0.7756894713173503,0
539.4751665148813,9,0.15571643135145546,471,3,28.314022858462458,0,0.6651417900342768,0
437.7380597891456,20,0.12969276957711676,267,6,5.931211628081771,0,0.8011638224862695,0
594.1490156118592,10,0.3368877549734557,820,0,2.764833411399994,0,0.8151448152164582,0
872.0375793549588,12,0.13890570724652204,305,2,38.18139823603611,0,0.8556513614614402,0
614.66760923192,14,0.4801262500487407,504,5,22.354253187463293,0,0.9092833241076093,0
357.4277863840176,11,0.3244048508922596,851,3,6.556356694525557,0,0.8203934666624911,0
291.45660832444486,10,0.22833155632220073,126,2,5.090382905512715,0,0.8158467238112567,0
712.9689201661342,22,0.1051172035297276,569,0,18.09019024022173,0,0.6515509267650064,0
882.6900379025808,14,0.13666582369214006,459,1,6.819250764977019,0,0.8049688438750875,0
1211.3173531216162,18,0.10670107602374963,648,2,73.81621374463144,0,0.9008016849595982,0
846.6875509374006,17,0.2454624524135347,393,2,15.954453455833693,0,0.7888748040447545,0
1011.3314200748973,8,0.1318207237219256,441,4,9.053812323403644,0,0.8292399360386135,0
131.9609211906885,2,0.9081864540748719,177,5,23.927335844097392,0,0.11779541392617625,1
309.29795263205034,7,0.31758478253401384,333,1,4.141979876619173,0,0.8231437454810935,0
419.20603855198436,14,0.28492074742246903,921,1,9.123542914786967,0,0.7118117534779076,0
778.9469949458058,8,0.06633713942220726,512,1,14.286300355499572,0,0.8413707541171793,0
258.6712481752135,18,0.2491575347316871,208,5,4.07757807730371,0,0.9049032485721678,0
1378.1274103667358,11,0.14231767774746842,564,3,26.755102634277726,1,0.8261234005799908,0
910.4804828739011,15,0.369762954174378,570,0,15.406218275312936,0,0.7525805477855598,0
302.46614338969505,9,0.2058468741685709,519,1,7.474381810245049,0,0.7787441005885212,0
774.7292667437744,13,0.08616106253341847,80,1,19.71291947173845,0,0.7877565264661044,0
1325.1905747553726,17,0.16598674574484718,983,3,5.065650369721266,0,0.8234834183172929,0
455.56642560261946,12,0.4670650126216547,537,2,2.2987751062170383,0,0.9244122066084632,0
421.09344812892147,18,0.23635094812938567,615,3,12.362093309293734,0,0.8753455233196495,0
326.1396029351547,14,0.13316141648909988,396,0,16.613149156170383,0,0.8634144982938814,0
447.4588286681134,9,0.15919145195532475,145,4,0.5190036602558222,0,0.5923782274543062,0
724.8546274371378,11,0.10435842217810128,969,1,0.4016464184365438,0,0.9058709692047452,0
252.38975319311874,12,0.2929450118693516,835,1,11.168551061796345,0,0.9226858882319761,0
707.8046222599628,21,0.18753422908265316,168,1,13.314215619523889,0,0.7587774720215208,0
1375.4721258936531,15,0.2062867053832954,901,2,1.1212677963816629,0,0.8444516538885708,0
1032.3368616883868,14,0.3288027849763549,876,0,31.228404228591792,0,0.8679584654860851,0
2687.464685864578,22,0.42679580452914523,743,1,13.170627706769979,0,0.9251427189626419,0
608.1720983959444,14,0.18472483932371522,32,2,2.412604790506077,0,0.6742038950445691,0
1542.1245039321745,18,0.2450804797772851,495,2,30.70629122265059,0,0.9022581996746531,0
1397.242080556898,20,0.3124775742914011,875,1,7.895189775777264,0,0.8909084004312211,0
478.10064138716103,15,0.04200063712491088,40,5,70.85696854957804,0,0.8166194397686904,0
641.7814331484652,14,0.14389359077148123,145,2,0.7861238246609817,0,0.7830436586064492,0
468.0371828274888,9,0.1550116201095028,307,0,12.112795747619659,0,0.7230567129307084,0
248.21746995757573,15,0.22890282910125626,270,1,23.628309358810935,0,0.8580032206426791,0
280.8805234163768,1,0.4163503690313123,74,4,216.99335951393894,0,0.14109852222253524,1
329.88881462680894,16,0.3223546646158987,815,2,54.98982407639816,0,0.7351637180788021,0
792.6902612314844,20,0.0862838229086261,848,4,4.131187290496751,0,0.7828593833058015,0
400.2195319731942,22,0.15840962036171566,333,1,25.270213977922854,0,0.9672035686591496,0
532.2354270458998,17,0.03286485759229355,540,0,1.6059867031036044,1,0.7937836784534149,0
2117.5029708076945,7,0.10770809576008088,158,2,1.5892195356841823,0,0.6341040114702372,0
714.5470105938316,17,0.11971954655572838,997,1,20.79978074640386,0,0.9565172228074609,0
728.8907116141626,21,0.22859109829429813,432,3,0.23008558304484386,0,0.5400953663827724,0
331.58700377125393,10,0.11693324473896256,849,1,1.1142012612069192,0,0.527085081118787,0
362.4540965031525,14,0.5114896105568929,618,1,0.17023470049525807,1,0.9288222536521612,0
1147.8901164083431,21,0.17630320864931054,877,1,41.64530723631594,0,0.8582580580190641,0
630.0663566431397,7,0.15523640501962518,852,2,40.458415360142425,0,0.7887539713327038,0
581.7248634693669,14,0.29727575619718694,802,1,16.268431445410485,0,0.7555608703321881,0
505.95610432702756,21,0.07242237403583304,733,1,13.91258221710442,0,0.6387778826730487,0
420.7239269636333,16,0.6299320477073082,872,2,6.488651350836208,0,0.9312599787082021,0
471.2094191264223,10,0.09079144060605333,49,0,21.47154453394873,0,0.5754794716433085,0
908.7085727962052,18,0.24790274968010403,695,3,5.578178038659697,0,0.9179798284900829,0
195.56679980667383,1,0.558635742128861,147,11,173.39812777897,0,0.28636551967924606,1
606.682350401105,9,0.16169020352431532,32,0,2.250089979813771,0,0.8981355607541406,0
633.2498272444249,10,0.20671733915225732,508,0,10.347428843889562,0,0.874830349736618,0
946.2969521369758,18,0.2719281582452875,711,1,17.62509955488274,0,0.6659978060644459,0
284.8057134967092,22,0.30759435542460867,103,1,4.097863983113622,0,0.904728493616804,0
2279.478668408002,14,0.02395093688384812,883,2,1.0570140759131963,0,0.8328154303736933,0
633.3671408314715,8,0.12198726669083416,976,6,13.45939450016577,0,0.5664145194180182,0
1592.4065600793149,17,0.13861246200235444,958,2,12.891471058173614,0,0.8062793175965876,0
552.8817238585198,19,0.1145897300690426,191,2,3.807066460782432,0,0.5891706665301638,0
799.675012021369,13,0.24983899160562703,736,4,9.524386344320238,0,0.9224571455695092,0
531.2089661524084,17,0.16650015615836963,589,2,24.38034190249003,0,0.9031507916672868,0
662.0886599422502,8,0.2583151996915261,590,2,27.479573420447846,0,0.7440831995262492,0
421.1218501652376,12,0.1640526154179046,841,3,74.33433594021633,0,0.791620420362664,0
642.2214677848775,16,0.04974939695551388,314,6,12.658855158777282,0,0.7177627711565714,0
296.1309174285112,18,0.12169209493366558,314,3,5.574920491081361,0,0.8468064369979715,0
1085.1634640526547,8,0.10021089650750635,307,0,0.2926067134613868,0,0.7474694990449593,0
1127.6277855640017,9,0.16218303879469526,223,2,3.5652691952953166,1,0.7323296347962187,0
344.28593775442107,0,0.8009373667271522,83,12,383.48788774387424,0,0.13317869587924822,1
599.7818375818458,18,0.07476200994068137,942,1,5.629805916114605,0,0.9623728918676425,0
1198.269810992106,14,0.33202479560788817,849,1,5.979231496315992,0,0.5916510723338703,0
315.3927776485423,21,0.3433801919388739,315,3,4.457661285506145,0,0.619399180488845,0
319.704054817442,15,0.1693458753257249,792,0,6.754116393568906,0,0.6350607327922417,0
498.328767018679,7,0.24899272593019592,868,1,5.3233281783244415,0,0.6962451746828053,0
389.84219758460563,12,0.15854646882453416,197,5,10.345763501264317,0,0.8520169817635408,0
1282.4735342003207,8,0.4383440856572463,357,3,5.383829842260144,0,0.7143267873319268,0
307.809739912506,14,0.1749017755233424,961,0,27.985260663774078,0,0.7775066868699384,0
1627.141226719748,12,0.28139481168571734,396,3,15.982391727874074,0,0.8487553129552688,0
754.8105211830341,7,0.17571714680723477,556,2,5.019661327844396,0,0.613956462392462,0
1783.3286534144074,22,0.1378898826981031,197,1,37.638861863038635,0,0.902637205975329,0
765.9100176761192,22,0.05530572414942399,276,2,24.721938206854514,0,0.5726598722321151,0
304.2261619238106,22,0.2149452622502482,166,3,16.97067128674683,0,0.9345717001601168,0
870.9072030478713,9,0.08327656723370806,530,3,7.363140774732743,0,0.847239689362178,0
305.70923384011905,13,0.17364567306192077,602,1,12.46969969708575,0,0.7916458643493164,0
1097.4066812277067,20,0.16345038947092932,885,3,9.714686996593214,0,0.9641381496197585,0
733.7079375311988,13,0.12484848064446724,61,4,6.91074535781061,0,0.622953312855924,0
825.5777206462697,22,0.3881575219482961,557,2,5.715811008512123,0,0.7151016889141749,0
880.203274967505,22,0.03265870322610648,624,2,45.78468949720361,0,0.8909000336318595,0
762.7038758564618,17,0.14044754460911216,650,1,61.36518960490907,0,0.9012281836221613,0
1847.125274339398,8,0.3841450780866808,815,2,18.231653941187307,0,0.7271412803502952,0
919.9640296873558,13,0.2909048030520723,315,1,14.8606581648378,0,0.9273331859726243,0
718.2842385591941,11,0.18039238693016219,54,0,79.67973559163293,0,0.817287447235102,0
419.7737619804624,8,0.3203751299291847,606,2,11.958827272878933,0,0.9860998220494431,0
2979.562576303206,9,0.023614645336976204,492,0,17.390225619362646,0,0.6276196191402237,0
135.75162599821977,23,0.8889007930672763,192,7,19.649709229712414,0,0.20833757532329442,1
879.9089848471059,7,0.1999712247132707,489,1,13.034997012131239,0,0.7815040056423234,0
368.47580926989383,17,0.4422994825182259,958,1,1.9155445010530656,0,0.8546949653014142,0
921.3864311421589,9,0.14761196789078962,691,3,21.350272613635347,1,0.4532255087965785,0
465.9207569026779,15,0.22537834472537666,371,2,34.11405901156857,0,0.8938489078512498,0
798.1436403121833,15,0.10078607491007392,255,1,5.166401499482771,0,0.6695951335921423,0
156.5150023600285,0,0.643463050608573,9,8,148.12412299122772,0,0.6223253600362496,1
1455.234018256178,13,0.16300981117387572,124,1,29.72914815036526,1,0.6780160438236184,0
1650.2840057439848,21,0.3994880124583317,766,2,4.577148071098561,0,0.6753042705298816,0
569.6297266938234,14,0.21639677192955195,993,2,5.546013767969869,0,0.6904492411207945,0
642.539147353802,18,0.25539693630331195,589,2,7.861663044603379,0,0.9190011322438523,0
656.009558540422,22,0.15780023953254038,649,1,4.3955489025708365,0,0.8040739035269652,0
324.5800070640323,14,0.18030920790317184,888,5,5.033526406108361,0,0.7443080060772004,0
438.0444759440733,9,0.13750390225369,504,3,25.78550640433963,0,0.8312531352676643,0
1383.961295038939,22,0.36796683863848995,30,1,21.967801569483328,0,0.6232815689249727,0
688.5026406294544,7,0.24676672545967812,839,3,0.8231771250481231,0,0.8392171820870384,0
324.38765030937367,19,0.2776980254046893,238,2,8.286776879398431,0,0.6033722125168253,0
923.9245451323876,8,0.3888680465915319,334,1,8.91921855507208,0,0.7778063989140054,0
642.3730468883767,17,0.30758306194567264,335,3,34.32020006337849,0,0.7545780462589234,0
934.2818987006834,17,0.05284447143394208,550,1,14.089084028764141,0,0.944306046314146,0
1200.3054419773573,11,0.19835936890718633,765,0,8.644962659028662,0,0.8379995076305674,0
1536.2436473809544,8,0.27070656747551486,611,3,15.008113970923954,0,0.8256234928508696,0
427.3808181539028,13,0.23054883620310132,915,4,27.00356066484436,0,0.6697186234655316,0
422.75093703696996,22,0.03650561866395909,373,0,8.518756033198178,0,0.7469036704827745,0
341.5430067277503,8,0.24991271740340193,904,3,97.42076809704952,0,0.7320642370500245,0
777.0551128220392,8,0.08820879000193639,391,2,10.677684147023564,0,0.9764036216857659,0
1051.8775582595365,21,0.22085494346194295,345,1,0.7210025796045689,0,0.7306254404649126,0
557.3506011367385,11,0.14130658800070975,117,3,14.9207224878841,0,0.9030427287268028,0
184.4929097255474,11,0.022309725768466782,739,0,11.969249765953652,0,0.7475341376553217,0
877.3689247089183,8,0.18660029941087872,926,1,15.082405433866727,0,0.8809164694102503,0
482.77230056576377,12,0.31139413586949205,268,5,10.095681224022838,0,0.4810268586390523,0
238.27237643207124,5,0.5180195770487337,62,6,93.69877969731537,1,0.7669621198949987,1
750.2187111867672,16,0.24030245139440473,192,0,7.091081061099538,0,0.9351096238578859,0
964.6573887383213,12,0.33262765739930905,989,3,71.25787773468394,0,0.8012302340255718,0
552.9858085971483,7,0.26083177829115795,172,5,43.68851799229515,0,0.8342497747075134,0
600.7369949005874,21,0.4113067903755689,700,3,4.249668225072018,0,0.7659875911276032,0
473.7134903547036,14,0.23277488747581782,508,3,10.627373372359258,0,0.8714878779167629,0
657.5969231307732,16,0.21234221963702876,573,2,5.447169414851127,0,0.7228203524508723,0
1529.0923213643205,7,0.24640308031379501,281,1,8.722863946002896,0,0.6515049244117171,0
382.49762555423774,10,0.12754197610867657,282,2,3.1983603712948927,0,0.7207962069549074,0
566.7562249575167,20,0.18867476119632764,558,4,12.70206766457651,0,0.7381007881125058,0
407.73768935786325,21,0.2507475616798857,604,1,12.526590098803155,0,0.921612066117568,0
1032.2622239280608,8,0.09872770140797119,458,2,0.1722244552996396,0,0.8097977340169733,0
583.7378297450373,18,0.5280441032280194,691,1,0.789856619746103,0,0.7639376635199567,0
716.7202952566482,9,0.2736432787228947,693,2,4.256804971466282,0,0.953031357593011,0
389.2617597094623,9,0.06504605429461534,601,0,21.528778357659405,0,0.8841077551589503,0
252.5233416821551,14,0.1798637528786056,394,3,2.8293424042186315,0,0.7142302511617417,0
1045.1084048087155,17,0.22570675145414532,680,2,5.702484800795894,1,0.8422170443877601,0
792.4365170600336,8,0.10186554568776869,516,4,40.51031046113865,1,0.8581148032307403,0
421.4935928299568,13,0.11260003392881653,66,3,6.730361253975723,0,0.8581541656322266,0
1038.4221128224685,17,0.13542283381436968,716,0,6.810234023065974,0,0.9167401592898281,0
889.4401093355934,13,0.20320387732881828,202,1,1.9800506853024182,0,0.7630277380070625,0
372.38230605371217,14,0.054312263505345154,567,4,35.86192373059566,0,0.8496563040815499,0
610.8923774614607,20,0.22971384695599753,489,1,0.10260073769382297,0,0.7186614560429387,0
1537.8895905851725,8,0.09852392389839762,999,3,1.387134345006726,1,0.8680922804904886,0
694.2017661443841,21,0.31052425763609776,124,5,15.76302381446278,0,0.9287234638583378,0
664.6368359608197,19,0.385344955482967,967,1,7.928427385519151,0,0.5703187734748547,0
115.23723323300257,18,0.19840730632285328,940,5,3.4227843270660285,0,0.7457184719797209,0
1308.2297042777993,10,0.3107768426077437,583,4,26.159672194654462,0,0.8944305741960439,0
1118.1665815538238,20,0.1442986247055564,905,1,14.650417518591981,0,0.8038503787372534,0
556.656874874255,19,0.05379519337961736,612,0,73.28716796452211,0,0.9475862169295691,0
305.33625244364276,7,0.07446769798831052,587,2,13.413740318372692,0,0.7007328883449087,0
78.76217955104242,5,0.8145345726512192,93,14,279.9115220230881,0,0.3716802570759768,1
984.7800699091998,10,0.3054942908002026,472,2,44.05149100580793,0,0.6528602658034047,0
519.4587534167161,12,0.3742734475541978,258,3,0.1893667473260668,0,0.886148854921408,0
1151.7346143082177,13,0.113313648163325,575,0,2.1443722626992336,0,0.8743636319059975,0
525.8678526445626,14,0.06269652529573597,71,3,29.80991914322376,0,0.8256427485611193,0
986.1479477252961,21,0.16068524848443214,975,1,4.547480912374269,0,0.6631993803262451,0
903.0452261605362,7,0.5365653102910845,108,0,9.14067666341299,0,0.878871106562586,0
1068.07528349209,10,0.25006901541625826,434,2,9.558608832986328,0,0.9046101639217919,0
652.5319696559797,8,0.025658296267371553,270,0,22.30235818707963,0,0.8827857798778581,0
664.8693395095323,18,0.17922234374428433,913,1,5.477794015597994,0,0.8278799595874372,0
730.6863269488574,14,0.33498808512458395,920,3,19.950453581102025,0,0.9264890226757952,0
510.6660383540303,14,0.06486563551933273,662,3,6.345652661947312,0,0.4019461215757732,0
312.2799089675623,13,0.14368109432563272,326,2,5.034176867235742,0,0.7096188593599978,0
880.6047435331493,16,0.21376872322864512,435,1,5.024314763538287,0,0.896403800656416,0
719.4628771503786,7,0.14304365656886098,708,4,32.816443921474814,0,0.7810478505505479,0
1965.4893758621256,22,0.1680399436275221,601,1,12.540665613498001,0,0.8096749554910696,0
358.34088949718415,16,0.1209502778169889,987,1,4.73813229503419,0,0.39689139732066975,0
217.42922591800402,4,0.7672591807320339,14,5,53.31963341805598,0,0.24591280845571312,1
632.9288867329507,15,0.17023305543097905,156,5,40.208279914074545,0,0.8612621056295179,0
630.0305923558361,7,0.06790735204138997,43,2,12.692937992135205,0,0.8595806936729546,0
887.2244598774492,16,0.304015312499552,756,2,20.5649957350185,0,0.5442204736140176,0
664.7772553080088,19,0.3388894302625002,931,2,7.6867049471319735,0,0.6893815195521455,0
276.24943082096877,17,0.2515787327626975,607,4,12.422219668900901,0,0.7873965345190141,0
729.0078240473641,12,0.10175315559846823,971,2,29.2282298718435,0,0.4801258899945674,0
257.46168686768243,13,0.32846681073120243,573,2,0.9162185192513427,0,0.8648030382746862,0
480.45366113045696,16,0.20442852836246445,457,1,1.040972904245611,0,0.8959955466945021,0
1091.298614993842,16,0.2311401115807667,571,1,38.38486101605712,0,0.6514493418589207,0
453.9834338668066,15,0.16603817180568503,999,4,10.13144898646248,0,0.8915411218441254,0
845.3395127586077,9,0.23026541729518052,913,2,7.028308078580063,0,0.9124068756098729,0
254.573519841969,18,0.22266405091543393,967,4,4.0831344909739995,0,0.789257889795445,0
716.5819736287226,8,0.3568893915708559,368,3,0.36558701351722195,0,0.9360216843744883,0
783.9349825477483,10,0.2523171088809214,377,3,0.6997007574828247,0,0.6511230972154753,0
739.9150864197944,11,0.22250295455555713,734,3,27.868904273165686,0,0.7740252953753294,0
573.7493644015049,12,0.19307767312883709,254,0,2.5413949893623844,0,0.8700998202263936,0
986.4333975118105,16,0.6826956296086234,177,1,6.902923605952146,1,0.753961645594001,0
1687.6056735029865,9,0.4931363518215141,936,3,23.623301924109274,1,0.794261917968858,0
261.402079647052,20,0.1103007557283917,69,3,1.2773119125199568,0,0.9314386234260469,0
741.7760732413639,14,0.19660265400095686,245,1,7.102457913389288,0,0.8632167547026226,0
533.6159922090341,15,0.19749951850531375,534,1,3.6313951231565644,0,0.8037334127769339,0
335.1362374771664,10,0.17491771780697404,812,3,60.531340276161224,0,0.5474138982457601,0
712.4882654131239,11,0.30262244674053,974,1,0.054673980678788515,0,0.921170437848982,0
777.7889703606138,14,0.41370279316638764,101,2,11.26960393968666,0,0.889858323936456,0
684.0963979734348,22,0.11129704553558749,139,2,0.7695357546383916,0,0.6357817346819502,0
1467.6671332525802,18,0.13739850672351334,342,1,4.0575329809756395,0,0.7501213594355928,0
403.24228128768385,8,0.07817268828086395,684,2,27.79221968739762,0,0.8271244086642604,0
865.6744729701569,20,0.0987157153960346,801,2,7.7410331565230575,0,0.9368485483773547,0
2149.3193370320305,19,0.16297703786650572,746,0,25.09858139045334,0,0.9936383928674994,0
761.7648597957667,18,0.08268199738406463,863,4,1.8429457515083314,0,0.9767134050402636,0
258.65454725353277,11,0.07130783308809549,363,0,34.50395145668728,0,0.7841436422897823,0
677.2858363194174,12,0.2369012325163888,317,3,8.702451187269746,0,0.8506068736098454,0
662.8349929708811,15,0.04922227782009145,534,2,4.645961362425351,0,0.8213599342700412,0
1125.9349114238664,10,0.35196366003764273,616,1,1.785370976096802,0,0.6629933823212978,0
806.5301282587935,21,0.11007478509339907,978,1,6.506122049437531,0,0.7321879319353357,0
1048.9061814829279,15,0.1069832449953894,37,5,3.1969584148217742,0,0.7751142518582471,0
686.4122285607665,18,0.18050605519462967,387,1,25.430475796348876,0,0.8672405258614905,0
1361.6296834451614,12,0.27565711673281074,241,0,18.236411851076024,0,0.8834507549097701,0
477.5004051554812,18,0.15505916888995147,555,3,40.17124748722043,0,0.8149010983417155,0
320.7337917960761,16,0.16212068783521544,365,3,30.234633518225202,0,0.8130882796535298,0
727.1502115648412,20,0.12983199298441322,831,4,4.116315848255097,0,0.7316803958081914,0
924.5030397987987,20,0.10181614824466483,833,1,43.177349531951805,0,0.8966423139211759,0
862.7044316093096,19,0.21344518203430382,772,1,3.4219567159346003,0,0.5631137388960556,0
817.7534460076738,15,0.00926574199525445,67,1,5.2238748318829815,0,0.7467359674239931,0
830.0849555707489,19,0.0565982279714514,480,4,23.328606264413754,0,0.8557258813897454,0
815.3799757530893,20,0.2207072642427646,304,2,3.1844235056652126,0,0.9887626189955143,0
1330.1509601847335,12,0.0843482431071368,205,2,9.314213004982824,0,0.9062000439932809,0
347.84597771993907,17,0.14953025682497567,708,5,39.48483945643762,1,0.55476531201078,0
247.29501922135273,20,0.20768960508794804,793,6,5.532934454077043,0,0.8728487938831903,0
972.39272530563,9,0.22407077541263226,642,2,7.694323774363778,0,0.6796332103473951,0
933.9510174876607,20,0.3521171158699667,946,0,41.182535795458456,0,0.6356588867821815,0
406.2957346811694,11,0.47910295162892663,950,1,14.0845021355285,0,0.6378478580569711,0
657.1938896225253,14,0.20508152180443365,906,3,11.710953956883664,1,0.7204517894864927,0
435.66022359458196,11,0.04793865521250821,484,6,12.632815111918218,0,0.7666092381726184,0
605.5110991350699,7,0.40285943339005637,836,0,32.32491123411759,1,0.6915540025944356,0
1153.263253970623,22,0.10294496881899702,790,1,5.520946945461452,0,0.840689579931462,0
523.8290708277528,19,0.1301485292885393,885,1,6.930910631950225,0,0.8331129502160423,0
885.5624368406907,14,0.3565708992257317,275,2,10.235715771816457,0,0.9637171689741365,0
1068.0400604651668,13,0.03843590610605087,258,1,8.78387654453895,0,0.895975413862073,0
597.8762819713901,12,0.12434065429678354,282,4,25.741951715838788,0,0.8752240174208669,0
620.2754168913743,12,0.3696343834864532,827,4,68.6944594608781,0,0.8873185577550162,0
1063.7583186303652,20,0.444801849880687,701,4,5.2473632511773936,1,0.6929692123942096,0
779.6126891850863,10,0.2551672641150498,120,2,22.938952396591045,0,0.8228145023974068,0
577.3413898529159,14,0.22329273110680542,162,1,10.499444129599006,0,0.7959839378568702,0
1285.191487443451,12,0.309431400957811,872,2,1.7196424318172268,0,0.6745621079491826,0
626.2763060411398,22,0.28226952493415697,880,6,13.673127621973011,0,0.852811951301885,0
336.06199782041125,11,0.10349318136257234,937,4,7.979758568747429,0,0.812350990427949,0
698.662096659788,20,0.07395838225672927,363,1,8.615200419405587,0,0.9571185070404662,0
112.64091146905089,4,0.5365582160192626,171,3,446.52789969948424,0,0.27334817080610546,1
761.8536011459561,22,0.23684583386019287,127,0,41.03154129313543,0,0.9245258304766735,0
592.4537720286745,20,0.25103262371650226,486,1,28.70791759034357,0,0.888189548045386,0
555.550382116164,11,0.43846894611079956,410,0,6.9728137077033345,0,0.8592677024508213,0
732.2913937556108,14,0.24324792456328262,444,2,26.702803624012518,0,0.8975248350101981,0
598.3637271217588,22,0.1683409269573952,664,5,43.16588964053126,0,0.9429832665007571,0
203.29573699055106,18,0.16732480540715583,296,3,30.794766485885216,0,0.7884643516225612,0
1451.6879766595682,11,0.11293855903476407,575,2,28.789054291888654,0,0.9866410433054913,0
742.5673665471137,10,0.06821536781206637,269,0,0.7130657972850963,0,0.5875993419429997,0
464.14059795334924,9,0.09843212785808736,952,0,18.744818374090126,0,0.8268204759337298,0
936.9425400720929,17,0.47553524851218565,616,1,32.44464163796579,0,0.8347181321929272,0
525.2091538695731,13,0.048053749015542255,288,2,17.810375364481214,0,0.7573434269303294,0
634.8044616699405,22,0.2565692768184976,181,3,13.21277564481274,0,0.9353335277976069,0
1069.1314568402286,13,0.15083299862418842,221,1,0.0017180883118544678,0,0.8199081742607436,0
1076.8673736425542,11,0.20008734334949446,93,4,92.2141856200624,0,0.9728242522008599,0
949.606699279181,15,0.1647044227023929,897,3,7.77483141845632,0,0.7460557896284544,0
462.0405663955447,18,0.1280683692982892,108,2,4.277279850007985,0,0.8568956193713584,0
254.11293877236324,16,0.10212488404028434,386,0,5.29233346189322,0,0.5656199769337046,0
725.0574144883003,7,0.04529253927483297,383,1,7.862300136796959,0,0.9242397861056972,0
996.2775188829764,12,0.12243043712077058,319,1,63.11543410625791,0,0.8114745357822083,0
80.49064724837044,0,0.16936985585143777,86,11,45.78386416988843,0,0.39143634767308916,1
994.2629796263785,14,0.2760302726286032,576,3,8.567112793484073,0,0.9302228123582396,0
954.8492636904807,19,0.3361561203981907,63,1,2.4878762757559034,0,0.8811143209237161,0
1912.038212693578,18,0.06597579313759361,855,2,30.811917626196617,0,0.7676110569200539,0
920.2337787816562,12,0.284795034874018,205,1,48.594676585372255,0,0.8207862221105283,0
490.9065415464102,12,0.3676719354336891,675,1,16.26622054293501,0,0.6950151927408934,0
785.7839057052494,14,0.119216905456973,932,2,5.487886994792451,0,0.7892901159525075,0
120.15768681126951,1,0.7482906651288335,35,5,90.68628619126571,0,0.24930378744125456,1
413.5589912033086,11,0.46532882225438754,784,1,8.438628184701832,0,0.5317053719933678,0
333.1576291744884,16,0.3537781635354541,104,1,5.0515984117943695,0,0.8560555107084508,0
994.9658264648195,17,0.09295604659206926,432,0,10.65241270767418,0,0.8158489091409088,0
838.1142761041056,18,0.16773858366496067,846,3,2.4467857587112176,0,0.5862967428644046,0
931.126364424347,11,0.1940001996697038,743,2,11.263684185890426,0,0.9282990126373559,0
46.77883081030005,0,0.4366918602091193,144,11,738.3626130824085,0,0.4362927771578265,1
422.15300317586315,19,0.07928849756460853,381,1,7.714847284368877,0,0.8303008537953,0
484.80855640108535,7,0.13438237984653875,368,3,25.45637520919543,0,0.8717354527237585,0
844.0698841704673,13,0.21373654247542234,983,2,24.84315601965461,0,0.5020018380158039,0
869.0290322567639,15,0.22824644011400996,423,3,17.72026009215519,0,0.8840132962730706,0
579.5190569219471,21,0.010691036129907164,44,3,0.324815970361724,0,0.6028899049202939,0
573.8506817246889,20,0.2643016133871236,592,2,2.5505838912080763,0,0.788041861037549,0
1150.1996599179265,13,0.23056978889505056,404,0,13.07895256667602,0,0.776178253090259,0
1213.3997824061992,19,0.29691104198512525,811,0,10.232205525257983,0,0.7306536944846461,0
297.6420184281974,18,0.19723511263535695,746,0,7.396577118854111,0,0.8209354282763313,0
877.5587678593521,21,0.10214779964645028,317,3,51.995345839280304,0,0.8297906234122263,0
1109.269850072251,9,0.21834445563886223,445,2,0.3334825144666382,0,0.8872804066126194,0
1077.2788624246,22,0.22182620386559618,904,0,1.6960547528812802,0,0.7860522347951425,0
723.1344833724588,7,0.3173239757244372,840,4,10.525505437681634,0,0.7595914646363404,0
347.48952533699344,20,0.15017312250219073,233,0,36.97898190704736,0,0.9190431030198063,0
316.6117498616947,18,0.3890551873741821,684,1,31.00921249557927,0,0.7864045104226963,0
365.48165995901945,16,0.1886277436771181,830,3,5.576804585692439,1,0.7746946161762607,0
622.205001337317,10,0.4306470288651965,483,1,2.277830046347566,0,0.6534158781280529,0
906.4734798944306,8,0.13012049616322943,431,0,34.65556984463965,0,0.9315883501084616,0
694.8817114235414,7,0.14279853944662088,567,3,21.228099444035603,0,0.9933786851899934,0
961.04346477655,11,0.20224353419627536,712,3,9.912441665906329,0,0.8720685222200748,0
447.7326885161488,19,0.14715333386100676,774,0,8.34744421013463,0,0.8361517065755226,0
561.3242555872296,7,0.28653323943618736,626,1,2.3041061547905066,0,0.8670599322901748,0
380.8404360736627,10,0.0816083354180953,792,1,45.49739901513478,0,0.8426392432590907,0
836.7960385493375,18,0.338710435620713,417,1,14.891143946952555,0,0.7065000084427613,0
827.336958745519,7,0.26437443032200075,614,3,5.150781172898274,0,0.8912541580063744,0
797.1245815906932,9,0.07962970413506913,353,0,22.665185897755826,0,0.7518847381994422,0
1140.31906848672,8,0.3883443120814804,301,3,6.133679671429194,0,0.9553448923300679,0
1729.0693995396227,16,0.18334977382212223,797,0,30.953373847796055,0,0.7843404354702456,0
681.8650013864219,18,0.32833121912347896,618,3,6.9049448003668425,0,0.9866975502723282,0
355.75390991208667,12,0.19982450036608343,856,1,8.503636449491049,0,0.7678295025854873,0
482.0062495804277,13,0.08743158369454393,998,4,11.955818925279486,0,0.7425752264850466,0
616.5435772355908,21,0.4771424780440394,663,0,9.156315129162662,0,0.6926300949236963,0
68.32405995834348,0,0.37522053314505155,168,8,156.8253845110333,0,0.3429425611816758,1
1035.1874464005004,21,0.3721941798598323,307,0,18.349653052892872,1,0.8945486631909539,0
643.6330926014599,11,0.07039345674240913,858,1,15.313473696639353,0,0.6374816526207909,0
1147.3023444860319,15,0.1213079515936698,334,3,4.409712560790253,0,0.793483253320842,0
458.9678811597808,14,0.26951655532736,992,2,0.21542230149029282,0,0.7801416584398541,0
596.8214780342468,10,0.17954595255790637,71,6,10.583957123948242,0,0.7219317437885795,0
203.06780197227144,13,0.08824089647616448,884,3,41.36500798776387,0,0.8895833298489817,0
978.2917443424419,8,0.31561465029986535,943,0,31.812549666500562,0,0.9048280950752259,0
459.3025800498289,15,0.01830243981699045,52,1,22.298350331243096,0,0.8350305715875811,0
783.7930825659469,13,0.03436341000414527,61,7,61.66511176485054,0,0.9533565331766042,0
264.6322133173798,22,0.1750159359624324,136,3,50.15444581695549,0,0.8588402991404215,0
308.91053649298124,18,0.1222099527504292,598,3,7.9326592032506085,0,0.7973608745208502,0
256.742127519217,8,0.23345398590031446,973,1,13.848876396072543,0,0.7644167452036369,0
723.4655538942544,22,0.0945001791338915,964,2,28.382634923910278,0,0.8134495861890018,0
1349.291364614192,20,0.2716336595825356,766,2,7.294617276586137,1,0.8010833352912227,0
547.1899134639992,21,0.09867675342399265,394,0,20.327062832186098,0,0.8436497659679125,0
394.17092471394113,1,0.6816605700989884,55,14,623.197157834028,1,0.12360215068931878,1
426.8840414326255,13,0.1035105631789935,123,1,4.08398595893219,0,0.7938402778660555,0
298.390917511378,4,0.9486081988089627,97,7,64.80682318254678,1,0.3917169892918886,1
426.2052258106376,12,0.1781577980679447,480,4,6.5051428373536755,0,0.9921439260186187,0
334.1487713628854,11,0.17411299523733376,107,3,4.141972292307332,0,0.8028174036561412,0
1016.1192398374801,20,0.1752814823049061,45,1,21.604463400200824,0,0.7843292845492044,0
658.0289137657614,15,0.17104001747170508,835,0,14.045660711853957,0,0.8499885355020683,0
1534.9183165590975,19,0.07800177705815649,692,4,2.0386198368544886,0,0.9012081988526532,0
291.6651264184481,13,0.4268634362827362,716,1,9.40954936560419,0,0.9517158306503846,0
1081.9964543660178,15,0.3890336715056769,86,2,2.6295680675463426,0,0.9194946718805656,0
388.28419265561735,21,0.45378401513923283,620,5,20.92132323226471,0,0.9514058223441662,0
1243.9893994941262,20,0.022159668718484953,751,4,10.423159128222975,0,0.9230693065603656,0
334.7511955295265,20,0.1135639515034806,974,1,19.240753757042967,0,0.9026685400524953,0
1168.0779069836583,22,0.4630007557112092,927,1,79.05234797694104,0,0.8744987679555887,0
734.1117756701324,19,0.05361098226739929,998,2,7.246898181142443,0,0.8016615240610729,0
861.2183259256577,21,0.25902610657403646,812,0,14.01833907448814,0,0.9792593442032509,0
494.3372966179735,17,0.2047844902987189,244,3,2.288469948270666,0,0.8448412244134522,0
621.417329594817,13,0.12026846498712798,425,3,5.0872021961029565,0,0.9093914181156346,0
621.0593784399451,8,0.3125685813160512,322,1,0.26658821221324364,0,0.7757444858531856,0
303.92964264202107,21,0.09336483056519755,136,5,1.1110460648430631,0,0.9260452829810986,0
867.4908901003288,10,0.2549956970311314,232,5,20.38175628357089,0,0.6214388155998638,0
539.0208491868493,12,0.2126742695374849,30,3,4.962463644216165,0,0.9810986101093471,0
599.7199841487826,18,0.27170281497151527,345,5,1.9499426825918769,0,0.8320110251701255,0
333.14118737607015,23,0.5917406592452501,143,7,5.6493913899454,0,0.41372477078174946,1
565.8913151759189,18,0.19634434528290254,474,1,25.1992378457734,0,0.6462171286368794,0
339.771675494004,19,0.1440730840690642,992,3,2.1559073268853934,0,0.8629108117717788,0
814.0458768066437,14,0.22772925910879227,442,2,25.604668971978146,0,0.6129788202196639,0
686.5886719498703,18,0.12932313593594008,868,2,21.656858518331774,0,0.914792341191709,0
735.5325451982919,13,0.15005506875608082,787,4,23.03528476353365,0,0.7876775280671826,0
387.94832225052363,21,0.2241720651193212,311,2,51.49067829545821,0,0.8745193938457605,0
1158.8066183593448,12,0.11585464493336636,710,4,68.37300575664443,0,0.8124879396075556,0
1101.6330328825202,18,0.07680511026726038,215,3,3.3238263564343202,0,0.6447469565892449,0
453.21422420779953,18,0.012141798746076874,365,1,1.6566318555347697,0,0.9235860387210786,0
365.01030600744605,14,0.07010985399852586,486,3,42.511433841817855,0,0.8276198714464789,0
630.7044410689894,11,0.21977850568016363,703,1,19.594292161583898,0,0.7893732083791529,0
442.273176073116,9,0.0636462868150323,264,2,18.75143733414939,0,0.9091418190564281,0
905.5107796205517,17,0.2534765868176451,777,1,15.502941169287876,0,0.3635816952383936,0
555.0500143026001,20,0.3694656070711709,279,1,3.495712169845763,0,0.6944396817736114,0
544.1407434420936,18,0.10816057038827484,305,1,4.74417544663978,0,0.8035359567803617,0
198.638157391847,10,0.18625417172948672,468,3,2.649366475479355,0,0.6218782493329696,0
586.3254052931447,8,0.13294738318519228,820,4,12.164667010736869,0,0.7755658389126395,0
1171.67006851547,8,0.2108760936650235,350,4,11.567138914835844,0,0.6785542334878324,0
895.7966554452961,14,0.17208279989136183,179,3,0.2856390677435059,1,0.7056628438781263,0
26.054826728605452,22,0.5709988095361306,8,9,354.4347333352522,1,0.17936552310050385,1
470.6113314526322,20,0.4004641834789458,441,0,10.008240784475008,0,0.861584666098029,0
505.6034433087418,11,0.11223436332229308,316,2,3.19471824200535,0,0.6753140061701395,0
1351.74688268267,15,0.09942034695187175,952,0,50.25183595199741,0,0.8272762792257643,0
999.8175065877899,17,0.23020823854645486,744,2,14.829528994535675,0,0.70119155358721,0
891.6334477751595,7,0.07585895429036393,908,3,12.628004072613072,0,0.618279383524736,0
480.2558868897871,7,0.15057253123613737,403,4,38.90616487065066,0,0.9147640249185864,0
489.5357225565597,15,0.3857195441187644,528,3,39.98902367687026,0,0.882253374616596,0
302.2218011388204,14,0.0887227282184539,504,3,0.802319145959463,0,0.7950570704674237,0
561.7253211651913,11,0.2763356129284333,519,4,1.967447459237295,0,0.7479507438508575,0
902.8477504294564,7,0.18734917054908892,46,1,13.308172142288768,0,0.4844036736471009,0
720.9571159342541,10,0.11909654512415326,541,4,0.46690382271622677,0,0.653853835110295,0
283.7134037829134,9,0.24980458634023023,861,2,14.383041368236773,0,0.780683555633096,0
796.9161441619701,9,0.09127278935218561,786,0,3.4094699382739355,0,0.9498786065261404,0
430.62739512170504,10,0.21072992574127558,177,4,6.6673123311943465,0,0.8965678534511541,0
361.63416631298486,11,0.0775062762034916,685,3,0.6948865454264104,0,0.9673925233371223,0
72.93383650565912,1,0.860183068657334,71,6,293.49314208313274,0,0.32124684397340125,1
932.6584210573478,15,0.11371614084842555,331,3,5.117509629426402,0,0.896021320511229,0
812.8453659137957,7,0.10011165780624051,67,2,0.18410421160973045,0,0.828398715641167,0
406.60773601262247,8,0.2062408659892794,994,2,13.38096684360922,0,0.6043413260749233,0
691.2062157795548,22,0.08013441919877992,928,3,25.447338066233577,0,0.7372101581378024,0
549.2264686837307,10,0.2673338442622357,685,2,7.097144750165997,0,0.6865766647552796,0
538.1043758722672,19,0.013015191791713758,356,1,15.052900764031621,0,0.618543485618815,0
1076.8595539563073,18,0.16646684309947876,511,1,25.28685064493082,0,0.9564403643229082,0
771.9049895640973,17,0.2825849007900629,537,0,3.1264206549079216,0,0.8698033664624811,0
432.13589323868797,18,0.31965093073143985,843,1,8.725420559205684,0,0.9062518302470972,0
518.7929598000113,16,0.1005681760735175,510,2,5.276914148579285,0,0.7101961227288204,0
618.3324735838352,16,0.3027268799365394,982,0,7.192168975131455,0,0.9150083746673461,0
337.1462881074944,21,0.1108205889333427,381,1,0.07151767794123622,0,0.6732646131560569,0
679.3909645045392,11,0.2093503099802327,208,3,10.80896696597316,0,0.8143875672911537,0
496.30399620879433,7,0.17438238816838517,393,3,6.206668014712208,0,0.7828298570416095,0
934.9973517116917,7,0.16442601583209573,284,1,9.382579448969267,0,0.8151364639840867,0
770.4396240802226,13,0.31647603791998125,608,2,3.385539905679668,0,0.8378351815584342,0
606.4125774369511,8,0.1112102208140195,703,1,2.410391986627661,0,0.8851813195910052,0
1047.4233124873006,9,0.09625863513109488,193,1,14.668727572235534,0,0.8096600799409592,0
838.7241938827748,19,0.20072713567505004,484,3,8.500732939602207,0,0.8472940147996552,0
1048.8978287991392,16,0.12727611812217884,955,4,26.97597489966921,0,0.6031338181569377,0
1271.2519700663652,20,0.014660838384166274,211,1,4.832480214323598,0,0.8663581584548975,0
347.5477644066222,20,0.06673247042071488,590,0,24.79682626776912,0,0.944260857773001,0
653.2302615944877,8,0.09134840447155981,297,3,6.445679435437577,0,0.7485094306273647,0
401.8156456197333,0,0.28779343953451775,90,4,8.63755017107088,1,0.24810888586181054,1
755.5174404452237,22,0.371436813197965,492,0,3.852526785333623,1,0.8923620324321829,0
813.2679513167244,22,0.07160039156836051,826,1,18.44513727046803,0,0.9200951832497483,0
1905.7402018634168,21,0.35894022356234084,262,2,48.45574160438809,0,0.8821918344271416,0
1545.6843379754275,20,0.1367266276144333,190,2,1.325689990757325,0,0.8035799102101079,0
371.9684339980727,22,0.49423249106361095,775,3,8.904555061686912,0,0.86106269866869,0
682.8196992950062,7,0.0941875844052372,746,0,6.369946504527262,0,0.6825406905845671,0
400.01922619037157,11,0.280953782482022,166,2,23.898346588672656,0,0.7948034729954708,0
408.3581932673483,11,0.17137249627103426,922,1,8.55898307747836,0,0.8315923105674764,0
469.9055915699593,4,0.7189178954532016,54,11,3.679322329708371,0,0.27754820947462727,1
1178.5096733892153,12,0.12016019283383526,676,2,14.419830688331034,0,0.8305733366847348,0
1003.9366348091916,16,0.3869220918323839,684,3,4.659069433296665,0,0.7320112648045624,0
1601.9131992447776,14,0.12046330526085626,733,0,2.523073094614883,0,0.8569392133289693,0
632.1696359672544,9,0.35680511716591096,215,2,4.175458754801515,0,0.7868184461443252,0
831.4743765646775,4,0.5731870488276748,141,5,161.12167117377905,0,0.5265845893452107,1
1783.7820997566714,19,0.1751851412457947,638,3,16.77486802767475,1,0.9001771864054892,0
276.30762810645314,16,0.11974785968390475,43,0,13.516950477614435,0,0.9464292878197889,0
422.1938849874189,17,0.04034711654355884,514,1,3.898180849414625,0,0.8373682242924065,0
321.7750785014442,22,0.0995739124944912,897,2,29.005748074876962,0,0.762304779517345,0
566.845551755485,10,0.15029926543454583,276,6,11.673652269289747,0,0.9388187747279515,0
1099.9621093163175,17,0.13909408388195244,558,2,8.735218248130533,0,0.7783790173936671,0
2171.001646602928,12,0.07140061155521041,423,1,7.053959954356894,0,0.7697819294205335,0
794.608804918012,13,0.10839746696333148,797,1,27.240388015498752,0,0.8469308979041087,0
1149.044379831173,13,0.019846919925239327,439,2,11.889141406957323,0,0.782864998530272,0
734.9913174991964,15,0.2905444301826175,912,1,17.69646661286134,0,0.7804711920061462,0
308.57840187026227,15,0.12605336314775142,90,3,3.4132660885303676,0,0.7496055326040657,0
572.376585330297,20,0.1905547461647128,917,2,0.10749704800441616,0,0.7053751262911558,0
1046.7174553291788,11,0.33212778329649884,86,1,17.48735012088334,0,0.7979020204309495,0
507.28030681291324,10,0.16546718476347205,249,4,53.8224203629315,0,0.8473752198918485,0
846.6798509300397,9,0.12526380797394418,172,1,11.774993130769015,0,0.7693574029179469,0
621.9991817216007,16,0.10721416263333297,445,2,19.16717452343305,0,0.6443422483816199,0
1939.9297972659583,21,0.09838198633331967,512,2,11.813952836708951,0,0.9417153287237725,0
333.82614229043037,14,0.10535314803911426,979,1,18.57865956373628,0,0.8245046729682367,0
469.3090670564041,17,0.058864521841804254,777,1,12.19094338601066,0,0.8069477733980296,0
1391.70284411089,14,0.07028572044487251,114,1,25.564388631331262,0,0.7474730469369681,0
1312.9257519708278,14,0.07729180277180606,844,3,0.8037699472737434,0,0.8279274984898114,0
1138.0754906068075,10,0.1869587301106047,838,2,6.901719317185523,0,0.9031037346873994,0
482.4939429787903,11,0.3468272150135494,681,3,9.408987456847735,0,0.731518004274036,0
281.1165424499357,3,0.681670685752731,43,10,107.92972543783122,0,0.1451032939152502,1
292.35657222207755,16,0.11814008356436359,975,1,17.932258453398,0,0.8954171470019808,0
1304.9425199313066,8,0.14085630445487438,411,5,6.615065695885156,0,0.8704920641387434,0
667.3922083079752,17,0.08451115644697654,374,1,28.75572212237156,0,0.7078756791858529,0
665.1164049393468,9,0.2154002063353643,788,3,7.453134930910128,0,0.9467664760872859,0
658.5024703732605,18,0.13160069226940319,113,3,7.623200070459834,0,0.7839065487684124,0
864.1228371520214,11,0.168033945636411,123,1,7.037392452010474,0,0.8805188246449313,0
1084.0979880803363,7,0.23120726971271133,762,3,33.031136853987064,0,0.9318710679068927,0
1066.9414637428142,10,0.14958762372336365,49,2,8.827931828652869,0,0.667711945206949,0
501.6225747860531,8,0.269151298271251,582,1,26.8079511549315,0,0.8046566267014219,0
317.4504213875775,19,0.33136800476793254,422,4,6.8117235568571015,0,0.9820917138179251,0
677.3476822531076,16,0.06740379540529556,61,2,9.120970380139784,1,0.8447229585879523,0
352.3211034756064,22,0.054657330544420984,524,1,0.575137505678849,0,0.9176367998003063,0
869.7405926146885,12,0.25889951854010373,563,3,8.698248787742504,0,0.9491355670570949,0
375.85649947535467,17,0.1213562737230932,944,0,8.773483705263391,0,0.826314217958858,0
497.65624301525264,10,0.037519913281624184,646,3,48.4785536914044,0,0.8877910462035374,0
527.8351151831063,17,0.2022937843346252,740,1,6.242267944242361,0,0.957461743976889,0
305.3088990218877,9,0.03063755676521037,897,0,68.77003114420921,0,0.8866282705424128,0
702.3597707391638,22,0.5149245722053672,500,3,13.843549799099224,0,0.48532264852079626,0
2764.0494143434294,12,0.3737682725845207,418,3,15.802645741383426,0,0.7337992682266733,0
142.96367567110678,1,0.5350830907512573,152,9,412.05371589883396,0,0.30665294676349114,1
1123.802269121492,11,0.14994112059801204,557,2,3.2346710027668872,0,0.7203340926170396,0
386.7980219711642,11,0.052275331933047446,605,0,21.188948042425693,0,0.8406456020495409,0
1106.628480482966,10,0.09675114009580406,277,0,2.6960622186804764,0,0.8095613887037035,0
584.3524163022382,9,0.12424856786411001,702,1,23.3691937873747,1,0.7380318360336235,0
1317.3661960077732,15,0.061438769369960775,853,0,28.476798181796717,0,0.5882905647537608,0
926.3606384004469,14,0.34883199615335825,532,0,25.90884242489568,0,0.34168125324405196,0
260.53810495927456,23,0.5809611204313272,71,9,228.68436754411655,1,0.16333634566829797,1
1154.4367174893878,13,0.1415036554248133,699,0,2.1319454194285195,0,0.878965458215639,0
1266.2742524463617,22,0.15325942680676857,598,2,21.580928540166628,0,0.8568324457242132,0
385.18791386756624,16,0.43509641303422447,364,1,3.0219810398037072,0,0.6365894574122756,0
1040.41554663118,15,0.12256088588685497,985,2,7.314680827048742,0,0.9455967376171295,0
946.468811435392,22,0.15210363192863707,398,1,1.7964920603068257,0,0.6408010253188168,0
586.3293466734904,8,0.25749179222943863,749,1,6.235984826433316,0,0.521150136473576,0
505.4057040850699,22,0.2715970760347851,504,3,1.2496542001457662,0,0.8356674715285547,0
298.95610171458657,16,0.14133707990523994,383,3,49.650897030662655,0,0.8057633429282511,0
439.55787400848686,20,0.5083059284081352,995,3,27.125837725841425,0,0.909925019181568,0
1306.9053868416966,7,0.2542765135017018,157,1,28.90208727407818,0,0.4032042255727215,0
723.7470582641894,14,0.3237982922875152,247,3,5.24652752071622,0,0.7973865964440597,0
725.1912789539676,22,0.23686005141585045,92,1,5.66672080658115,0,0.836116845290204,0
819.0353618201694,12,0.12001300108928453,100,1,43.999306622036805,0,0.8148846116902423,0
825.7955137924461,8,0.26485046463826883,751,5,11.470255293571627,0,0.8905705316919633,0
474.15546151079445,12,0.3077496466562689,53,6,10.02398896183173,0,0.8587631636762859,0
816.3238447920348,13,0.022986954637327695,168,3,7.7565524482027675,0,0.9085920321948464,0
593.1577175744252,16,0.47556597995920996,948,2,24.230259265308128,0,0.655547789677071,0
801.5697671719146,18,0.42697190713712657,601,2,14.87975606850341,0,0.7536937289452421,0
924.5598417651806,18,0.35704243783408013,692,4,8.700597472281618,0,0.8848380914804607,0
1465.9053222739904,18,0.16133699831086518,38,1,2.620961227232551,1,0.9689425285157964,0
3247.118595821466,11,0.17093173296407604,941,2,3.508451935052302,0,0.9572966894773469,0
765.3119098293143,15,0.32706816449589804,55,2,3.786317075938741,0,0.8603774305752363,0
215.45888677906234,22,0.2923994188396893,157,8,68.89993117334718,0,0.11332438452021787,1
212.00151532088486,18,0.13269890234004664,365,3,0.8386608403164615,0,0.7861542712075613,0
667.9048539122466,19,0.5838349580427203,35,5,6.022513047684569,1,0.8099438137252313,0
1665.6168151131635,9,0.07978553515040403,988,2,8.579616242346972,0,0.796795974268702,0
860.6171786994277,13,0.19947932764535975,552,0,9.006943946399302,0,0.910149868821216,0
284.23031809532944,13,0.30829185672907666,165,1,0.8224076546549893,0,0.5194462193270699,0
288.95087899200547,15,0.06006659754245482,802,2,3.7034117442110954,0,0.9659163293945333,0
663.8980731615263,21,0.2041307923693835,398,1,3.1447753525059943,0,0.8448515817368952,0
529.7415992058774,17,0.059215658396027354,453,2,17.062169446873167,0,0.794671071952262,0
687.4208992126771,12,0.19775377303446678,970,2,4.243410493583482,0,0.8834554370655961,0
1287.571222173676,7,0.2360910793340299,415,2,8.767342686120715,0,0.9353764521717151,0
1040.901745821159,19,0.2679914780464742,760,0,12.855599510718898,0,0.8707121622183994,0
816.3047331663262,14,0.20463576615494847,344,1,12.128854505426283,0,0.7224867376137787,0
1407.6974042975278,15,0.360691506116963,134,1,11.20104260826844,0,0.9253170444851485,0
516.1823470315702,12,0.24696295600047466,113,4,12.116481266182337,0,0.7617429516505894,0
554.3967132451124,10,0.1384776248361397,987,3,6.695273897389154,0,0.938268943393933,0
528.4214379648437,17,0.13554833442968836,459,1,13.433321848556613,0,0.81750296227447,0
1094.3552651864175,8,0.14439428333981796,599,0,4.011547648949776,0,0.8897344708937048,0
428.67979005919824,21,0.43625345389203146,825,3,41.06488235416395,0,0.8727427749389519,0
619.005260391622,7,0.3793081447438128,716,2,18.176731013893665,0,0.8004889897246593,0
674.0420508278936,15,0.12097289079959803,726,3,17.720621116476014,0,0.8625444180244509,0
878.0148596682454,9,0.14136791658402964,817,1,1.5509167920772906,0,0.5859023642806643,0
433.8393329926944,21,0.08318847519837172,172,1,14.563932126520788,0,0.3206183781598369,0
769.8362599135548,16,0.057107130485103526,476,3,51.97250217608086,0,0.6420828060047112,0
230.50690457626837,13,0.21826275362116349,432,5,22.686366616992608,0,0.9584928870607139,0
402.2092030261441,10,0.12279862197494434,430,1,49.42387759540647,0,0.8664506426467933,0
854.6922525072114,21,0.2495232708804281,190,4,13.98228390871657,0,0.8616876079699404,0
436.3008512698601,11,0.15256238370355718,127,2,2.268158834832997,0,0.8291190929930906,0
116.30133530945784,22,0.2696089865710371,79,9,529.2153633320702,0,0.3278548113733764,1
271.0778822758969,21,0.09351141211965626,401,0,8.345260211963602,0,0.8440664130826162,0
685.0905902124483,10,0.1289023188226506,407,3,48.25411924846699,0,0.8671593495819696,0
1242.4061218836612,16,0.27187447838883577,998,3,4.561046990734245,0,0.6308460810182214,0
529.1749987946972,9,0.10973302665789764,695,1,11.001609476888252,0,0.863509501957025,0
938.8982149699546,19,0.17895855892194407,48,2,33.94410526147041,0,0.864075015114058,0
339.6841063849041,9,0.03277984638305001,460,2,0.6205788370425391,0,0.8963016938249483,0
695.4447959089034,8,0.04277969912941127,555,2,17.080956662011967,0,0.9451465069095115,0
621.2978908661173,12,0.20114544608498225,295,2,12.908668984796622,0,0.7396937395243469,0
662.1598709716219,16,0.22664737653106393,287,2,14.655456047486531,0,0.6424053751483221,0
432.2339729391438,16,0.07312002982267186,742,1,7.00122237514366,0,0.855119411203863,0
821.3521578652005,16,0.3723868383704317,996,0,26.394873918984022,0,0.5520588824678724,0
1045.9469573373706,14,0.11360430028351211,270,0,2.0103725326327657,0,0.668603985906736,0
948.8768724623917,21,0.060182325899048,521,0,0.0027261584703430104,0,0.572217576122075,0
658.4999239651889,22,0.12064156517520909,723,1,11.289267228414385,0,0.781034792462644,0
786.885448143113,13,0.11352689559270325,421,4,76.7156668585896,1,0.8547617823218169,0
831.7168664976876,15,0.20247422622030992,847,2,7.298866572561589,0,0.8243572285652303,0
248.6897261702265,5,0.7140790389394897,111,4,138.87359577050086,1,0.3538335509392697,1
331.8030644978021,19,0.21706158330818004,122,2,15.192970771788028,1,0.8299113018802908,0
1077.2365552364245,14,0.23957738282770497,531,3,25.923770487877583,0,0.9746866387670501,0
707.8494415648898,14,0.3352024390467785,421,2,14.134709740406548,0,0.8862218550854125,0
880.5219585882976,9,0.22377447615403911,649,0,31.191427211036867,0,0.9698652197038538,0
686.0763434229609,19,0.1641762340281162,995,0,14.553991749401467,0,0.8169303877285375,0
1042.4926407642388,21,0.2794600363524768,876,1,5.769947683986262,0,0.8914603265200678,0
1144.0607315201569,22,0.01660975973732881,985,1,47.62528849593597,0,0.9972267712616915,0
398.33717992012345,13,0.08255883603591331,340,0,4.176007480253368,0,0.5569918674631003,0
658.2711067542403,16,0.16510128242072067,443,3,1.6205385885338626,0,0.8232983996880601,0
916.8255378189959,13,0.07965191516468047,732,3,0.3484140017869656,1,0.923253932247782,0
355.9008285656539,18,0.34474627207130204,674,2,14.447035440431229,0,0.8422773828603243,0
1082.0251168397135,11,0.43054899692691023,350,3,6.829377901140598,0,0.6375986332996945,0
751.1153672267484,12,0.20320723233783491,531,2,24.681708875566965,0,0.9256268423697975,0
1225.5840686898596,20,0.17115777475643668,702,6,7.381342190288766,0,0.784347114410587,0
437.78355175486644,22,0.05388373692589764,790,1,0.33897322655928847,0,0.9045571855536292,0
627.1859774027308,21,0.2954239700434717,392,2,16.357583438056597,0,0.6593001735836307,0
960.7152250769335,13,0.08994902388905313,41,4,15.035182980361938,0,0.9497971256439558,0
88.49453110349124,2,0.5476440425296883,103,6,44.94715620706465,1,0.3347432128835447,1
430.1353902294104,18,0.40027179442646055,288,1,7.714056804907336,0,0.8727359902199647,0
464.84660718538953,16,0.3039294493334414,519,0,11.169589787911894,0,0.5901833686565775,0
1360.8531643025963,10,0.29102573030656,522,1,4.371353627715294,0,0.7795748648457834,0
848.7741981270323,14,0.2272043525240997,553,1,10.57850755403001,0,0.9212678126121804,0
752.3512585761171,9,0.11253127983043595,99,2,6.226712598112011,0,0.9296461459804819,0
401.28847738325936,8,0.3013047578513309,223,3,3.930261664282966,0,0.792776762936113,0
1222.4973053012482,9,0.319319440078443,513,4,44.30484658978787,0,0.6947585188666187,0
931.3404750269121,10,0.10051669005766124,976,2,14.652536831960289,0,0.8328623210306095,0
1046.5102830484468,18,0.1702939425540023,792,3,16.612840307036386,0,0.8307973744429397,0
1096.446982019364,21,0.11814186943568221,118,2,3.4937075006712104,0,0.6604901406258977,0
688.2745442911892,10,0.476903714902514,281,2,33.506539307143015,0,0.7925641425256298,0
503.8307489512284,15,0.04634884517238552,99,0,35.34534725797675,0,0.9391952222434196,0
609.3193961305864,13,0.25214180448561435,539,1,3.5747254454296975,0,0.8986976960780482,0
748.5868769493622,7,0.06987123778388277,570,2,23.59478982086553,0,0.9603974979201629,0
426.64725427622705,14,0.22839513637224884,800,0,24.510292509564255,1,0.7539844435001556,0
455.423963662621,9,0.06440887296931504,549,4,8.705712356316052,0,0.8947126278048427,0
363.7435554475461,8,0.39615137207595,763,0,1.3875114350391442,0,0.9409019699229809,0
694.2317770142856,15,0.1949726227403301,349,3,0.056775485706446506,0,0.6430736755148878,0
776.1834335128962,7,0.4009485174227802,376,2,1.75162687669921,0,0.6587215550792093,0
561.3167134529476,19,0.1988739087110088,632,7,11.479079054899664,0,0.8110004261045176,0
1370.7814696648343,17,0.0391399129267562,949,1,1.906885664375231,1,0.5555837047487211,0
803.1521792381357,19,0.41952450582249956,386,3,0.8798572483971511,0,0.8196632290782033,0
660.9000401865006,7,0.1328083754266893,99,1,27.843062421272357,0,0.954702296593054,0
195.89157109091911,0,0.7573756283303384,164,10,152.3904479699526,0,0.43096245206068345,1
1516.2225483933564,13,0.1669433997021901,415,1,9.203307239026852,0,0.7532668413424205,0
357.0964547597112,15,0.2964119250900045,866,2,18.01914765587193,0,0.6416911246052688,0
463.33638380395814,19,0.14308018004332634,838,1,1.9676288467934098,0,0.7784056412157468,0
1089.308158881874,20,0.2174953874722108,818,4,45.83392904314307,0,0.9402660964375822,0
358.3773292801344,7,0.09563261856432562,286,1,13.80540078612058,0,0.8891020782810586,0
319.86926445517975,15,0.0790171421448747,56,3,9.789525532520807,0,0.7656712961527433,0
752.7909901639745,14,0.05829646161785436,77,2,3.0552028544473933,0,0.9263717102664788,0
390.81131011021745,16,0.09889234948439153,950,3,5.754349133687144,0,0.7584911818173018,0
332.11909222596535,10,0.13740192430016526,480,1,4.82110108337463,0,0.8997137291487749,0
1003.7664069771707,20,0.22443306976896057,405,1,0.39757138319301116,0,0.9547273680148417,0
672.1696691987133,19,0.18215906008881827,870,2,27.383382671904837,0,0.817050343870721,0
671.1056629555693,11,0.03514546703993002,891,4,0.5416617179537716,0,0.8880821920696392,0
313.0553568795107,14,0.17857219820510709,88,1,15.324056478218793,0,0.7672882070480999,0
379.186955305203,19,0.017445260798819622,517,3,22.66366325505238,0,0.5698377831932407,0
765.7287821098313,16,0.0951124239231697,623,3,7.157768543021575,0,0.7626368910972879,0
803.219284719781,15,0.2815902811011668,328,1,9.728741958473258,0,0.9059087316819999,0
674.9511589350277,13,0.08062018707040941,501,1,0.15874777306926657,0,0.9033334021422597,0
967.5111116283992,14,0.08455423323653127,877,2,13.982542168400645,0,0.6613466697514586,0
607.8667340476752,22,0.07499823959520381,125,2,12.316655841360651,0,0.8527481037680918,0
347.90410772174033,19,0.2210707506590895,617,2,23.676382236589266,0,0.9123596308413464,0
940.3966624147743,17,0.4004335928715635,655,1,12.465707164500532,0,0.9318471084895608,0
571.1707088601597,19,0.26204833253085497,430,1,6.89101511052189,0,0.8748731892588316,0
222.79051466569567,14,0.32865364805246805,782,0,0.3609426022766339,0,0.9579150017387684,0
818.8401657919864,15,0.34818890261817675,662,3,8.066632765164453,0,0.7848716767323015,0
1520.308053180318,16,0.1174623636850937,979,3,14.135081243680133,0,0.9340071232628727,0
273.22228390712706,19,0.03689388006923856,319,1,14.937548861120538,0,0.86480894305528,0
760.8718208796381,12,0.2676927940587568,501,2,16.018538258050157,0,0.8626547145041195,0
618.716001339063,13,0.5048003570673818,148,0,13.55469424402562,0,0.877365308086103,0
244.78617457052047,17,0.20206723779812796,739,0,8.188366530212969,0,0.8259528200131492,0
869.2862950293991,19,0.14341187944074213,781,1,2.501963253681986,0,0.8874568621035854,0
1277.509302515818,14,0.13176471207649157,198,3,20.716652740977278,0,0.7720528293634049,0
548.6802737351848,15,0.3888111893342846,188,0,1.1606453818790947,0,0.8490264608460303,0
989.8876401769022,16,0.22247078753052496,120,2,12.142028431356712,0,0.7957419688199064,0
1196.5529977443086,12,0.22098465426440422,942,0,10.275173497277281,0,0.8238085243352075,0
1030.3102903433344,10,0.3088237287755473,666,1,9.395559268041023,0,0.9144905837911644,0
445.01539386177944,21,0.13519500795655112,332,5,0.8821189223064025,0,0.7778257748705668,0
620.3042026376173,10,0.14336212281824393,388,2,15.314689466966865,0,0.6795771647797366,0
416.6023478049125,11,0.1108030147865891,572,2,16.47891766761206,0,0.6621215253779453,0
1355.0974015640415,22,0.28885959000022354,173,4,12.376577988940273,0,0.8722360599591688,0
633.5306583315465,15,0.3586653735080806,883,0,6.081513350977971,0,0.9161915075989349,0
1685.1225181039413,21,0.23877083194438564,449,2,18.116494609582134,0,0.8760407565194088,0
242.34615453321138,16,0.13048753104221436,634,0,18.086411410106884,0,0.6587264533504124,0
1238.991590985574,7,0.17392564073509806,198,3,3.826083249126761,0,0.7974056176605571,0
1032.7398911119449,11,0.09874851858604178,868,3,7.944462676867033,0,0.722133590266335,0
1079.8223512924515,7,0.06829431652474836,560,1,23.51417842343789,0,0.8669743316702015,0
858.752953020366,20,0.07222470342072052,739,5,2.132594873206882,0,0.5705630573862437,0
419.4444664787187,16,0.2184895626269583,739,2,5.880230075651254,0,0.9141858414122804,0
715.0372131495565,17,0.3043481787018145,882,3,9.489866353196035,0,0.9400489107603479,0
474.62911670630376,18,0.16997343030270104,669,1,15.592159843237217,0,0.7418637601664112,0
646.1550884149876,13,0.2292318644947839,315,0,22.41227217079602,0,0.9104613851450899,0
1035.0980604676504,8,0.29539183127457,514,1,19.27388568444184,0,0.9501938333566181,0
684.1180817494123,17,0.3156518177853487,924,3,6.445423764322623,0,0.6945390146267404,0
768.8235520878444,9,0.35408552769250357,536,2,40.266351517920214,0,0.4470558543286594,0
656.0634276510638,19,0.2101454788944755,710,5,25.127841232658245,0,0.9496858491970378,0
1796.7862222088972,16,0.1726219894032182,152,0,49.09253441343992,0,0.951221285904558,0
839.5339135122113,13,0.530547484986515,176,1,36.418815256582924,0,0.57351014502452,0
597.7350212987693,14,0.10516223157193536,42,1,21.911912418803713,0,0.6420269303278116,0
415.55171029945785,13,0.15505119277403512,583,3,0.41484384044964967,0,0.9354809101648693,0
1075.2177940129727,16,0.4396320527623482,536,1,24.968818489607447,0,0.6636899627887789,0
1007.6474142401339,13,0.14736142432192845,102,3,28.14369671489217,0,0.7526587238061274,0
365.7372846655388,22,0.2081178273226524,927,2,13.147040596589976,0,0.6562081747853711,0
334.9238576779894,20,0.23317045327018004,387,1,6.008016562301554,0,0.9332656636095158,0
1376.9855579895068,16,0.08400128736129359,549,0,25.72025467615256,0,0.7764297869349652,0
1317.2228934706416,15,0.11267475682800242,923,3,17.083201617090047,0,0.7981193032168494,0
820.0665242898659,9,0.22360878374828905,67,5,3.791118831879709,0,0.8634347511302143,0
739.092652186187,10,0.19091188131875012,104,0,2.6819256203750967,0,0.8162320325660046,0
276.47421823667526,20,0.31299299163065564,753,0,6.63512005186011,0,0.876857017080995,0
1531.0700177472636,10,0.15564230765672626,880,0,7.276516104568466,0,0.6354084497171036,0
864.6563179989005,17,0.19514335812443054,53,1,0.06769421645301951,0,0.8679230745855552,0
394.0005885216022,20,0.09570309887451305,198,1,13.758082155073943,0,0.8477550930812812,0
984.3030829599378,20,0.24007802713759885,904,2,2.7775902884425716,0,0.8658058309184213,0
1902.3342956161916,12,0.030132327430929185,176,0,4.134488957150685,0,0.8582306017657567,0
1249.9261256763343,11,0.14617026705377112,477,3,20.585146164862866,0,0.8203478081296937,0
1025.130414803624,10,0.24762460754738455,918,3,15.70301116680412,0,0.9950619314092246,0
1161.5229539870884,17,0.2231692532144299,445,1,2.1863166162666436,0,0.8906103501637055,0
623.9484699071883,14,0.24141348187122486,738,1,99.52475040796065,0,0.8458715521695194,0
273.5648128348219,21,0.3794431966761608,620,1,9.567609130206435,0,0.5060587215500884,0
869.0392029664212,11,0.2678239065647542,333,0,46.04517593826825,1,0.8625878459202665,0
501.6506232992764,12,0.2534943019700983,100,1,21.67406644412373,1,0.7689295552568197,0
473.08193385418025,18,0.13308575654392354,957,1,27.230948750774264,0,0.5758926087191447,0
831.4634044523485,18,0.15638532313212553,254,1,14.902407530017005,0,0.8170028879261771,0
1007.3813446014084,22,0.09013154476116392,591,4,39.115775939814405,0,0.724082562700901,0
214.83362413330175,2,0.618571750536676,25,4,419.6022207323891,0,0.360140193198299,1
578.6375985492627,16,0.14128223806333481,819,0,42.9605297413833,0,0.7396832603338072,0
753.3260080377381,9,0.08366128813913416,231,2,30.983828007579145,0,0.948366261227961,0
359.75121825952516,18,0.04198246986188345,73,1,3.1260484836632103,0,0.6920538316431457,0
810.354328583739,19,0.12831268052676198,628,2,22.180524359715022,0,0.8090895735996405,0
521.8817312827407,19,0.15846287811257823,518,4,14.775933367353588,0,0.8094000479376291,0
617.9079921986868,15,0.12494172099390263,309,0,0.27353382447618885,0,0.4444989491399647,0
518.2725958045947,8,0.4699149496674926,393,4,5.236367123544553,0,0.8910427925573116,0
999.9938656551286,15,0.3365632086768071,944,0,39.62163305188868,0,0.7035977888848142,0
784.4052655048198,12,0.05190584963779988,201,0,18.46414402359427,0,0.9514042949653589,0
205.81492046569483,19,0.4111397023077647,573,1,9.773389926699968,0,0.8588583342363528,0
1021.258858933565,14,0.2805807365590027,665,3,18.531736609288735,0,0.919667764985945,0
198.4923014403348,16,0.0684101856112733,877,2,3.681441857074192,0,0.7099194561032883,0
685.8693293744802,11,0.20062534745736127,601,3,4.160041820530907,0,0.6387867230234646,0
252.77454312043682,2,0.21635581490729544,129,12,450.1621460935416,1,0.5321098459083927,1
709.6524399811616,22,0.3444502708724134,193,0,39.42245003091919,0,0.8291976983463633,0
2092.6760446674803,11,0.10275033801729157,80,3,16.7000232809822,0,0.7497957940318449,0
660.710915848312,20,0.2323869707786354,924,2,14.358309745247283,0,0.8839178502432742,0
1117.1978128741553,13,0.4346371765598626,776,3,12.612599841737552,0,0.7902827899952715,0
819.8381683141642,21,0.18372955346405498,245,2,5.079516318661133,0,0.7948163787754876,0
487.3591124341104,8,0.1354179764803534,708,1,0.9581700844011026,0,0.8401382435550404,0
437.1961480806059,12,0.09635705247217694,946,1,11.170361989703489,0,0.9112243141444186,0
314.1948836920791,14,0.18834327247530366,49,1,30.501514970483296,0,0.5507518996729152,0
721.1003490532121,18,0.09514348098316401,248,0,8.754914059148566,0,0.7269334288677284,0
572.1980589781269,9,0.08341186874564521,521,0,1.3562027168700115,0,0.9452928511745137,0
1253.1488704071608,20,0.22548036861974094,883,2,7.210690128630978,0,0.5142272508343497,0
675.5482924101419,19,0.06429326344233102,409,0,62.9429365444014,0,0.6113406555799726,0
539.9363583976118,15,0.09494674637421138,838,2,0.6853801142184368,0,0.9577986246272558,0
97.76492771844296,22,0.8153988003293952,17,5,81.02945687943226,0,0.3647432409908664,1
1323.5896606163176,16,0.29731933677412664,677,1,14.49158846517268,0,0.8013988601585896,0
690.7101564210276,12,0.18500365556761447,387,3,17.925390427961847,0,0.6695925439519129,0
264.46630770370086,9,0.19351951534657325,923,1,8.51058923666991,0,0.7123094843394786,0
358.7003228656406,17,0.1511088725959712,586,3,13.269870139144727,0,0.7092405144041571,0
712.7258340445361,22,0.04775137273266621,676,1,7.2793806889803125,1,0.7830375758379383,0
902.1357807743188,22,0.022265089016416727,614,2,7.855918214780741,0,0.6653144805731357,0
720.3513553722028,8,0.4021260657715808,527,2,2.5492884391146706,0,0.6002483199769612,0
326.72841928406325,11,0.1555569011529008,100,2,10.209867941533966,0,0.7734693766598604,0
674.3075604300301,15,0.18612122467599299,429,2,1.445537980381508,0,0.8051718018529594,0
798.635299892065,12,0.23928051589255056,508,1,12.616120086010602,0,0.9583597399633498,0
624.1202686815456,18,0.08992951097052353,155,4,30.35297854279531,0,0.8120891435349996,0
712.5924716770547,21,0.32349351879630733,453,3,8.690677658256847,0,0.8156771440898696,0
817.3978039858639,12,0.1089968135817788,310,2,6.548099969832321,0,0.6646357265758526,0
640.276613571784,17,0.2589789093482167,736,5,7.490008406530463,1,0.928449248336744,0
600.7851340424686,8,0.10383965468154865,828,2,6.160982544196579,0,0.8888805671290618,0
404.8018938697437,15,0.06329533257426687,692,0,5.711116713918964,0,0.694582518557381,0
3309.07969137135,19,0.08883308033712878,330,0,30.034558624564617,0,0.8695982254741936,0
1072.6432047452365,13,0.19657196583895523,557,1,8.974975989313073,0,0.7255156314500473,0
695.5889493073007,22,0.1308624237146749,485,3,14.14550636092012,0,0.9361497092609213,0
694.6286024551141,19,0.2416357284614964,971,5,14.062767626871052,0,0.9931469985691181,0
478.91887468579415,17,0.005393883812457874,454,0,2.6460403472967187,0,0.8576192002592851,0
444.21810575883256,21,0.1274795170565756,898,2,13.527865022403494,0,0.9162221502305045,0
844.0362228108412,9,0.3105834718505394,723,1,4.504658457140416,0,0.8146157163356397,0
341.8003192846947,8,0.08208054314360881,197,4,14.484593825882033,0,0.8851980490222415,0
854.3045872973959,15,0.14944506205271443,83,3,7.692233902874604,0,0.9277760154045424,0
398.39222942329997,9,0.05836579276619254,408,5,17.690813806921412,0,0.8882366300001399,0
1688.5771261862515,16,0.24834685132118028,183,2,1.337696668943941,0,0.8517918634698897,0
407.0830310399922,16,0.047201922010701274,399,3,3.3498508866387238,0,0.8148172550213143,0
982.0894137127771,14,0.05742328826495604,954,1,11.905559309706527,0,0.96966504220024,0
672.8266456081367,14,0.05089867476283041,701,3,6.589837612187643,0,0.8507896493136949,0
466.5459650167885,7,0.10708480032719313,595,0,7.9465542437368235,0,0.9196402598762009,0
949.3687479921338,16,0.17304801027939237,711,1,10.445084252486982,0,0.5855910359840152,0
526.6434956225952,12,0.0785496780446825,945,1,0.17497981917502503,0,0.7798775425603641,0
402.07852906731875,12,0.050381072135024144,766,1,29.151104740654457,0,0.7608200906387145,0
412.1172404324186,17,0.19745136656996376,474,4,20.198385411394774,0,0.9468236283072143,0
440.8818877045484,9,0.29662803583145825,153,0,1.16225680606724,0,0.7758496576223374,0
570.0209642420547,21,0.41295371516249274,635,2,26.274858188370523,0,0.9740507216203886,0
469.20117511096987,8,0.23402555889083948,765,2,0.04881567707055,0,0.8622232842355833,0
511.981256551064,12,0.160678993826542,393,1,19.932231423359262,0,0.7361243981116372,0
270.0834645966085,20,0.2096156752693568,955,1,77.35937749735997,0,0.9404102757430282,0
507.71584572174527,22,0.15594737835095615,598,3,10.450626037064364,0,0.8639825908865393,0
763.8988145221666,16,0.048949693632792037,776,2,23.62867271317231,0,0.4218299053356405,0
722.134544008358,10,0.011023687967441685,932,1,6.907458181323496,0,0.8063522464078774,0
517.8275409041399,11,0.11242381168132498,729,2,38.45506335458238,0,0.8872303183480142,0
403.6124827510192,16,0.24032653894312792,136,0,14.925576478703723,0,0.9369584084048099,0
272.78918011119003,11,0.44303387493192714,490,0,2.590732482043918,0,0.9165873532646565,0
509.7285877722701,18,0.1658789371598527,714,1,0.27340062154661054,0,0.7600413916628588,0
354.37993629352667,22,0.40823100199241125,687,1,30.76016172046888,0,0.6291564411417808,0
418.03280154823466,7,0.3213927215861491,693,2,2.8619385294808137,0,0.801763299385164,0
755.3411655445178,21,0.07440812561104458,903,3,5.384492171620265,0,0.8291707255786522,0
451.1847861880898,13,0.24658766713715646,254,1,4.388865921931981,0,0.8254295533247344,0
644.6463167049513,11,0.21884390625670774,907,2,24.94183359060249,0,0.7335242571339402,0
646.3735185218084,7,0.18041026006194927,846,2,36.14266023636846,0,0.8887015943889806,0
375.0028808884009,8,0.09557554446139882,984,1,13.35356483044522,0,0.967492988259237,0
554.7638939079205,10,0.038471192045175635,275,3,1.276206228171596,0,0.7809182348772762,0
925.5150728869713,9,0.06559092710095737,221,3,6.865486391700973,0,0.7334225613527418,0
524.0489067474574,16,0.2480962006474232,862,0,21.195886000439415,0,0.922304076705726,0
732.7586791802739,18,0.3111791109429893,762,2,8.398559814698563,0,0.9102607135272597,0
1488.9836689788287,19,0.4542766149309594,343,1,7.411815000079619,0,0.9665348474897045,0
606.263096979341,11,0.2122632706670164,277,2,7.118553128052466,0,0.8358487821096121,0
313.3231481349276,21,0.05335700326730549,474,3,8.123228321756182,0,0.6504446638922988,0
443.45339354016414,13,0.10049894183274989,291,3,16.025004285933857,0,0.7364956260378349,0
1086.625564897945,21,0.08722711601499185,741,2,3.687815713665089,0,0.7881129487277252,0
493.45328685847295,15,0.055150972238175354,666,5,0.8049408137226999,0,0.8163772136493715,0
413.44124036682365,10,0.14209526903233505,381,3,2.3275488580308674,1,0.7017487495145813,0
1093.5653777418672,15,0.10755077819656411,673,0,4.992351639205978,0,0.9475847403031264,0
610.1760767096084,12,0.18630337398058439,109,1,4.357596079632405,0,0.794689573232724,0
248.54310933216794,13,0.2252977988990834,552,2,17.0418798914631,0,0.7752675529603744,0
393.14720676959234,22,0.170554990266961,310,2,9.03581085653239,1,0.9565059859442945,0
499.56670597173445,10,0.027972906507851236,356,2,3.1471823500079545,0,0.6064563582847435,0
409.552052091773,20,0.38834487984228055,126,3,3.862619427018473,0,0.6577326360803348,0
395.83518446956185,20,0.34959999339076,157,1,1.0750827213164995,0,0.8323207717517241,0
340.449274458497,17,0.23435699091562906,540,3,7.195618073872739,0,0.7535105245786777,0
508.05120932068814,19,0.1633198698132373,694,4,14.080411343277401,0,0.5514106563908956,0
686.2958182359279,16,0.1901418440987908,647,0,25.559540978291054,0,0.5566030658715928,0
214.7071278136793,11,0.18123645749437123,153,4,4.954514729207739,0,0.912332074918491,0
731.5934776809074,12,0.10071531233120355,296,6,2.8271611339764133,0,0.7773018002274541,0
838.1263060830171,21,0.23858459863024634,122,3,13.275605386185251,0,0.8262583558073335,0
1503.5016276839315,12,0.13679621132862485,337,2,5.361859702638587,0,0.7557191179568611,0
585.3778175300137,16,0.3182948022288422,952,2,6.544772797539498,0,0.7370819000608896,0
793.8736907213089,17,0.1320116928208197,475,0,23.251955107002786,0,0.7818733095606271,0
829.505771964912,20,0.16446218775137056,965,1,8.725167271937897,0,0.9159542182035846,0
285.00416580046374,9,0.0669518102834813,859,3,1.621070586974515,0,0.8986148961261312,0
2056.582956109248,8,0.2400600716502478,707,2,12.09371735114006,0,0.8493059207946301,0
836.5999182085224,16,0.4453754241470229,132,3,0.9736527538430948,0,0.9196773979661731,0
83.38224736883997,5,0.7540224587062195,40,9,126.54434399569723,0,0.20461220829887786,1
285.02274258993566,16,0.1388127748498187,800,4,5.870659100317163,0,0.8284099189078257,0
690.0167629180386,19,0.09047459833714541,511,1,22.22120933901046,0,0.891505359766682,0
458.85649342825707,10,0.08172692156013782,807,2,42.98917561051412,0,0.8598347762105077,0
977.6591006195537,12,0.2544850266404728,870,0,8.651096430333002,0,0.8849142137343083,0
755.3292523449107,8,0.02971971105035836,573,2,8.239884683766089,1,0.89299567132713,0
1040.012143116828,8,0.3457959120874202,467,4,2.879587549853914,0,0.8009413665303962,0
578.2733623792377,22,0.4360325352313748,108,3,9.709011533752578,0,0.9494287334337905,0
791.6514413512435,18,0.04470849699556045,526,2,6.208805261800191,0,0.7886121533189305,0
1023.4171414411618,10,0.14951140304579524,746,1,18.041196366049917,0,0.7677394231655179,0
612.2309560628187,13,0.2267245349783507,404,2,0.9458572269676353,0,0.8055976512625976,0
902.3654834464152,14,0.15107674016668032,994,1,23.157791931845065,0,0.7602881728207,0
810.3223441429965,9,0.19481107678039833,132,2,9.850968458057082,0,0.8612335464127252,0
593.6744397205827,15,0.08437491898911945,422,2,14.694725284517869,0,0.882273712867098,0
633.1475918676658,7,0.2105066059448674,914,2,19.835282099491007,0,0.7083051950108209,0
1270.3298970778703,14,0.2033298107834573,682,4,5.238234037979417,0,0.882259572496041,0
582.093194944641,19,0.006437683091801153,41,2,3.332850739567252,0,0.7180237170613533,0
489.2079853592894,11,0.225860126357414,911,0,3.0832751385119357,0,0.8929046976151646,0
462.74899929012435,9,0.21170473921665264,728,2,2.175604675975892,0,0.8412883046414417,0
529.0778546906366,21,0.26358123352978297,501,1,2.5084814379454703,0,0.5564897387883586,0
1044.0657001146242,8,0.28198194976244395,962,1,3.4001679448905056,0,0.7408840510180563,0
324.0209487172231,12,0.3970689319489421,196,0,6.15570065751164,0,0.8931003799595048,0
613.750931733974,13,0.025761823905820172,240,1,12.607042817531047,0,0.7691860333816907,0
484.57801813877705,12,0.2001548108359719,318,4,22.56184456682793,0,0.8317704010901847,0
925.7028058913858,21,0.3001259161334353,554,1,10.951890954423218,0,0.6662620478562984,0
777.5753563612103,8,0.1500329560736996,759,1,9.042391008767252,0,0.7671762958087887,0
524.9442275385686,12,0.24445768156687903,744,1,5.785460434875086,0,0.8360711860707318,0
538.6019917940107,12,0.1160702585688371,164,2,42.14568384700333,0,0.8856098324097424,0
445.0247159761568,16,0.27716444973518345,683,5,4.85772805151217,0,0.6950081702661144,0
926.3409498578737,15,0.013864384979979811,716,2,6.251407140827331,0,0.8488470738227759,0
1904.3906493663387,11,0.14404495088998986,336,2,44.5198003385439,0,0.8588667276453915,0
619.9251778819232,22,0.2673277431649504,216,4,1.0782261920146525,0,0.7939109669021286,0
354.6754231258485,21,0.2539815671536878,676,1,10.643199327243165,0,0.8564939197046221,0
607.9625295065936,10,0.20011272693522397,636,3,2.92640438537016,0,0.8095594646183839,0
168.70327893456422,10,0.1091656289344939,344,1,4.139015987147509,0,0.9976525681025314,0
1472.877233682142,10,0.07021471733646688,779,1,2.442240267659115,0,0.5797166788420388,0
757.0480898297792,4,0.5113490868257977,142,8,110.91610341156203,0,0.3835028498696123,1
337.67591123338525,10,0.11977728371428775,432,3,5.574034633288488,0,0.9212104306801776,0
795.471042129659,11,0.009270427185480759,678,1,13.82385396609168,0,0.6636035623491321,0
650.3345143676057,11,0.21263700032383417,738,4,11.14028912945819,0,0.8683332717393932,0
468.16676073517556,11,0.3744204729643921,169,2,15.906746086733147,0,0.9767266162740633,0
1014.0257908201489,8,0.1714952001848863,93,0,16.282583512709813,0,0.8674661035793587,0
630.1664454821729,19,0.07670439011711509,223,2,2.599784033530677,0,0.8759861902204085,0
736.060267447658,21,0.5639377302723529,972,0,17.355854486573463,0,0.9733600315923714,0
1439.4055604594607,14,0.2882378231464502,636,2,3.824992919967782,0,0.5229636439541938,0
1231.725498162714,7,0.1967718084105382,573,1,13.434975178408205,0,0.9174412853571317,0
368.5012841314719,17,0.08769387648712078,793,3,6.220995188383958,0,0.6218090531805148,0
647.7571459933087,20,0.02533241065881058,626,3,13.54811241851726,0,0.8964606228821275,0
900.2205648904811,8,0.7100820612462717,704,4,10.458947347186063,0,0.7513661424087419,0
377.4938793708505,16,0.11982966645461195,675,2,64.37568230700414,0,0.9446649133942396,0
518.8154391790366,11,0.08239518671005074,236,2,6.04547416932064,0,0.7587438209744063,0
520.5103877903134,13,0.16273088753424642,99,2,8.395459522533269,0,0.7254453981285316,0
556.279954968466,16,0.06803945813580914,940,2,26.3337571348164,0,0.7340516062205652,0
779.5993302075285,12,0.11928307160092774,723,1,11.269616634491442,0,0.8855699147570811,0
1216.2337258130515,12,0.2250770339424238,235,0,9.476680092296487,0,0.8102410358972726,0
844.3120169032048,21,0.038248576484539415,426,1,0.9713807041097497,0,0.476588365853797,0
900.0059599012363,19,0.15396688998499258,867,2,29.54947404880312,0,0.7426321503548092,0
676.425047261841,19,0.13179391618485767,950,4,28.919688733826234,0,0.8603460114327867,0
520.9625968590765,7,0.11599279927285391,769,2,19.053995192157963,0,0.7496471564872998,0
218.60464014904795,9,0.3021280940659607,233,1,6.350645398834736,0,0.9021432958108759,0
415.3156143910307,18,0.4282630313824506,615,0,0.5816765121613068,0,0.5179998801827812,0
1034.4011492892566,11,0.10156313764986269,400,1,3.938618601079793,0,0.8523644923668637,0
343.6165488666071,19,0.20004767889828273,273,0,55.809519556732766,0,0.6648697194208848,0
835.0644753182961,17,0.25779820343317617,322,2,32.910012329356974,0,0.7602952457920832,0
1973.963959191983,17,0.14409267014066646,946,1,0.12613574393562085,1,0.5290758206745577,0
194.9299245972903,11,0.35524259395578706,523,0,7.210978913436077,0,0.9393131727306383,0
435.8406312710751,15,0.22537315096838706,475,3,37.809699032631414,0,0.8948508722841767,0
1281.6720659098753,8,0.21427232431163817,845,2,1.941766577778922,0,0.9000588445074202,0
892.3956354703771,10,0.07576354049974837,834,4,26.524158457395643,0,0.868380030596286,0
191.58326269447687,4,0.6948944724582917,119,6,101.19549019287862,1,0.3852433507689413,1
317.642139281695,22,0.3935009526557936,388,2,16.68894635572297,0,0.8773974104842927,0
1200.0405666841646,14,0.14178647377313333,352,1,33.81769077255004,0,0.8123279308525936,0
336.17892750591506,20,0.09922691644614114,913,2,38.41648673012641,0,0.6555437291452987,0
1083.5470484477717,8,0.11939838952417868,925,4,24.38127978052012,0,0.7560800617465988,0
890.7113367551806,18,0.264410507784756,596,3,22.114754926398355,0,0.6620199216573577,0
1158.427776439881,17,0.06207992601461604,720,1,12.770667952773946,0,0.857794254653681,0
818.6039135809935,11,0.32025422349312027,497,2,42.21010227565304,0,0.8483857292120732,0
793.7200449373388,9,0.4461262351478589,786,1,2.056624072202192,0,0.8855034678793804,0
555.3980186536562,22,0.0855963032860884,391,0,39.361105063825775,1,0.7629343762965927,0
1452.3636159188984,7,0.2302709115133498,834,1,6.77989488968474,0,0.9509312362827155,0
763.8883350660686,22,0.30470831630474965,416,2,4.911269196095348,0,0.9705670630905501,0
1045.040994209215,10,0.17161687022024297,266,3,20.119910982611927,0,0.928757188562744,0
1794.542978259818,21,0.1414895643061894,224,3,2.8378653415954744,1,0.8746302884888119,0
1906.347721792641,8,0.06784143806698648,516,1,1.755010505845236,0,0.5276097355833196,0
767.7520439165938,12,0.12108835411883055,717,3,2.828723572230363,0,0.8278254365025158,0
988.756910428149,21,0.14069409860778329,917,2,0.019552460109273806,0,0.9435504147449254,0
1923.5023577729676,19,0.14046304493229222,513,5,11.661437580278875,0,0.5456855860322195,0
531.9871545469555,18,0.24569120375065953,179,3,7.619670552849615,0,0.9405129583352054,0
872.7990791258203,19,0.2736576064984885,98,0,6.023148755864906,0,0.352064517397604,0
750.9743971790247,15,0.10956830898486328,233,4,3.233854573946702,0,0.8018519633536937,0
1073.2692350671293,19,0.1182688212769658,110,3,9.73240850071918,0,0.830749955640612,0
1301.3340431889092,21,0.1421581048987834,614,3,2.24608148524881,0,0.6193123299221426,0
259.386728777961,8,0.1850015728799388,667,1,7.400063092648255,0,0.47494978456393555,0
2053.544113787058,17,0.0219136364070855,688,5,0.5346886352827099,0,0.799928098114128,0
1203.9787680858055,18,0.22445344341878745,354,3,12.519569981728903,0,0.8307579464641676,0
969.3305748417936,15,0.14016146070369961,631,3,17.086563018103284,0,0.6468597899000739,0
1568.89056132057,15,0.3174175134746078,811,3,7.858125002399677,0,0.82788725375447,0
806.5244996449137,9,0.08490090376012165,317,0,14.43195237823089,0,0.7562567857220487,0
1425.0536735586911,10,0.11766879972667417,913,3,2.2281767691043455,0,0.6162925517316946,0
1221.8618033935536,13,0.3288168957785977,688,3,6.480377723768014,0,0.9273074982590983,0
892.4521825945542,18,0.16336474311081398,436,2,8.64324075487265,0,0.8068652724491812,0
321.6124034306745,8,0.19158751431283697,461,0,4.214660345303645,0,0.826559569091496,0
301.34818954639303,14,0.10201046444663593,231,2,38.56940197318013,0,0.6039881094300366,0
448.24012771300227,15,0.14393652937204554,859,2,3.151267241347571,0,0.6080384120704593,0
366.3039715558369,22,0.18985327530043838,278,2,7.800574567828692,0,0.811559782253481,0
781.2463065318262,8,0.16344213725445852,776,3,40.67740563927405,0,0.9364501238086433,0
352.97484625041795,20,0.08011393841769178,428,1,11.07903356653852,0,0.8727507808708278,0
573.4761342468865,16,0.18434484137820503,135,3,42.61881684379144,0,0.8959305977494998,0
446.43492880819997,11,0.2698246567608205,369,4,3.409679327843426,0,0.5163461084780306,0
180.19609286692292,11,0.2883295342428268,740,1,7.641738730012052,0,0.8229688918782218,0
770.0692504241697,18,0.15590273317189016,509,0,17.021221979881457,0,0.7785956657365106,0
154.79109158944357,15,0.17986799026654765,435,3,25.708945233585272,0,0.9287366126459343,0
562.0887334431987,13,0.2235057664940738,196,0,41.70304348892489,0,0.7212978033044304,0
1056.3455554040634,18,0.17649108024947327,168,2,5.924763524345341,0,0.7814548894618082,0
519.140711798555,7,0.40360605592941845,266,3,30.974275055895347,0,0.8440165923047019,0
283.66786098866646,15,0.03815933536577267,500,0,19.230437165611097,0,0.924045742597465,0
361.5358576604028,10,0.3122818653044568,289,4,4.420478664866098,0,0.8401288870560809,0
873.0896893649574,21,0.06862997900239774,101,1,3.1437145651344,0,0.6812946877546077,0
1264.9092295293065,14,0.25443964959163556,209,5,5.370016029563914,0,0.8090421770262913,0
353.07506638345006,7,0.05140424716287488,77,1,1.960396583473888,0,0.8335952768561001,0
522.5535932665892,14,0.10476571678050937,676,0,5.2494831251116105,0,0.8661871829338185,0
569.7054976151685,10,0.05713238568719702,807,3,19.231644136234717,0,0.7560696594102525,0
275.0015206504079,17,0.26758597104441967,943,3,56.77737248627713,0,0.9338173857627221,0
586.4104849337181,12,0.2890234578342764,614,2,26.010407163967354,0,0.668083454064604,0
518.0270503349152,7,0.1323061058282973,352,3,6.1021367532251976,0,0.8821711482388811,0
965.7419889437971,17,0.40451854836059475,974,3,4.259239570100994,0,0.7253771624146389,0
735.581777320062,19,0.19831623167355975,521,2,2.7487168064614953,0,0.743092204779378,0
437.0455013007374,9,0.40076799649712624,699,2,29.969091424008965,0,0.684657859165533,0
718.3547491290178,13,0.034466447624410784,973,1,13.231833201279308,0,0.9436807386645766,0
296.1904631809262,10,0.10226937685319407,467,2,27.937494149510915,0,0.8313141637704796,0
694.9094930039578,12,0.3050232976704581,300,5,4.734352065705626,0,0.8023635456742672,0
418.45487792728676,7,0.2548887935285612,141,2,8.941567035528243,0,0.8115630831352499,0
639.8542070123283,22,0.015401801697223085,977,2,16.404005707672436,0,0.9247194635609554,0
1190.2735182954575,10,0.25038090157393966,100,0,1.222536178095835,0,0.7083984718408893,0
483.7509141322688,17,0.22426737953706785,816,1,10.994852982883446,0,0.9579745121039969,0
401.63219224931737,12,0.15909364795768752,493,1,12.659775292491661,0,0.7797909328987398,0
567.2250611106082,10,0.15108430463375602,437,2,39.97129745989709,0,0.9423308526364281,0
895.7907111022348,13,0.32264187988926146,398,2,13.095844030497167,0,0.9420952207314488,0
525.8633148255533,20,0.1121903912660595,441,1,5.090734690187585,0,0.9127743860980994,0
634.5712044414731,19,0.09590573266873512,895,2,6.375128703743022,0,0.8436503229276592,0
597.7080225900498,10,0.21948620963976112,99,0,6.907177462930059,0,0.8280401699191295,0
401.72790947155676,8,0.20081369174188884,587,1,24.631323989459247,0,0.8251141306614391,0
271.0947587672549,18,0.2062979547336429,496,2,9.146481931728697,0,0.7578880914935535,0
709.0999407382494,11,0.08924611123024188,560,3,24.331039313706174,0,0.8949684852781249,0
558.5207739771962,20,0.0745055588918285,420,3,16.778533844008287,0,0.5509577438875424,0
62.972631004894225,0,0.3795716619500297,166,11,556.5714618484476,0,0.23349051724794845,1
1744.8483428026002,7,0.18490596155440153,419,2,16.41952228113928,0,0.8649740408135502,0
469.98619466759703,22,0.2081143564290912,701,1,2.02194198433954,0,0.8023098714178755,0
1119.0040250959046,22,0.4515713767732707,594,3,9.907758327231548,0,0.7720358218176085,0
1416.3289909515959,15,0.16525905306681096,778,2,9.230205492473713,0,0.8459725542657115,0
475.0145322090853,19,0.13985662689764172,209,2,22.205103943096752,0,0.7280000520724841,0
1337.7057404204274,12,0.13011766894006851,770,1,11.157635344161982,0,0.9055064011280305,0
870.6194872910529,7,0.4783475903497339,827,1,9.285120059342859,0,0.6383651102477492,0
312.8932506495077,22,0.2217230693645057,771,1,1.372980613614925,0,0.43103540203123397,0
487.3993032708418,7,0.027033347273010638,682,2,0.2558658754647377,0,0.9242097969442042,0
646.6693658997516,17,0.4967900666650057,286,1,2.845979458789582,0,0.42513972212664575,0
1398.6737517280123,12,0.16348048877116664,938,2,3.800060761491038,0,0.8521764448145973,0
473.0327153000806,18,0.3302069292068762,647,1,19.780075153627774,0,0.8500942032666493,0
463.61007340668596,14,0.15601178299499652,991,1,2.2362794306447715,0,0.8128745126741939,0
325.93819892220205,15,0.17624973657034998,217,2,26.09746335582803,0,0.9323680072535867,0
563.4228058177256,16,0.08410425767864838,680,7,0.31965649930908246,0,0.9460214110553082,0
394.1127753448296,15,0.5009550960122143,977,1,2.3645594306271427,0,0.8354056110527195,0
439.89970512396246,21,0.14527076133291839,821,1,7.153156310176662,0,0.756053994452501,0
1480.5635418403426,14,0.09115113790918344,132,4,24.73410096138674,0,0.9675267312788188,0
728.0941944613842,10,0.16997142388592124,946,1,25.468965170278064,0,0.9640254483029027,0
338.97951794432885,11,0.25911955716535856,145,4,14.381166132812028,0,0.8457343550686444,0
389.91016630765563,13,0.10174285096281475,427,3,7.507909047284317,0,0.8202750075680404,0
1424.720333804105,15,0.21659305531577452,562,4,15.336537046502668,0,0.8486763811103033,0
1083.5788146828363,22,0.3335772974453965,536,2,33.0788767244958,0,0.8846271947775225,0
353.2519389320748,11,0.06351924821111472,172,4,9.669276380044545,0,0.8301205475199962,0
490.4929419045478,9,0.14296740272618744,712,0,44.08213450621679,0,0.9098864035618106,0
649.9210717254126,8,0.29795173232822225,659,0,15.288344784217225,0,0.791092063338275,0
1259.801680623073,7,0.12243178826365853,354,4,2.9446636011400793,0,0.6988820234894136,0
537.3632448211041,18,0.19332805890372157,219,0,3.315786956096749,0,0.7987877907066504,0
430.0321870288969,19,0.0655588741444562,842,2,0.7917122394724195,0,0.7949378188591225,0
527.9766084471929,17,0.15473494588609302,734,5,27.143619760425683,0,0.8688197440367192,0
887.4625353289125,21,0.5245488340818102,145,3,10.630995071779497,0,0.8735352012402251,0
694.1818737018946,18,0.2439917007412012,784,2,15.33833655958905,0,0.7013689264078241,0
523.8469412104783,21,0.14667334807553173,838,2,27.372040378451914,0,0.676411321750839,0
1719.2420492538527,18,0.28645487131923375,560,1,7.9252351812466735,0,0.9101780873950944,0
599.1672328790346,17,0.024943966128045874,936,2,0.8326709920733762,0,0.44328455835349484,0
425.2671357784257,22,0.06915136468146597,216,3,0.918084997669953,0,0.7229471492952962,0
624.657786376366,8,0.23690904899495152,757,1,2.7414175580707414,0,0.916388885528614,0
2116.2711680866432,12,0.0828292510556117,473,2,7.574796862624579,0,0.8673995218466227,0
511.3796609736768,12,0.25863735874022165,855,0,9.569043564775036,1,0.7800938626542409,0
1339.9865880253387,18,0.5229548967555714,272,1,7.324113067358761,0,0.6081609396242937,0
756.6500632831444,15,0.17328828393079604,926,5,5.677503676936906,0,0.9222078553561469,0
604.0334347454404,13,0.1566605102242001,438,0,30.87748440925798,0,0.8389145413821086,0
452.9437331948568,8,0.23751060354262013,677,2,23.56043928808112,0,0.9485071646772466,0
594.1887825552263,17,0.11516304456659616,685,2,2.610452848945335,0,0.7866511595332686,0
876.4329185478393,15,0.3267866953753705,393,4,8.123070355299825,0,0.8443625700665961,0
546.5792083878366,22,0.19077337368437758,338,2,2.573537706840129,0,0.6387064868533988,0
838.229624812895,11,0.24290391500727285,989,2,16.899318125899853,0,0.8469200467834386,0
534.796451689781,9,0.3665580484933685,51,0,1.549627098943282,0,0.9288452486457969,0
627.0868977180933,22,0.46733446130062506,250,4,8.246867375027161,0,0.9516940046415918,0
714.5306943834642,14,0.15643298776199582,509,1,19.059303959464046,0,0.9276648765065438,0
560.9815894889356,22,0.11623361484191952,927,4,27.415535093232943,0,0.7646916651289563,0
530.1629469955642,7,0.25147822550469767,267,1,0.2704112093279767,0,0.6888475766310083,0
328.42601265484416,14,0.13281740842290038,751,3,30.251175514933067,0,0.9298359545778426,0
365.3428684184455,13,0.2702988187649741,346,2,22.741345997793665,0,0.8043488946052231,0
2424.1154956929104,14,0.13429382444296153,957,0,14.782565988314138,0,0.808010043887746,0
736.7873056080919,18,0.2521279643340517,144,2,7.101661409447134,0,0.6688995141601713,0
1400.7401097017666,15,0.14858959625844698,976,5,1.3926653888353675,0,0.476795537321357,0
880.7881767317198,7,0.2908863786757901,567,1,10.594740581356598,0,0.8873384536007061,0
439.162269335812,20,0.13080943175051735,793,1,20.605351764338916,0,0.694416531630439,0
436.6460375312131,12,0.10134064721265534,766,2,16.153707454376082,0,0.855064010399285,0
428.83156670549874,14,0.14136820921326312,844,1,16.108365384328447,0,0.8792209899611022,0
441.25251001872897,16,0.09433264246183985,862,2,10.367502027227337,0,0.8910684246159025,0
580.5919361492759,14,0.2566236477257971,123,2,10.44348306381521,0,0.6582116917202105,0
340.2856008713624,15,0.22168871787822972,926,1,0.2611737642596052,0,0.8836108335070928,0
497.11249423633194,17,0.10141435659059334,429,2,3.3702296268497367,0,0.7320701196225051,0
1114.3443945878892,19,0.3339405322392082,989,0,5.569943020125284,1,0.903740013903707,0
623.1767783582333,12,0.19889297775990694,461,3,14.200276352102346,0,0.8072196460169563,0
476.23911252070144,16,0.09067353385205723,778,2,0.3776278737309928,0,0.8627400113088997,0
1242.2262902330704,16,0.14831046182385388,739,4,29.45191934094553,0,0.9029114708771023,0
468.4597098446434,10,0.225727753231911,364,2,16.923517186711862,0,0.8624515291689041,0
683.2355842444155,9,0.10411360432047095,787,2,1.8380883695657428,0,0.9415819716069436,0
1371.4336325866373,12,0.2024211710001115,477,3,15.592132334852847,0,0.4344563927632138,0
602.1764964154463,13,0.02770255806194124,667,1,6.146813720267375,0,0.8152457458410106,0
693.7839131174537,18,0.21625249911109032,602,2,2.234465429106957,0,0.5379010076571172,0
989.9656495440348,14,0.11433825272806186,886,2,36.98413557610515,0,0.8222112502401064,0
682.1727839941809,22,0.30245016996704416,726,1,0.22554285211361616,0,0.8983662902768448,0
1141.4213179377898,17,0.10126902991656725,370,3,35.790262021805646,0,0.6946161134450995,0
1161.1219960128565,19,0.1485197129131273,665,0,13.448301517358216,0,0.9441717950852851,0
399.34818171336616,11,0.08070114907866087,311,2,5.42204808211655,0,0.7881188378775192,0
507.7896194049243,22,0.13624215184755287,619,2,71.90496165595225,0,0.9374203584685554,0
230.90384494401567,14,0.0939269632107891,602,2,2.33967985048955,0,0.3903915449314109,0
358.0640489383817,11,0.4615851422290255,273,1,4.768563866907839,0,0.8758661412993466,0
517.0784154592235,12,0.06226809262360956,691,3,13.269063760060169,0,0.6144175337540423,0
899.5104551789341,14,0.0850678593577926,770,4,4.47687521344409,0,0.5921465049233218,0
444.1608289374045,11,0.14462221904327674,971,0,35.80920410351154,0,0.8357793230453342,0
416.79339625943425,13,0.3461862184450134,851,1,20.827347020045696,0,0.6949454981645296,0
852.5371478440157,14,0.29809108707269555,377,1,25.379723422397397,0,0.5884712861609828,0
629.0288605280434,19,0.07650208656947836,455,2,2.364810122644182,0,0.785105539026775,0
764.6200366608779,15,0.3932763748629589,529,2,5.584401890375742,0,0.8908947474991263,0
1061.809850871919,8,0.10805049301571791,813,1,12.016949437015445,0,0.8613759066983235,0
828.4419922414756,15,0.13138536129030537,454,1,9.931916486631845,0,0.8743196868222229,0
1084.1478274992467,14,0.03671501949387971,843,6,11.78814172162181,0,0.8572566217555162,0
618.9451631143393,22,0.26128558040959865,418,0,7.264606557854965,0,0.7784240235491375,0
1199.4355269921152,17,0.0765243661875487,610,2,14.98454281716578,0,0.7467757164759034,0
1020.133639689638,17,0.1828046175561092,97,4,0.9449490579883673,0,0.8457875944808686,0
689.4535116431698,15,0.141952201917831,518,2,19.826471665874507,0,0.8847617799657935,0
750.9095144234284,10,0.19637651982469173,379,2,0.8681559349587643,0,0.6467387803675151,0
505.30894780654626,14,0.11439216357699672,161,1,7.999547254349663,0,0.684338682608282,0
766.2319193347563,17,0.1796688322643394,166,2,28.39461307176102,0,0.600863028667505,0
317.34495738822653,22,0.25928031095568566,700,1,0.7104338554354958,1,0.8406728606911508,0
548.0605627547318,15,0.17485000863088673,834,1,17.85713503092224,0,0.6139966436029598,0
654.6300799119765,10,0.10287264439486352,414,4,2.6982140857339103,0,0.9385608232834598,0
607.6105682234822,9,0.18934987834720834,88,3,67.69455277719143,0,0.5551063488171507,0
481.5266267678183,19,0.30359777175826613,314,3,12.659451485910527,0,0.8264997695906122,0
438.1018168994026,16,0.2519071835729733,832,2,16.554361158379116,0,0.6608049037494301,0
1080.890793504662,7,0.2934597066166731,584,0,3.7132061733731168,0,0.7579312455709087,0
504.67251197799067,9,0.3073778995091158,887,2,17.057782809348705,0,0.9042019622647312,0
1116.4764582972332,15,0.2513613959480028,159,1,18.87106571128867,0,0.8058890709532809,0
580.0577541000397,7,0.1372254311189856,76,2,10.913670143276036,0,0.894367780977472,0
781.0646254103615,17,0.3236103225847568,527,3,10.790435289897555,0,0.9951808145456783,0
1454.8985322503652,18,0.15549375472366783,527,2,5.812509568577526,0,0.9444689669032461,0
1183.0891106562635,19,0.17543850234416586,638,1,2.046780747937735,0,0.6539009736480413,0
226.85813471282341,21,0.14371211381290147,929,1,6.2818145729156445,0,0.8972895737009272,0
392.40706036992333,15,0.44920271604055473,327,3,11.192602273393572,0,0.7355531679618856,0
360.56147827692354,22,0.28351562263908414,588,2,23.39100376296254,0,0.9767816254695103,0
2029.4539619637708,16,0.12512304862129642,760,3,6.598998929142684,0,0.8336627890937174,0
312.5852617646879,12,0.09731044003376114,959,1,0.3162052678955174,1,0.8693880949845479,0
684.348315218548,18,0.2115543613393454,585,1,3.4190197216679574,0,0.947611216044225,0
502.6629056297779,16,0.13857856027248838,456,1,0.991136216124359,0,0.8783292460245332,0
503.93196198686405,21,0.18902585304021802,585,5,41.81062984254903,0,0.7863570384215984,0
1512.9904004402106,20,0.457673249481061,639,2,4.692260148790929,0,0.8365987212333533,0
947.8414558416548,10,0.27947962683942573,505,4,1.3869662959835543,0,0.7438474034853283,0
542.698672316614,9,0.15642295353869481,666,2,1.3747773975274669,0,0.8165062412161895,0
624.3795879130545,9,0.33701773049120975,837,2,5.47711873149367,0,0.9162679104372776,0
1286.0756746129393,11,0.3736457372367429,869,1,6.051784264777836,0,0.7720124117956239,0
2210.389919553275,19,0.06404622414542213,348,2,1.8910468533537697,0,0.867584625219304,0
654.7651071773986,3,0.3131049888822563,58,8,47.445988587559775,1,0.1946138155581037,1
334.25763624179535,21,0.07389236274868406,42,0,60.19541271969513,0,0.8900534903283727,0
386.7591121921916,14,0.12205133559058202,172,1,10.821054268668059,1,0.8760925379580341,0
1166.8534093780552,16,0.14592086168041812,623,1,23.910463614181076,0,0.9347666152644938,0
930.2479153954937,19,0.2097260898576527,361,1,77.77575759219643,0,0.9454731832665512,0
1612.9951451088295,9,0.21567640773850558,812,2,6.168808878941315,0,0.8462411710888749,0
423.6289652711776,16,0.18695547810704238,908,3,11.158888558829076,0,0.9296613462946075,0
527.7745798072508,12,0.3355041962191384,969,1,48.76526610954987,0,0.80436614200363,0
541.3744454375859,12,0.2822510029366246,532,1,2.563398046049682,0,0.914900137752706,0
947.5547434854985,10,0.14717412831671287,160,3,15.390586085184628,0,0.8908277217895048,0
343.13152826841184,13,0.15716736833340617,911,2,0.9818652464930056,0,0.9178668569341479,0
309.122432191307,8,0.0767741663729603,67,2,23.563006522005583,1,0.8808474071462147,0
1268.1232339593898,20,0.17946400652505454,561,2,29.082770508490405,0,0.7512163982016556,0
995.776019353066,10,0.18265765393729463,475,4,38.72094884709611,0,0.9459463154966277,0
715.11879459982,1,0.6417721988542125,156,7,25.327878236300133,1,0.3106470665801448,1
666.4273575115539,15,0.24492820993255462,227,1,6.617545347496377,0,0.711142937002118,0
1158.322283670237,20,0.099878747946502,581,1,7.091229980513619,0,0.5897053569748719,0
334.22374849933084,7,0.21278319670952628,361,0,1.224470462139216,0,0.8669007391394389,0
742.5034948028627,9,0.14850393863104863,706,2,31.426821254527,0,0.963844445050479,0
614.4750278216297,15,0.03925422341482454,759,3,25.883188370307142,0,0.6603150327268553,0
1141.2949804110774,15,0.22957014643012774,985,3,16.230108182064324,0,0.8948015250878065,0
538.961504199533,19,0.11737546947743119,138,5,2.4599487375990194,0,0.8146591156393099,0
336.662614360977,15,0.23030735746128192,860,3,2.8552452231822643,0,0.7172702703906351,0
851.6087378412383,13,0.34580136807557166,586,2,0.1504343913574364,0,0.8635423172619616,0
1034.7355268537938,11,0.06257603849374636,491,2,5.3490285595786515,0,0.7774277465201698,0
1207.5036016564939,19,0.28370110418389727,38,1,57.69622482454155,0,0.7691303532927501,0
531.1850762314767,16,0.16230349671096422,617,2,13.028933134593503,0,0.5608182644928393,0
1190.6826725587152,8,0.06681886435498849,391,2,12.556746761577806,0,0.9516545228256112,0
628.3869005166107,21,0.14727165807711842,598,3,15.430409145995107,0,0.8808360412694974,0
566.0798085332877,14,0.14369748913417402,879,3,27.361305037788178,0,0.8793651225517538,0
1833.2613593961883,15,0.37509430026728086,881,4,37.93821493282729,0,0.8271184278950474,0
402.46187014100803,18,0.11124904792406869,350,2,0.6800558747535989,1,0.8398868450542281,0
414.44584364645647,18,0.2206461168240925,913,1,70.25421213777594,1,0.9559614102751846,0
1118.485580564807,21,0.1989891035381531,598,2,4.021636055957449,0,0.7956824488435281,0
615.504625463657,21,0.1667026778411285,137,1,14.403849104625163,0,0.8560012815962078,0
467.8318703159635,11,0.031247948515429644,412,2,19.01350676678285,0,0.833360200566995,0
308.0217341024921,16,0.1433557268634382,89,1,3.8401704749725187,0,0.7086872835255055,0
1009.022490487169,12,0.16313796207409348,542,1,19.103910315015018,1,0.6714990421714282,0
184.62336444713335,11,0.14260384284060418,561,3,1.2312081355318834,0,0.7527513146828881,0
640.8707534910081,16,0.051511115330293164,473,2,0.08274123336601433,0,0.8701517362303891,0
368.5693277583937,12,0.2682546936602934,395,2,5.934656573402053,0,0.8342941755280459,0
779.9066238034619,11,0.18983533595473084,50,3,7.160432494750071,0,0.7468964579189662,0
830.7880052412238,19,0.2370793825412823,291,3,6.654738181529661,0,0.9794490280642673,0
916.2380142059093,21,0.14023539321887069,507,3,3.347733877341721,0,0.713774805931594,0
1096.5313622903498,7,0.38800492085766686,268,2,22.29033254339117,0,0.8798016001572007,0
792.1760338458308,9,0.038561519989104925,43,2,30.602685697575126,0,0.8424295313205978,0
991.0460376257156,9,0.15282870172698113,717,3,6.107969968338707,0,0.8506743390804756,0
859.5581847086062,11,0.19539390231930195,87,0,4.647330267203171,0,0.5778205088972059,0
1075.0824724603883,12,0.22924875429712988,861,3,3.7156066401538923,0,0.8982446830316833,0
424.59097775121654,18,0.17867233665704874,256,3,0.23345729512058688,0,0.8582812042989745,0
589.3034976813022,22,0.24412049377603384,688,1,2.300669766141614,0,0.8427138021665204,0
1091.4621526073806,13,0.20845783429363174,188,1,16.696230159210785,0,0.7662027725057488,0
485.11205483475214,10,0.13696765108360867,192,1,3.589506086149327,0,0.8731483675376019,0
992.2961524716925,7,0.3393445345209537,520,1,26.694928969914546,0,0.8517929289358962,0
709.7396342272208,7,0.23400765438267873,266,1,5.443798967239481,0,0.938639311863545,0
597.8267011954143,21,0.07683058072326497,137,2,21.835635093327873,0,0.6959558155004214,0
800.1643950965641,9,0.2307059798216098,761,2,8.1411462185041,0,0.9463898997480813,0
697.8877474573404,9,0.2084416604326439,230,3,0.7421955606157354,0,0.9599699792410965,0
1113.5334795394365,11,0.23689868035427805,388,2,1.0249226504024755,0,0.569489819642028,0
821.6796935933584,11,0.06058141025020192,34,3,10.863450523742125,0,0.8058756291059241,0
582.5725922413484,19,0.22523016981456084,325,3,6.152232776019669,0,0.9204592210792245,0
454.1948767253035,15,0.16536316528977416,570,0,2.949794331167477,0,0.8066328342800964,0
386.01945867459114,20,0.009605303625142133,959,4,14.893661219354842,0,0.9297156678885169,0
361.4380815464145,9,0.2804844797860082,329,3,12.69395363770972,0,0.7574099028450781,0
396.07456221062495,7,0.2252331717591626,503,3,5.641018162730266,0,0.9875581272612762,0
445.32491461912684,14,0.3340076838553127,250,2,23.44563794099434,0,0.9026427101442399,0
1005.2121192657855,19,0.2634810112575758,534,2,6.404651377398614,0,0.7318674280193357,0
549.5017556823777,10,0.1626874736861752,785,2,27.19438687576046,0,0.8281538753036575,0
1351.8188044045019,20,0.09748523291018656,589,4,10.551288178706091,0,0.815764022313813,0
1536.4649909642394,8,0.2629621522752188,310,2,2.7332146049773014,0,0.6936476592167287,0
1262.6964831484902,18,0.34457694208357703,603,0,2.047569780039833,0,0.6651281855179451,0
505.49052212926546,22,0.21575544131054833,329,2,18.280631837058124,0,0.8696933823464993,0
703.2216611364154,21,0.020133295063621152,856,4,1.6348110551444646,0,0.5635836544283587,0
391.3844742456338,21,0.3526411441068118,567,0,7.509815705706898,0,0.44852132883795465,0
736.1006616184064,22,0.07951590034956318,514,2,9.735283223812484,1,0.7731790898115296,0
838.5347503925259,8,0.2243353824574818,323,1,3.772901054055458,0,0.6686496560247596,0
1256.2794159808063,18,0.2199586807990672,202,1,7.329331303584148,0,0.8423053870808206,0
517.9261703316635,13,0.26430086548162723,425,0,4.730413792740406,0,0.730256770441009,0
1000.5272614310604,8,0.20232153216550414,862,5,7.399912486438693,0,0.8366571121410296,0
376.7224107878101,22,0.2663501221776137,221,2,19.215927335579384,0,0.8727401603630806,0
328.0294289620647,15,0.15105102675487153,403,1,17.108045035763755,0,0.81801282368719,0
522.2317783569478,17,0.2473585669531749,758,2,35.757804908430735,1,0.7443253994803349,0
689.715587112185,20,0.07336300400747123,758,1,6.5965802669888,0,0.8828122624198745,0
603.0261373226036,9,0.26539272280455645,971,2,7.067108277060978,0,0.7911139637315739,0
548.8278174475217,9,0.10787065735066169,629,1,27.652429308214042,0,0.6943710396286048,0
596.7736908132323,21,0.2562689784166104,516,1,4.191659205230694,0,0.6800635920809581,0
2245.4605846410427,10,0.18810600479714942,108,3,7.990799959690589,0,0.631747821097551,0
1177.0681726986174,16,0.02735127691616213,790,3,1.4086444829225175,0,0.7563371068308828,0
593.2460171274896,14,0.17627937825243795,490,4,5.818451603293222,0,0.9051967957117094,0
1448.6278516492862,18,0.026715108518926788,859,5,0.12024144478812412,0,0.8540337335023188,0
355.74888455115615,7,0.5684611937556158,118,0,3.8693611239560948,0,0.9686417080454867,0
312.02629567778905,14,0.3280655562560346,272,3,6.994773369761135,0,0.8636164738930465,0
312.5898238407606,12,0.5242432551247457,717,0,15.790835326440249,0,0.8320429619852272,0
764.9206017189457,10,0.20651299415144123,525,3,2.107512291527772,0,0.5842677290574994,0
867.8198386640155,17,0.24009614926838632,481,1,2.7793030623062807,0,0.7520211019778582,0
544.3216345740643,9,0.09111274744256408,269,2,51.00104151867151,0,0.910773101203928,0
705.00264880712,8,0.12893975428524013,92,2,53.50340800643351,0,0.7602188994192609,0
588.8522716733555,7,0.32448403477016974,197,1,2.1948577970295013,0,0.9304698273186616,0
864.7553120759695,8,0.10756335840603802,712,0,1.1474773346701597,0,0.608688298457469,0
920.3211062417025,22,0.18233222260836218,815,2,0.055351058818983126,0,0.7655449961013411,0
180.76926219603715,2,0.5081658824994635,180,10,170.7773572699849,0,0.28063558076519457,1
486.74009578134377,15,0.0820796020455921,252,2,8.037396314690337,0,0.838798577433399,0
510.58543209172177,19,0.12504203581100912,564,0,3.6499765985224606,0,0.800443337414799,0
91.01326414616567,1,0.7476474501611177,133,6,72.43883193949213,0,0.34349198531307534,1
1162.0218249709294,9,0.34099142373005675,738,3,8.461784284074,0,0.951783232820946,0
1200.8432385507435,18,0.056549841192645264,277,1,44.45205530270393,0,0.9283272695495169,0
1198.0967013860575,14,0.4045483475937821,578,2,8.267535663178474,0,0.9806345658420914,0
170.0043094195787,1,0.752457496249664,140,4,156.12231782005924,1,0.3594233631240295,1
2681.8086854922576,16,0.17292533700065596,960,6,13.32152315686051,0,0.589825842542119,0
774.5694214714166,18,0.35415442402544106,701,2,12.025299308760497,0,0.9186935074353734,0
438.0362483584392,16,0.27809258140106163,943,3,57.553616197226916,0,0.8145950220419277,0
1590.0825675698359,15,0.45691713727844413,850,1,1.64168403866205,0,0.8995350506172779,0
333.9502318083883,10,0.31749930890966765,449,1,8.846155709429402,0,0.7614162263784591,0
765.7260525500166,10,0.06358260671889408,810,5,18.49398714622819,0,0.9551493897768148,0
1142.4227469195316,12,0.1492186656815176,620,1,12.896177756351763,0,0.8409107264336294,0
275.3297474272106,3,0.430456666512633,141,9,87.3802082454451,0,0.059870324085112864,1
366.30740934747485,12,0.25814855598905173,983,6,34.71928581505885,0,0.8289746895807392,0
793.7655736399794,19,0.19256047784203606,418,1,41.16998857834581,0,0.9593068711899565,0
407.0377518501293,21,0.15901925769787442,786,1,7.174182645153412,0,0.7709469753890782,0
467.82369776620436,20,0.4305244601244976,99,5,12.274998961047597,0,0.683376990516976,0
928.9210146426385,17,0.14376688477856478,635,5,0.5292026228943236,0,0.9760521773976333,0
673.5643739670921,18,0.1896801495694154,416,1,19.153193863625113,0,0.7416748218330884,0
829.0722714729152,15,0.22177934114067088,664,0,13.684792886926816,0,0.7884024539668723,0
771.101835306517,20,0.02236870194749728,141,4,3.7755723886705317,0,0.8532847052662124,0
176.36125184995674,8,0.06312010789148739,691,2,19.401890399550254,0,0.868799810610681,0
919.7467171727692,19,0.24719979894208635,293,0,11.806926870858153,0,0.8760102774904621,0
852.2921754513511,13,0.3742103854070799,489,1,16.73801335376311,0,0.8156302909993656,0
930.1819758586272,15,0.3358950714319384,188,5,2.446479109640428,0,0.845367948536338,0
661.263194902843,8,0.20394225130181065,176,0,11.362514436820062,0,0.953308406958457,0
320.48045870567614,21,0.14013211907539772,295,1,34.36242383153038,0,0.9292438022716476,0
1103.3096653183604,16,0.29133255549675763,430,3,29.853960659495645,0,0.9192900491734823,0
1201.2655597920093,11,0.19734977680963642,586,1,38.644815680845426,0,0.85815037525595,0
1066.767468056816,9,0.37715000332624193,639,1,49.92778980251079,0,0.7154855238406707,0
532.3777786049328,19,0.14384604815051225,43,2,4.4005104535626165,0,0.8585634664485924,0
888.8923294832271,14,0.14216083373656158,652,1,32.83295242938318,0,0.8498643448904913,0
1414.277984671783,12,0.0594939656199169,105,1,11.98665782060339,0,0.6719838232799136,0
1107.971329170094,9,0.22409844181154656,228,4,23.548035739333994,0,0.6663689107499892,0
661.5711210369433,8,0.1929578163744155,494,1,1.7914299958691544,0,0.8227890722794386,0
1414.8247468551758,21,0.1781105022650216,516,1,4.1761111726584685,0,0.8296510464307437,0
194.60117139789384,18,0.13148237919231648,730,1,10.187558300615839,0,0.8671578475614192,0
494.7314503060937,9,0.14769527668827293,219,2,8.159340407188719,0,0.7830456629098714,0
504.33155103360326,14,0.08270569110281377,820,5,5.990605720774534,0,0.8004605881770258,0
362.4531679648946,12,0.1533615030200365,362,5,19.853773330602507,0,0.7653830281927236,0
474.4966394704579,7,0.08735193411379831,241,0,8.70707507022124,0,0.8417576585866918,0
579.9323645983233,11,0.2786735304613805,436,2,23.659755617775748,0,0.7883957691503779,0
549.028404510109,13,0.17177647848589805,428,1,1.1934771689528367,1,0.7930030225365977,0
673.7458948393418,18,0.2352589986052217,666,4,13.252425385871017,0,0.7122769674655138,0
589.0581015328129,19,0.22182838978269592,228,1,2.7815727162869104,0,0.8906079826872871,0
1277.937655962367,17,0.1270263832213905,246,1,28.851951820042874,0,0.9437445688832662,0
3657.3714792006185,13,0.22863311326426008,647,0,11.585316337762007,0,0.9057934005328975,0
708.7229840837442,18,0.3409259750005008,45,1,13.308901263095143,0,0.6662585996652874,0
430.9152860831882,18,0.14474365938210185,976,2,2.909045848992027,0,0.5727406391349182,0
485.5640967705391,16,0.14671839960522387,291,2,17.584483918259025,0,0.7707258488759576,0
368.524075253472,12,0.1922878923136927,423,0,0.055471276434427015,0,0.9366016351087746,0
1147.513619365701,13,0.09772553198344787,443,1,5.540179022732454,0,0.62117941271811,0
478.63012845676525,18,0.3406339202631808,923,2,7.765987576912231,0,0.6773873610894308,0
1182.6588054304862,21,0.20832459285987018,949,1,20.89286596923311,0,0.8020142678009947,0
436.08933609682214,14,0.14428742578357834,75,2,7.734603749451702,0,0.7456754165595377,0
610.5026340018476,22,0.16159164764825618,221,0,4.31199961081198,0,0.7392842600839759,0
505.7408779252606,17,0.15895244714727477,771,3,5.1476257994179795,0,0.8391780759051743,0
1740.5422322572445,15,0.14548637682738944,168,3,9.708954786578527,0,0.7147480274674869,0
1006.5031932022065,18,0.2519845983675938,497,0,20.503706269156023,0,0.8280648423333221,0
1158.965526967022,19,0.3667068749984993,40,1,39.221735998237406,0,0.8535250299545891,0
192.68670746809536,15,0.06287201983130411,337,0,24.99570963775035,0,0.829464471798937,0
545.0032909373194,22,0.1203284987729537,720,4,14.167815162694149,0,0.9175972390637746,0
1252.8789817841473,13,0.5441551131662529,764,2,7.782061912901005,0,0.9314117297705183,0
1315.047274179406,22,0.10817975953496581,579,1,7.60942238317033,0,0.6751433951122945,0
233.0051821969753,11,0.2859860674172387,755,0,22.25097286754112,0,0.6239056405014142,0
661.0347200003338,20,0.23228208715033263,827,4,7.74385819038166,0,0.7540025969083463,0
393.4888629661897,9,0.031086790449934412,324,1,18.63142976556674,0,0.8278872565647999,0
705.6283794620388,9,0.3762772666773767,170,1,19.11282055217057,0,0.8302935591670546,0
617.138236727176,12,0.03504943309042447,598,4,11.051315694144488,0,0.8881128856777544,0
934.6013660036714,22,0.18747060161763526,574,3,0.03581268032301817,0,0.7354675152491834,0
828.8198309056194,13,0.3467161679996896,651,3,14.032617352610833,0,0.5709780526230295,0
519.9366609407538,9,0.4541447423032901,608,2,12.402856387408567,0,0.6461632946468391,0
630.3038171288614,15,0.32282663924265703,447,5,28.44869165430112,0,0.6915553686204428,0
360.4576077781317,21,0.37589014993519343,641,1,15.473059086078248,0,0.9262557724557082,0
680.5912111042823,17,0.2134390971608893,441,3,11.754609581896428,0,0.792653556937902,0
799.1943114104183,11,0.4390944358941172,870,2,2.667332220260386,0,0.8551506724040326,0
673.6668934347143,7,0.29860660147718643,101,2,0.7988396033290859,0,0.6560874609661386,0
460.9991550388202,19,0.15330121503550145,441,4,12.027021847030163,0,0.8989980505827154,0
716.6695267054969,11,0.13941966872426403,913,1,6.334428688321232,0,0.8300174313359148,0
36.594784471420034,0,0.51718027516046,60,8,241.50075872752086,1,0.29478976341867524,1
995.8550132238839,22,0.26892924612289715,592,1,6.084713756486677,0,0.900864176509498,0
539.3532153189453,9,0.3269117121473404,284,5,13.713879692799846,0,0.8983773334062369,0
1153.7285152261409,7,0.22478135597746277,350,3,7.994786524057503,0,0.6101992551290881,0
487.5065843975532,19,0.2684000433052583,975,2,1.5205542366590419,0,0.8498359219807115,0
1060.773771930087,10,0.23889114852801432,803,3,9.805670415179303,0,0.9499815325098037,0
1012.9774537870059,16,0.04482684080570684,135,2,1.9874963574047597,0,0.736653619014185,0
976.6101411326326,10,0.13244598641778507,414,3,39.949232727724755,0,0.7017556887006356,0
745.2272008776397,20,0.18905855300538382,814,3,14.35887997344308,0,0.5562496373107003,0
331.8662308684109,14,0.06335682970053835,399,1,29.226288212783523,0,0.9963668901369969,0
568.7606277306448,14,0.08789061390050756,450,1,19.39082484095209,0,0.8270301204247378,0
717.1575051625778,21,0.30533620075852996,415,5,26.11495634876551,0,0.7130784269116517,0
751.7100978718631,17,0.03686140476765121,324,2,50.930280061161845,0,0.5840990410981243,0
430.922863228456,18,0.31414998691706175,931,0,0.44461065501051195,0,0.8735035072147931,0
457.41281833647344,21,0.12014557279027745,408,1,11.020489872324065,0,0.8431160633281841,0
136.17164753257015,10,0.04665683148914662,661,7,29.31172173365769,0,0.8423988201601085,0
81.8891380313666,4,0.6885934605387177,54,11,57.57573367330171,0,0.21063111513957036,1
859.1261858849656,13,0.10479925012096956,474,0,4.270586622772984,0,0.7487399846384957,0
935.1837069828566,13,0.042963711281904536,807,1,10.076268888866956,0,0.9332534523841965,0
571.6183467565406,11,0.11987671511193697,906,5,26.978514207815085,0,0.7608880280298701,0
912.3532127728778,9,0.05329385663915865,293,3,24.107098474525905,0,0.8901302363305247,0
764.2363432320358,13,0.12284120185841989,639,1,10.865305648640309,0,0.7462269701949206,0
1575.1500138024012,9,0.16353236843697397,574,6,2.721017122453687,0,0.9646224273958849,0
1962.929913443261,21,0.07319759913774336,488,4,19.28519890029062,0,0.9391510229613574,0
484.1862788799779,18,0.3304493145357561,627,4,29.41709511281012,0,0.857145101238185,0
515.8097968177112,7,0.25036103820662914,815,2,27.758401738269438,0,0.750859453502471,0
328.64751207620856,14,0.16351821575058448,119,2,0.654363205590671,0,0.5751029019882288,0
1267.0776236040604,10,0.04954369153015478,275,1,6.547470740440467,0,0.9444812429890745,0
1434.3360367033736,9,0.05370375273989331,379,3,12.74222230393451,0,0.6379899510351832,0
414.59195470468677,18,0.3330765776817516,662,0,25.235950629528496,0,0.8891918908294137,0
426.36293158428646,20,0.07107227623153305,866,1,25.725373516838424,0,0.9306850201760344,0
1646.0192202882522,21,0.22892881327556575,410,2,22.36089779109929,0,0.9476727783401518,0
1048.9334513487609,7,0.30183772294992006,42,2,8.080769941728674,0,0.7887297850603562,0
743.1960046597496,14,0.235683286645108,364,1,34.832508663220175,1,0.8666443603792251,0
1335.4689999988661,20,0.24542916617361885,43,1,9.513714583855624,0,0.7926460068069331,0
603.6602530191311,22,0.14913956732811978,576,4,5.152610823749246,0,0.8710606675987964,0
502.1793546387279,11,0.23437321355198146,831,1,13.376966503290227,0,0.7753879097766446,0
609.8282330676695,10,0.3561919952669567,37,3,7.091588361999975,0,0.9600782169684595,0
494.0086414971678,12,0.25050932080358257,883,0,7.466732373606078,0,0.7432900822029224,0
599.699622425052,12,0.07835653522881743,932,1,12.4693619736326,0,0.8641119365040723,0
851.0399144682383,21,0.14584151529433056,869,0,46.76942480806782,0,0.6976645150255896,0
467.5759628712591,11,0.13683086553122387,759,1,3.298532368558583,0,0.7624491318441754,0
515.4062129039628,15,0.07067210025741587,789,3,7.526375387450638,0,0.8975534004381646,0
460.8110627025164,14,0.311902539812408,861,1,12.385060518348617,0,0.7520649633244477,0
767.3373812925754,18,0.21416561544912563,58,4,9.94390558147296,0,0.8565276732070807,0
420.37960780599985,20,0.17538352780021893,220,3,1.9991310741555832,0,0.9005501874609456,0
1543.3309572768471,8,0.23133266785078102,271,3,22.34018245680931,0,0.3685570727593916,0
2520.3749698901247,10,0.08147248270183471,961,3,1.7213765446098592,0,0.7163343105318295,0
448.46689955212446,20,0.11081353881233548,983,1,2.991617289263719,0,0.9411078972527089,0
892.1420715375546,7,0.30345135347844177,781,3,3.9327489251388914,0,0.8843064681027866,0
462.63832153862063,21,0.19558407141660586,698,3,18.899304127903626,0,0.7579438152291753,0
1727.7960914574626,15,0.12190559770423126,960,5,29.74133215207988,0,0.9008621409642336,0
550.2611911462162,19,0.36695201794691534,257,1,21.443481443741724,0,0.8249829626361519,0
665.3369740076499,8,0.26707235597619006,256,2,11.457987068284998,1,0.646224044060752,0
1013.2330932671805,11,0.03137687253002136,858,3,12.15067904880728,0,0.8132170759755472,0
400.16790484614216,10,0.10474021828686128,574,1,12.246622185628878,0,0.9500733698830376,0
572.6731411884203,11,0.09985635025067886,676,3,5.602980654513108,0,0.43497068996633204,0
628.593188013988,19,0.07130427941781456,891,2,1.5967200115153406,0,0.680436824015889,0
665.0507486544968,7,0.15861830082904302,146,3,3.817658195131321,0,0.8705732792386679,0
555.8332971609765,11,0.1459531938491692,665,1,70.02757260310338,0,0.724354369195881,0
389.37596648329304,22,0.3290482126980659,208,2,17.591707210896416,1,0.9278733760715151,0
549.1811704043166,14,0.15662439236569461,240,3,10.180162653810841,0,0.8582548997311701,0
756.1523020371739,22,0.05230280529203949,298,0,27.803923302927455,0,0.6414340625007584,0
981.1755645904055,18,0.2365970558414397,262,2,13.847706525482236,0,0.7988397272174459,0
204.29716574516658,21,0.2586914413519504,83,3,4.365329287053514,0,0.5131413380168098,0
761.1402425497987,18,0.3947729132532233,256,2,6.5162097372567755,0,0.9525525880764111,0
711.0081707800184,22,0.0180843331415503,505,4,11.075552647208037,0,0.8629639287600522,0
1060.2624671790488,12,0.3504402326159776,510,1,8.095613015140852,0,0.616536095744321,0
537.4489642331555,9,0.019211148563567725,478,1,30.724217386422943,0,0.8949787480983068,0
684.5382177038305,18,0.07458114038844868,655,2,13.764681048924626,0,0.9221436411799824,0
1038.0350236564025,10,0.04879559472945725,830,3,19.340867833390398,0,0.8289280135205596,0
496.12588689169775,8,0.04038201846313755,445,3,11.461924076711755,0,0.8361546265007926,0
860.3730105888858,10,0.20257634533947355,270,1,7.64099287185234,0,0.5701067724881342,0
620.2189359296351,18,0.05755680379831198,236,1,7.153387347602138,0,0.6604713130452747,0
1095.4568244980999,20,0.361343108982989,440,4,12.923416585310441,0,0.8184978575195445,0
1264.296343566836,19,0.21012226057301575,145,6,0.6493184654279504,0,0.8957618476763475,0
905.4566278184843,20,0.16962832304717845,712,1,1.1865401473247053,0,0.8657156135248749,0
788.9857581859612,21,0.12773804376416092,171,1,20.302667189327828,0,0.5632269219501467,0
917.7207289070558,17,0.273959482034757,612,3,5.830541042048008,0,0.8522708133054709,0
693.6412250492085,21,0.11961755124015062,724,1,13.458828142181876,0,0.9820346822361258,0
311.03182596263235,12,0.6094668701343668,252,5,8.515190072178772,0,0.7517509123788898,0
289.7603053717098,17,0.11451916613874542,850,1,2.32555366398598,0,0.7346228575060906,0
614.8143667557357,16,0.17109697915307287,87,1,15.542248361761118,0,0.9719319182474843,0
1607.800190009591,8,0.0644712439850325,772,3,0.09627568115555238,0,0.6392028384033444,0
468.905393097336,22,0.009031965026780015,960,1,5.784585980954389,0,0.7385476745820616,0
610.82000765439,9,0.16663610163150502,762,1,0.6489398189846087,0,0.7414687966179434,0
581.7420394069069,16,0.10544189995810785,752,1,14.55234012915157,0,0.776034617786351,0
728.575348790365,13,0.11910045535873932,706,3,4.61793895901373,0,0.8875426994267851,0
959.2036489677506,9,0.25901511237113384,630,2,25.667558934279064,0,0.939371682773935,0
1030.9601827219888,13,0.12701105023654302,920,2,8.18373320604227,1,0.8512320557241481,0
460.35821928283104,13,0.09023067155098116,586,1,5.427258873531768,0,0.6201700398936673,0
1684.4042386476897,9,0.16793281704972138,796,0,34.79655276559655,0,0.8777545214941962,0
1232.5536148805343,13,0.02806505752144053,892,2,28.945003958187357,0,0.9191762230638961,0
547.8298531474115,15,0.250563071596728,222,3,16.226622836624237,0,0.808184074339486,0
306.57058220238343,18,0.3219447555087885,252,2,0.590664726718567,0,0.8972048913977196,0
294.1526115396271,18,0.21822924356151016,650,0,2.1183346618840053,0,0.872230311117554,0
833.2359773583706,11,0.09494439741323027,546,3,31.08492473170068,0,0.736396041144555,0
876.4448367203171,8,0.0875715959105654,852,2,3.90383803246341,0,0.8944807874811589,0
435.2842207771392,14,0.26129366727568326,38,2,3.335735882094096,0,0.9680145113330785,0
488.3204168712828,14,0.24331320560553998,283,1,21.983703518697983,0,0.8680811378091255,0
845.3532153314487,14,0.18721116120060768,339,4,13.758189173435087,0,0.721630071462929,0
847.6836878586379,14,0.2260969204455141,155,2,12.240240295028032,0,0.6870519069221144,0
490.8772032114984,16,0.24324329156521193,354,1,22.701249754769446,0,0.7195861809674095,0
136.3874522124546,14,0.14777715169570052,180,3,19.750747736496464,0,0.8759277890042844,0
1353.8231361682267,17,0.044817299171326735,454,3,58.93594089047363,0,0.8281781210628414,0
461.77717689183123,9,0.14793900559078899,135,1,12.970888899903187,0,0.9316112733111181,0
677.0734621867514,19,0.1525532268773056,520,1,6.656339743308847,0,0.9210912297604322,0
1242.1270293106409,13,0.2606527541798862,117,0,1.7257692225440486,0,0.8699579973000925,0
486.49856236043325,7,0.2200130077148146,781,1,6.278500198248791,0,0.7473079559935503,0
360.0791876219206,18,0.21575827070841994,990,3,40.19625276001039,0,0.7058088956149934,0
866.1033869849799,9,0.12861835468940686,389,1,7.902807422852379,0,0.8463885419915476,0
1099.6258397767153,9,0.2452912041646127,44,2,15.359152548794004,0,0.7529258906051325,0
646.2690556001359,16,0.37336477644320426,843,0,5.128519470486846,0,0.960504548037432,0
1063.804116414982,14,0.2587542564421311,295,2,0.9279039280723331,0,0.8354970733240014,0
604.3930476499884,17,0.17580504562230598,640,3,6.62552841853623,0,0.8069651559090711,0
434.7114324123783,15,0.23604624080883368,843,2,8.089379808681539,0,0.9112588200520306,0
486.0822329622483,12,0.13318109957450905,805,0,20.032571527015797,0,0.9574472194329198,0
81.18657229722689,0,0.6938729654745789,12,6,136.2865995691042,0,0.29139756453243004,1
80.95171114661257,2,0.5478191987500645,100,12,66.69753832298439,1,0.47784739033278595,1
500.1041292135117,9,0.13584510269714903,725,2,23.907261823273004,0,0.6456442789378682,0
1726.9667987079397,16,0.29314633030840614,548,1,2.934421318794062,0,0.6923380273661788,0
368.6538191009008,11,0.4558192111205605,52,1,3.5213189101132216,0,0.953864581225857,0
712.2074773444606,17,0.2145905696606598,486,3,13.186002894985572,0,0.907379630778584,0
1701.7582864291558,21,0.08685882361661867,711,2,0.5659089908927968,0,0.7679492088804148,0
1530.096786707695,16,0.07674355602046992,659,2,29.233865787441392,0,0.5355604759244081,0
1481.649574705161,15,0.2527749487988774,304,1,2.100482654355995,0,0.5997148214763388,0
250.42177412008417,22,0.14051109285875274,430,0,0.8909894399500803,0,0.6361302653610386,0
587.941256385077,10,0.09287194994213244,673,0,32.46525399550882,0,0.596864981291755,0
674.1944570788036,16,0.2075547320994631,841,1,3.2519915849426635,0,0.9476770921932101,0
450.72556463104183,7,0.10821516866507361,864,4,6.590747069480146,0,0.7728739736438506,0
1141.843736007568,15,0.04450957445787201,714,3,50.896567285504965,0,0.9473939426992329,0
657.4490945123501,13,0.04716527875833953,209,2,16.509870444059366,0,0.730177092699217,0
728.1785005350159,21,0.2602492569025218,375,1,13.822974343738302,0,0.871073694114006,0
110.85213101665668,22,0.6224658907791376,68,9,129.30705564944373,1,0.2751872443361355,1
1570.9063328943878,7,0.21739273008098217,68,1,10.81578695700551,0,0.8795960279587106,0
310.4145627548693,13,0.10155299208965164,942,1,6.859661652917194,0,0.9770635474286571,0
577.1399403202975,19,0.18904357800958868,697,1,1.9240167728938447,0,0.968389767353138,0
467.8353588322423,11,0.07262700497361584,717,1,6.154681588586793,0,0.8830574720652451,0
661.3658666400505,14,0.32003034910996137,967,3,8.542058284194944,0,0.7581704030441193,0
1724.6451466114947,14,0.068822978138911,466,0,125.2256223572011,0,0.8498473804586014,0
630.3978265486008,22,0.2788827757168065,412,4,6.449708585605472,0,0.9481058173027931,0
568.3612488507445,22,0.2398318491746582,251,2,0.1802188312601158,0,0.7555847761283551,0
1977.0406240673371,15,0.07432609058462102,365,1,1.427185734097289,0,0.8893197947639834,0
663.6761175984392,16,0.10626920998976738,547,2,3.461585510984379,0,0.8842170754995681,0
501.0019774752956,10,0.11028895857957864,865,1,79.41522997262018,0,0.9507973288105153,0
194.55638166416483,1,0.5410467382358924,75,10,56.84899694469418,0,0.5290431164773689,1
461.3800198354286,11,0.2420711598736921,129,2,22.322519372504193,0,0.6709070186495159,0
475.2132375847453,22,0.5883481342928348,951,0,22.561363791089615,0,0.8446430884220996,0
1575.3425688735508,11,0.11234649375792921,805,3,29.28340502521764,0,0.8578450876603079,0
1067.3674220017592,14,0.08565537337947648,851,0,15.237215826010907,0,0.9528181356780556,0
597.218018136297,7,0.4123746264479047,531,1,20.54509292856215,0,0.9223831130193205,0
467.9922891395645,17,0.15677168820639054,996,1,1.1321537492119909,0,0.8151665014253701,0
468.1241775632815,13,0.18350994699565457,213,1,14.710152410302966,0,0.9484348128590302,0
495.91732700580144,15,0.0904572441461577,570,3,7.381957365698994,0,0.9822942771033167,0
843.489418114195,9,0.4051895829953468,800,0,46.58669017106448,0,0.7252478348750029,0
383.60407517890496,7,0.15131529626430362,947,3,2.256392521318359,0,0.719531228150846,0
1249.3832666057613,21,0.2138934757257453,337,5,6.218046884823715,0,0.8370545238740187,0
1341.4949502615557,15,0.09044858211806021,602,4,2.2012481258525245,0,0.9231118921518717,0
439.0880049385138,21,0.27410954160062617,305,0,8.56017246286768,0,0.7794721821937857,0
565.0838828300588,22,0.37565074154722694,353,2,5.066181570505942,0,0.6928395416829576,0
520.2894241178907,10,0.32252686072184406,303,4,5.977048864364037,0,0.701759195505726,0
447.5893644000792,19,0.26430241913393626,426,2,11.403177442876956,0,0.6909359740662929,0
480.2753060619673,17,0.370057969921011,667,2,6.658956672497266,0,0.8810012317964849,0
506.9371547706908,13,0.3146834202924231,834,1,5.539992691639907,0,0.6705024789803152,0
447.58562271925774,22,0.12799942368363454,995,2,58.67375153856775,0,0.8599102127775234,0
897.1342308393599,19,0.10371497344016006,463,3,8.020952097243267,0,0.9514231178563959,0
295.059233120161,12,0.04813318830711531,212,3,45.88457345388779,0,0.8225786590870985,0
591.3369585100686,16,0.2636977428776078,654,3,10.013210477854496,0,0.8772240773468731,0
721.308904207039,21,0.12196488961599962,312,1,55.18438457942062,0,0.847245811407824,0
879.9928652035177,8,0.1178020408954432,661,3,0.9380613416935829,0,0.5689860542703017,0
650.606060691561,20,0.05166878622714133,749,0,8.344699268779468,0,0.7906645714341096,0
401.1603701772904,18,0.09112354052994309,289,5,24.20134278749262,0,0.8612699928254403,0
1148.3170963941463,13,0.13332223822041406,801,0,0.15153400594969316,0,0.5201251924304727,0
505.64147230787734,22,0.2907814929489043,83,4,7.354820774628689,0,0.7951541978013681,0
868.7411194065743,13,0.3081275229610889,275,3,14.456061803714583,0,0.5427570361936881,0
520.4953221670695,11,0.26649005584503277,619,5,37.838483476069,0,0.8962801939738669,0
834.7117790062965,16,0.08766359696374254,717,1,2.98837107029437,0,0.8847643395445849,0
561.0617493436285,18,0.056348960124848614,327,2,5.641973047984005,0,0.786934855196179,0
419.55470512504735,8,0.05589659096747804,331,2,37.35271466400147,0,0.7901556851664501,0
569.9043558536288,13,0.09685751461499306,506,0,33.161634234114615,0,0.6035181516243083,0
370.97542088416554,7,0.11818632762607632,719,3,25.44304663165693,0,0.9641817130952424,0
557.885834324326,9,0.01114938469957385,84,2,2.13865375305425,0,0.8020523220426279,0
760.6600594719424,21,0.1685288634066858,224,1,6.094537026658926,0,0.8790485902691116,0
431.2431016254743,21,0.13722984649957487,617,3,29.8382341526975,0,0.7844384252591338,0
633.6584803096483,16,0.030054913758009092,339,0,22.203379344606617,0,0.8208598660008941,0
538.9163531499504,18,0.23807102305064096,825,5,3.5011550513477916,0,0.4651369361432702,0
693.2082691036649,22,0.2941730569668713,923,5,29.316949602655985,0,0.8197565126380109,0
618.4285258818842,11,0.18611067154250668,517,3,19.35322459475352,0,0.8610708093837864,0
586.9894333071811,14,0.3603162440928386,235,3,7.951480548624549,0,0.8600888933047567,0
742.2251568486494,20,0.09861578351296672,169,1,3.1496425440966407,0,0.9102340919328432,0
616.3379826203537,17,0.09613481280068828,779,2,7.800317375953413,0,0.9906472033950153,0
565.4161075011286,12,0.019924593228955765,379,2,28.530511196484902,0,0.581379070265879,0
756.2610809858535,9,0.4891282726067362,919,1,8.033962248667965,0,0.7541464480979897,0
355.25034544371886,22,0.3230392673129263,35,1,19.13271098323167,0,0.9526094654237494,0
716.8416747914727,20,0.10934535759431661,350,4,2.595657639555755,0,0.8707579411091821,0
671.4674526760781,11,0.1707443983559457,682,1,2.6670037031925484,0,0.9614245394150082,0
240.06684179648116,7,0.10334463183775017,596,0,35.342957328358594,1,0.8577201675622735,0
617.83312920868,11,0.08261733549118172,948,3,5.581523162514736,0,0.5766429621856657,0
410.80244514201195,8,0.08570674384714998,798,2,0.7298933790989616,0,0.6877957145647059,0
679.6414361335411,20,0.15622683185321684,243,0,2.2344939078343957,0,0.8727817220673856,0
910.0173725530484,14,0.21079024757589043,781,3,2.7278476736208943,0,0.8970542903498537,0
272.5543624938361,22,0.1258932716955077,285,3,87.9825855476829,0,0.7639353719528582,0
279.6865535631786,20,0.20545618972659227,998,2,11.218805031746557,0,0.8575155149008087,0
323.88667827598357,8,0.2608877125527113,864,1,7.049306456201294,0,0.7863422810589772,0
561.435375270961,8,0.06661850691439912,101,3,22.236617476473974,0,0.9377485491801865,0
933.4865695677229,21,0.11192571771560479,920,3,23.258136606031776,1,0.956744711250673,0
508.5295786939282,16,0.1509394825961865,310,1,14.366414174907241,0,0.7664210943337048,0
467.36764586618654,7,0.08749277567187884,985,0,20.107793485544637,0,0.8849835371884974,0
657.348968242012,19,0.2750940725686874,220,4,14.039180693479484,0,0.8934922570670087,0
1026.449140826831,13,0.19059716817063596,202,2,8.271533863188544,0,0.6175659883464016,0
1565.125667591984,14,0.5697691880804505,887,0,1.2728255845373704,0,0.7571342187633527,0
715.2056721972493,22,0.3941752727060449,311,2,17.388492718925132,1,0.6276883314824788,0
328.3356236930819,14,0.07810514254348541,968,1,4.988013019364938,0,0.8382671828011766,0
536.2366775191826,14,0.14380257024515253,57,1,1.4622706289276937,0,0.631424751789259,0
696.1033596087984,16,0.24317677493359827,507,3,6.592507300414667,0,0.742334078882231,0
969.4591526672457,20,0.18575753383329838,311,3,0.8262697152476222,0,0.8721366180492751,0
1651.620171016616,17,0.08167377435813274,646,2,3.4148800056627104,0,0.8432805373303912,0
1515.24139113587,21,0.3327689358962219,793,0,18.615540866285592,0,0.9063827800840205,0
981.7258816809351,16,0.2143785646086714,725,2,21.30032061325042,1,0.713811205834382,0
1326.391679701767,16,0.02899995265972864,507,2,3.5733497645196834,0,0.9000145514330342,0
982.0224553937052,13,0.20802121116415562,268,2,1.6471316393281692,0,0.705483335299842,0
806.2939560600292,13,0.13469642987152203,691,4,36.054084363365305,0,0.9252622014072822,0
79.99399160408355,2,0.558866837643331,167,8,56.55387108121584,0,0.22033632528700414,1
636.5149361594704,9,0.389012911472807,763,1,0.4160499763269484,0,0.8701670305485955,0
1872.8406807607716,10,0.2529290127489287,305,2,3.777090408702471,0,0.6893934381414678,0
409.40035338903533,21,0.14971028182989254,222,3,3.5038379849455117,0,0.53956642768012,0
783.4479989599187,10,0.08793372808657046,899,1,17.707687504498526,0,0.6538406913688556,0
236.31504029089507,14,0.5140047552876484,72,0,0.4862651956632791,0,0.8524012753637858,0
364.8603037451476,14,0.13341079060869776,457,5,2.251784843215494,0,0.9022884017987436,0
573.9793228137607,11,0.12973623925942812,394,2,1.5657319097925504,0,0.9294589137234193,0
1409.13288353529,17,0.18686640377741978,551,0,3.2678843596997313,0,0.8496103674924078,0
524.5158554383673,20,0.049599426611131724,108,0,3.5562038782021563,0,0.8636172188346489,0
252.5026327579228,12,0.22041016179935125,807,1,52.282142433716814,0,0.9106504114949777,0
691.6164992595122,11,0.08481618160994407,711,1,18.72669953705045,0,0.4135227462292629,0
831.7310033523513,13,0.10062495363874807,759,1,47.81114521394418,0,0.6493335019339145,0
1297.0292905574088,21,0.10375416731722122,819,2,0.09589567643653574,0,0.8159515212884919,0
1569.738123892378,10,0.18537266203798805,383,2,7.053709131264705,0,0.7356924660981281,0
1906.9651334558755,13,0.37109967567989105,144,5,16.725554459389112,0,0.5089062651178464,0
449.3767594844065,7,0.18983929662096874,726,2,20.042309697832984,0,0.7677788830031351,0
549.3085367581846,11,0.09280142194323333,550,1,6.765697150265952,0,0.8703836803361222,0
197.9149659563842,13,0.260834962169871,686,4,18.905313952094836,0,0.8882264549337282,0
273.5717965346432,12,0.25273792941122986,922,1,0.19445323635762946,0,0.767238939708371,0
1069.6064421391156,8,0.23627818010395962,849,1,1.8142199416948932,0,0.8451836479468717,0
756.60845319207,13,0.12968908358247683,48,1,47.83292934289436,0,0.7117176277035238,0
1480.8165176770117,9,0.04919684267474992,387,2,7.545115851148191,0,0.8201866629213895,0
307.4142926640553,8,0.13765139247712133,431,3,3.2106283225298453,0,0.8327444007326363,0
842.6242145834781,12,0.16275481567704111,42,1,31.115900439918946,0,0.559136188715867,0
643.7466042609113,18,0.13448306992602532,37,1,2.892947868324715,1,0.2306858907098242,0
1037.782497666533,11,0.12798654972012805,201,2,5.040338963358517,0,0.9152691834012978,0
885.1034473079329,14,0.04494804647315119,646,1,20.317218655957014,0,0.6789761251302188,0
1032.3044526426586,22,0.11482857224585238,447,1,35.63347758366568,0,0.7261239915916236,0
640.8081143012141,10,0.35054978343097526,125,4,18.54378887735514,0,0.8709982106622579,0
774.1145560863824,8,0.573713816057614,266,0,30.028116216452304,0,0.9099147205558213,0
415.61932840674365,14,0.11817246889916806,631,2,1.8128255386016146,0,0.8061082234392287,0
1067.9016863391885,17,0.5705585271030452,627,2,27.122436686546383,0,0.8544167768917611,0
956.2503543727184,18,0.14644672540196918,567,1,4.270357482377563,0,0.7139708403367688,0
453.6005315175047,21,0.018637992125341167,100,4,1.050406917300736,0,0.8489816805005325,0
995.9041539646761,22,0.07580130326478307,638,1,26.164615509767195,0,0.8033467311733806,0
405.72616726841386,7,0.06713007827053433,268,4,13.07561783306783,0,0.7962583780880012,0
367.88827742408495,21,0.48642127801828183,998,2,36.96460074696397,0,0.6102522063528852,0
1366.9806740033173,12,0.12514349099542108,771,5,16.01094289802338,0,0.9010998273686726,0
963.9332790848563,17,0.30160069059024436,906,2,51.59380454303337,0,0.6553744326281262,0
296.26853332463236,15,0.10719596823417142,248,0,25.548296492182473,0,0.9251443687513156,0
771.585266396821,7,0.32805869455341025,762,4,6.843186012908144,0,0.8450242272843214,0
1262.3093116643029,11,0.3031106461525775,528,0,21.39578801426181,0,0.9524615790629409,0
676.7529851372166,15,0.1788784524605687,631,2,31.23874120517417,0,0.8252801570082797,0
911.3199082985483,22,0.09385446815147261,171,1,6.7692715405804345,0,0.8524336395965223,0
516.3801796386682,18,0.2171601645760024,412,3,8.955263291084993,0,0.8770453018990433,0
594.4518531845756,20,0.26805262728990514,327,2,28.703540453688156,0,0.9211330362950613,0
831.6415066304735,22,0.24568186992333257,685,3,9.914160872321244,0,0.8940280565606469,0
279.5524849126625,11,0.23770001946809888,987,1,2.29601690461736,0,0.40334391421041593,0
1441.5780192131522,15,0.27306279286035307,222,4,1.4955269518708652,0,0.8099621831742053,0
301.6989870652867,21,0.18307349785774765,183,3,17.63515058834814,1,0.9572882369164323,0
1579.0861213351468,22,0.13677605077064303,746,3,12.773199697018454,0,0.6809619306933122,0
433.15222471111804,13,0.3509969301434736,379,2,5.96764686045795,0,0.9043405533478256,0
502.7941237587506,20,0.21765370691314823,339,1,1.5970707812552265,0,0.7482987112330456,0
1101.373271319339,16,0.041254016970070334,336,1,16.373311521102753,1,0.7702516241222184,0
851.2721915181121,12,0.09111387238801498,347,1,22.84457592159946,0,0.7174384319456244,0
781.9691172539957,11,0.3116547277576063,428,0,1.6328808275273474,0,0.8450446452103949,0
1066.8446424535193,19,0.19392109754052936,344,3,1.4091980902503318,0,0.8260487057243898,0
2765.2263756077564,11,0.12607205475796893,486,3,9.7325429173472,0,0.8087405716831564,0
851.3574503101373,10,0.21285977270210488,401,2,35.81208653694301,0,0.9169656516101921,0
1250.9999068130196,13,0.406307661775651,432,0,0.9721894778781806,0,0.7515601900556824,0
1122.6875314553763,9,0.2572496066323975,264,2,18.750819330716848,0,0.771361312567508,0
237.6390975594881,16,0.032512127432322645,357,3,14.072293667116497,0,0.7877758258746029,0
767.3384767748855,13,0.3992786239674424,529,2,8.644671236139787,0,0.8593289744081942,0
678.4841059612808,13,0.19992303448252627,637,4,13.979305812419785,0,0.7328602227288009,0
709.7847379431516,10,0.20989839170831703,390,4,23.90558853960823,0,0.8722103240379345,0
376.5788834697355,19,0.33231139648121305,198,0,4.856467206237105,0,0.9369311247687097,0
413.0646762097103,15,0.00713829176836969,757,3,1.9614808320074635,0,0.736637776353656,0
1051.3783498415326,22,0.16196031588149126,368,1,4.855511231000571,0,0.8976175006684752,0
163.7178232581437,0,0.8218006301252984,135,8,57.401533665174846,0,0.09455355294540611,1
749.3034433571181,11,0.303654138968578,590,3,6.109320183816444,0,0.8385431349409441,0
680.5689817048708,8,0.22835664552703344,560,3,19.187367832471217,0,0.8469993827437597,0
1068.882197927286,19,0.17698585021595667,778,3,11.548136813862087,0,0.8694371139963666,0
511.09334253761193,14,0.3600754285965801,767,5,4.651287167869634,0,0.7677249369794005,0
822.6756972627203,20,0.20129739869224553,426,0,7.02117796626684,0,0.9164262402043333,0
569.9397620743281,16,0.1299721326604531,588,1,4.650320188935672,0,0.8786553018055965,0
820.6364161690723,16,0.31723578734182123,892,0,43.585159265689995,0,0.7889011498550513,0
528.7227657317318,11,0.15542266612611602,381,6,2.3170856357525893,0,0.6249416637295586,0
253.0345454102156,4,0.43124912655976316,78,10,43.46965613753553,1,0.046772971767754794,1
891.0029349523576,10,0.5073681531727771,870,1,6.733289686799309,0,0.9240359005749424,0
2383.7489374745874,9,0.22143423185830985,591,1,27.131798677272982,0,0.9038830232331193,0
914.6739129747174,16,0.08055797387503386,254,1,13.077633836713424,0,0.8656054094798954,0
546.7887192953389,16,0.08817177817651078,84,1,0.25568538682496444,0,0.8507137826057388,0
674.1455041832479,13,0.645784916932551,372,3,13.682334821691157,0,0.9782571096011526,0
385.84000319488337,14,0.08061593917254702,135,0,7.451527342883006,0,0.8874842643344457,0
2150.271055349067,18,0.3026451920283887,844,3,22.24431036481682,0,0.7891390047647665,0
72.68032350126394,1,0.7068279329573977,33,4,55.47960810393125,0,0.38507642092838934,1
875.8149940487965,8,0.08831661276032908,217,1,4.5514403198626345,1,0.9451271990072015,0
927.2202244265101,10,0.11388309315144243,984,1,16.658932134580017,0,0.6715882088579458,0
469.3994538316219,17,0.2650257897235945,259,3,1.0992939768971839,0,0.8317114182341213,0
1419.182138099134,20,0.15526509712727474,946,7,4.8438626551766415,1,0.8004125606835705,0
725.2418356976262,13,0.35892988103817774,652,3,34.79410687770415,0,0.8493065980260274,0
471.4049665460958,18,0.09829421154175857,950,1,15.408586849225706,1,0.72911243418427,0
382.4158453355849,19,0.31223370660420685,284,1,8.56144129747893,0,0.7973297642014091,0
231.59078981371334,15,0.21432366612966944,215,5,17.075781255576786,0,0.592958157599265,0
557.9572363051864,15,0.1938518667177404,963,2,6.6695755414198805,0,0.7470430760845171,0
566.2300264021367,22,0.15774548414697517,332,1,16.020423993068672,0,0.851917270728748,0
488.9275591825082,22,0.11335422279764157,132,3,9.314385587994144,0,0.8582262654841274,0
905.2958378884738,7,0.1652191476656138,94,4,15.087389674524559,1,0.8212555628760206,0
544.5406659352527,18,0.26248691600847096,33,4,47.32764326030819,0,0.9458655110276735,0
257.75812769953563,15,0.2176276162204931,941,2,5.1665868824065875,0,0.8834715567949394,0
667.3118600451861,16,0.09730890127234743,967,0,8.955800113157755,0,0.5129142024986849,0
599.072952646589,17,0.22189648232067605,824,3,3.751884295879848,0,0.8793533818219978,0
724.4832978562376,13,0.18339637365336564,284,4,31.13088164416898,0,0.971667649464999,0
589.7481986054951,22,0.08458895518804202,524,2,53.3314664706794,0,0.7317184322665402,0
533.1233446563178,15,0.13606407810218957,531,2,19.634710467826288,0,0.845828823782037,0
171.97365136954747,16,0.2458809326328194,561,1,17.904187140160538,0,0.8422911568043497,0
1085.6141240560057,13,0.07111133370900416,955,1,13.561695059298454,0,0.8698887850063859,0
408.13280692159026,11,0.2569193017354811,271,2,3.1741890713916776,0,0.958951702216785,0
358.9204551392094,9,0.21615128740392367,65,1,12.178755340438764,0,0.7825407890545649,0
678.4881475063477,17,0.1558750083569203,340,0,12.761804236236298,0,0.7118829515405736,0
726.366961284488,21,0.10813935498997387,983,2,23.648396347369285,0,0.77804650283916,0
361.08551134240315,18,0.13680099822281702,789,0,7.843910684218601,0,0.702721814586579,0
436.0030048224429,22,0.1474321940779131,624,2,20.71470670774349,0,0.9408408523768161,0
865.600821924786,19,0.14003414051879448,860,5,15.091718870785902,0,0.7640569626483897,0
909.0698894463674,8,0.4448120429420876,193,4,1.7674724073520183,0,0.7807053109602605,0
940.6664497753952,20,0.27372731305860676,110,4,5.413394765888629,0,0.7744863890798002,0
615.952040662721,13,0.25670884214919976,368,2,11.91968763903955,1,0.6976416058188826,0
504.88612504692645,8,0.3817279741069274,521,3,15.478325100952082,0,0.8336576011862098,0
774.9621383675037,14,0.4190144937075634,970,1,4.069412044071255,0,0.5100796677944334,0
291.769006207615,15,0.1743123936315908,992,2,34.0954280557391,0,0.7703670393405737,0
1385.9146334114141,19,0.04941177403466842,702,4,5.848919686747863,0,0.9451652692352126,0
460.2514435239108,17,0.062189858222362795,121,2,5.041009345295087,0,0.6629054830597961,0
805.9495475672129,14,0.2473161876519699,90,2,39.142423937133245,0,0.8694339238324957,0
397.97614747977195,9,0.18084972927660095,156,2,17.989960233987894,0,0.9852085556695218,0
1175.2431194969702,19,0.09540363864887937,594,0,9.921677068460145,0,0.8174261082449703,0
1248.8260820780195,21,0.2667274975082797,914,1,16.366901588312164,0,0.8124384214209516,0
1882.720478524114,15,0.25983222937369127,689,2,15.907015868014959,0,0.9372901485093166,0
1435.681669936369,16,0.09677227361887734,43,2,30.89966164663662,0,0.8833160181658541,0
667.9309226915011,9,0.2927195240046245,886,4,42.59430170108609,0,0.9206590541336085,0
559.5801557958997,7,0.11757522342255627,179,5,17.8174311309107,0,0.766718325782134,0
449.93989419471524,12,0.41670660796601655,814,1,7.266584223553973,0,0.7793815494384169,0
629.6660414097621,14,0.04174105463212928,90,1,23.39830926857517,0,0.960451641157597,0
748.1699431023851,14,0.24644380389710094,374,0,18.143469199633117,1,0.8479728871165638,0
1575.7660583143463,13,0.24314338038959218,974,1,28.777204158449024,0,0.7335354704247712,0
3581.682130727966,11,0.23399384614338822,942,2,6.343812687534405,0,0.7469787629818286,0
435.7487218972767,7,0.14536312089517822,378,4,1.2901228872052874,0,0.827301132577996,0
43.791710985910186,4,0.6217335191899565,184,6,438.77610821942096,1,0.311836953323079,1
443.5677132435647,10,0.26927552471460553,593,3,0.39511561486922264,0,0.7233936001856326,0
232.28352028757882,14,0.1795900714231373,355,4,1.6138202253832739,0,0.8571120689564466,0
1062.9137350866104,16,0.23767005872417907,196,2,1.5393198726483892,0,0.6351392118267722,0
588.5773110754603,20,0.23416679685694897,785,3,6.818295222987967,0,0.7746818667950652,0
687.6361092674351,7,0.2190640598543806,232,1,1.9583951161783126,0,0.656572730143846,0
308.8625351438591,16,0.0872445533324022,612,1,2.5890504551029214,0,0.8710165997641215,0
489.40583772139865,12,0.19297790960614394,186,0,17.984867820535463,0,0.8165395486096027,0
495.37283512139186,13,0.28513930261173537,900,2,26.911179504598522,0,0.895462953260509,0
775.2444784543142,7,0.11806992849382397,122,1,37.71356021099451,0,0.9407901642131419,0
1223.4399517300856,15,0.26943142058392977,53,3,8.720211054333515,0,0.8458681668574414,0
916.031689711057,22,0.33897881934689666,203,1,0.7961134774271638,0,0.7184276903872144,0
1070.5940766022786,21,0.2161990317570766,606,1,27.289625783003647,0,0.9240830849739503,0
1022.1836029445902,11,0.17594762654144602,505,5,11.219885416624406,0,0.996497616632823,0
491.63247869396923,19,0.17704455516061546,842,1,4.622214577502315,0,0.8026477498928885,0
613.8299418974989,10,0.15837173221067474,847,2,14.124420239317455,0,0.8076997998519073,0
835.5262092691712,7,0.2332878462652338,887,1,11.135742061756789,0,0.3319901456102433,0
996.7450658577229,15,0.06621520966629595,876,1,20.481448743936234,0,0.8366457143556238,0
1079.814659334357,11,0.18558611094105823,529,4,2.648051081254282,0,0.8500089630099055,0
619.2238319139365,7,0.2303269923359771,883,4,36.426818646214954,0,0.8275180554860398,0
399.6184197486221,14,0.06351821663699798,265,0,12.488724956766106,0,0.8002961694856086,0
429.53262352296485,15,0.10177448188777113,182,4,18.24611522982515,0,0.6586449803692784,0
1866.3795990826177,21,0.21840700711511088,929,3,0.233524341372238,0,0.8626558284557782,0
571.3285847038923,19,0.15273148356744068,939,1,7.755085440253399,0,0.9319789496362993,0
1289.4285260166762,21,0.36324428558513777,774,3,10.909953341520332,0,0.8376764599562636,0
1977.7547907468863,20,0.09091694883873927,237,4,1.5020841604280042,0,0.7955562258928996,0
1135.8302524036637,8,0.17958490814712944,825,3,16.508338073274373,0,0.7460792490398972,0
505.8446941596983,11,0.23615856650320666,595,2,10.989744966937483,0,0.6073103765683768,0
91.59401296278949,3,0.6805054085295673,59,12,256.0735069306959,1,0.16200731624917813,1
498.8291530828809,13,0.15519698449699137,512,2,14.526563537273296,0,0.6725183312627339,0
627.4366749280923,20,0.17258175516181634,834,2,2.927548506878843,0,0.9353181676944353,0
388.4602716941478,10,0.0993958027946448,262,1,8.089923419942608,0,0.8501141205946096,0
948.9606761020702,20,0.25244540647142283,643,1,54.316296606556676,0,0.7693552305340722,0
596.5228614121258,13,0.17180422169414647,567,1,23.84293241466163,0,0.8489109686767332,0
607.5218998623487,12,0.452174147556733,801,3,2.5453333441544705,0,0.9672270048033873,0
561.4929253210437,19,0.06921104129920176,151,1,3.65478103788692,0,0.6354731070582885,0
491.2879405810216,19,0.015405240660614505,650,2,22.022276345254475,0,0.8844137199406233,0
414.9167605848137,11,0.10422907373732583,369,2,14.052589991873635,1,0.8993117858646644,0
312.2475949388596,8,0.17069978308483005,170,3,0.6181309783463034,0,0.815417656226369,0
329.0686533508927,22,0.23425476255615305,511,1,4.238376557698551,0,0.5441235803436216,0
430.07689406323584,13,0.14061219141957856,493,1,15.816388579383696,0,0.8909016499506507,0
963.9847082675612,21,0.1853244132764386,974,2,21.00724969688463,0,0.9067563214129212,0
913.6030067793246,13,0.4357894632704571,789,2,1.8420072976923105,1,0.774424933461998,0
868.4723260118903,17,0.06537299861602318,397,2,9.642636081775303,0,0.7330259317364296,0
752.3819012834106,9,0.09563448417840678,113,2,8.37298389076223,0,0.6040514184923287,0
926.8843361034441,20,0.16313386753332448,489,0,10.15236041192972,0,0.953537014215888,0
629.0238483461801,17,0.08986927307625618,986,2,3.9573437552946364,0,0.8296176491789271,0
1518.6045029096897,19,0.29686677646081283,546,3,41.32457775383233,0,0.8725339158533498,0
223.06011037273774,8,0.52127051926803,458,1,3.482597907382661,0,0.649706524350561,0
407.2308985520261,16,0.13435526171055057,847,4,1.1336222340085804,0,0.8369634553078515,0
1183.6062131992526,19,0.03924399242967701,575,1,1.3289417248335822,0,0.704149798050619,0
1024.8359196004803,15,0.18980842501265127,649,1,28.344323533774155,0,0.8237040877234787,0
588.677542929967,21,0.07886695513581217,468,3,0.7656064448695068,0,0.6600812559908676,0
433.4133488887726,16,0.18246060453802643,362,2,17.21116622179615,0,0.7823099979260083,0
195.11492709818774,16,0.19482028135666069,140,2,0.5080590858509998,0,0.7063460569236231,0
574.7038544473503,22,0.12722115695633512,560,0,24.736389872119975,0,0.9175384402315958,0
796.0184197814481,17,0.244656652293325,349,0,39.76632348877851,0,0.9833343129850968,0
731.7156820302037,4,0.5980710269214066,105,11,150.6071926508042,0,0.2534463419033765,1
779.0176917392737,7,0.14671589062420876,133,2,21.446691482206532,0,0.801129241283719,0
954.9381107496143,13,0.2618831527953104,283,0,11.281447591717674,0,0.887774656553579,0
409.89545691236884,18,0.14629859571500184,778,0,0.2442614396519256,0,0.5461256053224416,0
436.26845182590574,16,0.3030337781445538,775,3,5.02510264011385,0,0.8387430123278076,0
663.4168252214095,21,0.13663087796619142,404,1,10.165216493324113,0,0.8718335938548606,0
683.9100535436161,11,0.2555527471342447,823,1,17.104677847712917,0,0.8899063113044641,0
1704.6807427582937,8,0.1317044941692146,339,1,10.66939665075967,0,0.9068196443272866,0
1282.6837156150493,10,0.3169296977769707,198,0,38.9288969679261,0,0.6841095461064512,0
1028.6199023761778,7,0.11898254898044835,639,0,10.24978615303935,0,0.6533984949893958,0
1316.2321703835732,10,0.2242142501923778,92,1,2.6368730927115895,0,0.7205292509501731,0
516.8737650643473,15,0.022621779409639935,364,3,24.02148258487192,0,0.8123121156728035,0
587.5515177945342,9,0.20985777225039934,970,1,26.621336606431946,0,0.6743112941876002,0
1038.564338228394,7,0.2908822465637356,931,0,20.723966143551863,0,0.7730823719242459,0
811.9965491449863,18,0.33540919314084605,450,1,4.386079172653484,0,0.6726181699882926,0
36.37197179197917,1,0.5338112717817259,162,8,24.05477462933364,0,0.3509109708200848,1
348.8110902100644,10,0.12909019270767125,594,0,33.361334484021896,1,0.6857914673402918,0
654.2633068803796,18,0.1333831068734429,841,0,15.037613896713559,0,0.7902780447925984,0
664.8233827195296,10,0.11082339126847654,277,2,48.60773430523027,0,0.6192474337392865,0
1597.399050808185,10,0.23208129171669684,878,3,23.259439092231833,0,0.8651622446566883,0
1678.3217963943039,13,0.08656491591432261,715,2,8.301818421986413,0,0.8930962591423433,0
1061.101420785142,12,0.023300299343940102,323,1,2.91033364778871,0,0.9277969021146704,0
894.2407090011508,13,0.09137512790363736,950,3,4.586880222797258,0,0.8773083655277002,0
942.1361596418283,12,0.2185641792482908,819,0,62.41344809720382,0,0.9328857513760197,0
1515.804942189234,21,0.2125843439300583,267,3,15.67489608957295,0,0.6945554939063064,0
314.4875583435093,22,0.14218036769368828,881,1,4.419247017965249,0,0.6655632953307103,0
810.552697009946,17,0.35943966076648926,96,2,12.200372676448104,0,0.6775786002677625,0
422.34855838874694,21,0.2870623973942237,116,1,30.92391100991595,0,0.5300262844235598,0
874.241360147066,15,0.17815468455635694,777,1,27.139577413079675,0,0.773794676929657,0
574.6560135728647,12,0.17486658739871178,725,2,13.372788549462014,0,0.806120810409191,0
309.29971404319144,20,0.2691521487070432,196,4,11.762138019812221,0,0.8652007510022292,0
554.5530608164754,8,0.03753127862739948,168,1,6.93038340978391,0,0.7230267781772827,0
793.6343825117592,11,0.28510407640587776,461,0,14.21668972543439,1,0.7409626339572236,0
1824.4500649523256,9,0.34510795342480266,412,3,5.603665337213233,0,0.8154450070813664,0
316.92969220509883,9,0.32795788809810505,616,1,10.826626844315175,0,0.4802900343728029,0
855.8214276332981,21,0.43356252353160374,66,3,18.24879970441983,0,0.861663609962544,0
297.3326582955109,14,0.06511127380946646,955,2,24.734260187042043,0,0.58728772118884,0
391.0799465677228,14,0.3520472435245535,529,1,15.595374622826794,0,0.9840655673073371,0
412.63923582172856,10,0.06920580952206706,564,1,13.1728445278061,0,0.8733951802016642,0
698.1491849950694,8,0.3278626603437995,684,2,32.05779333958938,0,0.8503510495883799,0
276.4312137813714,17,0.2250315971856829,822,2,3.5522847033057787,0,0.7630908664035285,0
703.7704446068922,10,0.1848416811902429,232,1,21.170083427927462,0,0.9207197876035584,0
776.6573392309649,22,0.04716895252219254,629,2,65.73647668640555,0,0.8573046768018026,0
584.8783516382381,22,0.08611248485531768,560,1,28.32600977293374,0,0.9570032977243751,0
770.8674599004237,22,0.11968878779983179,133,1,9.655606931783067,0,0.9459536974118831,0
397.0301663254622,10,0.19974736956169148,763,2,21.649991177872167,0,0.9771763813695569,0
751.9043755362336,19,0.16425037629513414,965,1,5.087320337736043,0,0.8506412577161573,0
911.0219648002604,22,0.43387260171930675,937,0,4.045512617345847,0,0.7831747708630771,0
253.72396094716444,9,0.2497065446841352,895,2,6.8636571172617575,0,0.8160097876627103,0
294.06539343591965,16,0.17016033465315625,244,2,16.427086201526556,0,0.7297188489768603,0
1052.9904492806245,8,0.1741361189338606,59,0,33.33749429335242,0,0.8796657956112641,0
937.5189588245631,11,0.1642785439516885,355,3,2.352555850545403,0,0.9260948300515364,0
380.59709342108056,17,0.08220961461447585,251,2,26.465225731157577,0,0.6007777867894856,0
171.60974320048558,3,0.6258082518369606,57,12,111.48455919623652,0,0.33412818989437504,1
753.1431403389524,11,0.41095711896028986,880,4,36.928122245185804,0,0.6578100282640431,0
647.1262185460837,18,0.1448460865560852,62,0,1.6454758905791838,0,0.6997838156027183,0
359.74474865695953,14,0.03876741829340922,127,3,28.938182753189807,0,0.6574263670115139,0
725.1859013818396,22,0.2406530266511663,431,7,0.6761479452276826,0,0.8574651001246196,0
877.1092405595507,21,0.06503820361880686,877,0,14.59149018577121,0,0.6134908097388502,0
532.9990817862733,13,0.17348712903517358,307,2,16.894727225755542,0,0.8741506340190318,0
751.0629602864326,18,0.15826579417405365,530,2,19.824842408867653,0,0.7182697039454436,0
282.0636888926303,22,0.36724797404414755,734,0,2.668624154743015,0,0.9339248315460528,0
1035.954430256726,12,0.0410979909488153,605,2,23.934596656939398,1,0.8179868975399607,0
408.92062097572096,11,0.3420176869147835,827,4,24.89837794844518,0,0.7215097149092721,0
225.74056009696315,11,0.19245110121579323,38,2,1.2588503561479476,1,0.9347067857766219,0
633.2660083612504,14,0.04764763524646811,572,0,0.9083930463260222,1,0.5989650719840399,0
481.5513005587411,13,0.5976585653716469,784,1,5.605751059795966,0,0.8795096527114761,0
521.17328938295,7,0.24349349520353147,433,1,30.38618889212757,0,0.776066444092102,0
1681.128099923153,12,0.1594638247229742,297,1,8.28367036087569,0,0.8194204411796439,0
1151.8562337970216,21,0.3098942325457178,649,0,6.390258068657404,0,0.907135406424569,0
1025.3936072123715,11,0.1275701796556395,61,3,19.598353716251612,1,0.9299817745168272,0
116.25032005710592,22,0.41033065735964935,158,9,85.41379464874473,1,0.3047385226382214,1
1320.1533838532248,10,0.2641309375044346,320,3,18.173242213282556,1,0.9113986737176099,0
933.8355900167953,11,0.1668861448088087,181,1,0.8797534481648205,0,0.9715797193652768,0
748.0659453328568,7,0.1606158721093241,934,1,4.960534759001168,0,0.5839131349086539,0
482.9331880402837,17,0.11970173713131435,183,2,24.80744015386318,0,0.724619812718159,0
584.7591909973502,19,0.05491034467399026,328,0,3.222354664492017,0,0.850580537648233,0
302.0084603137967,10,0.09284622425995023,466,3,8.002952785751468,0,0.9363632228429356,0
1214.571169100951,20,0.03813126507816124,374,1,18.235085551333725,0,0.8219742506643563,0
2047.3773786141483,11,0.3456582578662526,294,4,7.09240546332789,0,0.771026762260359,0
564.5927589685365,22,0.2589235716119597,255,1,1.7133090406005607,0,0.5560600709963294,0
1328.0474787392968,21,0.25748803783491714,812,2,26.07900734113443,0,0.7354267949743852,0
1055.3377325727172,18,0.025851797766390804,792,2,4.793985487319048,1,0.7114281741355065,0
443.86560560404297,10,0.35465960821556064,463,2,10.059050721722521,1,0.941521125949423,0
590.2083264993313,20,0.2838014198401851,844,2,0.27043795305904267,0,0.9164880748782038,0
601.0417701685788,7,0.2674000391123484,775,3,11.267508409405034,0,0.7877118278161593,0
170.69260289407592,1,0.7064646198881964,5,7,6.786932719257155,1,0.2011988990161392,1
624.873767203838,16,0.11127667266811267,744,3,15.169178355327977,0,0.8979368358634321,0
254.08546205946965,17,0.1438632204315507,542,5,3.4136723172159398,0,0.8482438053171744,0
1073.798548272335,11,0.09803981897038053,91,5,23.30120036344571,0,0.530928395024842,0
1315.9031616285652,14,0.2374131313586877,475,2,13.412834838161384,0,0.8099424398441908,0
386.7755406542734,16,0.2754265797669859,154,2,9.766101586366922,0,0.7784407893663751,0
489.9153476222458,20,0.18634539051903234,449,3,7.632995707203397,0,0.8443238420314524,0
767.8133724148621,19,0.15825437934697956,233,2,19.829709882743384,0,0.6395283058832362,0
1150.7960163694731,9,0.357231339291513,851,2,18.094410360204954,0,0.6035917306389336,0
792.7783924839912,12,0.05854861498892457,296,4,21.242038574641676,0,0.6004833531129724,0
1512.248985394244,18,0.35551155277571816,485,1,4.451549892848326,0,0.7396337808900514,0
483.8778659672541,11,0.1447661020356877,171,0,5.556260485096264,0,0.8600520945678588,0
2378.448344825071,19,0.13079075026513665,842,1,19.499770230608686,0,0.8404885904144326,0
417.84628498450223,22,0.5571102317234032,37,1,2.640015850479567,0,0.8986550935187245,0
817.3233883391499,9,0.07833374979722511,578,4,11.525073855791407,0,0.7032697324783271,0
2565.620185424875,20,0.23782041484536587,361,4,0.05486149942791013,0,0.9093492478641876,0
765.50220263449,20,0.1814684565348577,56,3,14.100615667533226,0,0.9308588928019129,0
1227.504646857198,13,0.11045819292244353,465,2,8.18428765884031,0,0.7323813201832313,0
270.2958434639337,21,0.2042272656286212,545,1,5.209636169804893,0,0.75063921666359,0
346.68666322994636,9,0.1761193940307685,326,0,53.08423652333113,0,0.7981827790723797,0
274.6209257584113,13,0.09461579417433108,35,4,14.242675128842194,0,0.8616441099826181,0
495.2913260004139,17,0.3990373255171284,493,2,0.013176945394673928,0,0.9096222308609163,0
1019.3917543137155,12,0.2499875036144762,299,0,0.7224593352168842,0,0.9521880416629477,0
830.3625313961078,19,0.1715060237691081,790,4,19.857017075883665,0,0.9358609664662306,0
957.1204819652652,11,0.08636701779005473,670,0,56.40919608113887,0,0.7801167419547241,0
1245.9257996271517,13,0.24235402213409493,292,3,13.026266714635202,0,0.5543286064031244,0
183.51171166687203,14,0.3355331336631767,276,1,3.7195334479806066,0,0.6594871810800775,0
446.15877470110894,14,0.22877845626210308,243,2,0.30416082647395826,0,0.7205015911495732,0
645.7558819633023,10,0.08750417781059744,39,1,12.615569848218389,0,0.9224545781744281,0
367.5477184664758,19,0.0424552973419482,60,1,6.945638093733705,0,0.644899321824497,0
974.7696438108874,8,0.2178777760028047,253,3,4.681900251709215,0,0.677514752092626,0
1273.5449087015925,7,0.12903153976799056,716,1,13.244857708635609,1,0.9669781145214414,0
901.5907727627828,11,0.22846052993712934,980,2,5.754578094623957,0,0.7470639934126544,0
887.0298299710612,17,0.19635241470134818,135,0,27.123870133968612,0,0.8955793750130544,0
664.9867650561104,12,0.2062519178712125,333,0,12.736526517454596,0,0.8303525301277684,0
712.2797352068543,18,0.1687737427853908,74,3,13.557541363403963,0,0.7146980015282517,0
814.6556184043753,11,0.11231405915611134,921,5,2.5346236531300463,0,0.7562552092957495,0
1491.5343053693236,17,0.31095669262476927,119,3,23.73534919227534,0,0.7243519644167987,0
925.5648948549346,11,0.19283723948365245,627,4,0.7631743223205991,0,0.7364999755420738,0
619.6743085626474,18,0.08153552134216113,980,1,25.442913709902044,0,0.8881209452458608,0
533.072572185276,14,0.13770034546580917,240,1,45.81012705099022,0,0.8817032557574958,0
953.6241913873689,7,0.07274501082900289,984,1,69.79358795781611,0,0.6604000022816435,0
759.079595184725,9,0.20150388581598896,611,0,18.58946185049578,0,0.9310501221991412,0
609.4847657690311,8,0.11660271894736687,268,2,6.462377562573163,0,0.4968814371846179,0
558.361557316206,13,0.0446161220228944,590,0,30.821451607196295,0,0.5068709081574472,0
777.6712477391636,13,0.11277599994084021,984,1,6.439382564660472,0,0.8865993151782274,0
542.6964590666606,16,0.4085847999018031,512,4,10.768106996408648,0,0.8186529299480626,0
943.1823653149304,9,0.22411372121811682,780,3,13.656802878121391,0,0.8644767252653188,0
1255.871165010203,15,0.1391150218196005,492,4,7.136394480731991,0,0.752835635487551,0
278.4536636863987,21,0.045823463089334486,992,1,10.815631479079563,0,0.7016389153998432,0
431.06070590817063,9,0.16127831318841646,204,0,10.234087574564082,0,0.8037963791169148,0
543.8934846419277,12,0.24652738693426696,689,1,12.65634985316311,0,0.8642739548356829,0
717.6089345917466,16,0.05129560417670107,321,1,62.644710549340516,0,0.9298413844346901,0
579.5882990880942,20,0.05327949682480017,803,3,1.8202652815685982,0,0.582688811248456,0
381.30119690639214,21,0.09433893647747484,172,4,55.543008022181965,0,0.9175566462376599,0
659.9750354507303,18,0.22961613486000138,879,0,8.78827648573763,0,0.9451684347720566,0
510.2083968320919,11,0.02836602335644275,939,3,48.015340056621426,0,0.6297937281698248,0
584.7408996181471,12,0.31695829401370373,586,2,1.5204247689389763,0,0.8164471117581913,0
511.7940416358557,15,0.2966518326281602,610,4,58.109658728156326,0,0.7128697555628217,0
486.4074942789745,15,0.36194010161466894,205,0,24.74012387616282,0,0.8287494568118814,0
1080.7104948973688,12,0.11825092769583698,850,1,0.05186780626541475,0,0.7261361089980637,0
502.9194715232343,22,0.02110547818211199,224,1,63.0068816983395,0,0.9470560282967735,0
843.5429473906946,17,0.15814404077760272,561,1,21.917928897495678,0,0.5860618375025259,0
1091.8303518709972,12,0.09158276593434797,472,5,22.754773943969525,0,0.8107141867432542,0
153.20801809826133,17,0.19872915495095897,465,2,23.55405479659477,0,0.5032969511377533,0
480.55818027858317,19,0.5028010657364393,457,2,5.418948181648579,0,0.9097283879747879,0
857.2101853955195,20,0.45474128101158034,490,3,5.9245847758428205,0,0.65156030293073,0
1184.6172724235903,10,0.06532103728937312,919,3,5.499831686146724,0,0.9478842525417916,0
601.018261986877,16,0.13833756166598524,530,1,6.984550386840054,0,0.7475995721869525,0
648.5498417843971,19,0.2803713142482474,761,2,22.95999629536569,0,0.8902306099378934,0
385.0346954620262,22,0.14162384581367654,315,3,12.110406403230861,0,0.7008416895062226,0
639.895036668959,9,0.2215558543862143,754,2,40.46162588779133,0,0.8302947843970534,0
757.0645032839398,8,0.1100416273515178,328,1,1.914048083136158,0,0.7901675999176576,0
511.044057425224,21,0.20396612994975333,175,3,32.38664104459844,1,0.805195309275298,0
881.7150662445549,17,0.1325495204760838,903,5,36.10510664190308,0,0.6310633756071377,0
850.0578512018762,13,0.09124532440686729,687,4,9.619881027141732,0,0.7972261390301564,0
244.86283582234432,9,0.19518270165618182,805,1,2.1111275090372077,0,0.7812902527111653,0
536.9755628894083,11,0.11643931262047354,738,1,6.278554562214978,0,0.9450296384221015,0
559.1074264884279,15,0.27682668172271196,466,2,15.084546478538405,0,0.8985546577549824,0
1000.1047487938199,14,0.1103018177806448,552,1,7.989799627076704,0,0.9166763215495,0
646.719254589599,21,0.2023563405946048,619,2,5.910027791556105,0,0.8655537018634316,0
182.49298437531885,19,0.28255249906703067,880,1,3.856477146483141,0,0.7035803978403646,0
589.7701482114935,9,0.21322992223392173,159,2,23.39059412460751,0,0.8290629404071927,0
848.4743914552936,9,0.1723441991256319,778,3,4.061895127355814,0,0.6427638077278484,0
536.096844822096,15,0.18147826040335,808,1,9.902888189390874,1,0.957061919881321,0
511.0387464359623,11,0.04614262125633198,211,2,2.9679442694380804,0,0.7064701476779545,0
800.9304081549958,20,0.2903574756953128,334,1,1.7086007873521891,0,0.9419453151992088,0
607.4920988522679,8,0.1412841522955683,217,3,14.631660980843742,0,0.9364517550128548,0
195.93180112998354,10,0.03680605427278139,663,3,81.59240669777707,0,0.49622408614775737,0
547.9156255210844,22,0.21792054902919467,685,1,0.7648036440787616,0,0.9001499755682195,0
679.1563003306964,10,0.026486287606237714,736,1,5.464932891780641,0,0.7492662414361365,0
1147.0359798309632,14,0.13057643056916646,959,3,46.88593046142054,0,0.7833608928924607,0
1239.1059325498888,16,0.1221211746349523,767,1,12.632443672214126,0,0.9231373146003939,0
1036.7361377772738,18,0.1409626968368759,919,4,14.445434598648696,0,0.8298026898460708,0
224.2352063260456,10,0.07945064671601644,584,2,0.6996248606813198,0,0.8550512480217971,0
363.67261731425396,10,0.09800261183173442,820,2,22.656188749948843,0,0.7296704657533096,0
848.5999250608024,13,0.24018550923952173,709,2,3.15247496607258,0,0.8597896790071577,0
942.7291800697293,8,0.1266752019093164,630,2,11.934787058030015,0,0.8864844080011091,0
1099.7322919453754,19,0.07594389008403205,388,0,13.693111184561205,0,0.44753668840756333,0
532.2104549058527,21,0.11232975394811735,233,1,21.403674912151757,0,0.9665884045011168,0
348.54162241021606,9,0.3908684208154326,276,2,15.830142474698205,0,0.905724962098826,0
385.13474659204604,14,0.24942545985548567,617,2,14.233352519660189,0,0.9259806842340526,0
1942.285373555518,18,0.2786550798970592,485,3,19.882506033470094,0,0.7359002269814464,0
823.8621736448832,16,0.30087692953730943,803,4,3.48204330210866,0,0.7650482918064511,0
712.3805508483762,13,0.28813029209262375,950,3,14.464716720140043,0,0.91132414864143,0
166.8909020736018,13,0.27525910216829214,614,1,1.8918029470612805,0,0.9593040890539681,0
2355.1947177200223,22,0.09997278147184627,944,1,55.03482384036287,0,0.7940785334853603,0
968.4392927712788,17,0.08517146066258091,141,2,4.067291120537086,0,0.5835891065461464,0
1101.7729520577864,22,0.19060704280432716,646,2,4.684565028822239,0,0.8428668981098807,0
1039.6849588333625,12,0.22222320508232818,724,1,9.006713163548682,0,0.763564214019042,0
1061.1114859561978,21,0.1691501096790769,180,1,19.888637398457824,0,0.7155918758883728,0
613.1104051523693,18,0.1102015658158,133,1,2.3445801714360184,0,0.6069223886803944,0
686.1263995390744,7,0.3210538667449697,922,1,28.220847423824402,0,0.7523909462694152,0
1206.1368228242613,17,0.22682381783001307,433,1,28.899498043418575,0,0.7521862854588983,0
1103.8879041160405,12,0.15071924330381375,288,3,10.413522524426371,0,0.78309448263838,0
1397.2951627239747,22,0.26855797753382926,129,1,0.4211627585870472,0,0.8881052044743969,0
800.016825775273,19,0.1722374969859522,646,6,16.453876845892484,0,0.9363371346962835,0
1518.5026074306268,15,0.11756503360029391,514,2,6.047535202405005,0,0.7425892973130365,0
677.9257680102046,10,0.26636612326728876,796,1,15.010260993473825,0,0.8958807106325026,0
764.285507321253,10,0.1849263427230954,213,2,4.732251711195748,0,0.8282866092086298,0
439.6316128805607,22,0.18814357851213,746,2,49.90455272494629,0,0.8505695396104935,0
455.70547604986695,15,0.5736629407650146,920,1,3.695264925131472,0,0.8290308116611556,0
997.3832244633479,10,0.2656316965531135,289,2,17.799841743218984,0,0.9116892758397037,0
1360.5515953649042,7,0.27421558486249364,243,1,23.900653333810446,0,0.8375274354529986,0
527.1635112275962,16,0.17233407535813738,971,0,25.82074871171897,0,0.8962929604326538,0
909.7785702398562,7,0.24495838467199196,70,0,44.80475059672248,0,0.6883138941007089,0
286.9674639370308,15,0.18552338923886458,827,0,15.162753259946177,0,0.966202463251861,0
220.2016901968443,9,0.1132618442074994,238,3,9.161975603088791,0,0.656937789919009,0
230.28687690276806,18,0.12950433363640368,767,1,0.12522003533476206,0,0.8271301109597279,0
734.5287779555103,7,0.18708923283028803,377,1,6.148755101493988,0,0.9431943479264203,0
818.6034336696985,14,0.13815800506879233,86,3,30.50416338785078,0,0.8125323409046697,0
419.5398908860968,16,0.053936736289719435,999,2,29.186682660905443,0,0.8999454511276266,0
264.8198887049698,2,0.5059928664751673,38,10,120.40484446204633,0,0.5175904469428954,1
416.69123739988095,17,0.14165655563325424,781,2,36.055130644055936,0,0.8355275973538295,0
281.8927875855895,13,0.23786787844311022,343,2,6.501592339906674,0,0.8423106451342329,0
574.7982423086255,7,0.13094221971034586,114,3,1.9999236912638987,0,0.8688182929695074,0
507.6455679256949,21,0.10929228385513205,941,3,20.86302587321867,0,0.8349662917966478,0
668.7419508718208,18,0.18716939271292057,944,1,38.19566524132747,0,0.5767291442417549,0
571.0748100552946,22,0.29532919625469245,945,2,18.492949266717698,0,0.9104548099169241,0
700.6727282144332,14,0.3887518667983795,130,1,8.494133910929262,1,0.9207176668658031,0
1169.153076311496,19,0.3394308014798395,527,1,21.963135984347062,0,0.7329561766528649,0
434.72653071114905,17,0.018359098385935527,663,1,18.326402433891385,0,0.7279940303794057,0
862.118265698536,11,0.0646347388395728,816,3,6.680147696068371,0,0.758618689864636,0
1007.8881817228221,16,0.10485097889591229,753,2,71.3178354652011,0,0.9802810184538262,0
498.2538324516253,15,0.21986637417614835,748,0,0.597701172337647,0,0.9384620676182591,0
388.9395233853263,11,0.2830666041966801,972,2,29.391393673357133,0,0.9400926692405799,0
716.1151770893509,17,0.1788559502372047,739,1,1.7202576042553919,0,0.6653434468801777,0
1384.1296215437008,18,0.35747049251032864,345,0,1.961522328259252,0,0.7643674385121791,0
594.0996453404548,22,0.25249696084611856,286,1,21.102572695252277,0,0.7670464015413134,0
619.56979432962,14,0.2514243053193493,835,3,9.414051146142715,1,0.9391985838488364,0
990.7817949582156,14,0.1020295987890412,224,2,6.425319290551651,0,0.8988358190335207,0
325.9591332941591,9,0.1753272208044798,405,2,3.837974124175822,0,0.7082099893431507,0
493.65399091595924,18,0.12661667458512496,633,0,5.063361558870739,0,0.7789117718844515,0
794.5061451219502,7,0.14401910158186104,612,0,1.4776637864857898,0,0.820782623124692,0
1092.870163649058,20,0.23047876258550715,762,0,7.906111355765647,0,0.8680260081883857,0
324.1532780371684,21,0.12944111521593263,273,5,28.034281065821194,0,0.8779093186039975,0
540.5893078788795,20,0.06276452283138663,939,3,24.687478324902074,0,0.7381855979969597,0
770.8781236976978,10,0.14888388875488903,153,2,10.024073871695208,0,0.7253812500980706,0
950.5256656286549,11,0.11315197688761587,382,2,17.604458052181666,0,0.7140217304831648,0
914.9977101781748,16,0.13715986200351585,172,6,3.838516726500469,0,0.8776243712112095,0
720.3571602373441,18,0.07728382813844317,111,4,6.227342568331913,0,0.9193304973320464,0
473.36864200674546,10,0.2929323405063564,958,2,5.826322391470179,0,0.8475914140860973,0
482.7502547539259,12,0.3758059692099455,174,0,29.671652095006397,0,0.9199138120793359,0
1323.148164279111,14,0.10946276659772154,260,1,46.038008660520305,0,0.8394606190178834,0
970.0671348158686,20,0.3589261334642182,127,2,31.866136268532944,0,0.7041163975486426,0
884.4800033022361,22,0.6322756079336844,438,4,176.16949355330104,0,0.6181298435506468,0
797.3344337137414,9,0.1623466557631421,437,2,5.783991852878179,0,0.9668880624937772,0
987.8314892403206,12,0.1759734053643264,342,2,39.55503753806134,0,0.8459325092102697,0
545.3529319502832,14,0.40612921559922327,34,6,24.324450045231,0,0.8048907524898288,0
661.567422999903,7,0.4467633848498552,138,0,6.643953637985966,0,0.92001133675157,0
717.80087222616,10,0.17002277168708727,987,1,4.08446559784356,0,0.5406689658564592,0
565.85780184996,16,0.14100594970631056,625,4,22.448653794770372,0,0.6446876823111803,0
446.1887869520522,12,0.15722357751285615,634,3,3.040529724247522,0,0.9649306735158282,0
452.94523170464885,18,0.18849170079355337,287,1,9.272071479310378,0,0.9125646945746139,0
224.38765767211376,8,0.4204914178203621,63,4,70.25761130320458,0,0.866208948182121,0
1392.7397471657364,11,0.07715307275903012,184,0,63.95534517657168,0,0.8367645975344793,0
357.1077145178902,19,0.1720975520721046,954,2,13.491762145636452,0,0.7454044904741572,0
781.8082247071629,9,0.2033561679529689,268,4,51.05009302052861,0,0.8910911898630596,0
1227.9916391303166,8,0.1544764242679638,977,2,3.1495958508601687,0,0.953500891173921,0
516.892896922286,8,0.34479230580293746,353,0,21.85234468013259,0,0.7196645759777159,0
161.63181091093122,22,0.47159958482838144,196,14,93.79070811413499,1,0.08400127468936734,1
24.67081561688812,1,0.39722019502256006,147,12,285.8723423881932,0,0.3939505356969382,1
1098.4762595352358,7,0.2483717858695206,132,3,1.935958301145562,0,0.7592988828029942,0
78.47611720559955,5,0.4542484461848991,120,8,222.45060271974353,0,0.08593405857057651,1
561.0676832977597,8,0.15026691695511082,129,1,50.684755494638765,1,0.9839831495252312,0
457.1522978964933,9,0.1503115645888298,128,0,12.156811820267542,0,0.9274028258792772,0
557.1293710763604,13,0.05405156092707664,223,1,9.166775253957514,0,0.8364726304965834,0
1807.7277149767174,17,0.0942790735293839,188,0,3.506732972726495,0,0.4841487414666274,0
30.90891118754852,22,0.6459145097520715,133,8,177.86154477409224,0,0.46411852438060264,1
796.7255724510352,22,0.17387895730814265,450,1,41.658779894668484,0,0.9155960984287703,0
488.25438658488974,11,0.11282395936218093,269,3,19.51062778945748,1,0.8855384651393783,0
430.5900287045795,7,0.41915803288932285,809,4,4.469751927296913,0,0.6702840888936722,0
1088.9460041064904,9,0.5673766317472494,72,5,17.960772357184602,1,0.7709147011481778,0
508.00281680860894,16,0.2570422443259684,589,1,9.216470246187903,0,0.8021831717751249,0
1599.9146379932215,14,0.3019597570011986,739,0,2.665752624937024,0,0.7868193243169416,0
414.3035095790179,13,0.25452956412577876,272,2,5.569808212181317,0,0.6768591233631862,0
593.1174726280809,20,0.20199712243173365,33,1,21.73739646952321,0,0.7276683352504234,0
111.64567006292762,0,0.4168143627515754,61,7,0.20897421836255306,1,0.25960663211251817,1
401.75145522791024,17,0.2121487480398648,558,3,14.756186890109268,0,0.9528557135745039,0
965.1753952969507,8,0.14259826054352098,624,1,3.925842873047934,0,0.8657124821141438,0
575.6785218605133,7,0.2077464420777031,185,1,38.40396570296878,0,0.9437903237934955,0
627.1147205967035,14,0.1497586225500576,225,1,2.0367786665030265,0,0.9341861720646785,0
689.9790380287524,21,0.09793080695917708,556,2,5.7045894585891554,0,0.7534219279802538,0
336.42858012940786,9,0.29022959294853456,769,1,21.720863329112476,0,0.7810294692845356,0
427.3310742878451,16,0.10011819178188062,824,3,43.04920723368868,0,0.8206043542718122,0
406.63033039967956,13,0.134673671859828,834,1,23.45845651665602,0,0.9172636904354565,0
474.4396752277458,12,0.21015937694043998,352,4,1.346005282300336,0,0.7814335895337846,0
729.054827785006,14,0.251149408387542,261,1,39.701200514913026,0,0.898623422984095,0
483.21911461264995,10,0.025903839579592247,452,2,24.7697343363036,0,0.6360974240205721,0
876.8617333600275,8,0.19012601287534964,273,2,15.940959029145738,0,0.8903230537356861,0
837.3934060418109,15,0.24611280300726382,970,4,26.044840397853104,0,0.8596478423744573,0
933.7524339158158,22,0.3321085859696034,556,1,19.451524281490073,0,0.930014939796318,0
1089.307160713751,9,0.20865611124719413,476,2,10.614574741974161,0,0.7671355781735245,0
649.1088783762928,20,0.15834362119443465,760,2,30.384477520065666,0,0.9417383788506727,0
537.6169309547361,22,0.35603019185109525,466,2,4.941923440785597,0,0.921651780348486,0
508.0770944911483,14,0.16044388326947917,63,0,13.68730677012224,0,0.6154861985263451,0
262.32432276701144,1,0.4708686964628734,198,8,440.6736201278744,0,0.11107880243077664,1
494.4826322371095,20,0.05472218875256737,334,1,24.28507926907673,0,0.9081492301398623,0
1369.2637302723533,14,0.2946386884467511,363,2,4.382186890215271,0,0.8559488863054597,0
59.33340409236405,4,0.6619187820989724,195,10,52.77715952806197,0,0.10242590655246961,1
981.1712357099731,20,0.19467358923103564,222,3,6.412057709462078,0,0.9388924704956918,0
542.1337430799813,11,0.21539451302392204,675,0,10.455410843355917,0,0.9506600823367701,0
691.361361198804,18,0.24677983886140728,520,2,18.901169662690563,0,0.842645557621332,0
616.9680416788572,18,0.06060405540133001,294,8,17.82754207988198,0,0.9804044448530704,0
851.1577955776621,21,0.09106336119758651,295,3,16.86191012415899,0,0.7887743678460887,0
984.012380007432,13,0.3020292294603945,111,1,17.268521308572712,0,0.7216642805773372,0
1634.970307734783,17,0.14245242979946332,971,3,4.360115089788787,0,0.6648984247647776,0
1015.5180340235743,7,0.13209443362951126,898,1,0.5759129851636351,0,0.6739147208613228,0
672.4460249045895,21,0.019140029772527236,100,1,0.9172898712955156,0,0.7242911031152198,0
655.0478361400221,17,0.3017401421265613,565,7,0.41189532378519567,0,0.9290454407702815,0
896.1014812272009,19,0.19160752007595666,606,4,1.113090735261328,0,0.7098216656762125,0
913.4920439971279,19,0.04847522735951441,465,2,0.7479204261470872,0,0.848360069895269,0
561.6023596462102,16,0.11950681074716994,274,0,57.404950561184556,0,0.8445922822734121,0
501.8006210610736,20,0.39572330698067737,286,2,10.508215839939174,1,0.810452835926979,0
195.8591702350003,9,0.25851953665533434,450,3,18.865855520835776,0,0.7877861364516695,0
512.8660990481093,13,0.2528360318303604,820,3,8.03181246583314,0,0.7494360246819026,0
431.5274392404791,7,0.5839864081792556,710,3,23.750781946303725,0,0.9230073353537932,0
618.0517658115026,10,0.1809162148412632,745,0,11.86296724133348,0,0.9251062568970504,0
593.3190707462122,9,0.04232844886247628,112,1,73.09003010250852,0,0.8430439925972656,0
314.5281397864593,10,0.1310233576731068,435,3,16.356130901945757,0,0.8832224764255757,0
588.8620331742272,14,0.09615671505049396,460,2,14.485792782382092,0,0.8897647845582588,0
1204.4437074509349,19,0.28818118905183737,438,2,1.5649185214907386,0,0.7487552234551818,0
907.4555406799124,8,0.15402506806385072,78,2,6.836685537959317,0,0.8338669795520098,0
653.4974666214039,22,0.06434805937770421,720,3,26.30181547279135,0,0.9110393237415846,0
468.49043996306716,12,0.1614104931838409,83,2,48.00088689865369,0,0.5959553247996049,0
664.8390695121732,15,0.4626756916507499,372,2,6.053443611499806,0,0.8980153139325571,0
809.8695441618819,9,0.06966493368060667,245,1,16.623766697252766,0,0.7816348956510553,0
406.57201568987904,17,0.13508475287288765,890,1,6.329941007067806,0,0.6261333808005198,0
1365.7196665452038,13,0.12113535038286899,783,1,90.58457315873679,0,0.8949322122343133,0
340.0250587142809,17,0.18189393946136387,64,1,7.944897217422484,0,0.8908907928345936,0
938.542529441369,22,0.0749023513518532,539,3,50.13570874392706,0,0.7042269424481699,0
1852.175889064248,17,0.30619253977614813,635,2,15.387945315070375,0,0.9905745539878437,0
2008.7638141413945,15,0.16851953992985733,795,0,1.0780042566271093,0,0.8219521575247298,0
631.7898747517204,20,0.16711918194366174,414,2,40.90835388755395,0,0.9027867826367734,0
324.7918309510849,7,0.20211903993012925,165,4,12.811932918515865,0,0.8593631390239009,0
722.1612525714745,16,0.17009279326360607,376,4,12.054614251162125,0,0.8274350041026471,0
1236.442162493136,22,0.21273078646076257,598,2,13.09669634381797,0,0.8260911449328179,0
183.5386772951785,12,0.3901534445781043,371,2,10.339482480002577,0,0.9404171886742752,0
475.30579169041624,20,0.46476076514299314,546,2,3.7170420809349647,0,0.7158975586272875,0
353.6609929660297,18,0.12034278044370217,351,1,14.925769843651636,0,0.8754048021281062,0
373.7237638790732,19,0.07683971625368072,929,1,19.249659156543736,0,0.899096009104772,0
373.76160868777566,21,0.18986782450321293,47,0,23.380283224076866,0,0.9544364661095139,0
513.9543756274254,12,0.29728784585764245,857,2,1.328204205596301,0,0.6230284889862516,0
624.1353354768582,19,0.2216059339299632,446,1,43.052771766794876,0,0.2711879381072709,0
383.54016968625183,13,0.5106644719740097,271,3,25.907357351387947,0,0.870527580762975,0
412.3571212754123,9,0.25915908949628347,106,2,28.6507410972646,0,0.6100870557796423,0
1082.3822476280823,7,0.2218835695465557,959,0,6.68723095178631,0,0.6100195237080724,0
778.418785234737,18,0.06463996056172061,617,4,15.371007459814678,0,0.9464711816406199,0
596.8632877749482,21,0.11524881896771795,280,1,4.100941632210024,0,0.8099558815270972,0
1483.4136026049107,9,0.18959773302202432,350,3,23.05583067589196,0,0.7379633481689609,0
327.2804080629106,19,0.43302313184341884,248,2,22.53845397236346,0,0.7935360793319937,0
447.1995379312811,19,0.13542840947726983,348,2,0.9806996128694163,0,0.9146552790895189,0
1467.2704748111025,12,0.2987706363337254,863,3,2.168936896652852,0,0.8824037222868699,0
319.70175678876404,22,0.09011493040321363,937,1,1.4257483487865668,0,0.8051514078838062,0
371.80969599059944,9,0.12948176809353615,833,4,4.48390551609855,0,0.8008034698508164,0
323.3941238313148,11,0.42667776390697953,620,2,0.14844891530517207,1,0.7804668224186674,0
890.6812676873209,16,0.2676426688888129,792,1,5.898115642108156,0,0.9356559342640351,0
325.1547408912074,8,0.35307511689688575,169,2,38.28720779022127,0,0.8288531698878074,0
812.1307607825688,15,0.16844507783709342,670,3,0.9907605336769217,0,0.8169902082699971,0
1863.4010789349863,8,0.14600901440218345,367,3,28.608259974659116,0,0.6098917551394761,0
1034.6473055641432,20,0.28690022821333055,328,1,2.3021925311653657,0,0.7638761562704278,0
330.5834784059717,8,0.42142254483508945,444,2,23.073274452622243,0,0.7179441356361101,0
911.7612057837543,10,0.10818624259211344,161,2,8.602647183015183,0,0.7430334771713735,0
1117.1895000296845,21,0.14546675470550344,182,2,2.4167702430904727,0,0.5871939139880427,0
621.2816040203954,20,0.13511581535843284,264,2,22.8042306997182,0,0.7790025626784102,0
581.7007588369394,20,0.09718396208195355,500,1,65.48878321046332,0,0.7943376778649729,0
1182.8373368113407,9,0.4211460570672537,694,2,9.667724912800594,0,0.8022652539314351,0
271.55837577283773,7,0.16435683071594026,501,1,0.5014252103861835,0,0.7886707104900184,0
274.6756822138264,14,0.10027740955657811,126,3,35.80645369626035,0,0.8896207315579303,0
555.9817250471309,19,0.15852776962836362,610,2,14.652487849189622,0,0.7894643154320251,0
604.783434024281,3,0.8237187962325545,27,10,120.26632443632214,0,0.3904068415577131,1
1236.9761092802435,16,0.07013314069684254,917,3,9.246561350412335,1,0.9087424798612654,0
1409.7773354872845,17,0.0743769887639857,776,3,23.989876268106357,0,0.9088251988106554,0
488.84937768551526,12,0.07361678591999264,514,1,2.169913931792556,0,0.6487042897475086,0
330.0819311807852,18,0.34322490446876713,595,3,19.906919282145207,0,0.7423868398351708,0
1517.1578962989977,7,0.04464088235311795,869,3,12.783967991087872,0,0.9386479501990141,0
506.1509805999706,13,0.11014131465519036,333,4,9.150064752394808,0,0.8890649511274162,0
829.4461798088953,8,0.16722955860026295,862,2,12.916617956063972,1,0.9769067724303053,0
681.5590507075076,17,0.05980431544227613,471,4,10.208949688779324,0,0.8935315992976409,0
264.4535343709047,12,0.24959114819522207,93,2,33.2596561220648,0,0.6308424831047643,0
519.4025513484678,11,0.20909747066817022,932,2,11.572506250679918,0,0.9760318980705514,0
548.0093403294384,11,0.5057181150268034,916,1,2.955832149803448,0,0.7197424272512319,0
372.17415177503193,16,0.10944087518382858,332,2,8.592981484311771,0,0.8762661758608964,0
1005.1131982304422,8,0.33880449850198596,240,3,5.111441810453307,0,0.9843228128811825,0
996.2017148273578,8,0.24423237200603223,619,3,1.6537509456449107,0,0.7133295435049142,0
1174.89632321405,8,0.27890549071478565,630,1,41.05301024728061,0,0.8808400506741637,0
613.2470626059237,16,0.2615338827684962,817,5,14.171202755703291,0,0.7880547543687789,0
932.1717369854218,8,0.10629866109604902,103,3,4.30531835989644,0,0.7596182071369161,0
1060.1606576736726,22,0.1630321135606821,617,2,42.63602879353262,0,0.9318884382392751,0
920.1491588173634,8,0.1224065382155946,724,5,25.41680978605685,0,0.8808686148830157,0
427.095955066053,9,0.17322196809301188,477,1,0.6083380425751835,0,0.6242643473254165,0
550.7040202172275,21,0.6059790674992006,996,1,21.852401515629538,0,0.6924943765307274,0
1221.8941738319359,11,0.061050395715720594,986,2,32.77811618786041,0,0.8217310462598604,0
1040.194179216321,12,0.0607450729698871,832,2,6.519242070716616,0,0.8632628880662139,0
293.1501358203316,13,0.14276982625240905,637,2,7.058791098343607,0,0.9023786627919577,0
709.0665574306742,9,0.17086756800618305,273,3,0.7500057360997356,0,0.82108679660795,0
457.83667112414565,16,0.26631939526402254,252,3,4.8566601538948095,0,0.9516038726137097,0
349.04998138784487,21,0.4556774128190143,494,3,12.676242212347166,0,0.8844289358955386,0
917.6009725916805,20,0.15237563751848107,863,3,6.57681002398391,1,0.8004098912276206,0
1077.0547930878163,12,0.15349774136587224,353,1,46.79343951854969,0,0.7306683068093965,0
382.8373166722138,17,0.1348565079233143,298,2,24.581215948744124,0,0.7240425802871717,0
244.27215328580002,22,0.06077555908309764,997,2,1.0972375691959224,0,0.8521393640546678,0
1330.0085606344396,7,0.27704419099483646,754,3,20.531539225887602,0,0.9298956320297683,0
433.21711101652267,11,0.3441672618680146,546,1,13.927191864447842,0,0.7773748746987265,0
401.1859515892683,8,0.26359826664994895,42,1,0.4804324221860729,0,0.732220145306444,0
234.8570171860154,20,0.1419646750430706,462,1,0.4996615455395318,0,0.854572029591918,0
457.71892943826583,18,0.040890028764894816,550,2,28.536356861488365,0,0.6889539591535772,0
480.0647630899891,11,0.2694306803817684,880,2,31.91235984151632,0,0.955642917024093,0
424.8092307350899,18,0.1814427816248946,153,2,0.6409915988553289,0,0.6600724354069902,0
354.0633079425632,9,0.054291572865402364,578,1,9.420962770985982,0,0.5900118048926959,0
814.7825100714598,13,0.09395539723182203,711,1,4.13639628500999,0,0.7292770019948555,0
696.7277288212341,8,0.43159205482934404,625,2,28.519538112447872,0,0.9849998025701087,0
410.38564818109654,11,0.28869762892376855,852,4,21.897779143766634,0,0.9158822145539821,0
408.647656356688,20,0.0878166489121532,195,3,1.5543329335632559,0,0.9349174092184342,0
393.92795926862226,21,0.3981232827371546,717,1,14.746178752161212,0,0.7904943195438546,0
422.66801884184605,17,0.1675124893362539,754,1,5.719564380060997,0,0.8839555400729944,0
704.1992564527173,15,0.1601254791791249,460,1,22.844604856038018,0,0.7916833170111874,0
1169.5154220946827,16,0.052217648669884674,146,3,2.549272474346145,0,0.7829938048676334,0
293.84903168820534,17,0.20150147658254736,491,1,1.9039824776152017,0,0.6509471807822327,0
1411.044817027736,12,0.29253946443273826,767,1,3.6290094023534127,0,0.9101630063574578,0
65.00718151257291,2,0.8321846565199459,35,8,44.3725169833416,1,0.1824509509306096,1
330.844335130183,12,0.07797849312168705,258,2,4.626973082837141,0,0.5313996625845248,0
1197.9805164244021,18,0.3187608440580084,946,1,2.6389050815174597,0,0.8241118861199627,0
709.3680763078466,10,0.02476167411182454,549,1,30.275954926977356,0,0.7343160351163007,0
258.57432311367205,17,0.18474301309675198,665,4,8.432436742347196,0,0.9604210174473276,0
536.460611673793,17,0.28955648642411363,626,1,36.55089515436494,0,0.9467696147941644,0
576.4629911805864,16,0.0865621612924505,99,1,4.174778148784929,0,0.6312339489519432,0
1129.5814893471759,20,0.2064629904410202,92,2,47.756508106731594,0,0.9012756435094036,0
580.4833692466276,22,0.06728445006361419,854,0,1.579054282652538,0,0.9108304195185783,0
758.0967438173151,8,0.12261110848026342,914,2,6.1671594746272245,0,0.6811178753701281,0
810.8907280074073,10,0.36351046524296393,886,1,6.707139378590092,0,0.746803043957322,0
454.82326409318125,11,0.09104412442872681,382,0,0.5401273561318747,1,0.8122467403080695,0
113.96517576041143,4,0.7423556141103241,109,11,79.8247654863062,0,0.23627304624074225,1
1068.7645839776628,21,0.2526492868281473,596,2,1.7732846483973816,0,0.5797536297395767,0
74.2386966106286,22,0.8726166885690485,177,9,14.209862315278171,0,0.3121798411747564,1
612.4119984283953,18,0.15842589131044016,44,1,2.6925745811471824,0,0.8832106174137568,0
339.1770311318432,15,0.16847691919654545,619,2,2.8234089560133344,0,0.9642794147759086,0
737.8102723072559,22,0.2359047640985417,952,2,16.19606358037841,0,0.8418884895674648,0
1275.4539146942518,19,0.37274198837400196,190,1,19.305452739461746,0,0.7505637801503743,0
464.875465499921,12,0.3036805240241334,662,1,10.284696182981873,0,0.539597441221048,0
792.5812255479616,18,0.516116323996983,67,2,8.065081962672917,0,0.8923528937402126,0
1530.0315045089942,11,0.2643988424036845,153,3,47.804799940009474,0,0.8990616402584826,0
431.6989435168176,21,0.24827263735235408,735,3,1.3889782170380136,0,0.649151243344697,0
389.2937056988593,13,0.13779428187303597,339,2,1.667663503932325,0,0.6472816448916185,0
684.4953118158435,7,0.14379388362976467,471,1,2.9661350741473393,0,0.9853494013628765,0
39.7201540981207,2,0.6513756768713505,59,5,401.5691836959755,0,0.1415522699436125,1
454.3684064659539,13,0.24030679701128166,338,1,3.2919591189784536,0,0.8557658149755736,0
497.7997138188316,19,0.08598993109317372,152,1,6.818207267239296,0,0.8902431336528716,0
564.16493699032,12,0.25568554323690607,812,2,6.246875563126635,0,0.7958275924206211,0
1511.8359670825616,7,0.1339445924102334,835,1,2.3894488817404915,0,0.9280719908490881,0
1545.246103097534,17,0.14186922204878857,553,1,5.965111715132895,1,0.7394203425456538,0
605.5525741181106,19,0.07493951999154488,800,3,19.021071479962487,0,0.8771911469498677,0
600.989906785732,20,0.31914240491999896,969,5,51.39959272595041,0,0.5852296546465326,0
514.3510920377184,16,0.12526297756254437,266,3,3.208106105816658,1,0.8189124751129456,0
666.7377033933554,16,0.276373371390137,464,1,3.823008308456609,0,0.518110619814561,0
316.90032359649456,20,0.5837291285158376,61,1,4.132454684454948,0,0.731853733246061,0
38.48574083461999,1,0.468695886495176,97,6,43.15328132279648,1,0.2601416127249845,1
1575.7261319258798,8,0.41446274713378467,419,2,2.315120710609536,0,0.3667713751943656,0
991.5723270402457,14,0.24217151857149485,372,3,13.684081557287215,0,0.8598279720243696,0
381.7115129890977,9,0.02425571447648163,162,3,7.187959358489277,0,0.9344571496961335,0
862.7746373878421,14,0.17967600779934845,748,2,13.61732176613137,0,0.5608209701202531,0
673.6259693856972,10,0.2522306093012969,841,2,14.339090019901628,0,0.7175507843116121,0
507.85922229874376,12,0.2946986197019077,737,1,4.334081520407993,0,0.9204191094780143,0
550.3196223759574,14,0.4585742750470258,466,1,31.827057519709694,0,0.7936356956445988,0
846.621907752448,19,0.2636171605843848,377,6,8.920512236163837,0,0.6968285870676691,0
739.673665135964,7,0.2763672917827928,595,5,1.8603870715796784,0,0.9487814714328217,0
365.9213647648292,10,0.4267728160887376,39,3,6.039707048989223,1,0.6868742234125298,0
876.1672984758711,22,0.1089587122715947,262,1,37.237103631555776,0,0.8439047571693546,0
427.7369752499658,9,0.14615745692948678,721,1,1.8124848023982647,0,0.876341188304599,0
436.8715451986335,16,0.15744816991028965,239,4,1.9186700553023526,0,0.9069270789901169,0
644.4397796264062,14,0.027412859310242167,842,5,1.563102166519043,0,0.800147194337678,0
828.8458915125691,23,0.8754212491268646,82,14,444.448429612132,0,0.25848552500913147,1
1844.5797046404953,17,0.24788956708115176,640,0,12.351963641627815,0,0.5985148472290441,0
387.55166227430595,11,0.009186899418653093,34,1,3.6076987682973494,0,0.7557966158924068,0
1133.5352815422875,7,0.30246388771591526,832,3,4.014307036248111,0,0.7537271828728368,0
468.8928464982488,9,0.08808244322660554,358,0,2.061126557439785,0,0.720664230451044,0
221.1868298161915,13,0.08272965001482614,334,5,33.464103289718445,0,0.9143561311821395,0
2432.2322378864797,16,0.19471374699521932,164,1,4.788653418529442,0,0.8064003143229928,0
647.0009399342104,20,0.21058468619847978,273,1,7.648669196652669,0,0.6343490181463897,0
873.9900359321304,21,0.2553075361525687,985,1,21.672293674790225,0,0.8570205344872012,0
546.2464838792977,12,0.14835229687398824,945,2,29.202967728663815,0,0.8794244375683208,0
1184.026907465246,12,0.3411808094003357,207,4,6.543873666358068,0,0.6915616341279279,0
299.68074432884816,19,0.08286166579690803,323,4,27.30020556954192,0,0.696903541141193,0
1137.5678344570001,10,0.3452530129704816,435,2,13.308073513681535,0,0.8237115804015438,0
749.268856041395,11,0.37693544354193775,33,2,2.424334123303461,0,0.7235792974004799,0
362.48903313426507,11,0.04364858952946629,102,2,40.48440301547045,0,0.7175907369387151,0
428.7618887407301,21,0.17023277987474436,618,3,3.846003638818401,0,0.8417629939204705,0
720.0692556458077,17,0.19306076470113004,416,1,7.358764285125569,0,0.5307828649151168,0
674.5324438861303,20,0.044673675654038465,147,4,8.946816203591894,0,0.9936528514987821,0
560.6425722583857,18,0.20723898286087594,256,3,0.4277132679987784,0,0.79297815292466,0
714.8898994334174,12,0.16898095795084958,80,3,16.96842763626461,0,0.7232793934956138,0
893.3438451976286,16,0.23749953465589324,296,0,0.7683053190005358,0,0.6954837166730942,0
499.77501435180517,16,0.18496637045746028,776,1,0.7696972904584637,0,0.6600093925618786,0
635.6782383999445,13,0.45428698945403073,951,3,3.8634723209746498,0,0.8802397133718234,0
695.6059217961939,9,0.05601025398366627,714,1,30.805389056424907,0,0.759713008128408,0
524.3168040110781,16,0.21347588856857383,151,1,5.56589447491181,0,0.8856626815228469,0
529.7920815909023,16,0.24105475594782252,257,1,0.16440060844298937,0,0.8285299123811328,0
632.30112381596,12,0.19260250989258038,812,1,2.2501526969475036,0,0.8868642649030375,0
779.8680009398292,14,0.4246700107937209,243,1,42.55712802622381,1,0.7951153907223965,0
1957.54475749464,11,0.21120156102848536,231,4,27.576505459749782,0,0.7627573500930229,0
782.0116221407185,9,0.24243312184708024,849,2,84.49846397141191,0,0.7095326920067629,0
803.445340948805,18,0.09852913883776966,344,1,12.888515746285877,0,0.7777224565976417,0
296.7900681799112,22,0.832838502211908,156,5,306.4771048284598,0,0.019441911949990717,1
686.6583184303973,9,0.11896853922193643,236,1,8.09950363917623,0,0.8046951224567324,0
2924.2711514177636,10,0.1728945557489975,119,3,3.799187395917987,0,0.9552720086798109,0
445.0651141936881,18,0.025431228458931185,563,4,14.242496210742361,0,0.5879555397341907,0
259.76160981396686,13,0.12305295763556626,941,1,6.286424351539514,0,0.8765310270375506,0
519.7952681060617,7,0.265471579617675,140,2,11.803774559010753,0,0.8273252190795518,0
530.2444154346854,18,0.16135710007281437,221,2,8.559991189550086,0,0.6171228924233718,0
196.104799150598,7,0.0945801258612666,587,2,35.899288244227066,0,0.957310688073525,0
514.8592125103629,16,0.1853063046070902,681,2,7.984834083520613,0,0.5132979613787374,0
622.7331596489154,19,0.08531640636141742,619,5,1.0108403452636396,0,0.8887682250263262,0
439.622235253707,8,0.1330540180090105,625,1,4.95704128567043,0,0.5474200601576276,0
169.56048118867386,22,0.7744215210848869,96,7,246.84297497779235,0,0.66584673747019,1
553.4855784206243,7,0.26725970153328754,283,2,19.06993837982229,0,0.6470350930836121,0
569.1426621822329,18,0.2755906234430705,82,0,20.77447705992702,0,0.9056636206234682,0
347.572464048683,18,0.15832337995680665,626,0,1.2165943208793042,0,0.899079136915456,0
495.6878915219747,19,0.0422597178262888,417,1,3.38226191940488,0,0.8897784157734272,0
506.769321106685,11,0.24363786522416983,707,2,34.168714570377375,0,0.6910239654984405,0
652.0824192003845,9,0.19873268719841658,568,2,15.964749576911295,0,0.9066585077479741,0
71.1971047290297,2,0.7684799933271549,101,9,81.95658603087517,0,0.2966158098670195,1
653.5982872053122,15,0.12598244937549827,237,4,7.976044809737343,0,0.8501902858568046,0
730.7043275677318,8,0.2902760092988741,533,0,3.5288219402533247,0,0.9491495511539052,0
1123.149841271392,9,0.15854552820646078,859,2,4.845532943504781,0,0.5564534483017026,0
671.3541325610348,11,0.13626319890723942,175,4,12.504308739436745,0,0.7356758429890992,0
623.588166976301,7,0.04669038308400592,362,1,19.036126006104958,0,0.8953757787253063,0
556.3917177281625,12,0.15286188872680734,54,1,9.624593994004359,0,0.8717120822788141,0
493.84959318502547,15,0.07024196940309217,681,0,1.8558818171672153,0,0.8733279084589698,0
1116.4399549981088,21,0.15734398181367876,666,2,5.787230453154415,0,0.9510158503804919,0
337.7780868066898,10,0.29218306049916576,626,2,3.1366810979399795,0,0.6812535835128358,0
872.6547751408735,12,0.13376850848086122,562,2,8.65937593046154,0,0.7967432468462526,0
699.6632652627003,13,0.3510698603633944,45,5,13.563623732983366,0,0.7032932900408897,0
568.5134023113267,11,0.22045422380087415,841,4,1.223797449428883,0,0.8967885312122996,0
819.0328884273331,10,0.2668156655275648,885,2,22.638934962657913,0,0.9696476173372467,0
567.5990718300573,8,0.12076924495618024,195,3,6.12575821684288,0,0.5743196819789735,0
311.94930297685545,8,0.3070650370192316,77,1,1.4532246505857516,0,0.966048720913633,0
276.73747856663056,8,0.3577982839018737,871,4,13.000540354370207,0,0.7311917807492063,0
838.2011155007458,13,0.21356291974023167,124,2,11.642028992102157,0,0.6778063929298819,0
485.4437586430977,15,0.0643449415143215,872,2,24.079573160481296,0,0.564217034052628,0
1425.059372140875,22,0.3316280800594686,161,2,13.656290649993966,0,0.9531708402104266,0
624.5669198077777,14,0.06954319183450484,231,0,7.881778564034892,0,0.9519694896540504,0
569.2934021541741,10,0.03685748457894856,647,2,6.033019216465425,0,0.5745660246329456,0
940.172180161437,19,0.2434733843288008,676,0,5.621714641549535,0,0.6741733732260964,0
678.2237940718155,8,0.14867458399197303,849,1,15.302708971797413,0,0.8856275563629111,0
62.20103863179547,1,0.6774459530200663,114,6,83.01225800975548,1,0.2969421001414515,1
1279.2745142544788,18,0.11281027659062147,96,0,3.978617568259862,0,0.9028634469134292,0
394.0376727375343,17,0.295695731719668,463,1,18.56582178863457,0,0.9085856071276829,0
1268.2134813504917,10,0.3412727066352932,61,1,6.900300210903976,0,0.9043612922921146,0
933.1966381551462,14,0.12001952561179732,97,0,4.852255707563604,0,0.40198433347484175,0
585.6251154218272,20,0.0811623050931218,948,2,15.394542633296316,0,0.7570137837470312,0
837.6277614332331,10,0.22229149721581684,95,2,1.5450995224283877,0,0.8612177245873395,0
402.5597111482305,12,0.17269290995996536,617,0,26.110660719441206,0,0.7587564683482925,0
955.1850832359554,9,0.02379065631601454,234,3,8.313668455443976,0,0.7598700064346426,0
641.041230806517,12,0.12717296154488955,282,5,6.04644418487554,0,0.6526223684449469,0
417.5737288195357,14,0.2155230966567286,999,1,37.34181982240092,0,0.8681390374237126,0
544.0611324607027,7,0.20880835833648026,241,3,9.426601068845375,0,0.8921600343870377,0
495.4686930392503,7,0.2485659651919242,585,1,2.7124161012747936,0,0.8181419070418187,0
579.1988106853396,8,0.22209549950322305,912,1,17.711257586505997,0,0.517735421838303,0
680.3634296355583,20,0.2953523415092975,953,2,10.844009066326178,0,0.8333438371775195,0
400.85187762995105,19,0.25373022486696895,330,0,5.05015764532774,0,0.5707453851882583,0
544.7683580489276,22,0.08356664564097589,465,0,5.034699182726093,0,0.5994681031445165,0
1185.5433340173101,8,0.15993712342793093,566,3,0.7315965275439308,0,0.49183584043319767,0
998.7592029416863,22,0.5169131863255384,55,1,40.677957758007096,0,0.7574025985753828,0
661.3000416232331,13,0.17354296456901455,592,1,50.47189595693003,0,0.8406205346892847,0
368.6532187928068,21,0.06369883983363868,641,4,10.901044038154472,0,0.888709992253621,0
660.1960791447818,19,0.1908611468314076,130,3,86.88262399637512,0,0.7244837426074306,0
604.6445563012886,20,0.26082444093725976,402,2,11.165230718400055,0,0.8990994785085314,0
679.8658188363245,12,0.13564327756216996,904,2,2.38897673642201,0,0.8996630083086801,0
539.9734049312319,11,0.14092721789466578,738,2,37.57090670187596,0,0.8749443784586067,0
399.37034970720424,15,0.12389468914214219,270,3,4.80125155127035,0,0.679310089614337,0
450.54705688904306,15,0.15306626108120017,937,1,3.270426135826906,0,0.9821345871175782,0
335.55049409649973,11,0.1444625097166851,412,3,14.757538074820223,0,0.8747770573011168,0
905.3600937810163,21,0.10517948528211855,724,2,0.056563671723135873,0,0.9439959223702183,0
1048.680778296918,10,0.4854648320058299,123,1,0.9244893969200982,0,0.7390985571578073,0
247.79076810854468,13,0.0999931859435232,62,2,5.354087364837082,0,0.9406196394985344,0
862.4322381024589,12,0.10772181152309329,34,0,3.791614815091596,0,0.8994656133806914,0
116.63683461995338,23,0.7558103168767485,156,10,97.33467728366094,0,0.2856763917755857,1
719.1540375157167,22,0.20109927925003113,522,1,13.420664299003107,0,0.9401567997987336,0
726.2815021947457,14,0.19731390451559774,790,2,4.441619043206793,0,0.7686451390752415,0
148.14846209238624,22,0.47702038182821754,149,10,123.76476547496031,0,0.15393884402437671,1
713.7570571605522,7,0.04356670686275716,964,3,13.883486076757507,0,0.7033569288420689,0
750.3313278032357,21,0.15010838162147774,281,2,29.833569665937958,0,0.455011764533916,0
644.106306198358,9,0.41005865638464706,201,1,3.0303012694722717,0,0.7471135085368537,0
388.6064954443673,22,0.14131758676697523,508,4,23.649849692010275,0,0.7780210742919766,0
942.7894334217517,14,0.17907371495792476,329,1,17.87453826212784,0,0.6762666862314377,0
771.7289069929967,11,0.02815403937861321,309,3,31.039316857286813,0,0.7027165378269096,0
1201.4576545180169,10,0.306425572762508,875,1,40.68555189978877,0,0.7572880781326045,0
388.5211781495444,13,0.08147544847004551,962,1,58.990110211746256,0,0.8520079571721183,0
582.1518085844511,17,0.0755576398084755,431,0,34.36816779665813,0,0.7951861871955542,0
1023.7195567771394,20,0.2037537014244621,600,1,20.914364551929875,0,0.8706806954710735,0
932.7751672199521,7,0.03209824243563022,523,3,4.344973569338391,0,0.7489162128125627,0
638.7582163159915,18,0.08996961158237658,704,3,9.841600151465723,0,0.9202276633647583,0
74.53029551584584,0,0.6697421901383062,133,9,284.16068373703473,0,0.3049602908787731,1
389.20503676686815,21,0.16069973505259294,911,4,30.14030594289994,0,0.8236368259279633,0
648.9423333084217,16,0.2575673473382886,658,3,6.424635975543012,0,0.7446829613787671,0
628.9508534877706,14,0.032906464954146696,547,3,37.80011804515576,0,0.7990221256151483,0
1089.897104766027,22,0.29124483151744646,77,6,15.482664314225765,0,0.8363110851835185,0
383.92240751845327,17,0.5866320933952905,91,0,11.312951746135125,0,0.8169074668335847,0
719.6570308510733,22,0.2828990773600325,802,1,5.112685027175335,0,0.9812724386999658,0
466.8567668812698,8,0.14747009534439104,428,5,5.831080039510602,0,0.9196567543644449,0
658.532944033343,19,0.3450147938429351,679,1,2.1560637114479646,0,0.8664909271233697,0
1451.576183578349,14,0.043030373115119286,701,1,2.2845705606292213,0,0.8803267729642514,0
1119.7629031294061,21,0.220331555897009,138,2,12.186139848867853,0,0.8476257960522966,0
844.2240978399076,7,0.18786838095264324,205,1,0.8973771028876608,0,0.8940837307634263,0
586.2050289556531,20,0.1313572929667473,597,2,21.493614562588164,0,0.7529796241700704,0
539.1263593139178,14,0.3706961790419672,210,2,9.54757788503038,0,0.6876298644619947,0
458.22238845254236,21,0.33538677523672544,851,1,1.1129213846141768,0,0.9214428371350447,0
514.397757855069,18,0.4571166362931604,955,8,50.70599092081548,0,0.8127358254957424,0
664.0024845287084,15,0.3123277056007389,158,0,5.79498100644524,0,0.7386206024703931,0
1097.6676256505027,21,0.10470219250025348,609,0,82.23549123904618,0,0.8788835050480153,0
483.92870369765933,10,0.07857156131843482,862,4,15.340621394990059,0,0.9727981290935406,0
278.4215490607205,14,0.46444156643157647,122,2,21.457994423372377,0,0.6930290396124518,0
124.94641320426517,22,0.22822787229474834,138,8,145.46550282786427,0,0.14598235930837417,1
92.0368707954226,0,0.5553509469283194,197,6,85.67077742879131,0,0.5234748336006161,1
500.3797282559575,7,0.2796307314327191,243,6,8.359568837401728,0,0.4623351382241138,0
597.172920034159,19,0.14685027697974892,214,3,11.005311553161146,0,0.813435034273425,0
702.9607213717327,8,0.38496976584906545,130,4,3.2671652346711477,0,0.8754871295486563,0
937.5634596960915,21,0.11385998605137489,110,2,39.421335575126335,0,0.9459528679300936,0
1543.5694177510557,13,0.2065709515320366,454,0,9.831630838954997,0,0.8799148884268938,0
454.1309246637743,15,0.25386682790044207,148,2,8.698388354961729,0,0.858264621804199,0
850.0045864658696,21,0.0931314424777556,541,1,8.645034064286522,0,0.8673828069158612,0
703.5775786331185,18,0.23903104155885752,502,2,12.781365644053777,0,0.7741365351523426,0
328.41213036658894,8,0.05440642638653551,158,0,1.7794741215955154,0,0.5548526208468424,0
457.4350595596543,10,0.05622197148756848,313,1,23.80756619926787,0,0.9499700280507016,0
677.5837237302337,21,0.4300717226631228,102,3,21.741500429941993,0,0.6783023446484175,0
694.7066181515942,13,0.04988158559835897,470,1,1.6147909270119456,0,0.8072972841954771,0
1060.3054229876818,9,0.044415735571809216,726,2,40.56023354608131,0,0.9625502015330685,0
1984.35222695013,11,0.15950311892267338,514,2,7.3319669699050145,0,0.8420979242889303,0
77.77428887224497,5,0.7378729707497608,67,7,136.81450290319887,0,0.25365150234187583,1
677.5777041127114,18,0.1365588177616054,91,0,12.184217937211953,0,0.7686342345781793,0
761.0475465777889,7,0.01808350068460269,540,3,10.790955116616324,0,0.874276624868825,0
678.6945881224331,9,0.2023500305603433,491,1,3.763431301390494,0,0.5971445070962504,0
580.5472526882364,19,0.2744667320535095,496,2,33.08300529687372,0,0.7328892243221592,0
558.1405874985835,13,0.34919939049402976,595,2,10.816986941031843,0,0.8451040609108597,0
350.8004918745812,21,0.20039057179251055,981,4,4.4465934598040135,0,0.745380223383086,0
1330.9883219865824,14,0.27260493029743577,139,0,14.484391045101264,0,0.7432867594620466,0
263.7957929910902,7,0.21375430588184946,84,2,6.500698482367942,0,0.9502681916273568,0
579.1129744744316,14,0.10034807329379564,434,1,15.753689654193064,0,0.8641926667770723,0
1403.6652254662515,9,0.2521735657685689,98,3,10.755587290467487,0,0.6733976658358655,0
893.4963487696125,12,0.32367058005527727,33,1,10.121054222090983,0,0.8906098760503864,0
1017.4183355065488,18,0.07256933401133789,357,3,14.324510083015324,0,0.8015153456197319,0
1402.404620404214,15,0.050834191044243617,432,1,7.435667815699085,0,0.7908991429483361,0
631.5285360817498,15,0.048427429672123726,974,5,42.292578370474004,0,0.9652714995461009,0
616.6525498893016,16,0.24775163797715627,54,4,8.289330941293116,0,0.8545014276978282,0
1177.9242689049645,21,0.06744674566687325,719,1,0.1210758347570463,0,0.8785582970573782,0
392.7733775968144,10,0.02507140259954211,694,3,14.868380737299654,0,0.7378709497694371,0
1190.0479609089432,7,0.45232280079399606,741,2,3.7127237104931408,0,0.7358049478537146,0
745.0159083331163,8,0.04908690675050203,684,2,27.56682166536853,0,0.8306357478852268,0
328.2611209967896,11,0.14772408709414073,142,3,1.8782754995663398,0,0.7514337699952921,0
577.7838407904313,11,0.11302516699218697,155,4,8.91136291645319,0,0.5546280078621555,0
803.9286087603264,8,0.13974248060151515,223,3,19.520046743046667,0,0.6535583724338951,0
561.8040351450451,13,0.1512828715701966,203,3,12.634140956048673,0,0.533786275733121,0
772.7728424697872,15,0.2312984142738012,320,3,6.601625019625496,0,0.5628496836468246,0
510.1990936585735,20,0.6333126122704374,148,0,6.7809177778787815,0,0.8866065917799827,0
247.01030293104014,19,0.3376226571994518,668,3,0.6557193347323589,0,0.6913156571420048,0
1103.5539844318312,22,0.0042824599832417395,471,0,73.46360541928048,0,0.8516417372131783,0
415.98745948360414,5,0.6240951363158553,189,7,77.49540172757756,1,0.27722887616465003,1
1414.5218450575524,11,0.08748663573887096,293,1,42.21441534527109,0,0.7261154565572973,0
631.0427992389317,22,0.14655446809261108,465,4,21.775118981896966,0,0.584706012494933,0
170.30714693011078,1,0.6155808354786034,43,11,98.22267687427265,0,0.4665453344565733,1
193.8113734610773,10,0.24690028736052644,937,1,3.691111449575045,1,0.833665638809025,0
671.6095904752383,9,0.20896047638752294,388,2,9.685817892961936,0,0.626650452840686,0
473.3349467830135,17,0.1916226570056735,261,3,23.69926958847819,0,0.7353016777759539,0
1025.713050605645,7,0.15651706304075866,535,3,1.0572177979792912,1,0.944273364706998,0
825.581324458981,15,0.09984542818642522,703,5,12.244937078008274,0,0.7668749461426184,0
919.7668395201997,18,0.052345914871981494,313,1,7.147339569962974,0,0.8936952825474913,0
334.7150352483079,12,0.1462529404000465,998,1,41.57569705106773,0,0.8330851323877642,0
1120.5271098761002,21,0.15104779891371578,834,3,13.783872272912603,0,0.7751152815129115,0
843.4035926625234,16,0.1634740325149764,799,5,4.303642206502225,0,0.7919891399952744,0
597.8024960284769,15,0.06580181039501157,948,2,1.745866669657347,0,0.6871011068545154,0
108.13379790801964,22,0.6911753591658096,6,6,298.29068120591467,0,0.21557044305757608,1
602.2119040789968,13,0.15687840878120102,185,5,16.470927447988974,0,0.916939512982256,0
449.75963367351903,16,0.031730440429179864,60,1,10.510588328698013,0,0.457804030112815,0
2353.948118443576,19,0.2281175974643619,444,5,6.657108367570636,0,0.9216285945901052,0
1570.9678840666343,13,0.19858056715134295,148,2,7.671399610539955,0,0.6422394709384669,0
874.0488910444395,16,0.06066263393312215,801,1,13.521067143793285,0,0.8789761062466197,0
787.1950891428664,20,0.044665831592412344,506,0,2.5151360275598798,0,0.9002588567572091,0
759.1841089288574,21,0.5655560056096696,457,4,16.41473306621536,0,0.9706786286545261,0
508.6767772482447,9,0.09104597477872618,813,0,4.4860869704029165,0,0.8200673400659666,0
609.0780849880316,7,0.2908483599813611,33,0,16.95317935863083,0,0.7596097478333679,0
500.26344788634276,8,0.1474289996690823,521,5,3.89225399145282,0,0.9365493577580116,0
1072.2196388577545,12,0.30737265087518567,411,2,21.410111112464545,0,0.9261408550206093,0
1044.9725773714997,11,0.15023786085784732,232,3,15.008919108525108,0,0.9621593116554987,0
536.3105392787788,14,0.07862198357138417,154,2,40.061486756164044,0,0.8427140214048685,0
321.73918751505846,14,0.18448348425252767,115,1,4.664922564890932,0,0.7883629383060655,0
609.7302485825226,19,0.39322378461745766,310,1,22.54769983038162,0,0.8293558971106676,0
762.9882657610386,19,0.36742723591436105,959,0,21.688095369601854,0,0.5139185896438905,0
840.6725009698057,12,0.3102324946225793,331,2,15.839673000386053,0,0.8248749089844989,0
232.26633194335972,13,0.5658317916472533,734,1,14.570347940939039,0,0.8435593324872628,0
669.483048635182,16,0.14151639888815376,882,1,14.509274448864197,0,0.8367179930755805,0
468.9664418909977,18,0.11176208764576719,552,0,50.57578983818321,0,0.8421428702577249,0
1203.5720430855165,14,0.24734481916914955,523,6,8.30193867989884,0,0.622435797423915,0
881.4401294447146,10,0.06754417300027836,537,3,8.063369864640645,0,0.897358484981837,0
681.6167994018914,21,0.13692182274886608,82,1,11.250274343132547,0,0.7438132876117765,0
552.1867004525607,20,0.338276223250813,859,0,10.462366222608624,1,0.9369290921276435,0
635.3356919826407,15,0.20150514428834873,230,3,3.0931199168715757,0,0.6349020328888064,0
194.72891187006087,4,0.873477207235402,165,10,159.03335640702505,0,0.6300076309999896,1
1208.520681705402,18,0.16617724652140245,965,3,19.095867076802893,1,0.5813272365506723,0
1101.3889726571788,14,0.181629196261084,321,2,24.953572819282158,0,0.7984346852756162,0
498.2305687169388,19,0.5148399473020483,519,1,13.747425018549823,0,0.8961635858499974,0
236.35347159864156,11,0.2977089294127474,701,0,29.623152930320657,0,0.7387850738632662,0
259.35169478688334,9,0.279158321639675,764,1,7.783169527318282,0,0.852923548838169,0
401.14455340452025,18,0.061469314287005174,146,1,11.598986824353302,0,0.8281191526699195,0
688.2770937320664,11,0.1889796760846367,705,2,0.5617151560553459,0,0.6594766816955917,0
773.7571166803738,14,0.23611942660700172,131,2,13.163972588633225,0,0.8164434112247547,0
200.67792508073245,23,0.6625251959348165,174,4,317.30412140657353,1,0.3875457737370471,1
954.1927728426864,20,0.16655500492648542,443,1,2.2446583979713752,1,0.8704290576206415,0
63.02319856913889,22,0.6215191058314955,93,6,191.481007639531,1,0.08836858282283919,1
901.508526557783,14,0.3759284740520487,614,4,4.672261757452391,0,0.726311258678747,0
296.04052401238806,13,0.2744206360655156,947,3,24.079563318238613,0,0.7975304907790125,0
505.1318244429953,22,0.2884377392040297,401,3,17.833377967338127,0,0.9044645239674972,0
747.9147228675523,18,0.13936806834616117,81,1,3.494031513203407,0,0.9327986663370448,0
760.7221549328913,22,0.018563647564449854,345,1,11.586601590002104,0,0.5997737362858273,0
897.9799672115676,22,0.0721714999570153,387,1,1.6804397658538794,0,0.882273806069655,0
1087.2025518337286,19,0.11669835633004669,291,4,33.24148165664426,0,0.7298603442056022,0
184.78657260964434,16,0.26634282934647086,121,1,41.521233955362845,0,0.8098850137239746,0
300.3995467525557,7,0.07041848545516526,136,4,1.7740615869890608,0,0.9700726699243583,0
1747.3228184631773,13,0.32183245908440394,940,0,33.44776356171301,0,0.9139520523677156,0
905.8624981599851,13,0.08327146738181027,487,1,23.374560689972643,0,0.654488557362949,0
617.9915045682097,10,0.2931799304278017,661,1,1.2432991490379794,0,0.8781651293356095,0
378.69891306616074,15,0.24998467100930785,801,3,4.5772203415606025,0,0.9792424765382496,0
1206.9820663815144,12,0.22181000425970812,947,0,1.714392658390379,0,0.8172323699210382,0
946.5364324919411,11,0.20912041205559165,399,2,0.7387930445770858,0,0.8312074622243258,0
1528.8943995465893,16,0.16460123695701015,288,2,8.410621352472663,0,0.8187491799059418,0
760.425555475665,10,0.07670659453853168,118,1,3.7387396081345807,0,0.8175733113363551,0
555.7017541304565,22,0.14946257515643765,900,2,19.174067114729148,0,0.6301629605461911,0
403.5882845038052,8,0.365201236961346,93,1,13.836025237644996,0,0.9404831881645247,0
1007.0841739163716,9,0.031036585548471815,752,1,11.47682064736969,0,0.6211299025242929,0
1702.1972490438181,15,0.14838385401340815,70,3,0.809590309370742,0,0.8174318019446161,0
426.22918246927287,9,0.28486076025160956,866,2,26.094885200076728,0,0.8757986452009865,0
992.4133296920805,15,0.18086846894614214,442,1,6.003117832687558,0,0.8764717563572785,0
768.7163595373048,11,0.2595324334038828,932,5,13.565005542236007,0,0.7830448820343505,0
805.6014126722348,20,0.19674553092502983,710,0,42.50830837115992,0,0.7139390787237937,0
314.70625245298845,17,0.04991845244589418,198,2,45.69891652224801,0,0.8786646963263827,0
796.8451852039942,20,0.14665430177520794,87,1,9.333909538390666,0,0.9075347832498477,0
431.76643398193823,7,0.19644692480599438,406,0,2.834805411540344,0,0.9186089137634564,0
1437.2411798575276,7,0.222059703330758,995,2,2.2753753266621297,0,0.8803624558047942,0
184.2526718816849,8,0.24692378449985597,181,5,62.484223792752985,0,0.9616499331859231,0
661.0617776109611,11,0.08406885029849685,682,0,26.011621491497408,0,0.8092240391883758,0
452.97736092616924,17,0.25860686036412667,244,2,5.120949089946695,0,0.9311188997536933,0
536.3152356158188,9,0.4595550738280996,415,1,15.814512884568671,0,0.9282855965453577,0
439.68634491965304,22,0.22463369402168948,593,5,6.878031353669312,0,0.9323207135762249,0
608.97423956122,11,0.40055961174162286,661,1,10.359065541352894,0,0.9497640677331366,0
361.9988959983394,22,0.17015683800642428,718,1,5.293218731447356,0,0.8284711924682787,0
650.6424358388208,19,0.21406616746594068,903,1,2.7152465718589656,0,0.7088608666646069,0
1377.8409645491965,22,0.23566802536525894,506,1,7.092344237620426,0,0.6275312010062895,0
838.6922321080308,10,0.23767268154755994,668,2,60.923256802149155,0,0.899683668708471,0
793.4211790512029,11,0.09519719143397386,764,1,18.04060334069506,0,0.9321196253276182,0
629.6258264277038,11,0.0520830179039996,301,3,17.6692463035813,0,0.7732110633593676,0
564.2144292331221,21,0.42874086069740014,967,0,8.928236686264569,0,0.4976870860877125,0
613.582085339421,12,0.300614832039706,782,4,6.705147320322247,0,0.9147650564380673,0
476.52849550120095,17,0.2371408419910523,853,2,3.9890682900631895,0,0.7908142360717156,0
687.1187615602404,7,0.09281782482807788,594,2,1.8748949199759428,0,0.5450871279859659,0
671.5817862185669,14,0.06007473272081393,623,2,15.681779845926133,0,0.8464374391424538,0
1042.7314977917354,17,0.19947370745807133,153,0,17.960275356481695,0,0.9184469594095472,0
52.28375198613556,4,0.7308778227645757,63,7,143.23017154643418,0,0.21629148799797365,1
330.27112834202893,12,0.4302096629621423,460,4,4.025411066312642,0,0.663855162206937,0
530.7816789433513,8,0.263614952256858,883,0,11.33550623540019,0,0.9891251064317702,0
834.3527341470491,12,0.16974360885931972,621,8,15.385195925569116,0,0.8325953505797936,0
445.18282396134157,15,0.06513056994791232,626,0,28.76442759118682,0,0.8480007019849592,0
653.1359519652094,14,0.0757022750408031,963,2,25.059367916426893,0,0.965168742619196,0
443.00208803376944,11,0.36475039483857213,702,1,2.784306750729197,0,0.7332446770570278,0
609.6158678293556,20,0.03549980385765322,365,1,5.745672626653964,0,0.6250793389406488,0
505.1343955757911,12,0.26932791328066497,988,3,23.779024916982788,0,0.6385548912355538,0
582.8458861391371,8,0.08737834265580866,546,2,72.61980152991337,0,0.9042818993335594,0
882.6549406583463,7,0.24116991630125065,307,0,15.406594897028715,0,0.7754283780180365,0
1301.3611120188423,18,0.3727141382797059,875,1,7.002333762493127,0,0.8484563505317054,0
734.942501149044,8,0.32576787072488095,468,3,9.082010625703353,0,0.6709739105213482,0
320.45764840269413,8,0.16445351420567095,608,2,26.334840782296258,0,0.7424063266915769,0
657.3357432593596,15,0.15774320671559233,711,3,1.0700751098829195,0,0.8966070593080165,0
228.71059821388067,21,0.30704629431635294,629,0,0.19813170586278445,0,0.6947280019154223,0
831.7337753398104,9,0.046609690001619596,400,2,28.570809749721963,0,0.836331869229895,0
737.0988818509529,16,0.15443862308478562,895,2,2.6459588798478975,0,0.9167280980885616,0
618.4216962488482,13,0.09904884772664516,967,1,4.227887912399764,0,0.7884737203029671,0
501.4876310066221,9,0.10648210211499512,808,1,7.076311865384616,0,0.8429811918608895,0
607.3178232412348,15,0.1520290057895244,749,4,1.5424931432794242,0,0.8963471102384474,0
534.3259052205062,17,0.125063061987409,322,2,4.92758365506715,0,0.6968250573519165,0
496.5780453953881,11,0.0362841126098706,268,2,48.345304094150876,0,0.9324403910367102,0
593.772603610445,17,0.47135680821894954,229,2,15.750789211068348,0,0.45199053408548334,0
882.5371524503627,16,0.12912493265412572,304,0,10.113108820854741,0,0.8311526856731088,0
496.84522325865646,22,0.5481015216970336,54,9,445.1994375992561,0,0.36102199482441505,1
355.1831696084639,9,0.16839790276474328,352,2,11.718484441181808,0,0.6851397477932818,0
486.0177465768903,17,0.23302230782689068,207,2,3.3832544680610988,0,0.9524172873797795,0
519.2625743587797,19,0.10632279192903141,461,3,13.650273060162576,0,0.7720052580349201,0
1133.877939979397,11,0.1275377354014119,605,2,3.6553984954527357,1,0.8338840732459005,0
767.2765662126576,18,0.1362323822691567,510,3,17.093266169164487,0,0.8690995962066211,0
840.9659987224836,16,0.28753129817105155,72,5,1.5216686274324962,0,0.6281130167596173,0
853.3592005348554,10,0.15546065938977705,769,0,8.873249353625237,0,0.9893975806802864,0
1063.127062853964,13,0.11803860147279455,34,0,22.19629446273048,0,0.9431303850761932,0
393.98302895666694,13,0.27503202451809394,857,4,16.985694082876773,0,0.8579056015186806,0
675.1979049390062,15,0.03127157281083067,431,1,1.1635366721022606,0,0.8305779923139154,0
295.41901005015865,11,0.14590767540381838,562,1,9.011085073754193,0,0.5341580785037089,0
729.8080984885698,11,0.16442102719967772,293,2,12.184217957630304,0,0.6045931929974235,0
809.2187863864386,16,0.4952933256471516,977,4,2.407539305633923,0,0.9201930052528442,0
1609.6057312436274,17,0.1516145465518672,120,3,0.7341696887464708,0,0.5817550215634307,0
1207.0226578530712,7,0.15580703318457517,645,1,16.73293998036631,0,0.46819535488483743,0
567.48690586521,19,0.07720850250381751,82,3,50.017168337546494,0,0.8210585311503024,0
378.54739891071694,21,0.22466571346083372,318,1,1.109597717827585,0,0.6227493308446502,0
684.2586833976821,7,0.17181746188303773,213,1,25.36440758818866,0,0.8796976308021964,0
1097.9113262137894,12,0.07679915935264935,922,3,10.0678202926647,0,0.9489126673291816,0
405.740014556104,14,0.06033833777079293,844,2,13.500196778787815,1,0.923135705298191,0
647.1437447445485,13,0.3413162873050108,148,1,9.334320563298402,0,0.9560847881574954,0
255.54683745973003,20,0.28348426110302644,601,2,7.157173998532549,0,0.5600748562423515,0
578.0517558031056,10,0.34236553835681144,898,1,4.111702099625427,0,0.9406225413840731,0
460.6274316625723,18,0.17357248400532702,892,2,29.984280455636362,0,0.91549225778356,0
1123.8751165668393,8,0.12331209611828974,870,3,2.3507772550220496,0,0.7329474825136238,0
665.2487886011846,22,0.2730532847291396,500,3,4.321267185904151,0,0.8110100662012544,0
917.5583451674622,15,0.44489311567708895,361,3,4.5515253636668325,0,0.8501696891850836,0
772.4640678019472,13,0.10816588564041286,556,1,10.517921346019131,0,0.9576809599159248,0
642.3975654845613,17,0.4255434960807263,35,0,0.2914909266512849,0,0.8847531729722115,0
1403.4234779540948,19,0.186152022723913,185,1,16.97823993757276,0,0.8907977876589338,0
463.8250473431496,7,0.41782331572492026,181,2,3.9703047478953697,1,0.8604339251259688,0
415.6397638061671,17,0.060020582550418665,523,2,7.61056519031627,0,0.712978189879834,0
519.1486132040436,10,0.5394604792193904,947,3,6.005572080736044,0,0.9749458219548051,0
461.698074713631,14,0.09549099791338804,566,3,28.99311712109707,0,0.9410277870350072,0
926.6090003000043,19,0.3080268833776607,117,0,7.41417651786892,0,0.8551624533078095,0
1412.2100943337973,10,0.08595649050571551,765,1,3.4769158632870214,0,0.9395232001957387,0
510.9720309972112,16,0.17732412669156342,888,1,15.661153045421003,0,0.7545084010917288,0
1527.3311265076918,21,0.2944145002109349,363,1,50.56399785268107,0,0.6759213771045994,0
989.015703464445,8,0.2696523907411968,812,3,42.06895781132912,0,0.9298813086239748,0
410.48390132105436,18,0.17514931928861632,661,4,3.656580950357169,0,0.9164869391350727,0
671.2769800900847,11,0.25397020226361317,393,0,9.494841854934915,0,0.8597337710131708,0
1003.0584603436382,13,0.1999064435019387,442,5,0.9137767279243582,1,0.828759148890468,0
930.553739888698,19,0.028689307456687477,784,0,5.739997904028816,0,0.9725914288469187,0
627.2749961108531,8,0.042947105797748734,180,1,4.201582168761573,0,0.8418687754336825,0
404.6228212486718,19,0.04444547730293703,815,1,9.168376774853668,0,0.8397403390629133,0
972.4859210984235,14,0.5344259569137824,119,2,1.4306849247648996,0,0.8755451967291313,0
539.9963840962563,15,0.1931843596564618,186,2,5.86236108181209,0,0.782804628484064,0
255.85033800209337,21,0.4740724061062217,884,2,10.625512207989914,0,0.9305608261508653,0
293.60326605385075,18,0.14823671251654977,447,1,44.66433043480314,0,0.6752576915961601,0
672.9016183922187,9,0.12466999488071685,867,5,12.059710726211678,0,0.4685647401591763,0
729.8962280599247,15,0.23272093335460084,288,6,0.28245427338332274,0,0.8871420895587848,0
641.9299995969483,7,0.12732984761502417,754,2,10.257048174972384,0,0.7793235997595377,0
767.7941349797834,9,0.08341727738007361,170,0,4.300765103657754,0,0.6392192625781906,0
542.2782402114419,12,0.08498998183405752,439,1,15.124511888138434,0,0.8205853541950334,0
317.0125090041334,7,0.08751119655580801,843,3,0.7787604209141071,0,0.7954969454523488,0
1606.031315550905,9,0.21972727910472503,45,2,12.796343392449222,0,0.8184671717912315,0
424.97910235241307,7,0.17632416559704767,961,4,20.61847701248862,0,0.8055627132856282,0
805.8587033232402,7,0.15509878233457036,330,2,5.55019447207973,0,0.8695796815534288,0
595.510303656899,10,0.29608371812536133,442,2,51.66380796356121,0,0.8411811275460764,0
1039.944681885285,12,0.11892656896472736,162,2,2.0081931116735188,0,0.8125117515110781,0
946.5365687317261,18,0.28379323459180983,954,2,6.32543778982417,0,0.9269822649011745,0
957.6605890034859,19,0.18595591714382834,284,2,21.385634922958218,0,0.8497312158420033,0
1305.5850316960955,8,0.4650014843112984,742,1,5.325857425097806,0,0.47095202112069373,0
679.2438800905238,22,0.05410510897553272,562,4,5.793809651570201,0,0.8427849014069254,0
338.0529847041031,18,0.2388385882713221,239,2,2.8571363513442045,0,0.891408544370218,0
544.6069357711168,10,0.13563439303920946,210,2,39.7166621225371,0,0.8765106025334499,0
310.74483270539474,7,0.22130187254389574,757,1,16.159819788704024,1,0.6735042853287625,0
424.02932641289397,12,0.15473247892217537,174,1,6.192117351714411,0,0.8902348499578795,0
1315.2930964022628,7,0.08545941954135786,709,1,3.5334088503226804,0,0.8704439629546499,0
815.0412092518535,21,0.30323966757654086,118,0,3.982988771341732,0,0.8352913580353543,0
839.8427415142706,7,0.05403108021101814,993,1,35.69214036582149,0,0.860781780209122,0
574.4124058835087,20,0.2420945211724995,745,4,2.566983516405561,0,0.7225555951290356,0
453.16974825829294,21,0.10329600410063537,58,2,30.2032937500005,0,0.9129866731553752,0
525.2002203197505,19,0.11670777537542551,296,0,57.36621830773712,0,0.8195912434642814,0
859.9720274520758,8,0.07310960720167724,959,3,1.1934610762038773,0,0.6665598392395146,0
1225.0478385987471,20,0.3624948661011656,622,2,6.371343239871682,0,0.7841781116907842,0
1248.8560791701452,21,0.11291214077351065,336,3,6.666002373905004,0,0.8590472714451631,0
868.7984678943651,12,0.3898069975463961,780,3,39.903398064686584,0,0.8684584506504229,0
120.03559063275523,0,0.4516744221918995,183,10,677.7279881164008,1,0.06648752211304536,1
1457.6931632270223,17,0.11784163238383004,889,1,4.7183304917834175,0,0.8412374661365736,0
242.33950781463813,14,0.12823192368850522,845,2,9.522840197090794,0,0.727840013706857,0
870.5264302608136,15,0.12781229543399567,180,3,1.2250403015758613,0,0.9220275291825483,0
804.9271277851377,19,0.3831413176285103,624,1,3.387810536679618,0,0.6449332522869727,0
973.3519609019082,9,0.11321993500696045,221,1,1.0824415249852295,0,0.923738457550831,0
761.6448910535164,15,0.4065302819168891,121,2,74.63771149912041,0,0.9279078926729376,0
775.7918616264382,11,0.01946723810794659,716,2,0.47366348333648123,0,0.7539003316541856,0
275.8440318346975,22,0.22620523091524997,946,2,13.292316962606904,1,0.8341019146100855,0
704.4553106262113,15,0.1851170295313985,449,4,16.225236995578694,0,0.8623993800167612,0
420.5341144301266,18,0.369061063873975,842,3,13.625683010271114,0,0.9047257514707073,0
944.547544032342,21,0.5974237928816268,761,2,16.687111409503384,0,0.8555137142880537,0
293.84602912154764,16,0.18917902620990298,910,0,34.711447913133725,0,0.6324118317189447,0
647.5533174634716,18,0.09454376305695587,45,3,13.056764002648352,0,0.8703962513485414,0
813.8783912354995,21,0.027212710274023465,591,4,27.768905707887743,0,0.8993056895727529,0
905.8867138243133,15,0.36400287639041917,803,3,8.181443034459264,0,0.5967580481860822,0
481.7220877249718,18,0.0827734903016385,615,2,46.774314198898985,1,0.8674241220257375,0
536.3116841975274,9,0.21975487731228352,396,4,4.30515618026951,0,0.8655505298980166,0
525.7757855864221,12,0.25486383733070667,764,1,15.997880871983511,1,0.8235296325875076,0
800.3524120443985,11,0.35838920222864784,778,3,23.228446294901467,0,0.9641860979113399,0
1156.4320118032097,19,0.22674272822177277,992,2,14.120217710533671,0,0.7592236544685382,0
827.2051650625197,10,0.10107934649810367,97,1,11.89888867443553,1,0.8955855025075592,0
334.31190004051973,19,0.05666292196217103,628,2,4.79896445618726,0,0.8230178248365803,0
2743.7905267072397,8,0.15620293549871783,515,0,1.3448392130295987,0,0.4979227427367411,0
1306.2796065849784,8,0.41426245011736174,571,1,3.1156190234036276,0,0.7118687053490496,0
720.5946791200804,13,0.42052961080593165,977,4,0.6325562568148685,0,0.9144409510836344,0
266.3111672657797,7,0.09520551108205262,724,1,48.45702368206339,0,0.8008659924572478,0
967.7154377750329,15,0.044139856877207555,979,2,14.754549768737446,0,0.8367961545062136,0
537.2069661330298,7,0.17959517919073878,418,3,3.3288024311300592,0,0.8437569505010473,0
880.4327452505613,11,0.08203033886299783,388,1,7.834441911096153,0,0.8057396557267733,0
544.3274984806084,12,0.2821460378819104,770,2,8.266393425879945,0,0.6761589680040576,0
575.7897256166522,20,0.265353561009151,326,1,28.5393788374449,0,0.9388288253057964,0
241.86189503677332,5,0.7329302241980121,30,7,119.16153159245823,0,0.2093833981564269,1
452.68889541428894,21,0.18065054155363208,907,3,4.444720241833953,1,0.5523827628507733,0
762.111790680107,14,0.09021813952468041,505,1,25.790646229197687,0,0.8094864442868221,0
992.9069667957427,8,0.0396613172446181,845,3,8.203824941989419,0,0.8297823258983266,0
735.4935280419805,22,0.19397038407635292,553,1,11.28158881619514,1,0.7871429008850669,0
561.3718774848244,21,0.32881340895452515,417,1,0.6090450141505221,0,0.8950765968386245,0
369.89190851640717,7,0.12642114572802618,873,2,7.44558915498363,0,0.6674123128071439,0
429.00417656673903,11,0.2775871014774919,81,3,6.389755924852897,0,0.8435557027009992,0
1711.3567285791464,20,0.2441440853951311,973,2,5.286650449806573,0,0.8318010879553592,0
620.0646296976436,19,0.24480495956086587,188,3,5.08217318598652,1,0.8621876049188226,0
730.969331035833,11,0.17703954462032692,542,5,2.679768714123851,0,0.9166261540483966,0
129.95568853790536,0,0.7954669568725306,67,9,80.67079327742799,0,0.22330918390780505,1
416.045728859863,7,0.008176761422912909,667,3,1.5163419518150445,0,0.7883136232123801,0
476.4010678177969,9,0.35052297998645443,161,1,21.984692748077194,0,0.6482603800060109,0
1531.610867132462,20,0.11016305446107119,972,3,5.242734782523723,0,0.7690280964179859,0
41.469415661169776,5,0.5970605192744934,24,9,260.66431417590377,0,0.2624165804831574,1
464.80795462331906,16,0.17447484347130804,487,5,7.5994998484653,0,0.8005922359473461,0
1139.8428694502725,8,0.4093539712634354,574,1,5.456601454777322,0,0.7420543927980326,0
440.421345407888,19,0.27969112510951644,632,1,17.190869588592875,0,0.8317573792011237,0
470.26293470347343,18,0.2621559528494596,966,2,4.768386052588711,0,0.7618109751948411,0
233.52675119170257,22,0.3868745450594584,108,11,74.35930426434419,0,0.2096050256086421,1
284.4936941629727,19,0.33602347707343405,993,2,0.7855705807776086,0,0.8765266528655496,0
117.65312692932426,23,0.7638099064509145,145,7,412.7865398126163,0,0.07927642769836932,1
614.1760847046703,7,0.2518765092346641,902,3,20.751360928496013,0,0.6887346863100092,0
397.3387215194122,10,0.12050106922142857,117,2,0.3172741655696921,0,0.6511598003634392,0
403.63566696497503,14,0.23713918188352712,582,1,1.191024730207843,0,0.9389697771603958,0
328.92714616761214,11,0.1134631558773766,404,0,0.13690840197166076,0,0.8909825281223832,0
429.3570558891501,7,0.20165607170895222,628,3,6.133259708756016,0,0.5057222057016117,0
791.9078149478905,10,0.42275302685140126,958,3,8.541545517161168,0,0.8615701212881914,0
584.268315693845,12,0.05247861239866281,807,2,3.143105733961226,0,0.7988151525415801,0
1070.532720840137,7,0.0565060932939046,697,1,3.599867564672711,0,0.8126884342590572,0
368.89420692704755,12,0.3644811200767567,721,3,6.0244913672034235,0,0.806800331074354,0
657.1939731900202,18,0.25788367806168305,233,0,6.1712074335657645,0,0.9452970328885902,0
775.7984386480236,11,0.21313043741771664,523,2,30.06377464916868,1,0.5057075674868298,0
633.8054179861689,12,0.3036725017992978,238,1,11.629291711761958,0,0.7560706377971614,0
991.8316456993841,17,0.14342045121975602,458,2,4.662398852954406,0,0.826705996802694,0
549.6509142474486,10,0.1647005652524667,382,4,41.64821347171564,0,0.7626337598406068,0
1078.106196912698,8,0.09464803642398481,860,1,3.665832335370446,0,0.673490240647485,0
854.7847960035718,16,0.10984860786607986,205,2,11.9378848632675,0,0.9542447449903843,0
559.0545668568176,11,0.27148399106864324,986,0,20.98747331567074,0,0.9105784060977707,0
1556.6822924063363,10,0.40076655324891824,414,2,2.732921341022038,0,0.7815936973558693,0
257.3202912896347,14,0.5241392562066787,159,3,7.6568520065093155,1,0.8287854892533538,0
725.6613011939229,15,0.06549273304967686,940,0,3.3871080633757207,0,0.7789145017769443,0
817.6255978364605,20,0.2047436035466443,615,1,31.64876389060748,0,0.8467803721956582,0
1117.3357132571193,20,0.1447102071598487,400,1,0.487283292613229,0,0.8759448875786773,0
485.0083122866293,16,0.07541184008324497,553,1,43.14936467346914,0,0.7723799765851924,0
527.3537324409488,9,0.16200227488633298,345,1,2.252080096909628,0,0.856274919668497,0
1253.085061826049,7,0.4828118972430268,894,6,38.65924428698635,0,0.6777550464865798,0
1150.7050432988628,16,0.21742323355969792,32,2,19.463853697751137,1,0.784562885140792,0
421.8056349704676,18,0.3870478005932843,233,2,4.781337122789969,0,0.75039173868307,0
293.22981856109294,17,0.21803149972963792,588,1,6.7900043683395745,0,0.7045766458787581,0
692.3535364002612,7,0.11080431949599108,624,2,2.6724531022394498,0,0.8168916617538526,0
508.5114649697376,11,0.6169249176078982,297,0,23.921279721605128,0,0.7287008408164858,0
1263.5040970287525,19,0.24468475950821514,595,0,21.268918399974815,0,0.8782181701345814,0
398.9370587913629,17,0.23425252451480924,481,1,7.5592676499614555,0,0.7839593548061886,0
735.567923908845,22,0.3864915769477909,153,8,0.5341658084540342,0,0.8583786661229611,0
903.932503394182,14,0.13760871787637258,944,1,4.188562160565223,0,0.765076352332494,0
970.395374356249,22,0.36787801443222273,252,1,3.634190375173041,0,0.5409640574936682,0
518.186014304744,20,0.39891608303705856,293,3,4.132472871837875,0,0.5789476202590701,0
720.5265209287467,9,0.13520151475029737,785,6,2.9873212170512367,0,0.8160160668655937,0
397.28502405917334,15,0.34418657509374795,597,0,3.75915533752626,0,0.7144590297379056,0
1031.8910062863113,7,0.19541549747530954,669,0,2.285991345639041,0,0.7002305754706348,0
872.1744587695803,22,0.23847539695971812,947,4,7.807934672921356,0,0.8205914640490691,0
525.8275010107044,17,0.13936758600710938,336,2,15.752554432453232,0,0.7619376035264155,0
494.16214118806124,12,0.2522230366701664,302,2,20.391246057844434,0,0.9083195012892193,0
634.3404708209267,8,0.3636238332961348,600,0,6.224731019643101,0,0.851887621377963,0
473.7222318241288,16,0.17314313416504404,491,5,0.16045116697959833,0,0.8292791240355737,0
295.34317176376186,8,0.31147809611261196,291,1,4.772818743389159,0,0.9414406436285823,0
288.5584522945842,3,0.6820544168172433,94,9,7.361632963214231,1,0.44014800780677604,1
1530.6448158391402,10,0.3314741669857069,191,2,14.438323340188852,0,0.8592614861123367,0
231.48170318430633,9,0.07008332329710383,340,2,2.0320304193655816,0,0.7798334650113455,0
259.90873461982807,17,0.14018365041762215,437,4,17.69538503075383,0,0.8013173866361256,0
322.6749862799864,19,0.3604918889967126,514,2,0.34569319311067215,1,0.8384779350380032,0
1617.2255323345564,18,0.16163622230794064,789,3,1.7266037515227775,0,0.8203487947774396,0
1072.6564275920466,14,0.20858292317844215,668,2,4.193669490791567,0,0.6217459147756954,0
321.4830651368503,17,0.20495587651436972,337,2,67.02264244118751,0,0.7804709530655585,0
536.6598780697916,9,0.27325207798872136,399,1,13.099717820323129,0,0.9010526513852882,0
350.52939965988975,20,0.0711670541429493,118,3,39.943284052317146,0,0.764540924634288,0
480.7972103862502,21,0.033210742657931266,996,2,0.20615183418974667,0,0.8757532616243003,0
386.3097874390268,7,0.012603723526614444,440,0,9.342592360825513,0,0.8028164145644898,0
720.3885544320999,14,0.0806765617367686,34,1,17.509180909067812,0,0.6130789179586971,0
733.4851456894803,8,0.3485796656209781,333,5,34.85828631363895,0,0.9091214322626032,0
550.6474024349186,18,0.06549167781264456,650,0,2.5443810039715156,0,0.6042492855748337,0
759.7063159574808,17,0.1950774152949233,494,0,3.5198997472542115,0,0.7108879601037942,0
458.6268967432803,17,0.06118441906170849,181,1,27.03709073745534,0,0.8293597344143695,0
1069.771962081387,11,0.09852086554529996,81,2,0.5021446842605172,0,0.9935531920998135,0
112.79787660928785,16,0.22717641167030422,735,2,9.127960514719765,0,0.7968086145477188,0
1296.0462792038916,9,0.24724347498740148,465,3,15.170928869450691,0,0.5642428852715373,0
1169.8688830156636,15,0.47750600527974757,46,1,6.638132215261589,0,0.572579071940464,0
576.9260889293115,12,0.07304986216251046,365,3,19.48459512158974,0,0.9785412930475886,0
368.7600618870181,19,0.4055151407814832,980,1,74.13582426671735,0,0.7662842585476758,0
85.265542536954,2,0.5762012047345606,98,9,126.35812578301784,0,0.3391949427038419,1
691.8818402429569,12,0.16559834615495017,109,2,9.73825567285126,0,0.8414120905195784,0
446.37966926781905,22,0.26791132800561174,510,1,3.632762067285645,1,0.7344527283442175,0
318.14519437181076,16,0.35001567318037147,577,0,33.438563998788354,0,0.9712567724302872,0
1098.2935937651712,7,0.028223628942912093,560,6,12.515393958513151,0,0.6287746811478665,0
227.44551707044243,22,0.580770218791098,56,11,176.14779379668357,0,0.08878440690728764,1
580.4690027384252,7,0.40587585395575404,833,4,1.5558647099204184,0,0.8884861494377577,0
738.4517240528593,15,0.139916985427782,174,0,1.3089191207047415,1,0.8899009597542288,0
1129.1083551496276,14,0.3574060755899802,810,1,18.667986780061767,0,0.9301786255843414,0
826.5093342585313,12,0.2882559426488901,416,4,9.524439371482657,0,0.8870465940535951,0
579.8136416568879,8,0.10024634589287441,252,2,10.788425891391814,1,0.900294604596792,0
821.7487254650856,8,0.19331790114224087,589,1,16.109398901933105,0,0.9218705311194886,0
541.3611272006356,9,0.2891048200067552,512,4,4.093534422847963,0,0.7639229068474174,0
689.6726029953154,11,0.0601178190417336,647,0,8.98572627905893,1,0.7489102379392655,0
799.0601482963762,15,0.05377612814734748,923,1,2.675861642737329,0,0.8633000715011963,0
1040.0820442629827,18,0.11574533437483331,738,1,13.306436572296935,0,0.7924974934597508,0
329.8184817568948,19,0.16013754492347235,207,1,11.814884147120006,0,0.9682852652072085,0
818.1874371153199,20,0.2159098084690726,333,3,4.316361055429844,0,0.9094868701570394,0
1345.1370408918385,14,0.17072069449987345,956,3,42.17289967821766,0,0.6700046184207912,0
661.8881592085319,8,0.19197703084009812,992,0,3.650047164027529,0,0.6917676423261625,0
695.2700482289695,9,0.0800477896916515,119,0,1.2486698774104774,0,0.8167002142449523,0
734.7684638973985,7,0.4543053290684379,306,4,25.86314946019844,0,0.8141726639911415,0
1393.2626834653856,16,0.24548511500304226,35,3,2.114155219153452,1,0.678433246512445,0
482.9840048106009,21,0.32993250907393207,348,0,4.927767645247424,0,0.697705945269083,0
957.0994472475986,18,0.1153057088610624,329,1,5.317596264617196,0,0.5402624552442913,0
792.8346797937248,12,0.12126762343614633,308,1,7.3532339718471516,0,0.9649101197392692,0
405.358283479446,15,0.017514081721195503,589,3,3.0891963744104496,0,0.8901856382939985,0
123.95319744052777,0,0.5426020303454695,70,10,17.260336255742832,0,0.274161071759618,1
288.89586457892324,10,0.5447163350313314,580,1,8.979360981941891,0,0.7060801908775364,0
1019.5532146180022,12,0.09888504614099833,330,2,10.257737225698436,0,0.893058757806339,0
561.66296694466,14,0.07554210678301389,904,5,0.6503802682618502,0,0.7081701176052841,0
837.7187511877983,18,0.20162661011976454,866,1,11.365403000413753,0,0.8230577981391536,0
1060.3201279619936,21,0.1496280245298788,394,2,18.149917975028032,1,0.8677236018980254,0
718.3258888367432,10,0.2979926469346281,119,4,21.944179571511498,0,0.8560765011945998,0
638.7425795427024,12,0.1768618039645411,972,2,11.408001845361365,0,0.4180597895013909,0
456.61930546614644,10,0.08319179388300954,402,3,2.20101713779738,0,0.8794604480327242,0
711.2585026229043,7,0.3488574780848275,927,1,17.33753505235676,1,0.9936702945253039,0
471.6648462268379,7,0.24178047999080765,267,1,64.84141186606313,0,0.9790327384004583,0
1528.462528592242,19,0.35682907139067355,193,1,12.877543208114833,0,0.7078158259655529,0
558.8807544460211,8,0.12264830229331063,601,2,3.884118288489876,0,0.7609709613785458,0
356.74673799105983,11,0.165768524217705,792,2,3.4381616251402183,0,0.9459273648659686,0
545.9380064153005,19,0.24515688341122846,106,3,3.626607179632945,0,0.7539972438035114,0
575.7670646231186,12,0.19286366724113777,141,2,16.826369803240215,0,0.9277861749960121,0
1130.9608371614793,15,0.2691832304547152,161,1,2.3533097504665914,0,0.9051731496407074,0
1110.433460205623,21,0.47817967287174074,806,2,27.352422748047104,0,0.7451431609581228,0
426.4732161106339,18,0.020834232489467298,338,2,5.690193519179823,0,0.6328461138644811,0
692.2681742680132,22,0.21888160948536667,745,5,5.139848873519813,0,0.8252331565582125,0
420.99436337536105,19,0.31238783948078147,401,1,7.508462479614689,1,0.891008486460079,0
761.6635886270064,22,0.008564174750545717,578,1,24.212284281453183,0,0.8629531359375963,0
418.11582207480194,14,0.08126891205245698,689,0,4.071336277987498,0,0.7769612282491313,0
805.722360679872,13,0.0611247106417826,520,2,4.676143312120693,0,0.38708029670415567,0
668.5932972368028,19,0.19838898859082416,364,3,4.3321520578329356,0,0.6555248780825157,0
584.9421378352517,22,0.19115611175365063,731,0,2.197293634938667,0,0.6044487559689958,0
664.0437512744239,22,0.403766308405042,993,3,13.2166321545535,0,0.5941640705026527,0
867.3284652728331,9,0.14724782806602157,945,0,3.197017675572187,0,0.8039467559057232,0
846.8460127535664,22,0.2266575836692536,422,0,2.267019790041662,0,0.759827464155829,0
335.23436248006124,18,0.13373486278146093,674,1,6.716689738757488,0,0.9400222247516679,0
862.2788849329114,20,0.27276388892515163,621,2,6.730422411559048,0,0.8250048237094999,0
464.2829436608909,17,0.2220810573072269,944,2,14.712362347043722,0,0.835920216254361,0
648.3205566674767,14,0.16865874047510587,981,4,12.262181312080468,0,0.8425725758433835,0
963.5739421859043,9,0.21839803321597548,804,4,4.994940946567993,0,0.8534713342435063,0
2125.0995012360513,21,0.07264560373026825,886,2,3.1313954038959433,1,0.7593726816145454,0
714.8285217785786,17,0.27907261041226644,812,1,2.707933187838851,0,0.5987933572759553,0
593.1272801865466,16,0.2104368860711232,276,3,1.2207233851751802,0,0.7122745429461677,0
1227.780423438896,17,0.19575496515357343,716,2,27.59545379023951,0,0.7051299032629491,0
584.3943241767018,17,0.4973167521168505,114,1,25.086826587258372,0,0.7484517868562836,0
863.7830413843442,15,0.10638133089573351,791,2,3.1233337327896837,0,0.9479842664433292,0
822.7530245496679,7,0.14778344513536154,270,2,19.388125076078865,0,0.953004669176228,0
579.5074351362241,19,0.13215957539247214,282,2,25.721730116692594,0,0.946009951949747,0
442.98765636641025,20,0.45187986960469223,782,4,16.99619329744886,0,0.9870714337543899,0
515.8361533249663,16,0.24803333871148472,116,2,27.00311309563238,0,0.8377533122967341,0
637.5110916661855,20,0.4047562765972858,233,3,9.091320125612514,0,0.7610757761855014,0
509.75097568907375,8,0.19493035204516582,660,2,12.632743442204479,0,0.854045747451418,0
847.4777882836437,7,0.37696223108632276,704,1,1.2149127248462714,0,0.7660801312815106,0
851.9476148832098,11,0.2640723096031547,774,1,1.2466718282640346,0,0.8672239348639916,0
768.4199350471566,15,0.2256946185773443,179,5,25.22331355212007,0,0.7628040854882041,0
680.7583594488199,20,0.27852873226070685,101,4,8.192911624130122,0,0.9002986922313418,0
653.2628877760145,17,0.09383188992008007,141,5,5.458782653829878,0,0.667640349818457,0
1245.4185807775914,20,0.06813634869486271,821,2,20.205757208940046,0,0.7380667513597916,0
246.97823571713687,10,0.41531403982823484,926,0,16.622228605363684,0,0.573646218640124,0
956.8531687750492,15,0.07338586238207073,719,3,3.9373711004016636,0,0.743567490662902,0
457.07948564005665,20,0.1143975721326782,307,0,7.13495251260806,0,0.7892498525728974,0
588.8789537368696,8,0.270958911857262,257,1,8.644371073571044,0,0.9020198849564716,0
1118.5238045607136,16,0.12984521533858584,958,1,3.6739006070468956,0,0.8045335864876775,0
774.7249338509727,22,0.19798598918310178,191,0,4.0433380868114694,0,0.855295968403694,0
948.6313200488347,10,0.25290208623154653,527,3,23.93336791676874,0,0.6818195214985437,0
477.0442872670581,16,0.31658205814211016,975,2,5.690250977318498,0,0.9216475368224148,0
488.0145746469664,15,0.037328009189274966,645,3,8.424684273972582,0,0.8177327644580654,0
1115.290725025136,7,0.02268113902301611,65,2,12.042052815965672,0,0.8350518773072009,0
584.7802338393252,18,0.14700871908209154,649,0,6.487636934660292,0,0.862558797687322,0
891.715120137973,11,0.41875208996957186,36,2,62.25638350219738,0,0.9253326742576555,0
674.5873879277925,16,0.16421498118038297,683,3,15.574868062087639,0,0.936383376443573,0
749.2288633629656,15,0.5431437882229627,909,1,0.05932040332617347,1,0.9823157411957988,0
155.61941306058668,12,0.13266892652436515,851,3,27.17194451545823,0,0.8203018226495397,0
379.71834117280525,14,0.18286032360179452,961,3,38.10286799094289,0,0.600673608255642,0
909.5019901799079,14,0.4189369071213897,461,4,4.721957099317994,0,0.9767595046888989,0
612.801768203443,15,0.26751081340647215,526,3,14.147615621054578,0,0.9519101349028923,0
526.2085694154391,20,0.11425626914761539,411,3,10.405005660340272,0,0.8444303374578189,0
401.82272169107523,7,0.1441010459154703,636,3,4.5215973499654245,0,0.9311196837914668,0
602.4156228232829,21,0.12821551967089803,659,1,2.344746682020025,1,0.7349152045785848,0
326.16631594768296,19,0.132299128224457,44,1,36.90921789123925,0,0.795408314683755,0
403.47667908960904,7,0.15383118212487368,354,1,0.5574139103661159,0,0.8206104952346214,0
983.3645531398693,13,0.24514767603827517,85,2,19.565470027922352,0,0.8469573333940436,0
459.03085408155454,9,0.22099712687935516,253,3,17.18549222988222,0,0.9771623542370322,0
576.4318309948926,19,0.15268823874929455,388,1,17.969074824267295,0,0.9088698634929349,0
344.0447644546607,10,0.062172231800376336,179,2,31.871898607166436,0,0.9334724822263168,0
347.0048459984568,22,0.30059063112157935,906,3,1.0101167227314658,0,0.9494520944937666,0
1007.2193062190047,13,0.18659554687094426,121,4,21.465932564993054,0,0.8268745259886616,0
482.5119018856947,21,0.03634905374606641,924,1,2.299401104197894,1,0.9424757670618402,0
539.8181656208603,14,0.09136594055314395,824,4,17.92306223147638,0,0.7687334454407663,0
727.6703290800268,18,0.1128682912662239,154,1,3.8482235243186995,0,0.7905638279721579,0
426.69184614519173,15,0.3988368786260727,862,3,18.586137142822043,0,0.8187863006685829,0
305.50759147140957,7,0.2192663677607195,953,4,4.013272199755851,0,0.7590701110222642,0
569.073540419183,16,0.24631275079380974,878,2,1.5705450097281553,0,0.8689004931967624,0
1035.830907173992,10,0.1357675901299411,696,4,12.936761915747624,0,0.6429293644234262,0
746.0571163984887,10,0.1798655313251304,596,0,25.767225140542923,0,0.7201435020890233,0
421.79925213669526,7,0.09526840304667426,876,3,28.16439975776814,0,0.6855126915218417,0
1003.6678554062894,22,0.16193400201983993,805,2,7.935812358188956,0,0.727289359373744,0
759.1235693616452,13,0.21465436019258807,302,1,29.19076467566493,0,0.7834664146205692,0
956.1940938058945,11,0.48666429462208355,476,3,40.48294920654923,0,0.81820126059537,0
775.1069317169618,21,0.13685489991479058,606,1,4.503818830767587,0,0.6772416897659432,0
657.964048699427,8,0.13722654375459203,378,0,11.415005971006199,0,0.7520411425932089,0
2463.406616332716,11,0.13364629261811403,928,3,24.267785375062,0,0.6149177310960866,0
522.8841129734483,7,0.19441099309382992,50,1,32.71665331335982,0,0.8009242770879403,0
218.38006679901662,5,0.8203620544155072,91,10,6.420704591568392,1,0.5250699661207189,1
1183.587538569838,18,0.1031230366221952,315,3,16.991830805944225,0,0.8191607641459079,0
1014.68711124369,22,0.2180042751087845,407,2,6.079787125620837,0,0.8760965063316997,0
1080.2303493068046,12,0.09954615047117696,852,5,4.16707664622376,0,0.7733000160246344,0
653.1853014177301,11,0.025038277239140188,788,3,1.8135618418583694,0,0.6918340663964121,0
315.31479643050216,19,0.06348262384172905,788,4,52.09437171857035,0,0.9270927786302374,0
562.4078499019448,22,0.16635533113056672,262,0,21.70073798654809,0,0.6089134976424935,0
621.2279112321409,18,0.13900487420197738,675,8,4.041608907742919,0,0.8621557750089597,0
401.618865214504,21,0.12856664806394932,897,2,14.26193530570562,0,0.9732113087901493,0
255.6268485301742,20,0.44622124661388474,137,0,6.917212607467796,0,0.9109210069379947,0
527.6107744767506,17,0.2739057983009673,158,2,6.731862372622347,0,0.8082390721475095,0
668.858592741328,12,0.49355633102922464,635,1,6.055132032794554,0,0.9521343497924647,0
701.2576744159063,19,0.14703618032597274,621,2,6.331140521316569,0,0.7600451735535869,0
652.7310983876503,12,0.21732545548521492,399,2,1.6037751269350689,0,0.8203515434116694,0
379.20118152697125,7,0.20715551241722743,527,3,12.388408831692374,0,0.7388062008535378,0
526.5471811041667,20,0.023343457440182992,857,2,11.815441120669933,0,0.6142264819459525,0
212.63373292447903,21,0.18674027072484048,932,2,32.485093018040025,0,0.8517455614278203,0
671.0222013614729,13,0.2551678735464783,879,1,23.908542810853778,0,0.7272163740668781,0
744.0135166590073,10,0.04896407506924913,335,3,23.00181337827547,0,0.8505685994893876,0
140.70545352750236,5,0.44202536009602783,37,7,187.92469191361772,1,0.26294787503621153,1
408.9561622686588,21,0.1024306516289794,675,0,93.27540166320904,0,0.9745241750851664,0
896.8347908032237,7,0.14446320479545058,835,1,16.998410549527343,0,0.6836803895661474,0
1749.7282953703418,7,0.13871642106729412,463,2,13.083916477716084,0,0.8273624941152149,0
714.8799776602724,16,0.269363268902128,961,1,1.6871243456509268,0,0.6322408542082089,0
557.8569805650419,10,0.16957279885841142,111,1,22.935421872723527,0,0.9649608857073739,0
496.8197080876354,18,0.23834888269673404,238,0,32.03675169682403,0,0.8621738991029223,0
1827.5828385489492,18,0.13187868465267769,360,3,5.711694649399146,1,0.8290598479818401,0
748.5441796753244,11,0.12894536626137842,283,2,1.3341178683267012,0,0.79489398164336,0
313.5516985903807,13,0.1765405019158204,700,1,7.991322786771801,0,0.9037455457502881,0
990.422303691368,17,0.1879961012141374,532,3,53.988297602070745,0,0.830603066545987,0
562.768646517579,12,0.20321430303360932,550,2,1.7898314532893718,0,0.9310750516875551,0
498.0928476445364,18,0.5081365417701252,313,3,19.040619218926118,0,0.8760475433256285,0
520.3822248313479,7,0.2006948945577537,740,2,47.65968761884088,0,0.8396325084833025,0
1243.182826926958,14,0.1951639221264207,473,1,11.117612365570485,0,0.7876386816251318,0
194.6529452404108,11,0.32514451601296684,747,1,80.90733725260912,0,0.9200915794816114,0
445.50884353420093,16,0.22556854694116993,95,2,25.507284243168,0,0.7648412321950558,0
50.374106242331095,0,0.8713222314955218,169,10,27.890131305213224,0,0.22218312544832064,1
577.2101742252357,7,0.13247342554649916,677,2,0.38499561692452794,0,0.8052319293603802,0
465.5310613313896,7,0.4546996205603311,196,5,19.545075268120563,0,0.7620867411133818,0
421.0609124824322,10,0.27548501635580447,931,3,9.575721375968019,0,0.6888290734736744,0
457.0555795089783,14,0.13522125560254594,64,1,29.84064426273365,1,0.9211183035999932,0
1067.685620743991,20,0.08704101829969035,632,2,25.47879370960251,0,0.9686539057759962,0
1081.0733427489904,7,0.09284463069031094,643,2,4.47315708179902,0,0.7102096857822946,0
774.9786203379725,19,0.14974691759356648,167,2,5.715426126806895,0,0.8414790533570875,0
1016.7391473954058,9,0.1920508910269904,483,2,1.505214740477732,0,0.8710696111424415,0
500.0733682596919,11,0.2627544707853819,157,2,63.92494393826904,0,0.7145350156849977,0
893.5127223854919,16,0.13303413415206503,640,5,12.129219226894039,0,0.8259709474387316,0
887.9401622705956,14,0.1519591838242677,649,3,9.463087253731292,0,0.7982488454757537,0
1199.4098328084228,14,0.07451915845139898,630,3,8.089348646487117,0,0.9078993464453333,0
890.0495836932645,8,0.21296704671661063,398,2,6.766013830417754,0,0.6937534921123668,0
368.226609831961,22,0.054488340203209945,289,4,25.391779862036124,0,0.856190708429077,0
986.358109596384,7,0.03040178873653743,577,2,3.302535021365957,1,0.7115759623897712,0
488.40553283992085,10,0.09134585574686836,986,0,21.97537270100335,1,0.8674444545115582,0
554.8190495815022,16,0.43465471484472323,651,0,6.202946445904038,0,0.8819848862318556,0
950.7231542926119,8,0.046359642210929496,304,3,5.003372058813197,0,0.8494656324997051,0
375.7120418885928,7,0.2248915242924613,944,0,22.260939654778927,0,0.9206432437522037,0
1889.3516540302514,12,0.13352502604400351,157,3,4.056621053982391,0,0.8347897892125222,0
583.229851474148,10,0.1979854198256929,375,2,26.71402933261988,1,0.5885550439819344,0
407.67964831826487,16,0.02973856240429707,270,3,0.17561723594433157,0,0.6965720979209433,0
964.127092812376,22,0.3349251624138487,236,2,5.5943117787913,0,0.821044740731034,0
675.9080602529508,7,0.10557839931583274,218,2,9.021653002465547,1,0.8346260089041931,0
518.1908302821415,18,0.3543061932117383,387,3,6.353868649876508,0,0.7684933037280588,0
554.3202430071268,18,0.27019858765990934,985,0,8.508599430097199,0,0.8190137549975229,0
301.65380200678646,18,0.10407019323096725,540,3,13.04643808467717,1,0.6352613264833066,0
669.2261933869413,10,0.4285659913661443,836,1,10.671914335460556,0,0.8802292209814954,0
431.4978944637641,14,0.10700188325258048,832,2,2.150458234215206,0,0.8108900310532642,0
828.2083973571722,8,0.21655833771268657,82,4,2.561844685889743,0,0.7401694037639965,0
1746.3450036055292,10,0.24942413998474058,71,3,4.564528807282124,0,0.7121228223109124,0
1321.647554879652,15,0.2879701139236541,116,2,0.22234977099428735,0,0.7630344880076562,0
450.63352329716037,10,0.08961819244425087,800,3,4.346860880893199,0,0.8237570265028848,0
455.7996427931433,15,0.09503425097123143,123,0,7.720962722350059,0,0.9013900144332134,0
684.5134753999789,21,0.1116609640125621,771,3,19.814322744269603,0,0.7953449970902609,0
485.39862930120086,20,0.11707020657145835,916,3,9.29748635825684,0,0.9034591563274685,0
699.1551289366771,20,0.4242538568302318,934,2,7.1903504218399155,0,0.9380656294325227,0
677.7790119146889,14,0.018985324094069868,337,1,2.070928874092132,0,0.7782152221044696,0
1122.408300528389,19,0.25334699020911394,516,2,8.944268912463995,0,0.7535727433376149,0
46.902812769725905,3,0.644327450440996,160,7,406.6301652018803,0,0.08192103106321727,1
574.5825113963034,9,0.0609334677694604,227,3,12.980258620630835,0,0.7033577958684584,0
285.25096208283634,18,0.10624460177679079,432,2,9.818041800573473,0,0.8509694200425142,0
677.6434820402134,8,0.0688529982815555,421,2,9.525182979102498,0,0.9818573224834155,0
1088.5404978930717,13,0.05838819813931806,281,1,12.536612387932575,0,0.8601130036968263,0
742.571586016905,8,0.38255047423481714,504,1,2.3915618827604983,1,0.8277206290844155,0
745.6081470439195,15,0.10737327680426713,279,1,24.72551722372851,0,0.4738960279042816,0
533.0595807141415,20,0.2226961573843845,530,2,10.333114448446693,0,0.8859128169980309,0
956.2572132964709,8,0.48262130711699797,753,1,3.6268584570532023,0,0.8894314184575811,0
734.9679660202395,13,0.35328309525388074,207,1,2.5438528645962917,0,0.9804127912381717,0
401.47755188499633,18,0.1991781379170728,343,0,0.6644852849964418,0,0.8373366144514355,0
912.4760707227425,22,0.1932418125930112,681,3,8.551349561170252,1,0.9777287115237817,0
284.6017875413175,17,0.2343223512117049,161,1,27.46800907189307,0,0.9248896216959995,0
621.5927882274614,12,0.1390332589987846,329,0,12.026788738146617,0,0.9330213792607969,0
422.4794683470489,11,0.2993156726782746,150,4,1.1234889480054482,0,0.8382365469378955,0
59.68992058251649,1,0.7472241359602521,12,5,1.3365492609032172,1,0.24489614955400316,1
572.2720888900424,19,0.09893469932497592,358,1,33.31552573304282,0,0.8426636691753012,0
431.4862904259095,11,0.07688875102240178,566,1,3.341211002671464,0,0.6853765454065651,0
494.73193968730175,18,0.1996924240339538,548,1,1.909601809464366,0,0.8271412167217898,0
272.61955747255985,13,0.10320878384808445,477,0,5.619974684861521,0,0.9463572916130463,0
983.8102535655266,12,0.31417282460731355,332,1,3.347007988081972,0,0.8722109842247429,0
162.3738946528518,3,0.6998894623232242,148,9,3.100892197638757,1,0.20099787538473338,1
970.6807613267459,18,0.17876508983384842,805,3,3.389347749154923,0,0.5800792418946841,0
625.6105885619351,13,0.13159084920134886,597,0,6.283513822929093,0,0.7079018709892901,0
161.26872163983109,15,0.557099604331601,104,0,32.93179759148686,0,0.8815942099328695,0
423.0234119068926,14,0.10551327966480452,212,3,4.372403086747694,0,0.7823029500418315,0
526.6968740820428,12,0.3314035163128693,678,0,4.028843187314954,0,0.7160845633438667,0
717.3711100410161,18,0.09766237256457169,925,2,30.299500187983753,0,0.8023174985757131,0
461.1651405424725,15,0.36688892379232346,624,3,3.669225398616327,0,0.9578357497458614,0
463.67153224065714,15,0.26949544895041555,191,1,5.75709886873639,0,0.7740395959014722,0
709.7345809326223,15,0.3245915749646677,774,2,9.47585438977943,0,0.7296200769775275,0
454.1465524133875,11,0.08649283630079176,123,3,15.041937350652459,0,0.8994236305299992,0
571.9401516838146,10,0.18230831446340137,232,2,23.194797913763026,0,0.6511038450986868,0
524.1483192259345,8,0.19845421300580143,241,1,1.893205430329779,0,0.6114711229493655,0
452.9181031663197,18,0.16978023211557777,321,2,23.772783871003725,0,0.9319656626189963,0
342.12723687805163,22,0.3936158174108053,658,1,3.6601539357781836,0,0.6990173229766435,0
1569.3116993982624,7,0.29506650293277437,368,3,1.421372033141877,0,0.8829761308719386,0
769.9409284724967,8,0.1580087821132043,821,2,1.30376660220237,0,0.7828902990510609,0
1383.1506260611145,20,0.11936509585554039,291,2,12.282802591399477,0,0.8650928702548898,0
1269.533341969829,14,0.22311548232523656,783,3,18.01508544124158,1,0.5584011555931215,0
707.9044294771774,17,0.1816415578728592,249,0,0.3335002494150471,0,0.7557035548350224,0
392.45807990926727,22,0.22614534791236343,892,0,7.076445082210064,1,0.7490129417187209,0
492.72356040209615,14,0.21914034755855932,751,2,4.163223369362515,0,0.6318451328914759,0
842.8590858041998,10,0.22497389222350525,712,1,1.5694474680974606,0,0.8426025105496762,0
889.3790377293545,13,0.17282363433786765,47,3,30.56679462716202,0,0.8419422608736377,0
718.2120216193745,22,0.1335583359638238,447,1,8.764708154418628,0,0.9179398306085317,0
802.2590194076446,13,0.2320224173143413,411,4,30.863592599594647,0,0.7606837881274034,0
455.18941834680777,22,0.44487986430667603,241,2,36.963271477461944,0,0.976126461829452,0
433.5139518466981,20,0.19432454037939434,974,5,22.166370830061496,0,0.4963159029065566,0
733.5251943955952,12,0.07176459502443773,455,2,11.489505632427244,0,0.8391733902364547,0
1515.9669031953536,12,0.1455819651182151,913,1,4.132051069794008,0,0.8885965319401432,0
974.9564880460287,12,0.34175891706394873,317,3,7.761510520942972,0,0.9514290124059959,0
698.1921788908479,13,0.2693231512374564,652,3,9.70243448271919,0,0.7762861409860365,0
375.6812299685947,8,0.3521203777189553,689,2,2.0798301247943995,0,0.8545166609947102,0
747.0907216027719,13,0.1187385728931435,596,1,10.240553283164703,0,0.8209335681224177,0
296.1080195559309,20,0.31212826048936393,808,0,0.6433113685680405,0,0.7456427805769796,0
429.1453794709086,13,0.09581680663993196,342,5,1.166603331833195,0,0.886676994869027,0
429.7902814395849,7,0.1681923152306182,963,0,6.004883620430613,0,0.8823662635087944,0
470.1884196054602,8,0.27658971194402243,235,5,4.8302514089474355,0,0.9358575781154334,0
395.72364553841015,18,0.18062304392397252,785,1,11.77036982580217,0,0.8350126665979531,0
557.6945211096529,11,0.2520425833061276,351,0,7.747179926176069,1,0.9736690231819117,0
448.8079079189092,17,0.14542067476378895,422,4,11.728396270661055,0,0.9588907362127821,0
787.8184319684385,14,0.3373002239157647,767,1,4.985296934446209,0,0.9165442438113932,0
646.3072278114773,14,0.21665050644629333,428,2,13.371794498769653,0,0.937430644163147,0
629.5432885270351,10,0.3339045348224497,483,1,16.70641453341846,0,0.93949360758378,0
1636.5574592361527,7,0.11793950737251745,127,1,12.611947821844192,0,0.8240549607460478,0
1249.8696337434794,8,0.18506888068356162,781,3,2.5357892598041585,0,0.9726631073836757,0
763.0088508035833,12,0.2878688368160229,309,2,2.0641308173182136,0,0.8769911260473586,0
339.5046150618352,22,0.4103938855042088,34,9,44.405845784530236,0,0.4003070588342068,1
364.141054173547,15,0.08013286247678454,156,0,18.543202084376507,0,0.8526581695620029,0
261.7330748854012,4,0.882833552153197,78,9,118.16855909271628,0,0.4305134426235282,1
356.026866634601,7,0.22981997074818927,253,1,15.128139595888042,0,0.8233473315540785,0
504.18773701299176,21,0.18907386515098512,493,2,14.740519940309639,0,0.6374329737096079,0
978.213176787534,8,0.1576632378012076,960,0,21.584573637232893,0,0.5830287221452972,0
369.1444858540933,19,0.2618317305367199,912,0,30.304122223315815,0,0.6537607323333818,0
557.5276421026064,9,0.36030991909516685,385,3,1.7796844284250601,0,0.8952334494814732,0
268.9696360534372,10,0.17833737723177154,819,1,18.491674852749334,0,0.817628136879361,0
1409.2108473344942,18,0.14067835249147026,761,2,9.288994192527426,0,0.830154126883571,0
565.4825461142016,17,0.11886204208001197,615,0,10.612550636127265,0,0.8565540888644098,0
651.6310318559067,11,0.3603352583264601,589,2,4.007302870807134,0,0.7419938569513344,0
389.84669461681295,14,0.22119049767356605,257,1,14.610713443519327,0,0.9146643632744755,0
679.7008537768522,17,0.13012146305534383,528,3,6.99641932028612,0,0.9504482641184671,0
693.9342397562526,10,0.02299178203646237,301,4,31.491576836812392,0,0.3784287008053051,0
733.4090287214225,21,0.06305294908374091,228,0,10.418787261864496,0,0.6897398937984336,0
286.20582904009984,8,0.12061015930213627,267,1,16.495665689803943,0,0.8182306895420431,0
1014.4061986418398,12,0.268527398027521,805,1,10.187587977843878,1,0.9223901950459558,0
921.782329653847,8,0.15384209117889566,600,1,60.970828120343235,0,0.927862246976127,0
561.8131320211447,7,0.1735728608064238,381,4,18.18768486372527,0,0.7991333524930754,0
228.39756599364972,8,0.27575062383026383,268,3,2.5248134589085534,0,0.9077514697872862,0
1340.242025168468,19,0.38921149217892004,524,3,23.731174449648066,0,0.8851484728910245,0
442.9555829697577,13,0.18921454856814618,121,1,29.050332482790623,0,0.96296862143879,0
508.8351238925873,22,0.3720981018710565,883,3,2.9546678669616013,0,0.8082896086579421,0
902.7762929800823,7,0.17922181196218645,859,1,13.36550702286757,0,0.8241601848621241,0
613.0624207233778,15,0.12382303926637246,989,3,0.8445689172143922,0,0.6352613535658507,0
391.35441783022765,20,0.0890401901980541,889,3,12.143951633934885,0,0.7209964495199702,0
612.7111515707595,7,0.09710959933601333,978,2,18.675675813538774,0,0.6218930043545018,0
848.0946953733272,13,0.27896610704528507,124,1,14.348614106604794,0,0.96682829963896,0
355.3800597332914,17,0.1464227323618192,827,4,6.837895092544581,0,0.8690143612494272,0
831.8785133633,9,0.2479338437230276,444,3,2.623143366481183,0,0.8576753053265948,0
1232.0265520892112,19,0.21292696502227373,81,2,1.8268098723979158,0,0.7444319972225305,0
387.10856254633643,8,0.02095719719492021,226,0,8.850143351698051,0,0.7525267302625431,0
735.7525025426504,21,0.1620171447569499,829,1,19.920949719852015,0,0.7530151535388343,0
385.1675029198774,22,0.06340216870305838,715,2,7.422509148401308,0,0.8856163112430221,0
420.9150040071076,20,0.06442294849118177,260,3,19.816719793107552,0,0.7370778993217464,0
517.3918383088144,11,0.12132158730532897,588,0,9.849797668057644,0,0.8799382174693692,0
76.264201080918,4,0.7648949663505921,122,8,43.7235269414608,0,0.33503381916837494,1
1034.546523968235,9,0.41185843101010033,856,2,2.235245263647405,0,0.825781208303631,0
778.4872357016216,21,0.25321537018051454,748,1,8.39375105520161,0,0.9491268797743104,0
434.8271336793041,13,0.1508838614933992,571,1,12.270452067494597,0,0.9747512681257857,0
1492.037264751231,14,0.06561106043662698,414,2,8.907605734953622,0,0.8550441023141031,0
603.200985522455,13,0.0434812997851898,477,1,1.721866233113671,0,0.9183046102094599,0
1698.8545767414987,22,0.18644327081441572,471,2,69.95148460863655,0,0.778658622544909,0
927.5077980508136,22,0.20040271506899646,473,1,14.523619826223841,0,0.9688267465126216,0
390.9754315162153,21,0.1139709759073332,749,1,15.251476229353091,0,0.9122216988168285,0
1170.4281210851111,13,0.05793103480337935,606,1,0.0686682449830476,0,0.868056633527498,0
1001.6847601519671,20,0.46042869910694484,62,3,7.950907808505422,0,0.6540170463801481,0
1334.0758809163494,21,0.08374522554212387,366,0,5.426818773746179,0,0.9511110620021931,0
1087.3164373234608,22,0.2170858726024465,126,1,9.897584792299094,0,0.8388408780176853,0
725.4080087288966,10,0.1479785785065307,346,2,25.926609963891217,0,0.858181232880975,0
1143.4363593190822,18,0.1276938496293229,355,4,5.236052938351413,0,0.7062645644625059,0
491.2959653082797,14,0.5832392884922613,733,1,8.94779784435486,1,0.8282061717279777,0
561.5699034856693,19,0.11079254018289846,64,2,15.710823789212796,0,0.7903988833667109,0
368.951967649032,9,0.22409640466116842,208,0,8.271306572602217,0,0.8092703153233984,0
632.8707777832063,15,0.10108536555423786,777,3,0.7339999929721299,0,0.6380588087399595,0
264.73777746143935,13,0.21998439190680077,49,0,24.986030278127433,0,0.7960297496358413,0
313.64796514496123,17,0.1456589205915967,598,2,0.4299831453367261,0,0.855419749999084,0
376.9838621769504,12,0.1569166046488954,96,2,8.161438037636293,0,0.9728829558689566,0
966.8317516128352,14,0.06577784179008983,739,1,17.93807388772925,0,0.7440951421194747,0
684.8243348465661,8,0.13051709115934018,265,1,33.19171215602304,0,0.8378528147880453,0
396.06771418473426,11,0.37952834083297493,169,2,13.684363786325607,0,0.8632509878238978,0
780.8820798115026,19,0.30593875011929406,966,4,30.519566924683275,0,0.8567865801249929,0
793.03743888796,17,0.08718250337559966,413,5,1.0789980875142227,0,0.8309605396669819,0
664.2568088524222,19,0.28819169557530977,530,1,4.442506944752424,0,0.8303643116998405,0
414.2189299555841,11,0.1065649399622523,992,3,3.830678682322909,0,0.7848375192675573,0
779.6284910219694,16,0.04189667058070085,702,3,40.12842707072377,0,0.540854614935944,0
797.8574170701867,18,0.09168657908594119,396,4,17.053240483323243,0,0.7290626750688166,0
770.5204906162885,13,0.0663662380727431,711,1,12.85371233127626,1,0.6961762758303426,0
728.9714492193814,14,0.3568594846185003,552,1,5.404423699701941,0,0.8761269526907639,0
1066.2778184468182,21,0.11710476394503716,341,1,5.5520288005460525,0,0.8444860501779792,0
562.2545868341779,10,0.11227326548205448,713,2,3.418175708477858,0,0.5919213685796463,0
415.966515566797,15,0.5168057470569885,242,3,9.897925768541823,0,0.5230635555230166,0
183.4042714070636,0,0.8109728793244547,22,9,32.02317703585162,1,0.4354049011385295,1
1779.3308521879999,21,0.14050601619139105,821,3,0.4586773351156664,0,0.7937350976104106,0
545.3147819856047,13,0.2559704728304484,118,3,23.39386279147736,0,0.820801160542059,0
891.0813770984561,22,0.04652302755992743,604,2,7.049197534116506,0,0.8782080209504702,0
1087.0388310081416,10,0.2446995254702334,125,2,10.172144790867074,0,0.901108658293636,0
344.40081995707305,22,0.10116843498476094,950,7,38.874041762324396,0,0.4465394537185442,0
537.1964004843608,7,0.258757263385346,187,2,20.11141341473956,0,0.891003002633802,0
464.4507445569563,18,0.3917748356268132,42,3,10.599152896422437,0,0.7571344572131062,0
1000.2383122150824,17,0.16355384679734647,143,1,5.725422481460825,0,0.8630960837410212,0
448.2935073487765,11,0.14806898449538855,569,2,2.6920147052947794,0,0.45878319888870883,0
489.929837765256,22,0.08257002110616392,727,3,1.5340812821713414,0,0.8815256962758657,0
310.5950817949119,13,0.029274754504356515,920,4,24.744542140046267,0,0.8715289048654812,0
1360.9079287262061,13,0.5055518903137055,267,2,0.5262533013429921,0,0.6150914540563261,0
839.6669084440437,19,0.32321307722651266,788,2,6.394973234852957,0,0.9721948663430178,0
887.1793194544493,10,0.2488812946746426,809,1,5.192075300647084,0,0.5462608795187149,0
272.31253648336985,12,0.53153483142163,667,2,14.106902300476994,0,0.7192514602417839,0
734.7651424908751,16,0.07667343138987354,668,1,2.7332088990070145,0,0.7650293347514653,0
530.1509385947406,14,0.1614198731790837,54,2,8.81663495298023,0,0.813510437028002,0
432.0085952131413,22,0.22076654369595056,505,3,24.704949891637455,0,0.9741133251016736,0
702.3056384902139,9,0.06461810256844813,812,2,3.794714975983845,0,0.8674510501112005,0
499.00081068179196,11,0.24974692801518703,145,3,7.338153678040457,0,0.9332986506712939,0
642.6245120213229,16,0.22955541876295196,342,2,36.28660562387887,0,0.8447213165144537,0
472.2677459083141,10,0.5370298255018597,134,2,29.34818857605851,0,0.9715647526791397,0
721.9967619301649,15,0.15856242780022817,217,4,10.984975090918741,0,0.7444530196407463,0
506.24594290433015,15,0.045373621723885954,909,1,4.424638801480529,0,0.6653796207824084,0
401.3968830272563,19,0.04543017382522339,999,0,4.363610364467806,0,0.8938298278897732,0
1085.0536060034608,15,0.18557079909456164,156,1,1.837397889595645,0,0.896068922074322,0
550.8849344045476,19,0.41340918210032657,676,1,3.5042599505773717,0,0.6849698491912001,0
755.8434545577286,10,0.137746805637508,788,0,5.6002439915713795,0,0.8126055902593707,0
1124.1889168606174,7,0.2759511850639715,932,2,7.395239491994002,0,0.7181164604698111,0
705.2124267284363,15,0.2616017568591169,637,1,0.9035260799814839,0,0.9248782262863586,0
372.5688020783094,20,0.0640418763503689,845,0,9.348923787113478,0,0.5330552100445723,0
681.8285180842349,19,0.254954984122366,443,3,13.49879398390666,0,0.642689526060871,0
864.1702908590638,7,0.17349571698310337,400,6,6.8478822590449955,0,0.9197684221349081,0
569.2953838507299,18,0.12116241601388865,899,1,5.220450973645087,0,0.793813672640563,0
1087.6946085264437,9,0.19292411903258141,402,3,5.526280625393367,0,0.7329340091562493,0
582.0303988821336,12,0.24040664034801557,103,2,3.76112876238661,0,0.7519054811947771,0
611.410835770654,4,0.609374877135929,183,8,224.9262818488647,0,0.45231039287300384,1
609.0734297435939,13,0.24318967434277539,766,1,46.388404412465945,0,0.7547984855752794,0
647.0201608976598,8,0.4036978212502494,873,3,0.45022716342922825,0,0.6920427901668345,0
736.1910040433863,22,0.25489470979601403,705,2,6.903624255404583,0,0.6722761297163953,0
233.9981119845821,4,0.907370919860538,39,7,38.476425851539695,0,0.15281903579639253,1
259.2921035476787,15,0.07198964506601506,968,0,16.563268167232813,0,0.6973335422405316,0
746.5800740876426,9,0.4394515564035533,185,1,8.809218470181607,0,0.9149068571547784,0
1619.0943997746774,7,0.13758930227850752,248,1,7.8558139978148285,0,0.6240157379125714,0
459.4120063148269,11,0.21527121938432517,306,5,6.279465205514708,0,0.7401865719709857,0
509.2722462528834,15,0.2475630157283885,285,0,14.731673009817857,0,0.8083292726628876,0
172.08953461172248,0,0.3654530423707231,48,8,347.2891195290634,0,0.036048570569983764,1
447.2918822583655,20,0.39420322628357674,419,5,25.41686301089003,0,0.9455867389185911,0
1414.7670814701041,16,0.080665644247777,848,3,60.73635103726948,1,0.8109530990175763,0
495.8887369598033,16,0.08634574785837054,939,0,19.672029354630855,0,0.7108994610943926,0
939.3710897243441,16,0.2516924720548185,141,2,12.413379286350148,1,0.78730894869047,0
1719.1877838125192,7,0.2643877444148059,437,3,2.7844446593693983,0,0.9868796406468975,0
1112.2713559971137,10,0.2472353851619677,806,3,3.712304389440246,0,0.7421648529502987,0
555.2477460343539,16,0.27809740090821955,336,2,2.316756882169182,0,0.9158904399903602,0
64.28806609475906,23,0.7123442295406625,120,5,24.64487359865358,0,0.3758119226551271,1
203.14929370011006,1,0.5266906809996589,98,5,236.32302613620644,1,0.2558172083875783,1
1041.004649921923,10,0.06184837035854467,736,2,2.068965070417454,0,0.7016996275404281,0
567.941198587646,15,0.1778706905332852,557,0,12.102022257682577,0,0.6759533019126589,0
249.93444503449436,16,0.25399099940277914,226,2,33.51007899553484,1,0.875037830451714,0
1019.6305819621596,10,0.1695420030717434,727,1,6.1162458300650036,0,0.35214019750088066,0
764.4863756918462,8,0.39063431791572534,41,1,7.09532601023294,1,0.9610785536000277,0
326.2804547051742,22,0.2147443390650644,834,2,25.899250711954945,0,0.9721644233669804,0
442.9003423559723,7,0.01494733704899172,702,1,6.001378650824505,0,0.8995269120355207,0
595.3089016199872,8,0.3809956531501843,270,3,0.39188037546537297,0,0.924020907987879,0
399.28435790248534,15,0.3346929919313698,633,3,7.7267994933544015,0,0.8828224621968471,0
611.4178327864142,22,0.4484742057268263,401,4,13.76233867473879,0,0.5267256760427664,0
845.5180313096984,9,0.33933209332491104,279,3,15.320411660345703,0,0.6334730569117453,0
622.8603695852136,10,0.08105612793358956,986,5,31.954262766899436,0,0.8452890631577962,0
461.67667933784475,13,0.12859305172623037,492,2,0.4501213043530633,0,0.9536185026215515,0
482.12379138067513,16,0.08258664101549712,653,4,9.098917446039785,0,0.8622379980620316,0
854.2384460016423,9,0.10516810433281377,369,5,28.57454624548829,0,0.7818546375833273,0
427.2562267028206,22,0.16673184324880458,956,2,0.7801565991628097,0,0.919714970334114,0
613.5048679971516,7,0.4088325807520567,901,3,21.955570751917776,0,0.9631022565146987,0
440.5977713878634,16,0.22800190581972885,851,1,10.875400598918414,0,0.8293790097669338,0
828.3075437460224,8,0.21255024931793912,653,3,8.022444314382973,0,0.8009768956735053,0
440.00542292676204,13,0.052248930060748475,164,3,34.1267087316715,0,0.8237006348787628,0
426.3573425792197,15,0.3892322639920109,108,0,26.806286889677395,0,0.8490135176566606,0
511.19063330638755,18,0.3135535084250686,529,3,3.617414652763618,0,0.7528782505860981,0
709.6091857247741,20,0.1289086936527156,763,3,48.36645966815006,0,0.6999345101150983,0
767.5814560087794,9,0.06032104388086325,874,4,10.671988455617347,0,0.885457377253703,0
541.7988070381393,22,0.10865864759707251,354,3,1.4605981947533835,0,0.6979137875755229,0
1276.246128087628,16,0.33774159908418716,192,2,9.397392291206211,1,0.6277999250333092,0
936.9105918587857,8,0.0781950934338997,770,1,56.53575311044201,0,0.8570099893529871,0
605.1826986262047,16,0.15687860071279985,473,3,17.541950489955962,0,0.9538425581265088,0
1856.0038434426292,20,0.35057330820808974,991,5,25.792771705966494,0,0.7453292989210979,0
490.7718867882248,10,0.2650302815163348,279,6,9.645514226263465,1,0.9807248022030747,0
416.93253995685524,21,0.2104360858117497,180,4,14.769922542378975,1,0.9356123611937593,0
547.1523746131106,18,0.26614859158857285,973,0,25.62298007714564,1,0.5447192377128635,0
721.9655471893154,20,0.17102794110946068,739,2,5.486053354980332,1,0.8334060338738848,0
532.5430180853105,8,0.1374756125041912,881,4,46.45630804986362,0,0.8535265845304753,0
642.9555055179399,14,0.07620168281186253,109,3,29.979410648913664,0,0.8363655710639559,0
559.960789068812,7,0.09817967164703867,531,0,4.968136054097077,0,0.7484719542176897,0
490.0704732317434,7,0.17889314429517333,315,1,7.985781608150933,0,0.9334690868827701,0
515.1863336677638,17,0.22182141831659874,809,1,7.99285897219059,0,0.8574538706660664,0
75.72916078593033,3,0.8281454593715177,56,6,55.54305298184436,1,0.41819927202314805,1
418.07301383799796,13,0.28387676419064134,308,3,11.447319103931534,0,0.8972146574342943,0
1364.424383513529,17,0.09934323363920962,739,1,2.060489689429393,0,0.9395806869186453,0
500.5582197875318,18,0.23914931394987782,574,3,3.069501641056834,1,0.9278041461334335,0
995.577380226171,21,0.09816205100986589,961,0,11.816677255702585,0,0.7072613041771111,0
535.7926165270986,14,0.2986331774857306,619,0,8.61372410633978,0,0.8749398518903794,0
446.2508441642029,14,0.14057699578576818,460,0,16.32687135698614,0,0.6711952659428795,0
622.2724865579987,20,0.3153304520075415,543,2,0.1913312338292332,0,0.6633127554061888,0
331.98631622044905,11,0.1511253041472269,179,2,21.995829347377317,0,0.8004174410624274,0
1691.8413268145764,22,0.3602386191263554,515,2,59.71134259497548,0,0.8651363872974303,0
934.9943692355242,18,0.4626575041147896,648,3,4.860721580154733,0,0.641262086819633,0
259.29985802938285,8,0.16372243881464568,601,3,5.479279592157854,0,0.8995544806345325,0
1068.2083784959466,13,0.3639990394722922,378,2,1.0879357750096796,0,0.8516457847378975,0
1291.071570198889,17,0.09765586965995009,310,3,0.690461544778467,0,0.7986836559357449,0
1048.8559254825504,21,0.18170897782271636,297,3,8.136014793087591,0,0.5639776369238785,0
432.29421669286234,20,0.038465091462511154,692,1,11.947912183333756,0,0.841907413250603,0
376.5720258543277,14,0.5831990265151715,360,2,7.794957585065136,0,0.9301148811735761,0
927.8160833411523,20,0.17578091804851204,429,0,11.879318953720812,0,0.7023932277584006,0
1042.5396156232703,10,0.021626360613853726,578,2,52.9475190070765,0,0.9874839082042318,0
803.3573423947859,12,0.11584643199339431,260,2,4.292747016869507,0,0.6230937116016663,0
1778.5327455854845,10,0.24557528865866027,368,0,2.9857708579660875,0,0.6999850354205026,0
342.1992838473785,14,0.14053472414008586,955,3,19.05548435131393,0,0.6401791732553113,0
484.4468594587959,15,0.19339654326719385,331,3,7.79046131780804,0,0.7181449007182055,0
752.7447749186492,7,0.1408354079923722,699,4,19.388205825196298,0,0.7245772224454353,0
1174.0064028974841,12,0.08511176343671005,882,2,28.449106128422525,0,0.8752478271807195,0
738.4724058698077,14,0.16358545559474935,834,0,21.870947321209922,0,0.9297707548876414,0
632.715902789768,19,0.1605094968132345,832,4,10.652095828834266,0,0.7560773771965086,0
516.385805324945,9,0.011141017243915054,201,0,3.184448317403505,0,0.8206285318557779,0
651.9801262677298,21,0.22147168155231953,291,1,7.525835467790474,0,0.7295783174370876,0
282.07386618877393,9,0.14437270297579333,419,6,5.021764592405543,0,0.6526555119863087,0
752.8176783864901,7,0.36564598641849216,479,2,2.8718040315124447,0,0.8332306410263413,0
541.3523172138453,11,0.48961065975334717,839,2,9.434297880864408,0,0.8492787350662252,0
482.43031134207183,12,0.23575046767033445,299,3,2.202500631105762,0,0.9604880035873887,0
927.7629434575114,12,0.30190798758913506,259,3,10.151127594430376,0,0.752443016113689,0
818.4865780759859,22,0.15779742508935887,355,0,0.8337205564197607,0,0.8731037272372693,0
589.448598508821,22,0.19774732331241812,438,2,20.065317321518602,0,0.8246163261611491,0
801.4496505386886,20,0.058217916006264255,71,0,16.524085812576907,0,0.8416679753019441,0
938.9822809435674,14,0.4631917485551628,125,3,12.696258849693857,0,0.7554576344348579,0
620.9861952382345,21,0.0419492180315377,305,2,8.527546718671406,0,0.8880319145601777,0
1195.4853061992292,11,0.06033187774626534,820,2,14.209404856280214,0,0.8921148865338834,0
363.782124094497,17,0.06939713061136736,799,3,10.74676764405218,0,0.7120614794571408,0
657.3721563972082,14,0.2784462856852354,271,1,2.4530401965115325,0,0.8962546253403597,0
408.73935858375097,7,0.059157246145300976,132,2,10.084784821377816,0,0.9635424509987598,0
403.6262133971679,18,0.11210082508406101,899,1,0.6205705241542636,0,0.5514734534751142,0
816.9765436114742,18,0.2556506036365543,485,4,11.123231217451913,0,0.7262035417263139,0
774.289212092905,12,0.1412259478780551,609,0,35.33225755308902,0,0.7711216715983592,0
579.9865136985993,15,0.4803321438395813,263,2,0.6830257587477234,0,0.8212133179463446,0
690.5740234975503,7,0.022446287229132736,895,2,1.522471777134028,0,0.7838585670066412,0
693.5259583845312,12,0.16290393622229493,267,2,2.0757665738766105,0,0.9011410271530165,0
631.3413620775784,7,0.129669259283129,368,3,4.482449234526879,0,0.643868650906545,0
950.1916756552089,14,0.05952746588417541,825,2,27.254058235057272,0,0.3667516799302553,0
743.337691736414,8,0.16885358324491878,373,5,14.982864254292757,0,0.8526263023269892,0
618.2242023416501,17,0.25147746502403356,730,2,81.26489559283884,0,0.619141379574096,0
706.0677266485565,22,0.22008658774538023,735,2,30.25866375049543,0,0.8240105928307567,0
615.5161389214238,13,0.577781063937033,384,1,0.4848109942003157,0,0.7354859884472288,0
203.5825434521512,7,0.21812805081143347,253,2,7.230236374569498,0,0.7134382697652151,0
1015.854801585148,12,0.36018134324563705,350,2,1.4946927227466489,0,0.8790037997100212,0
510.0587377475518,16,0.16962396937804705,488,2,3.437287936744403,0,0.9285856617000096,0
387.4200784104676,8,0.20662355162822663,51,2,15.097708363894318,0,0.9482109210629585,0
1475.9316508149766,11,0.06634900984250354,482,0,5.47930538701194,0,0.9574816168938005,0
394.73078430555415,15,0.18555482569230414,281,5,10.488615452323149,0,0.7800315159032347,0
267.18893730098307,20,0.07532006095316755,190,0,34.51930377562216,0,0.7325591727189011,0
767.379942533468,15,0.21982169791431527,694,2,2.4315242522850724,0,0.9260188846375208,0
1070.6389877229728,7,0.09029010164564999,342,2,43.2401792027817,0,0.9525459044648452,0
1220.271527301916,9,0.2456239952846405,414,4,18.28754343404808,0,0.912610002565448,0
833.8598154029029,20,0.16070866744815226,274,2,55.54945927928155,0,0.8362576400421562,0
1170.9497533604167,19,0.163348133536038,391,2,6.66207361137321,0,0.8476286257598654,0
385.7000933122742,13,0.3398050934169838,135,1,1.9875489122540733,1,0.9551987203040785,0
462.68167378082717,15,0.20406859599988686,892,2,10.656474727115322,0,0.9157235641374382,0
537.7096069055862,7,0.5397728914643497,955,2,3.0472963116342315,0,0.7404099316290889,0
1169.7590175524094,16,0.15500916504581538,851,6,17.106175591285687,0,0.8674909361186107,0
1069.790832093712,7,0.42496474378379273,679,4,20.54643706004599,0,0.7384876621292558,0
2178.077273257446,19,0.1834890078977958,410,2,12.452741594303122,0,0.851437202965111,0
295.26028854075145,7,0.24104311487402277,33,2,9.195128732344038,0,0.7961234125500967,0
671.8861887903547,18,0.31715692326428313,917,3,69.05664786766333,0,0.943214954141082,0
759.4466017273782,11,0.30004743262671635,288,3,29.840860203834655,0,0.6849111230044155,0
261.85613654784936,8,0.03404386391813842,763,1,13.28949470233554,0,0.90161410193793,0
1323.4943844389238,20,0.3536778566813463,732,1,8.643800663992135,0,0.9332502280572984,0
362.2951344075262,21,0.4229728153354444,643,3,14.773651579218859,0,0.7909099200160016,0
751.0666631777684,16,0.01903903644973472,424,2,10.656543147601354,0,0.7967040064299299,0
554.0705293564739,22,0.07905685988929166,94,0,9.356193584981382,0,0.7392253650344829,0
683.3800448094602,19,0.32426238028420956,355,1,1.068216182027081,0,0.9234115523800822,0
881.1330881240434,7,0.12264074792937282,661,2,13.52319392205111,0,0.8774647426068691,0
119.76243056760839,5,0.5824615679115234,143,9,20.193365109520837,1,0.30466750153019573,1
557.4372907004391,10,0.34119972940042365,406,4,74.35362384065296,0,0.6253384192736116,0
775.1713992980942,9,0.2521630214271989,900,1,3.6771908424084403,0,0.8263619332713703,0
1036.7266760824684,10,0.03716167916240945,217,1,5.988789769356594,0,0.9076141919674758,0
356.7236411831367,18,0.36686539602933405,945,0,17.023793705414423,0,0.9081272197719039,0
817.5598052701929,12,0.09293424358057896,108,1,0.4029770940149108,0,0.6164461937902975,0
817.5697000008383,19,0.31204921111398315,900,1,3.469853219253057,0,0.778426056723415,0
449.28952111872553,17,0.07493485253522146,510,2,19.19348049936104,0,0.9213333568848496,0
561.0280917095761,9,0.0975636374218049,372,3,5.69868526417293,0,0.6917177598184491,0
250.44211316489745,8,0.06711788412551002,91,4,3.052239169071212,0,0.9237092184016533,0
381.51531925477406,9,0.13056174074112104,659,2,22.532799476693572,0,0.9403911806689398,0
655.2298521466158,19,0.4480730067593248,517,3,9.311754855018439,0,0.7897989696381368,0
931.7821140598098,21,0.12317175132374562,99,1,9.140333096963198,0,0.9127905095212676,0
1006.0999118880907,11,0.15352637560508436,531,3,49.50719704527165,0,0.826696390353117,0
1178.0050201270028,14,0.29337172483500523,758,0,7.1713044694395585,0,0.8301231619085432,0
619.8587432149694,9,0.24507502321788377,395,2,54.11673059556846,0,0.8305304147325349,0
473.93185848757736,10,0.5220351465959667,190,2,34.945572499864475,1,0.9323450420318193,0
541.3990395664152,9,0.5177326548451516,753,2,2.2392774584194735,0,0.8023840244796244,0
954.3996079248573,18,0.19507990243302376,496,3,27.735854926860053,0,0.5052684582552733,0
458.0108908999208,16,0.24397090327217724,608,2,12.933698210321376,0,0.8552379024956085,0
801.5343126655645,14,0.22665596411459965,913,2,21.49926174662068,0,0.937142854515098,0
495.1536097357927,12,0.02885293011575579,728,0,21.36134760010528,0,0.7561308020978961,0
399.42934986068633,0,0.7784400157874714,112,5,1.4820156843179986,1,0.1972105106117213,1
364.5650819642589,14,0.22537002724453445,679,1,3.2913977532665974,0,0.5889350551683047,0
281.1294925541169,19,0.23605288190993734,380,2,5.619458931441406,0,0.48980282436103106,0
569.2265814033167,19,0.12376865511980639,32,5,33.784434215147265,0,0.48364362040554537,0
671.3390365083497,14,0.3953403169515849,622,5,9.868011039264001,0,0.7127998384331266,0
485.67295501114216,9,0.21309380995294433,823,2,6.034710800587176,0,0.7735411157104493,0
776.9346741108224,18,0.14191497824725252,463,2,4.517311461888684,0,0.8023330860951808,0
407.9787277796046,11,0.41496414658484543,483,1,5.959006544882137,0,0.9223681046883744,0
1125.711915725902,10,0.094346336900334,573,1,3.6329007503472126,0,0.9086757389085697,0
665.3981794390672,9,0.23084468247984127,399,1,12.71599548720267,0,0.8897077606617941,0
800.5922394546885,9,0.17423961510636185,823,2,51.27241173918962,0,0.8613314929933762,0
636.7511604014966,16,0.2002595582990781,148,1,36.97081055391627,0,0.7665342597021026,0
777.9395910312039,16,0.20959663795466152,429,2,15.287216581246529,0,0.867706882859551,0
432.5337647343179,16,0.20654276114479173,930,1,15.537675288768751,0,0.8878601020118257,0
431.2907572065891,19,0.18718847661536184,879,0,16.214108290457915,0,0.8562550238896659,0
1210.7720259415664,11,0.09723099362444457,476,1,19.732232401987588,0,0.918762520038968,0
527.827236175578,15,0.10395478493620743,850,1,15.134254459349327,0,0.8862123593723196,0
1089.6535004568732,8,0.2685664618075257,239,0,6.991755013914054,1,0.8921781250775513,0
521.0823735189767,14,0.046370030621359734,819,3,2.9086969006334464,0,0.907699277975972,0
2516.9484415920792,10,0.04113360030354798,792,2,22.200701503440996,0,0.7450387127215369,0
974.0484161621806,22,0.27573951657910156,656,0,70.84426633910743,0,0.9055708267158735,0
368.61549336635477,14,0.13737416953292317,994,3,7.258335864950105,1,0.939208653896423,0
762.7110522738382,13,0.036058688553781824,794,0,0.3570533132685301,0,0.8385166904009755,0
745.0268948582095,10,0.19152893318783162,646,1,9.326668175789798,0,0.9119896987473859,0
420.79608906069313,21,0.11380869366667482,961,0,0.6404597309037288,0,0.8330799134901261,0
1157.6610565224137,22,0.18696371401250877,487,3,1.6112536407940723,0,0.8032999141130416,0
646.6370305069144,16,0.08114142057422001,590,4,20.731311518697876,0,0.6070855086487286,0
641.5612792282525,14,0.18184723234544115,336,2,22.287006610372103,0,0.6360562276488986,0
392.3016485896872,9,0.1985768097661451,799,1,0.9195237103573944,0,0.8409307645059,0
382.6637743011182,15,0.10662876144514388,974,2,8.327364009167619,0,0.8561383616886693,0
773.8012824004179,12,0.27939514652068087,337,1,46.77776076842364,0,0.7883250145864826,0
378.43957313295374,8,0.4769080212918957,428,3,7.69876727014762,0,0.7196673647265596,0
762.7760936308459,19,0.4081279536353745,383,1,11.439921852429231,0,0.6394541070107906,0
1749.0227666659416,9,0.10406824352581585,63,2,10.685402805566307,0,0.6906795450181697,0
621.2137352426057,10,0.06280090260260619,268,3,3.7235087805079,0,0.8673547791746457,0
461.4951649567656,9,0.04440453014004121,740,0,0.9883941057204376,0,0.8691389051980836,0
1444.8367647924879,16,0.19522604235021315,619,2,13.526526691652935,0,0.47181242555633207,0
487.9488009970736,21,0.33563629546572765,554,5,23.04984473394687,0,0.8627435500976639,0
487.54054680161977,19,0.3222260934248429,481,2,22.671798271320856,0,0.7740291802449331,0
374.09859141178714,9,0.24798320827381648,900,1,9.952922353288715,0,0.6296144826382275,0
855.2378415468693,17,0.15479357857571477,481,2,24.439461257856976,0,0.8977310045439714,0
1012.6792074441657,13,0.28162314020035173,191,2,9.750178532511587,0,0.7868739375470135,0
1298.5997593426791,18,0.09499410199357107,486,2,17.84437363899081,0,0.8750916425953664,0
458.8590527204707,14,0.6417660729155118,439,3,3.4680502493172884,0,0.6479380841883928,0
649.6704955288054,17,0.14306308872633816,249,0,4.582690770261741,1,0.7942270295458222,0
417.26041543169873,18,0.21351652176186783,122,1,25.06562875473762,0,0.7878683571908747,0
472.02912324535976,11,0.18224055287130983,88,3,17.669985406328557,0,0.8682808174043276,0
718.74141084209,23,0.6897317168055551,104,9,68.13878523681511,0,0.3748355675561633,1
283.91741134208723,14,0.24134733871407746,960,1,0.054846171299070275,0,0.8259420551644269,0
744.509042601003,22,0.19023608502833741,995,1,5.971283329059563,0,0.954377593622589,0
644.143352687041,18,0.29598631689036553,418,0,19.014325258687286,0,0.768243891485012,0
391.2972651288653,11,0.26892176235807774,464,3,31.976600490560145,0,0.8374846514066002,0
1159.461885632891,13,0.1712071215070207,31,2,0.38149773194823716,0,0.852492831096959,0
347.76533892883606,7,0.04934431042539086,171,2,3.7256185113404214,0,0.8068385666982116,0
492.31857932625877,23,0.806976836466718,1,5,123.32014502524255,1,0.3739502900732164,1
652.6089407316925,8,0.16912163926162038,178,1,12.412021039332949,0,0.6870661000444811,0
832.4359206621298,9,0.10107758869139229,135,4,17.515942885182312,0,0.7909813509885364,0
980.4817108647059,16,0.1500300429638452,937,0,7.4100817677414685,0,0.6766679370856359,0
822.5057022874574,14,0.5200925489442412,646,1,22.197614707901703,0,0.9758779864149804,0
646.8667015197121,8,0.21281430895215947,875,1,35.6714574125595,0,0.8752532689398045,0
848.5966819660348,8,0.31594498280764016,435,4,48.183841467705165,0,0.8732171431518487,0
866.4430357898392,10,0.21618198432289662,837,1,9.352211406491755,0,0.6768851183676732,0
470.9444560989628,21,0.45818701532829875,254,1,77.11313667159965,0,0.8259396390760503,0
242.7833033883307,15,0.18458107669239715,271,2,21.306083058000894,0,0.9196084063455269,0
307.3467872020019,15,0.44070486347862864,514,0,0.5778410069551152,0,0.914317374626146,0
575.3161801778028,10,0.17602535806710604,122,4,6.432943180594181,0,0.8104271648830847,0
420.14625621271426,13,0.4496546665797275,491,2,31.51863790737443,0,0.8336375047568074,0
409.47283590233025,7,0.15663682673247986,197,5,0.46176974814227184,0,0.7548306513258299,0
388.04359575302743,11,0.25415001203461846,368,5,4.08103149822207,0,0.7288345160020215,0
576.4250967831927,11,0.10424771963896078,295,1,8.334747423348546,0,0.9629895460576713,0
1377.4722422329212,8,0.061883173054866576,565,3,16.61405799905227,0,0.9641164062930896,0
1913.2641008773571,20,0.11787124469988036,567,1,2.872995905718302,0,0.9828148567144036,0
1037.7278174809167,20,0.0747648781206496,829,1,2.2933483600433036,0,0.5099779245795825,0
532.1845684434658,13,0.2422451353219262,371,2,15.829028818587382,0,0.9148719464529237,0
609.7931364831467,9,0.11410785359662785,44,0,13.288380757616393,0,0.9464012443753855,0
897.6123802322367,12,0.298328154264982,622,4,17.634402452199893,0,0.8670372208006991,0
731.9019407196188,16,0.15277450226854103,342,1,6.156662683935686,0,0.9693468143929037,0
182.26614960147865,14,0.20466448559428732,675,6,7.420820172689747,0,0.5201988625809064,0
662.0068876038426,7,0.3133312155935046,774,4,18.48313641749854,0,0.9325604263340261,0
1249.2685123693452,7,0.0941554026343186,723,0,20.388544349652072,0,0.9130346147557787,0
428.2341474267113,18,0.13669790189620615,39,0,27.404563537864277,0,0.8512128373748974,0
772.5988966595512,13,0.10388135245947061,637,1,10.552090669265219,0,0.6753707045941019,0
261.4039632996266,5,0.3951369537843501,176,6,94.3323772974432,0,0.4073177095198255,1
477.83769928128515,12,0.06519452192411504,577,3,2.2415858435171767,0,0.9132817425105754,0
1190.0007155517646,10,0.26213390540945114,666,2,8.666887724599796,0,0.7849313689218096,0
925.1048386459889,12,0.20031852039986736,621,2,6.0063885002615,0,0.44600415086639605,0
1484.8133175364885,14,0.14702740628521213,739,0,19.79889258920608,0,0.7783256801972391,0
133.55562964991762,23,0.7829533564604849,131,12,177.76154369592686,1,0.6570349895516346,1
768.1251753065612,9,0.10233870710150869,490,2,10.789249264478615,0,0.6921802516364701,0
368.91896072434446,9,0.10692262900100619,222,2,5.767532025051753,0,0.9267995218147982,0
364.28128873492733,11,0.10961423793229792,724,4,1.1881974407129636,0,0.8779227933838958,0
435.25017711891815,16,0.10692551046600196,879,4,30.53207775662551,0,0.9443818604461267,0
593.6582763404718,16,0.21123613933406443,253,1,26.395644113398205,0,0.8675253877533766,0
289.10582210187874,21,0.43183204760624205,31,2,19.175038029394297,0,0.7734838521281172,0
566.9565540101444,14,0.2067077314079802,800,3,17.79240243866014,0,0.754592242889204,0
461.4701716225561,20,0.03420317358386823,717,4,3.7268586181949024,0,0.8979205313107875,0
628.1449888956555,8,0.2527991180923604,162,4,1.824600743262266,0,0.8431530678956112,0
438.2517218638376,15,0.2332760097586726,110,3,5.487434221913097,0,0.8125957362263754,0
1325.6730034081377,15,0.13783256501563274,349,1,16.975492572106674,1,0.835064856503176,0
568.0290281852208,18,0.06282693794873151,723,2,10.449603405777761,0,0.6592148995296024,0
806.7643928950047,13,0.022693321946685246,785,2,13.667967187313145,0,0.8494131932212334,0
1172.6484855916603,19,0.22688623768696192,974,0,4.765287831940673,0,0.7895608554343163,0
892.257775002545,7,0.1803355717058165,621,5,5.378506918883364,1,0.7063344599515743,0
362.0456396034146,5,0.7280007231280773,26,8,202.57460597583685,1,0.21811899475805804,1
764.9540512012882,12,0.16102394995080338,392,1,4.555619243103662,0,0.8535820959540924,0
800.9416951379446,8,0.11745462294897327,547,4,18.628115763535003,0,0.5922095174168739,0
2422.180030599411,15,0.084545664127145,872,6,5.848594966247189,0,0.8391094647441907,0
339.67184618553114,16,0.20250305785419034,246,2,21.636599957015015,0,0.7673713338053509,0
371.6984652628238,19,0.30677624721916286,335,0,10.525458575598648,0,0.7038924206173145,0
271.9049229371398,23,0.6165383905881185,78,11,8.398505712815858,0,0.18630924049643813,1
761.6641316770363,18,0.4860480933504992,145,2,3.7259757568372076,0,0.54655750884595,0
1186.6091168269934,11,0.4185158381173054,136,2,21.733936106229077,0,0.6804445127312795,0
430.7122684030475,22,0.030258412216782448,863,0,9.957755587481223,0,0.7772201714502583,0
906.6086911430517,20,0.2094372834409608,726,2,0.20482557401389828,0,0.9690066554886769,0
689.3158482625308,16,0.04477799070601473,439,1,2.9970205930950717,0,0.917761487391127,0
941.9021251374784,8,0.1401407443525121,158,1,19.436337272374416,0,0.912358050515918,0
2512.5007656341313,16,0.1337736138745749,638,3,14.600129792665955,0,0.5683230164959532,0
1084.1635822646242,12,0.16836853272148103,809,2,3.3924474894995504,0,0.7649371922083389,0
454.21342886017607,22,0.3698223213818893,185,3,34.42570299268695,0,0.6671876700727551,0
1451.653794159271,13,0.20863920030477281,936,2,4.965449649315144,0,0.8358589618688473,0
851.086760618453,10,0.3050121932837283,252,1,16.63066279524752,0,0.8328001394533053,0
711.1261090717153,21,0.15118265542518078,32,2,10.029629271665833,0,0.7897607317479455,0
225.6975320757917,22,0.6105393239586061,48,12,69.41019787160663,1,0.301486792536158,1
1189.685175815019,11,0.3156922109908654,813,3,8.358452213209123,0,0.9309900039018761,0
1077.5003431935033,13,0.23816620628647284,133,2,38.61944505914396,0,0.772064119504642,0
566.2114988612701,19,0.3975452711792891,658,1,10.045263147510168,0,0.6113630084436342,0
1060.3539247257904,17,0.19003136667394313,956,0,6.245254153270629,0,0.6913778332385435,0
664.7929253524643,11,0.21380392067498755,106,2,10.398913359300382,0,0.613724629642019,0
397.63092181055873,7,0.13251859062945084,452,1,32.0042411968763,0,0.7748734071391,0
1268.7652602147405,19,0.23935981192261901,803,3,28.8583426139186,0,0.8682883203818872,0
1091.7680483882164,7,0.19474643917444173,788,2,18.177442957832376,0,0.770177739608638,0
2547.279331399661,14,0.25421431404799644,452,3,2.762529182285072,0,0.6982598813095041,0
635.9034621442786,16,0.08513513483820132,449,4,11.345729527195749,0,0.7620446777771452,0
645.7512971317369,16,0.1099932428515129,194,4,20.08519519722976,0,0.9424122910367337,0
946.09775699235,10,0.18532060332594544,535,1,3.378799286910006,0,0.8735067108467718,0
642.9447027954285,22,0.10720932980161413,765,2,4.023400154602688,0,0.8439561960924474,0
466.0158882917188,14,0.15262816573464,68,3,2.674832979055795,0,0.8963725886440764,0
644.4233919533511,11,0.3584904085553175,808,3,41.333388322976354,0,0.8387191220744229,0
238.1468337792894,18,0.314000330330312,912,2,2.3202246877444104,0,0.7294816183763482,0
472.6648944941228,16,0.2578472002805556,325,1,3.2668140733465787,0,0.45647229754796437,0
500.4090913113648,11,0.14178102747901006,37,2,6.028967349495413,0,0.91058654432136,0
796.2212521922883,22,0.06541872314818367,335,4,5.039064241804824,0,0.7564698895773716,0
51.33976308468111,0,0.6383288893005875,189,9,309.5771327459841,0,0.15144717668090546,1
1213.990016400883,8,0.04313857999271468,535,2,18.40452686880193,1,0.6909695509983541,0
1788.7574436003245,17,0.20384060296169917,603,2,1.5103126295005087,0,0.6767257920116144,0
66.90129829900724,2,0.5397342802891636,76,5,537.0914752396804,0,0.36166922914246674,1
865.0374561612048,14,0.040985179002846185,500,2,15.02789086724033,0,0.9812003153526304,0
294.03141192104175,7,0.20392061178258802,717,1,9.871599971924699,0,0.948345779063401,0
255.5770340619298,7,0.07674187655177662,755,1,19.02317233486789,0,0.63840324769492,0
116.30324407002213,4,0.7649496260677517,153,4,4.624521157148407,0,0.27504812278364055,1
562.8931915563006,8,0.26517236536146094,109,0,11.265829049160072,0,0.6159054980601504,0
1175.6235583170371,16,0.30003776783097486,80,1,13.163450490114656,0,0.9480851524930312,0
472.5852724858725,11,0.14115754830957472,781,2,15.445759058621649,0,0.7626656372764529,0
1958.4920669115095,20,0.27937092903458727,738,1,36.06385427587954,0,0.7030327601543043,0
616.0126503543339,21,0.2131200587153701,50,1,20.67913482769517,0,0.7117973694805098,0
715.4675848797851,18,0.06179166822408222,900,3,5.344348973243094,1,0.9318737408049549,0
534.1030026164203,12,0.34776674194305746,249,0,16.093399846190547,0,0.7522433570848398,0
706.6499361029122,7,0.17244372041992662,662,3,15.48802410809066,0,0.5058999469948493,0
1498.6121668740423,7,0.1938336189801309,186,2,19.036416349495294,0,0.8599353112528015,0
1546.740500139514,22,0.1440992568850476,512,2,1.8991231583266635,0,0.9329254576598731,0
677.7504769562114,15,0.11464033199900403,890,1,19.797153466846066,0,0.802015435793952,0
240.7640798224366,16,0.06353260564517102,547,1,4.86575026366046,0,0.8037763967722451,0
1014.1803555523098,18,0.21886594757582806,45,2,11.38409546933981,0,0.5915962854764999,0
932.3963272766417,16,0.271097429606991,127,1,61.92645096022793,0,0.8267610247404118,0
941.0142134126755,18,0.23636393104315434,71,1,19.900047488928635,0,0.8959615447145698,0
338.18006726323733,17,0.12795366289055507,311,3,13.35327890155852,0,0.8603605979071317,0
709.9884301382012,20,0.43820162011250713,291,1,10.647606700983369,0,0.8380942985603288,0
436.9280791739265,8,0.08986680113573109,155,1,3.854888692324858,0,0.8421988480238654,0
1144.450775599749,12,0.3266798779488715,357,2,6.539967741905963,0,0.48219809395299995,0
603.0416428910756,8,0.025032641914592004,65,1,40.855723873007165,0,0.8516274139908724,0
419.0406622715526,21,0.2527201385891066,720,2,23.486363088525934,0,0.8384497365883108,0
795.6958991557403,7,0.7630029032966168,679,4,18.81446304031488,0,0.9369992235419949,0
405.2480249534485,14,0.11696798173404485,904,3,18.73212710876773,0,0.787845439166629,0
972.6121908726899,7,0.14092709616579435,852,2,33.75899424828358,0,0.7301521005128254,0
1210.59193687586,12,0.28617090381509974,544,0,65.36375539482741,0,0.822503699248015,0
678.5807823492555,21,0.16177781256370447,51,1,18.064842619793406,1,0.9837103095242038,0
739.1293471486097,19,0.18401062625852477,488,3,5.465225738561316,0,0.853384084845644,0
642.6492422178591,8,0.18515251796814322,638,4,8.14122821369485,0,0.8380364892920884,0
821.9545716505374,10,0.1333328914823583,106,2,4.981277418728132,0,0.7742399295332063,0
973.9073374303734,15,0.10658389749391367,310,5,2.119899555836299,0,0.8187734991546929,0
866.1082072891709,8,0.1533836000142073,793,4,29.843362804162126,0,0.9627295713814501,0
495.1112715690125,20,0.3675359502789465,245,3,4.343966245599566,0,0.7980360960620528,0
1800.0748682665042,13,0.24725080442995354,786,0,15.955384043246552,0,0.9497843020461817,0
310.1058825981767,7,0.3014308564155963,800,1,0.12275947055593232,0,0.9525859299414879,0
702.2816536221952,11,0.13793257260567512,792,3,0.8924928891270528,0,0.8239445975524771,0
417.6311225820259,8,0.09349210430439243,532,2,11.642936358731449,0,0.9089843496867385,0
690.4869302146717,7,0.29562232244340236,368,2,11.083025569781242,0,0.7998075950263548,0
717.8532978113144,8,0.20907254642213938,34,0,20.688014034185088,0,0.7704567623276362,0
226.6688138329472,4,0.49484366187875506,86,2,6.684655062346219,1,0.0682867741294865,1
1153.3859207637656,7,0.4315318177653645,767,1,38.164052015839346,0,0.9694808699264684,0
440.18400444454005,13,0.12355199740137665,106,1,28.90577904017404,0,0.8980098004184235,0
402.5198136158722,12,0.22314079061261413,402,3,4.205207932430004,0,0.81359714189436,0
729.6831503245114,18,0.2817909064399195,484,2,4.6951645898410685,0,0.830601117872714,0
512.76646839524,21,0.12601951005064155,825,1,12.979277092615428,0,0.6356472178044584,0
498.0017980082544,20,0.21845365222030566,580,5,10.049511583305081,0,0.5211050989052689,0
726.5492596602238,8,0.2220042577583386,468,1,25.095761262088793,0,0.8080114276262864,0
355.1843477419693,19,0.12686667393706422,285,2,0.4056863760041493,0,0.4762363784601184,0
280.3232619885558,13,0.22454443876442123,620,1,7.484708418518041,0,0.6800923788800739,0
583.3407491476006,17,0.14112942324559732,388,1,8.688776762496955,0,0.5937960504231569,0
650.93668703645,14,0.1750639571618975,657,2,4.448468903336253,0,0.4407090088305515,0
838.9295699614797,14,0.059921542303561545,969,2,3.037306052011737,0,0.8917564802037861,0
416.4897862728035,14,0.3525757214605793,795,4,87.02261053527624,0,0.5756424342320245,0
579.4402838863294,13,0.099204461477885,716,0,7.250374973600561,0,0.7431528985432834,0
380.8294413373529,15,0.18210020549773656,205,5,7.136591470683705,0,0.5645415204002915,0
851.6305892827576,8,0.046572232958746435,639,2,2.8593486758898488,0,0.8363289008574635,0
2291.3266397433135,10,0.12434839207466557,704,0,10.998638949981059,0,0.7665191498343907,0
884.0506950097177,17,0.2983946632363881,407,1,10.759622807479978,0,0.6016737762902838,0
1671.564899649834,12,0.2196549325237216,895,3,20.33542556040398,0,0.8235761924950116,0
337.48248720940785,11,0.0643703112199657,694,2,10.781715379848675,1,0.7396872062556827,0
387.50973760063306,10,0.2835829409205166,897,4,12.02883460540097,0,0.856477528171719,0
365.8773961948902,13,0.15614995180976043,276,2,4.181382207075507,0,0.7864599878132577,0
345.3295454304084,10,0.19402466001469132,819,0,5.780331049069143,1,0.8181909873346281,0
877.0255295784102,13,0.08958375761972576,744,1,1.6605970950801985,0,0.7181767061581926,0
476.37892118628093,16,0.2523738764586847,779,2,8.14722672574313,0,0.7222120005517033,0
698.0384087966565,10,0.08297613731139045,433,3,12.53891670965114,0,0.833408309845411,0
1128.2338772382393,11,0.2935283205130872,78,1,10.747074255761985,0,0.7117067620321633,0
467.66640986728976,20,0.07387166589998678,426,0,4.401316128135848,0,0.8482748913860596,0
974.7900342404633,9,0.4610341345261155,60,2,7.337088844943713,0,0.8374321720917164,0
932.9113369791028,15,0.15881600871112656,807,5,55.92064333746291,0,0.6755179027293833,0
1295.1934560479772,9,0.1665712326766429,516,3,29.896401415683748,0,0.6513254079725936,0
563.6686892368982,17,0.18393008912888165,912,1,55.46122446704828,0,0.932618868462918,0
343.39436537264066,22,0.3849843683762377,83,6,265.52467898974464,0,0.17236854684052394,1
1645.1857289252096,13,0.13583104055030623,421,0,0.7253057905269917,0,0.6351605612303283,0
921.1590176585205,18,0.1924380942460492,580,1,13.610114014186268,1,0.823366436750965,0
1055.3647283883868,7,0.10819664273296456,378,2,0.16693117109463262,0,0.927995351961198,0
674.6615249967097,22,0.04302510192525414,496,2,4.024256997139588,0,0.9452529449036416,0
1579.6874179725537,21,0.13940599920395938,981,3,0.7355978886766604,0,0.8633974699640304,0
691.8383471990312,18,0.047047123049458815,843,0,3.45579901624847,0,0.8702638283675004,0
1182.1046407653923,12,0.12970747099127036,832,3,7.895020877915458,0,0.8080230651109315,0
473.63937495154715,18,0.07231200592826345,490,1,24.815813829953605,0,0.8051052130919737,0
421.996520869775,18,0.1761730280773878,559,3,62.826437919780844,0,0.9477570714394468,0
1000.8162181698507,19,0.2876920695912699,419,2,53.3234268939639,0,0.7195339464196939,0
274.3343589283511,3,0.6138159061400239,1,7,167.6053390237962,0,0.17188665794609986,1
320.5459649122825,8,0.2152005858119716,566,2,51.3048715334916,0,0.6996719802597919,0
564.3866032260692,12,0.2176244659475178,247,5,1.8035870107823648,0,0.8709907915860107,0
977.0461983437241,20,0.21341236319524948,469,2,12.110080747435235,0,0.7973269262678891,0
372.01576618366903,15,0.1861699100028603,786,2,12.870446756847086,0,0.8841701267651942,0
1097.375050110946,22,0.18773194208742455,858,1,6.202318835182854,1,0.7957613447283236,0
582.8042554068533,15,0.14438206270280354,919,3,9.755982773258129,0,0.7213549770700401,0
959.4548722712568,8,0.07468551834452204,529,0,8.06887212999265,0,0.7619258007009725,0
497.6225583568153,18,0.3759517758118746,138,4,7.141414757748292,0,0.72521706020818,0
1028.6213286709994,14,0.039478775869741814,520,2,16.619662513144856,0,0.8651290954084989,0
250.42613418788466,17,0.2838882952343925,53,6,6.665499788597596,0,0.9046272554457637,0
356.2238906656486,18,0.227411580836575,830,3,4.142497710108253,0,0.5025245449611505,0
2160.546857139472,13,0.08737615792830648,665,2,0.04511800674032669,1,0.8099297169761674,0
245.6125477320035,13,0.15603928342198806,958,1,4.910174654591552,0,0.7621616168592754,0
3271.628332303659,13,0.13100775342045157,328,1,8.667741319672329,0,0.7982581051106351,0
608.8680661814618,12,0.33744249502619617,532,1,1.8175781921378489,0,0.8957354290421211,0
371.4393167888269,20,0.3605822073446247,918,1,6.5965264590866965,0,0.6328749107378195,0
395.9433365305508,9,0.33344811182149336,337,2,7.676551649237478,0,0.9375318573506315,0
643.6418721100864,13,0.1889347541058897,889,0,20.381134201984246,0,0.7150739259837439,0
934.861560449363,22,0.07758936795822577,980,1,6.829123465405254,0,0.5337631594693156,0
524.0983975251162,15,0.1105611029625097,944,2,93.65157293618259,0,0.822491719157682,0
516.0565092609214,13,0.25697874186123437,131,3,10.377971185195268,0,0.7285811982773136,0
914.2730103602648,13,0.2816814079716098,455,1,35.054575705416525,0,0.8982521487366003,0
961.5907208195653,8,0.15951213809409467,157,2,8.280601162414193,0,0.9017607238594452,0
1012.1503431693271,9,0.29893719372515554,156,3,0.918310894740759,0,0.5673091774413831,0
451.13153222100374,16,0.26574582286888143,720,2,14.131155006562889,0,0.7766584867003694,0
488.6296076159674,14,0.10796565204596557,85,0,17.51345414991808,0,0.5983251932836728,0
377.32853256964734,21,0.4225986913323605,890,2,8.999344965080628,1,0.6463418571827863,0
603.1335383214257,10,0.19025073867158113,686,2,6.219257246771553,0,0.9516015096861858,0
574.4364629623425,13,0.09468897378592188,720,3,18.46795107746265,0,0.8824860746506146,0
472.49167029383955,16,0.19911011254249705,883,1,1.8848109129966057,0,0.7674747196459211,0
275.77206900725383,9,0.38943207987971884,923,1,39.69574765188072,0,0.9559135011139709,0
1385.5771786528994,7,0.12694934384081916,499,2,14.932053539967146,0,0.7905564687672366,0
780.9842808850152,9,0.21668969419983797,813,4,6.898838461684416,0,0.7881464611855226,0
420.6202395062525,16,0.25326340869312164,691,2,8.320255148130778,0,0.9096080696638713,0
578.1638621761687,8,0.3846421319587106,730,2,36.799697519251225,0,0.9344777858161988,0
184.0218097090643,14,0.13887730595941727,458,3,14.115287826047973,0,0.8965676808924926,0
486.7096714448764,13,0.1484409713582305,720,3,15.675264785031226,0,0.7249528556888887,0
1338.8364151871951,17,0.06211098582819786,562,1,5.767260103232698,0,0.673042810313099,0
215.58217549244912,19,0.12667930157079502,405,2,38.79549625601743,0,0.7084862602461033,0
772.2915995777264,12,0.10038419223697763,841,2,1.7739217247811145,0,0.8728473283050752,0
1984.8191184109864,13,0.2132202827045073,870,0,23.052044190861707,0,0.5887552313546877,0
364.9354937866929,12,0.3879171916590745,496,3,13.984551696018945,0,0.9002560089244442,0
577.6900543960211,14,0.48999181493275146,136,4,8.836866206779083,0,0.9376969287014992,0
1826.274785737554,14,0.19125906582370117,942,3,6.5115139702992195,0,0.9342114104892352,0
660.4140715435864,8,0.31232656806904524,350,2,6.328591880345417,0,0.8961583142145136,0
580.6120894261268,15,0.08210833582810986,731,3,3.0094012304045794,0,0.5541709218178784,0
311.44517088898823,20,0.17194641741867517,138,4,6.085524078888133,0,0.871786838262769,0
413.0846499972321,19,0.10664755608601087,390,3,9.79463871511337,0,0.7982508639309011,0
577.0459242747695,17,0.22963683426296927,405,0,2.0594498562254495,0,0.9389015431576855,0
341.5842279119708,16,0.2018347394511893,231,2,9.359875795068538,0,0.8344248482180132,0
1128.9164591385656,22,0.14947066412219637,911,2,7.1141134356220945,0,0.7509640542476527,0
429.0405342194791,22,0.12280367971280115,640,1,26.475236374359383,0,0.8492770501609002,0
616.3690471736836,7,0.1076178338404278,504,3,29.81931030427963,0,0.7952767445451002,0
578.3190007322303,16,0.14045296343484884,916,3,34.529883203255295,0,0.8244654751205712,0
3199.974886064214,11,0.14307333104575226,344,0,26.12835663021311,0,0.9432251811391259,0
709.5402744505791,14,0.07469667726400607,339,5,50.02210774139624,0,0.6510773755876812,0
1095.2310120675145,20,0.26804994230384616,608,1,0.5659105753506612,0,0.8832217863782426,0
480.312073538743,11,0.475526345816398,871,1,1.6331368111964095,0,0.6880549140252284,0
673.6897914015724,8,0.018302250136462434,868,4,25.69688891937477,0,0.8784729703071179,0
772.817499863047,11,0.2015602605654835,580,2,12.88784002688163,0,0.875268137789518,0
1114.952942725024,15,0.2470162371483851,537,2,7.280846079043693,0,0.7268392847619224,0
373.8036976554535,8,0.30616846687516885,307,4,5.623216566643336,0,0.9714175553652522,0
331.4649747727176,22,0.1358475366115052,609,2,10.384026569494416,0,0.890105877482215,0
647.1385098045623,17,0.43772598176417465,189,1,16.718831218929353,0,0.9558908853098961,0
505.8322174436875,18,0.04247199526937244,923,1,1.62438700346235,1,0.9463131033066371,0
1364.41461373843,19,0.2486963056708387,690,1,1.1789840533130331,0,0.8832918158216447,0
863.4695899027565,9,0.2621900785153713,195,0,57.48853173303282,0,0.6608665806183601,0
1188.01747427021,8,0.046501286384753954,775,0,4.2934512895383925,0,0.8018755192106356,0
204.03944493961802,15,0.32989364049803666,878,1,16.98207155720275,0,0.9284975911398186,0
1204.1293458243774,22,0.1548729411762098,251,1,2.1134702504469702,0,0.6202570380674065,0
517.8862988061994,9,0.34825857089747797,45,2,19.16999383590986,0,0.8233430660835026,0
672.2135293199582,22,0.39120081850149185,962,3,4.0871646268754365,0,0.6587555989575047,0
544.7678290151613,16,0.2524712243697599,820,2,3.792211642518193,0,0.9513811804569591,0
780.2289644041127,15,0.12835362759370667,355,1,16.295220679755896,0,0.9028438683602902,0
1298.0039080176243,17,0.14636189853598836,247,3,35.52068121603247,0,0.8712613917168552,0
502.55675300285156,10,0.2696710218694932,225,3,24.04210318641554,0,0.8348806397647379,0
376.21804741780085,9,0.266915532744118,767,2,26.50845750239586,0,0.44852459105035297,0
974.6813511519284,8,0.2277815511873584,77,1,21.266791186029753,0,0.7624142542014887,0
674.5617054946268,16,0.32179242384194806,771,1,3.7987650686578145,0,0.5910421511362566,0
470.2412325495885,9,0.10253251848627978,367,3,2.38322778074128,0,0.8110246576557977,0
864.916580218097,18,0.23079031539059355,800,2,28.195506139420093,0,0.7429510736924152,0
448.2712919364041,19,0.3105767421822498,381,1,58.83694034829103,0,0.8193367996847378,0
1046.870441788119,11,0.40593261010843557,768,3,48.15866726061041,1,0.6377679304632009,0
416.5857516048399,16,0.1274106691293954,253,3,11.786786318572787,0,0.6803133609239463,0
891.169553109568,22,0.28806143961343667,751,0,4.228581171887073,0,0.9881152843865468,0
188.85918221929006,17,0.03140553325063969,707,1,29.873488896632256,0,0.8828633486664392,0
793.1526814967938,19,0.03255161165294515,754,4,4.234534494809368,0,0.8331245584793137,0
931.7865305923887,9,0.4286661433049427,662,4,30.013488624497676,0,0.8948805622094315,0
624.199418947,18,0.07301394334878374,948,3,21.648298199624776,0,0.747834945660085,0
745.039387350991,10,0.2815071672817639,385,5,12.573630758426196,0,0.8188758134938176,0
597.4902706528152,19,0.15031537527052474,58,2,29.206425832466806,1,0.8381678213661812,0
792.921257792745,12,0.09293752620095494,985,0,0.9136391859418569,0,0.7470086768746261,0
360.32214413978886,8,0.05944740329091301,966,2,16.06765181549544,0,0.8742220653625231,0
901.8523044438446,20,0.2033376743920337,229,4,8.705197241795197,0,0.5429170508599643,0
1322.224858961077,19,0.16641702590612084,997,1,1.707778402392523,0,0.8368824902463079,0
760.3490659367063,17,0.1524861080737106,789,1,25.869673823571457,0,0.6235692983919494,0
695.4591868672554,20,0.1079491781547869,925,2,10.702983987940303,0,0.7439519912436956,0
475.0161416151348,18,0.3831210717322552,533,0,2.6775055411945705,0,0.8932786756151215,0
416.96054528755576,15,0.36963937754377185,679,3,17.949058521962023,0,0.7047164643974931,0
777.0526716842552,20,0.2161009099046099,344,4,19.313464018242186,0,0.8406497751506214,0
1062.4924907596173,20,0.2252032258013455,520,2,23.55885076787354,0,0.8048964178515087,0
1439.0214133696309,22,0.06779422555950197,525,4,17.80499301175979,0,0.8869121284113912,0
254.1605439681284,9,0.24297195274018607,338,1,5.1035713501281945,0,0.7990749156194283,0
660.4460870205295,10,0.08020211263280506,819,0,4.87359172396959,0,0.7192593000447495,0
118.23949005109085,5,0.4637287199419389,99,9,26.13044901777702,0,0.07060764768229259,1
1113.693401411508,7,0.10694461545560523,742,1,15.082832583991658,0,0.7514412788507441,0
944.6272558204178,8,0.0808338735761694,962,3,2.1489835095032315,0,0.9727776483743082,0
1328.371631531563,9,0.22026345207299383,202,1,23.063695889974987,0,0.8335673729392227,0
297.6722174704845,15,0.5633492847424684,667,1,8.284652753567114,0,0.6585771453318758,0
542.64046904187,7,0.04060433294853369,288,1,4.054027373385257,0,0.9580851404467835,0
451.1044878015602,9,0.311414031249185,360,2,36.41117543508065,0,0.8200765113968796,0
360.06958115830867,16,0.22666799579480146,677,2,10.167203952101374,0,0.9168492214780483,0
942.2688608501204,18,0.22388792322809753,139,1,1.3036437418168545,0,0.719191616799949,0
1223.0594382888107,8,0.3962442462396246,535,3,10.191406397423856,0,0.7535296195673011,0
391.92464457718796,11,0.2871088066349036,49,2,1.6240653881642226,0,0.9070291201811141,0
540.2376148698951,19,0.1095180732072416,390,2,9.695115293423639,0,0.8977990540355981,0
703.5382497478198,10,0.1635140640219926,203,0,13.279509801117555,0,0.8206284091597505,0
877.0835762427664,8,0.0806477616674652,577,4,13.992958306975089,1,0.7010441308432211,0
930.7090820811605,20,0.1887907987338924,217,1,5.3484284173267085,0,0.953919222270885,0
1257.6939914209863,7,0.20461812245901131,743,1,48.51696403696395,0,0.9036312500891022,0
269.0429743993318,8,0.1614905499784718,928,4,11.919709340496563,0,0.8022221831680731,0
735.0967486028519,18,0.06622034428827611,558,3,7.077205741884872,0,0.8634422862351794,0
1048.648860507396,9,0.26948358481894674,172,1,11.066673333583058,0,0.6733225093133435,0
468.9250651159829,17,0.1332347279250918,147,0,37.731333297873086,0,0.6747956341326651,0
262.73197677481755,13,0.06312438800563899,714,1,22.846736157226637,1,0.823747568973602,0
534.6466465343548,19,0.19035948138665607,44,0,18.409653918971255,0,0.9349245607351373,0
336.5290323400712,11,0.09127525264492305,909,2,28.67555571709427,0,0.6234092026233969,0
1532.9076618732354,18,0.00698003138863479,107,2,20.834349336841772,0,0.7528119675699749,0
894.3510269495943,18,0.11672409419138051,972,5,73.81683139984733,0,0.6776521949239843,0
408.6960895221937,17,0.3002013846848965,494,4,5.252228897501586,0,0.9375094294342329,0
741.0717295753906,18,0.21482229596469554,682,1,6.976955165495604,0,0.8940857790460228,0
639.0782172332766,22,0.15689916622167455,421,1,16.222313606109044,0,0.9126934718516585,0
670.9342397449727,8,0.1054997360992783,78,5,23.21434664331118,0,0.7926188694739911,0
1277.2626425786796,14,0.11170241306758077,940,5,30.403604033137483,0,0.856103769921686,0
638.4934129289638,16,0.15275602587130915,941,3,1.7060072088476275,0,0.776428499807192,0
468.3708284644507,19,0.16519439982996964,240,1,6.9764718158683,0,0.8153748844787547,0
702.7090852473491,8,0.2716015094101648,583,4,16.966352851789896,0,0.8177437733671191,0
430.99393692484995,11,0.24790029639031042,846,4,1.3644119667693246,0,0.5308953104593445,0
1066.6089435447689,11,0.2778462496554551,449,1,33.086858629473035,0,0.5676188043025714,0
524.4616266664494,7,0.15021420899892057,372,1,0.5675941628628585,0,0.6355092126348716,0
1069.9338899874604,8,0.2201673496716265,169,1,20.91842415881458,0,0.6247719121890088,0
752.5592150557654,14,0.15721473997800023,88,1,26.1340425171251,0,0.9382752583099799,0
927.1866517857817,16,0.2059032111331205,326,1,20.492280918170408,0,0.7958167646708482,0
892.6977548352432,7,0.3623898805896534,795,1,57.30260171914754,0,0.6035403345875817,0
608.3587664273815,12,0.19327365393813076,700,5,15.004592128513437,0,0.8299433534789151,0
218.45264385064436,10,0.02283404578590328,80,0,2.9675600079035327,0,0.8128563286058861,0
322.2815170603927,22,0.029408714002636956,791,2,1.1940521056414644,0,0.9588570543138423,0
370.9869947252063,18,0.47529375896319287,134,1,9.052370158333801,0,0.9120802438996297,0
308.7280563864847,19,0.11498887649255485,398,1,6.83405275495025,0,0.9111013214594119,0
465.76973565667004,19,0.3266864068542128,567,1,21.443891885045694,0,0.8350523646045352,0
641.4625010167666,17,0.044933230395607475,949,1,5.297069631697154,0,0.8730612948172098,0
445.8311975183374,15,0.1340287179640299,829,1,38.12879027981683,0,0.7903892433897332,0
637.9120192674808,20,0.1893700933097951,689,0,0.15284178098916326,0,0.8376458783290891,0
681.7478318650611,18,0.32730242956207417,52,3,10.077965800540184,0,0.39047036175725,0
852.4819076669716,9,0.19111368669077436,892,2,12.141372142753546,0,0.9166445398974266,0
878.9606024703855,9,0.07529037719026298,496,4,9.90074175147067,0,0.8991340290631262,0
799.9418164435153,15,0.06063296098030929,829,0,48.002510024963776,0,0.9177941491145121,0
682.948218916784,21,0.23660442619147953,306,1,19.09416638618021,0,0.7559565500876222,0
675.7248412923778,20,0.05406835158719636,636,1,4.403556234779703,0,0.8780108160289398,0
765.0608396375121,11,0.26476322457393936,873,1,12.769236239989654,0,0.8144102089775093,0
1097.8435920946845,10,0.4146186772903135,212,4,1.1090887825914957,0,0.9032031369007272,0
288.15734711908965,22,0.0971988112297529,288,3,0.7622148020887829,0,0.5752810719747523,0
1252.2854504199793,14,0.22203325913625468,482,3,13.882475436853204,0,0.8176538327271339,0
1009.4809930398607,21,0.3054860846893102,849,2,4.080167316704173,1,0.769937879184783,0
286.4508489935166,17,0.23973622644507697,712,0,79.66593006289887,0,0.6637833007493922,0
475.8920777410087,22,0.12143054263133962,668,2,2.1014661254595817,0,0.7133855398765592,0
421.555404378079,13,0.31230014770034187,504,1,9.107123114043741,0,0.6834980736684507,0
662.854956580309,16,0.2280721297297693,429,4,2.0740550796304613,0,0.8988719458236495,0
205.63611532004484,14,0.1527840569371768,333,4,27.175578776628463,0,0.9118509215128059,0
2327.3321984061963,7,0.10450133186338968,319,5,1.3631635335709542,0,0.7234326681620085,0
423.8936124880194,13,0.43738152253708773,674,1,1.428941277974861,0,0.8140509544507128,0
603.9754677418193,19,0.3849967072232777,97,4,3.3724287170717533,0,0.7685102860526624,0
852.8564401601079,13,0.16207987387569808,665,2,42.32471923070221,0,0.6825485715929638,0
226.15137725658556,10,0.45261390658181444,861,4,2.888924502992256,0,0.8728537503336824,0
613.1988199014951,22,0.313924368213641,224,1,36.33753027119592,0,0.6219428293878235,0
751.4230244790994,18,0.47391017727485857,772,2,1.3819730072420744,0,0.8322910530652382,0
1642.0496040225587,14,0.3419554724751549,980,1,22.83895484032861,0,0.9176149939372666,0
466.1904492108794,21,0.14305943993205222,815,1,28.641388527026063,0,0.7081647345889522,0
868.6822262212,15,0.29651621818622936,626,3,22.33412211514837,0,0.8814459101217537,0
643.2059034275585,10,0.2098586182526226,474,2,44.69491827809595,0,0.5913496491837267,0
1088.8271944145504,15,0.30796707235188314,536,2,18.04649707595166,0,0.9017519660376285,0
903.7587789233302,8,0.25839310448840797,745,1,20.54114288172769,0,0.8487824383955297,0
1141.7034208788168,18,0.32283094893805997,550,2,8.127327622915534,0,0.814976842182607,0
1134.93472609448,20,0.11510521015705606,465,3,40.03734707842854,0,0.6720215200405212,0
1631.8539922382292,8,0.21211735430204257,687,2,18.03024895657711,0,0.8750983903467581,0
513.7902149253248,16,0.05988201857236099,186,2,6.937486996361763,0,0.9567865018489721,0
690.452638905053,16,0.11579352887271332,805,4,3.3021216153682853,0,0.9712288705608644,0
198.57790484674146,20,0.11925266828883155,691,2,10.428579468579901,0,0.5268087087600862,0
522.0526339705874,21,0.09517575562115095,922,1,31.1043190716774,0,0.7294067845669658,0
1084.1348418672117,10,0.25228150147770706,270,0,15.477305895899795,0,0.7258215169747434,0
419.74228168941346,17,0.21289418461313747,913,1,7.728167586035201,0,0.8370291113779683,0
534.3280098888558,9,0.16138761889464018,310,1,6.266477797773284,0,0.8937419383181205,0
852.601815447076,18,0.21011452526147184,511,1,7.874045777835091,0,0.5670345740936327,0
658.1570811025907,12,0.23623791067468475,936,4,6.30981265823122,0,0.7379396891570467,0
724.6104986912744,14,0.21957258349407938,102,4,3.806699837728977,0,0.616581029615786,0
1020.1056794905562,7,0.21978010049193178,596,1,12.74872159036564,0,0.8477457376281063,0
473.5046264104317,10,0.31476752365795224,916,1,4.550248283096008,0,0.9634730850874781,0
481.4467367485949,19,0.08729982446867468,367,1,3.859295909072907,0,0.8078597915159578,0
30.04794652278871,4,0.5634488849843637,2,7,68.52218283422853,0,0.1897145022834783,1
350.32277200314235,10,0.020960443325049906,463,4,5.706665951265186,0,0.408577952517501,0
83.85843664921484,5,0.6275324862615055,59,11,222.8458186108196,1,0.440253558810403,1
1043.485127123103,19,0.3516674773443285,325,3,7.274962638401691,0,0.7054433050396884,0
1182.6219276571271,9,0.3622195934982162,261,4,13.461957269751629,0,0.8036161778884696,0
650.2820108396965,11,0.310415612196112,82,2,6.237164797350233,0,0.9285917183957655,0
75.67415459541165,0,0.5695363558526004,44,9,95.13259801188535,0,0.312285300519996,1
1018.258552772154,13,0.02736104057156908,39,1,17.56544146742878,0,0.9658678077745002,0
1023.3115197380889,15,0.16582170118701692,329,2,4.895626482790611,0,0.9308805592420702,0
1376.9550076236515,9,0.15901406561065914,531,2,4.037823597500113,0,0.8372999259322021,0
263.15518679832775,22,0.1716240434123284,204,0,8.402363456133054,0,0.6660176936015341,0
746.0664240051631,11,0.264291865814039,592,2,6.500533041091552,0,0.5437942548975538,0
511.28551278472315,22,0.1258659987977528,867,2,63.94549286353522,0,0.805033509780953,0
282.14398653270405,10,0.27046779917173985,898,1,45.29426916455391,0,0.594692324199027,0
250.71171920646336,22,0.00810461847972641,707,1,6.981818691906423,0,0.8735941859095713,0
1042.937336913546,14,0.1920107500993046,341,3,12.42919742309796,0,0.5964731038648362,0
923.2894543235298,14,0.23654466577384842,130,1,5.432007668589645,0,0.905921411753292,0
650.8336310333328,9,0.24357514159101953,163,2,33.425833610115724,0,0.9537643374631068,0
364.15723021026355,9,0.1340462943960346,814,2,12.975956279628734,0,0.816239803253518,0
584.4234826664839,11,0.30446884228335314,92,3,9.429206025248824,0,0.8694677514449809,0
730.8546852589941,21,0.08646762864065942,990,3,7.271339377119431,0,0.7554784232204388,0
482.1257402800198,20,0.1498753388399425,111,6,8.921080583287509,0,0.9208526119907137,0
1436.7379939558184,22,0.09450558727600677,188,4,13.938835826598936,0,0.8661681186961946,0
903.9329255280248,8,0.18778292959100817,529,0,22.95802294648911,0,0.7508094302082569,0
542.9489060496091,8,0.10881381359874956,885,1,23.111432416745153,0,0.6594311553555977,0
1567.6281143764863,21,0.046733841537236254,51,1,11.520750259858438,0,0.9087637925709142,0
605.3572118405629,15,0.18042775587864415,670,0,4.337286552370311,0,0.7391939673885762,0
406.3978656982211,9,0.19631762795826047,352,1,6.463523753272772,1,0.7474732700783961,0
580.0482625805181,13,0.052171780194728956,762,1,15.758176129875856,0,0.7807012867858093,0
451.37060567629334,13,0.1849589246341556,755,4,18.45351196470257,0,0.7675883100547576,0
354.49768975058936,16,0.03153619873658191,81,1,3.1377635680803904,0,0.8803872852302335,0
622.3004568927644,13,0.18619796618785628,635,2,7.234439059581696,0,0.9446299842192832,0
912.9416126542707,7,0.14122964358323079,958,1,25.779286743873218,0,0.9712375181635203,0
635.4412973046273,15,0.11247970672660068,481,2,2.6681449309207337,0,0.5185155568318491,0
827.1030129220678,22,0.04036702732459471,223,3,28.225711781011398,0,0.8802141007879711,0
562.1341032924275,11,0.19727768931681466,501,3,0.19130615030680054,0,0.9363387519799474,0
1952.027135966825,11,0.3229735026059595,848,2,15.394746671388646,0,0.9673245062111113,0
230.90063571763582,21,0.1625249991972601,842,4,8.408096567259163,0,0.8766327339202318,0
2128.4275232412506,20,0.12984612206800625,360,1,3.399942976347179,0,0.9469807705450973,0
143.39840765869386,22,0.7720860081970148,136,3,231.54200634791562,0,0.509429837810501,1
1272.2730005631777,10,0.26928970363439925,925,0,7.20792826797873,0,0.7498252390061649,0
642.3355072554399,12,0.08582605013919416,108,0,6.753703778018625,0,0.9027581099934953,0
614.4173361891851,9,0.29487440379631547,344,2,1.22982154479843,0,0.8013067355707383,0
304.2904451530895,10,0.048156029918003745,339,3,12.50449204298722,0,0.822224862105458,0
1055.3916587652946,13,0.2361917234719682,853,0,29.803202387711124,0,0.8966686449840471,0
440.64363787411367,12,0.5262584133647358,704,3,26.943679134077676,0,0.838166237456922,0
887.847838030866,21,0.5220826533331122,399,1,3.8914088186025744,0,0.6245021445268504,0
365.8368794429798,10,0.06473324221693884,916,0,28.16211374140703,0,0.741920536128969,0
629.7555245322152,16,0.18721944386842532,346,3,2.791720921311193,0,0.7648884385570752,0
472.2879691184441,9,0.35442167916894946,910,2,13.067021637113667,0,0.7394097291048131,0
567.5290433010081,15,0.15857743622407053,605,0,16.449350199149446,0,0.7885461437319337,0
290.2897575816421,18,0.25494308778726293,630,0,27.05452166011042,0,0.7139275691586247,0
701.1959691322191,12,0.2943963165859342,317,1,18.038181998553114,0,0.7072388409653919,0
904.3514676077125,22,0.260738361437864,892,1,2.2104388907744186,0,0.8002636917832784,0
699.8826345816993,11,0.11463711298722021,716,0,4.33187366304388,0,0.8918014902715146,0
954.7316883581769,16,0.183575609214689,838,0,12.09948625475441,1,0.8396621991311634,0
345.9210419889543,9,0.468315392235673,653,1,16.00630714322464,0,0.6527403953045217,0
477.57626036615994,20,0.32598269669882507,490,2,8.819570380195493,0,0.8537906100304123,0
392.65345693807313,14,0.34180355058956763,761,1,4.744611869696463,1,0.8255784361396469,0
536.9370681302928,8,0.09445290979112994,344,2,10.125577687044796,0,0.9122858693012925,0
700.1926500326995,9,0.3523542721880526,496,4,1.9206326684864303,0,0.9756800452737283,0
901.1516774765017,10,0.06640233555120424,861,1,13.02801675544736,0,0.6734695085910637,0
566.3665462622107,7,0.42031113789739744,580,0,6.169377450337729,0,0.8514594012730023,0
183.77304647528666,10,0.045434453919886236,345,3,13.356054380345523,0,0.8601328072705346,0
840.2389436945616,20,0.09096066374338053,660,1,15.576477254630202,0,0.8405129610350704,0
704.0757604774226,9,0.07542473592117033,937,1,7.013055590432561,0,0.6722529615300132,0
410.7609626357891,12,0.11047962276159325,501,2,6.493041670628934,0,0.7804655852863628,0
622.7158100929112,12,0.4944214024065284,749,1,2.9995381245271178,0,0.8236659469995914,0
1117.6490765005767,16,0.40046610964070256,422,0,88.86529409264479,0,0.7916872060741147,0
775.206650007624,8,0.09688936758979487,290,1,13.711565589107689,0,0.7050345539443605,0
538.4891417739249,15,0.4668219386173671,797,1,24.231842358969004,0,0.8636594069745426,0
216.09309295973756,16,0.09601520784268741,577,1,2.505686918325537,0,0.8983258985658052,0
573.7565234853504,20,0.2895541997758341,518,2,4.924982335788575,0,0.9063303412397887,0
1133.2436760859555,17,0.3044901344776274,835,1,56.543742683204385,0,0.6406408339474771,0
977.9438968146048,19,0.2626540667480285,91,4,15.1926950505633,0,0.62036371950737,0
1391.0320644701958,20,0.06657492637008536,221,1,39.16694788138743,0,0.788594234900494,0
489.6001523633798,15,0.12813073798881763,929,3,10.199347226833353,1,0.5909166405781716,0
124.04451281766816,22,0.679100577894531,111,10,99.00448242958163,0,0.4931088191146576,1
104.7563524927915,1,0.6107029212009313,168,10,180.78129347258906,1,0.13300215642416968,1
438.3929688175541,7,0.21090586366929157,363,0,6.821454014462481,0,0.8750491957646651,0
349.27827971921477,17,0.3325048888486563,690,1,32.206055646816765,0,0.7671049216823028,0
1240.950823655799,21,0.18903213546911293,524,2,5.82774872784843,0,0.6504974310189697,0
324.3001957262135,16,0.3844453034466197,524,2,13.88769627905269,0,0.730921817763983,0
1432.2097210709583,22,0.08319751714810748,304,2,6.824103137954751,0,0.6212918930257623,0
1042.9236069457193,9,0.21253170248466957,766,2,32.057576300481024,0,0.8936399603600711,0
409.6871690482305,13,0.14296009958015585,788,0,5.632356702116195,0,0.9347560162364634,0
759.3510853635086,18,0.31206515340672525,593,2,20.721106190018222,0,0.7649146069154252,0
566.99502196884,20,0.2276390784998883,868,3,42.29275553515082,0,0.9670252191135442,0
521.9751591515027,10,0.08617386234281288,920,3,1.5396579265409749,0,0.6171670726134267,0
647.3382184104623,16,0.06760053824067055,916,4,3.82875783244556,1,0.8317692709576243,0
1025.8634340984856,19,0.13898133056362985,321,1,28.959697560636908,0,0.8366539301117695,0
964.8884314927686,22,0.2505599874173981,534,5,28.47376183853616,0,0.8607263133997909,0
349.46573246609626,9,0.18957614855282368,945,2,23.781634169489116,0,0.948129889356432,0
821.0682399560998,15,0.18964283410577548,121,0,32.852745537375114,0,0.7992626679732879,0
504.74174630049924,9,0.1458380072389059,767,3,58.90510488087668,0,0.8238766198588114,0
1130.0126102721827,19,0.1479265539133995,595,2,3.679547976166673,1,0.810582319186656,0
550.7817070485523,22,0.24666047442472874,579,2,7.256687467078327,0,0.9111667756177673,0
181.9854866425825,3,0.3552946351617359,105,6,156.1990788299324,0,0.28313653225967117,1
376.33029286782136,18,0.17496199385760083,730,5,2.6636958679323657,0,0.835090763617069,0
1304.5506147596225,16,0.19381912032827225,373,6,7.762063780384295,0,0.9471201405103725,0
1124.8253338826848,22,0.08890925066041477,343,0,13.179142303344037,0,0.9071400993926366,0
1189.7915797569447,7,0.11017454228057542,908,2,51.35185961570694,0,0.9010319664250994,0
709.2711362038905,16,0.2163687364787364,594,2,19.952686372366312,0,0.9122215713125353,0
579.1273465273174,8,0.2648313093139037,685,0,56.73474923344381,0,0.31636135961183237,0
1053.8183245493005,7,0.22597549954839496,463,3,48.49264863937485,0,0.7382491226339207,0
650.3755049989996,9,0.15666581966172552,558,0,60.63661366408846,0,0.8078801177599555,0
210.482370044983,20,0.2940608877620439,906,2,33.03426543113699,0,0.6912116297740083,0
810.5053125449032,13,0.35159371783940324,747,4,6.35642928219092,0,0.6960312762410431,0
909.001801768874,19,0.32567093495067156,384,1,23.253429255250026,0,0.6074523414998948,0
457.2473563813911,18,0.08937353501382625,638,3,2.5397984283859096,0,0.783921223686038,0
325.2333414201312,15,0.1203778265305954,205,5,2.2482283070531026,0,0.90755988615308,0
534.9124223121516,10,0.27099346848057004,819,3,30.340606018725204,0,0.9567465910004588,0
538.1471119573143,7,0.2534881273552254,547,2,4.871347680904197,0,0.7494043204278957,0
770.1360396845387,7,0.36644166330357375,55,2,0.4446061737374438,0,0.7223932122381823,0
647.6872168977293,18,0.17603584008758483,411,1,42.85969736863409,0,0.5910698037111742,0
79.26013698665167,2,0.7414202508426966,197,10,20.480795552116646,1,0.4182715530041734,1
830.9092966386307,21,0.14274076728321225,895,1,9.871557744291227,0,0.8995875184175239,0
448.45984819576404,15,0.29824586744107223,922,2,12.18174409400935,1,0.5622509082986551,0
488.99763513817567,13,0.1743872118886876,445,4,4.548226447779675,0,0.7462782156571806,0
903.989931593726,9,0.1046470782701346,314,3,10.642450505608286,0,0.9509849193868597,0
1113.2327474598183,14,0.2855678908119097,912,1,43.91942504735372,0,0.8161195807498626,0
1472.9351817496054,22,0.2222140679817274,344,1,11.803491926235093,0,0.6611643797450937,0
1873.3901624028147,16,0.2692376065748556,890,0,9.374267811100017,0,0.9021190984721482,0
517.5769331544254,14,0.20211049033103926,327,5,10.134496242497328,0,0.9322279474306727,0
374.65863677037856,7,0.023364813237935,214,1,20.28835896576208,0,0.43178165347736824,0
560.7135543129051,11,0.1641330991712143,966,3,6.29383021963251,0,0.9550861245738346,0
701.8571772274973,13,0.23923440125338571,988,2,60.89224645508835,0,0.7371496120781927,0
604.4384983299933,10,0.008097695979657659,658,3,8.823924425553539,0,0.8501913179233442,0
1224.0960462115847,14,0.23703300894491272,369,1,31.863457006206744,0,0.6472865375967105,0
511.14855805399685,21,0.2553013141386813,654,4,42.10814400342593,0,0.8307166780196992,0
544.7562584862109,12,0.08641047529242218,719,2,21.75771712139459,0,0.6752501182808599,0
1208.077490826839,22,0.1235564914349717,809,2,1.5968229607838267,0,0.8749340196281813,0
468.7024168977936,13,0.16410494428951347,432,2,30.299103898395114,0,0.8510841295337626,0
499.37744947091784,7,0.31867431966874,207,5,30.95446089571884,0,0.9038050487452639,0
45.67936961685708,23,0.7126020652233934,78,6,1.6179402571468966,1,0.37720629996865673,1
508.400328955211,8,0.17766534183891253,751,2,6.294668439467626,0,0.5007944633511211,0
293.8118957416631,19,0.0929576797486021,517,2,24.144137622103827,0,0.7252528463384379,0
573.286522834258,13,0.32968217767635677,631,1,13.593767100579107,0,0.660210651969705,0
994.179490839653,15,0.11466038659070499,603,2,6.791418793782386,0,0.8763221815800208,0
557.423328796535,22,0.05289877055381527,160,5,8.479800720419046,0,0.816715347351324,0
454.81214218306104,21,0.14292847805195977,967,2,66.23849755874097,0,0.9394258733430225,0
1065.3531706387766,17,0.037117216745245964,562,0,24.902271187051003,0,0.8262645230001278,0
611.8777465118746,20,0.0774667042044,915,0,1.7901709792550893,0,0.6579134815319978,0
1305.869648033663,16,0.01897786937505436,760,1,6.737430757043702,0,0.6244511370042694,0
418.84080564048963,10,0.4952210531732432,475,2,26.376117140289338,0,0.7707530622806829,0
422.7226607264341,14,0.12845414600766195,45,1,6.03540042479361,0,0.7845260076064863,0
583.6211595863649,12,0.35171516336298725,92,3,6.888521136871308,0,0.9389684568783395,0
378.781834201282,21,0.2214230868260092,855,1,32.993406924590175,0,0.8598169533679731,0
1084.9695485788034,12,0.08814893514827099,340,3,1.5315774747418947,0,0.8109381734016682,0
950.955912413802,22,0.20132091008018718,53,2,11.366648316860008,0,0.881535941304699,0
1388.6515590520205,21,0.24720790854973065,566,1,10.27868017817613,0,0.8626711251013699,0
1134.8189233781595,8,0.41759999828468714,345,1,27.810324584891955,0,0.7960332225745321,0
281.3454276016356,13,0.02828058732984124,55,1,7.419743265448525,0,0.5397550985840038,0
744.2450532523143,17,0.17059330641684325,835,4,0.16300563563492074,0,0.7926514302297354,0
433.5889031468193,16,0.09250274170460043,586,3,8.791318443108,0,0.8816125255695426,0
1355.5249837637862,10,0.18863061302498943,880,0,4.301909387005421,0,0.8783567364768937,0
628.3290881506747,7,0.07568911091614283,853,1,7.222781509139329,0,0.7368754730195165,0
1265.479731233467,14,0.10389972008202547,138,1,9.764575899072545,0,0.8693544519044933,0
1891.437024686725,21,0.2173831760216112,686,1,10.349308145205013,0,0.625964718188348,0
738.6600003588019,14,0.2924159950213895,967,2,6.488958585429167,0,0.918439747618463,0
1400.513314351243,19,0.13951952258221453,382,4,64.85000723065603,0,0.539204147702896,0
756.0205197845809,15,0.25862705833844,67,1,43.8147125089624,0,0.9612652817132773,0
956.0330457790338,14,0.072820550689119,379,0,76.50438072916427,0,0.8427020795305125,0
1071.5196822620903,9,0.21865932274802083,78,3,18.295906911231988,0,0.818684425790524,0
511.9601351790441,20,0.1915666469386078,231,1,9.263360057134491,0,0.9079741664091497,0
737.83451853359,22,0.2997556910921012,656,2,11.705313286448025,0,0.7998147351267045,0
671.7626026716014,18,0.32140361200390205,608,3,27.16845699961678,0,0.8772532654679964,0
368.958808869505,21,0.05743333766172525,442,3,1.47414580767193,0,0.9229484697801056,0
1515.2638006920854,7,0.22284856696055805,560,1,12.34911263259899,0,0.9448281950659514,0
291.7321977270177,14,0.024930521176049065,371,1,4.46425444822624,0,0.7550442161530039,0
476.30626953599864,17,0.24551692453423637,434,3,3.2949088209377284,0,0.9116786622044866,0
390.5037747156608,22,0.13915559682856268,230,1,10.256572671311844,0,0.9213982022141651,0
149.89796140211,16,0.2863952648358703,496,1,9.72240129558938,0,0.9016199905590593,0
1225.6453537762418,14,0.056284357469257806,267,1,26.078932467383698,0,0.767465647527801,0
1126.6884775762232,15,0.15981821433416532,999,1,0.18145082108227187,0,0.8064921438833428,0
481.88802094961056,22,0.03265433061053015,560,3,32.919226576967816,1,0.8908143562249422,0
1109.75196852805,8,0.25786468845698374,913,3,5.905101505988386,0,0.9505425628734514,0
759.8730520789909,19,0.26737605331968134,557,6,10.699629283442134,0,0.8849494284975066,0
696.7183811577058,16,0.26394761399539524,529,3,10.53025442853584,0,0.7320335038446738,0
638.0131144059184,12,0.11136399577605384,706,2,61.82353477771292,0,0.6497637866417003,0
470.98509230440396,12,0.060102193193406754,430,3,40.061181494109164,0,0.9177923589093007,0
477.1793586847259,10,0.18782444525937425,160,2,8.069822697657097,0,0.9503368578773818,0
304.60286602223204,15,0.11938200546985807,687,4,6.681650314054442,0,0.9296405602256103,0
739.5657338464312,11,0.42246606153354876,166,2,17.33453706382396,0,0.38672195875512927,0
587.887776579365,22,0.36843712838111925,751,2,0.880706380108039,0,0.8260062801704103,0
1205.7202785941308,10,0.47887644576403143,228,3,2.7166309739829164,0,0.9198174385162793,0
472.96614058490036,9,0.18416113949802657,268,5,23.420250160462853,0,0.6186992620917631,0
716.7482305794906,9,0.2592968572177356,627,1,50.29112412648022,0,0.9372480592135773,0
540.4956476746811,11,0.11842987043957655,838,1,16.09447240836016,0,0.8299186451797939,0
555.4581401681953,19,0.12493119873711374,618,4,0.531137394683115,0,0.8499696557920157,0
638.3698813982338,8,0.15602045803131492,735,4,37.11363364657226,0,0.8938905543928094,0
1191.9547282557678,12,0.470234071485774,344,2,18.424910452678823,0,0.8843085909663524,0
664.3178674495402,11,0.19959144134792992,139,0,11.169675412954954,0,0.43233364708104494,0
327.2500907306924,12,0.06990457250565581,776,1,3.1832495741277067,0,0.7002027032430593,0
974.2772496419345,18,0.6215388302202343,350,7,13.397933615983195,0,0.9204269077003735,0
583.8901114730625,15,0.04672773177263336,884,2,5.887342919019462,0,0.8713697021048947,0
304.02212075067143,19,0.2702142103410625,44,3,15.005725641313173,0,0.6028646483603498,0
809.9831854996397,17,0.19379258886741038,912,2,0.10295961714169186,0,0.8680673082751343,0
883.37651969713,16,0.2370110357588643,616,2,3.8490325234505978,0,0.8896481992848269,0
432.1723420917367,14,0.04975760263020659,919,3,26.637885869974383,0,0.884275265023533,0
256.1660827486046,8,0.03962762560169407,823,1,0.3498874399907697,0,0.7676002488549714,0
723.2336751697605,22,0.14287675956144166,195,4,0.7650926823391341,0,0.8860089141932851,0
1381.3492866047195,8,0.10737409074296134,945,2,34.743753163947225,0,0.9552718398067425,0
726.7186707486967,8,0.13529740550895397,465,2,4.793915094176489,0,0.822331604749448,0
443.47458686588544,10,0.21032239434553202,148,4,8.959052921756511,0,0.9654799208430632,0
568.0405553315073,11,0.24731644444007034,843,6,53.43838528694593,0,0.9190182178650507,0
598.7659522947587,9,0.2498931059764868,53,5,9.146595165112625,0,0.8875476542640302,0
465.3557315196988,16,0.25353748311539737,617,3,5.445748783511516,0,0.8183929338390428,0
533.9025533972775,18,0.07514925145857679,473,1,0.931575698937884,0,0.7870559536873251,0
1040.010226901462,14,0.1350413126176739,108,5,55.9429835921958,0,0.7584421755012676,0
443.28973853775744,16,0.1897579459438706,737,2,8.99648152772147,0,0.9422025730864106,0
748.8738238174734,19,0.44939800867974,933,3,0.49253768480329124,0,0.5872085476032116,0
770.2544219416839,11,0.15148124590211956,803,3,9.500887235692023,0,0.9051585225981899,0
543.5524032503023,12,0.20023257294440483,214,0,8.017070959963222,0,0.8314794442427554,0
889.5061834408925,8,0.05197062273624452,134,2,6.194026308982185,0,0.6341263350171802,0
781.6689280846814,16,0.038954376967765394,651,2,28.71897251709646,0,0.8780592606992863,0
1495.664012673953,14,0.37266383976160333,571,4,10.019671812640848,0,0.8614292089314952,0
1227.4474895543358,19,0.22808417967588684,868,2,12.896823652676842,0,0.9114309225587023,0
1547.8129749359869,13,0.1450583375288399,378,4,1.722024242104136,0,0.7543756603138237,0
677.9086456178849,17,0.2595261411242771,575,3,3.760244425522203,0,0.8649741871332319,0
585.1937749171822,22,0.22238765432332583,296,4,33.63473760185147,1,0.9133560738985022,0
741.9360789242374,18,0.3724651752571594,680,2,2.225984074301669,0,0.7258310543774016,0
844.2428220771691,17,0.14705284435723484,565,1,5.586225561771261,0,0.6553967380444263,0
313.82797387956236,16,0.15798893555177235,143,0,22.795512803470032,0,0.6941500649714235,0
818.983606914247,17,0.14992129330210952,336,4,16.48709672469885,0,0.893248331425474,0
547.7626555079523,18,0.18832418174837906,660,0,19.39246995962792,0,0.8406664279632844,0
129.25343848756955,3,0.4227360457490262,77,14,150.43935777866048,1,0.2971485555658465,1
681.3186213187945,8,0.10460882067707593,282,2,0.4120902928656727,0,0.9029394771891408,0
342.48778073610765,10,0.1903233028708886,743,2,1.5551921420808668,0,0.9683823513591228,0
2387.452053560107,15,0.39452429290727214,267,2,7.484162391639478,0,0.9112259186312549,0
485.42010177415193,16,0.10463006906881492,550,7,20.895201215426987,0,0.9468126152472647,0
919.633590965623,13,0.42571297797708446,223,5,1.4451440540959748,0,0.8935886084930904,0
345.8143356302743,12,0.19546789568511508,313,3,16.927199523388165,0,0.7673374285810637,0
1093.2221797575412,8,0.24691085811690858,140,2,0.0059528898818908835,0,0.925008859590533,0
716.8043664285767,9,0.15437322535384487,116,3,3.4565805890917805,0,0.8887487917435736,0
255.42472686152098,10,0.19163584626194582,898,2,34.69703277132526,0,0.7804696313826444,0
296.46490908092767,14,0.08408650728794438,85,1,1.8984333296446556,0,0.7827749325633858,0
401.5337340053438,11,0.14763407406483836,351,4,2.880808047863548,0,0.8532553557061824,0
1211.7848646465059,19,0.28194056816696744,749,1,11.472333708732767,0,0.7138599600567965,0
636.608129598083,10,0.12771034307778548,417,2,2.2469197534789345,0,0.7019158200925582,0
1281.770842669766,7,0.15769350225351716,878,3,4.8867951985874996,0,0.8159108126117949,0
453.7813528854933,5,0.7207365196296378,138,6,151.1402215964276,1,0.18742752546071753,1
820.5102024518849,17,0.045357360925087145,846,0,0.75046178286184,0,0.8449104720257186,0
685.7740805500001,12,0.11883961244223631,871,3,8.44826762220566,0,0.9072013760898983,0
117.04508513649841,0,0.1900136320029259,109,11,24.45694373561805,0,0.22817066561936608,1
784.1246713054329,21,0.046869286011438284,53,3,0.3662336479794671,0,0.9004622710309419,0
2219.263111927113,10,0.2093745545162994,928,5,7.230878635719011,0,0.8148329348784877,0
440.8439634147823,19,0.3878070742103597,870,4,7.184381109450373,0,0.8330176249676244,0
478.52500557427686,16,0.2193996072896161,886,2,11.01416769691552,0,0.9514773730676686,0
1078.0211088636686,18,0.32170664293728657,887,3,17.886595964051594,0,0.6169573519882531,0
618.9935469034526,18,0.13268787319222736,38,0,47.965982377395534,0,0.7452780429077044,0
746.2522204154144,20,0.2948707691938514,34,2,43.74340009493915,0,0.4947648833840939,0
438.1626503425864,8,0.08249814800526141,513,2,40.779564784466494,0,0.7095012470539807,0
354.41633859109095,16,0.10114091114916063,154,4,15.082018568047225,0,0.5383958530871252,0
694.4806388854474,20,0.09316673304388032,617,1,5.301780317276361,0,0.9599152663076423,0
821.455433313191,7,0.2039487211606145,951,5,0.08644492266712059,0,0.7665383065604157,0
516.438241924501,18,0.29294379907791607,666,0,20.948070786699795,0,0.7123070239353085,0
1040.5059339792908,12,0.4236269536850645,218,3,33.15711639886141,0,0.9357591106435825,0
471.94123547325495,9,0.09256049242675275,192,3,21.46174204301878,0,0.7957788434694569,0
331.4686887711891,14,0.30408565293799394,705,1,6.754247720497051,0,0.7748115748129711,0
456.9906446938447,8,0.3863542312391716,692,1,15.24549502138446,0,0.9631924114133622,0
326.3264461550253,20,0.19529452124678617,906,1,16.329154802517554,0,0.8517769485543588,0
1006.62221385757,22,0.13584201811828908,859,1,46.244034893222626,0,0.7989762243664499,0
451.92549275573333,7,0.2573234319060502,970,4,19.846022964751377,0,0.8012761335824911,0
733.2009279525939,22,0.14462120102962242,946,1,25.628905016693572,0,0.7255189134152347,0
336.6397690052392,20,0.0822543887862849,958,1,10.031173108975384,0,0.7714629039189413,0
1050.7228150105532,12,0.06678138450463302,270,4,30.72002005277772,0,0.7310539956421327,0
388.44046875030585,19,0.18638964881564665,76,3,7.690831071394284,0,0.6524865501252513,0
907.9549609040404,18,0.14831857528090767,82,3,38.69968890337607,0,0.7195731657368114,0
409.69387908914644,13,0.07814859636421508,763,3,1.6431714034334897,0,0.8845102738326911,0
505.42983117479054,7,0.1086051212064207,936,0,15.39688893892775,0,0.6852312817505708,0
662.5325252125914,21,0.17306054755559816,116,3,20.483223529824148,0,0.7427155719019415,0
584.3383354317104,14,0.19141481808586105,984,1,2.298819699208247,0,0.8117376627529507,0
558.5065949598735,18,0.06728511711564789,595,2,11.584719751425013,0,0.6320713684033471,0
334.9629123149826,8,0.3594958718762394,785,4,0.6639480301561488,0,0.8506122328989033,0
840.5796289500583,7,0.09307050071187034,193,1,14.831248661444782,0,0.8623869644156965,0
376.9454165184355,12,0.19746151229951828,593,4,15.036451411818698,0,0.7833241630494575,0
304.2850947671714,16,0.35456770575233676,237,6,0.6773731837856513,0,0.7629395030655933,0
388.45050216425005,18,0.13865189177504972,350,1,1.2348513517126607,0,0.8540236300225179,0
382.12309459117216,14,0.12307031525363735,482,2,4.932485736458351,0,0.791534935219676,0
1335.7203069171767,18,0.09248934334427224,930,2,8.544716018364307,0,0.9173035407417764,0
518.9601387288221,18,0.18350895928862537,526,2,11.052931233159086,0,0.9295723814979081,0
696.7899360555092,21,0.1271054327482077,242,3,12.374493184026655,0,0.882690957130119,0
717.8771677836432,22,0.2643502942726624,595,3,24.18226245793887,0,0.8602796562383064,0
1191.3628884514028,14,0.08163689686442703,286,4,7.738780283300992,0,0.6828902800042634,0
2059.33061911981,22,0.08038780236300187,333,1,23.31155202331342,0,0.7897607171888347,0
1177.2432972303077,8,0.15297711192328317,109,1,6.900004922291117,0,0.9187703795610942,0
921.0354108833997,22,0.2002023362731731,313,2,4.381663070827589,0,0.7922686361607947,0
601.7257101210361,19,0.075999997483642,548,2,1.6468215897615672,0,0.8890864458887046,0
821.8956486674323,15,0.11003023939681317,996,3,33.25363142543105,0,0.7458688452930718,0
486.0402456780689,15,0.48298584362923974,166,1,1.667230315100724,0,0.808244679236429,0
971.6321942363578,11,0.06188144114991562,538,1,13.291792137644519,0,0.9351676148476253,0
58.04227561633098,4,0.6300079259013676,42,13,115.81451725603952,0,0.12881993781551043,1
981.83058882375,22,0.3023773915544446,756,3,7.737086306561418,0,0.7916730988671182,0
315.91389186662616,13,0.3073569446784457,284,3,7.75773248199182,0,0.648103504240719,0
558.0596982396675,21,0.2818874865458619,198,3,14.664920592186572,0,0.8394067242700168,0
315.32386203602255,22,0.06544333237746142,931,0,31.421031177889375,0,0.5702866410817851,0
667.4997987280262,20,0.20567085463224846,728,4,6.111466915135372,0,0.901439816226441,0
745.3300789529765,7,0.10507274933119172,325,1,5.6046739675112365,0,0.6761767399867195,0
847.5367134110728,19,0.07288197818782906,581,2,28.33828253596411,0,0.8487372411062508,0
368.7557498568476,10,0.08205888057675621,512,1,7.222055234550787,0,0.8485910331890941,0
586.9865312347474,13,0.20049029609317962,611,3,7.366698913023579,0,0.7780447793083314,0
1186.4726071944685,15,0.13728672057065808,786,2,0.4174727886461002,0,0.8194902817901386,0
669.0340847536927,21,0.0779072467612772,354,1,20.41581315692141,0,0.736369168435336,0
1963.8986748625584,10,0.28818871871656,333,4,4.807969825916855,0,0.7951309885525055,0
840.2963031587587,10,0.15320380391813723,987,2,24.407557712292586,0,0.7706714238497386,0
935.4090140706015,21,0.11262168563451214,262,1,9.69961725849449,0,0.6524915799020902,0
382.4100137698955,18,0.2929662118176125,283,3,16.15031393501937,0,0.9678800951895902,0
1018.4846171397821,8,0.2466505408864961,850,1,20.123334000991896,0,0.7968783563906296,0
491.1915544196867,21,0.18986381873277267,360,0,0.756829117259838,0,0.8539872113827998,0
543.4801546061569,10,0.29080988510599176,656,4,43.81093511245682,0,0.9578127506891895,0
801.1437726840755,21,0.3502001348852343,761,5,20.39363849679302,0,0.9113593716121955,0
515.9840742375512,15,0.0192461359300822,220,4,25.94636415655248,0,0.8663503407708599,0
793.8140818750596,21,0.15586458772114178,461,2,3.4937584819290444,0,0.7305772686384905,0
1554.7252076629704,22,0.30317210377187914,780,2,6.819603026499713,0,0.9485050802861048,0
691.2601324684023,18,0.06479128078084556,43,0,8.80164505773197,0,0.9921349659794064,0
1379.880164321295,12,0.20641794491622456,302,0,2.3273726594386774,0,0.8381613229539813,0
698.321243664341,7,0.35022939148275706,266,2,2.508470539601158,0,0.7208934179349171,0
280.78985341934634,19,0.11434419849623716,657,4,8.043000885111658,0,0.8315771950341715,0
568.0460524427199,11,0.5226310416863393,650,2,11.353096719860906,0,0.8960773167854951,0
557.1501534930693,16,0.034884655249737995,512,1,24.00251965516972,0,0.5363011486403607,0
722.9241320522109,18,0.08843534781328687,687,1,8.996953943067599,0,0.7319618985974857,0
692.3586418609523,18,0.2211791737730115,388,2,3.217747811126724,0,0.7196590441543365,0
839.6481172973072,18,0.14429562942382182,524,1,0.3423406928498036,0,0.8740952785062821,0
1250.196165073288,12,0.23746116103947876,141,2,54.72567615620869,0,0.8077345122973542,0
1581.6128094175037,11,0.09566156688472545,190,0,9.035346901360803,0,0.8905406212668012,0
1441.9201139068493,9,0.11081054956271552,68,2,27.306915089768758,0,0.8117112135698332,0
319.2330713057806,20,0.09758090585380912,743,2,0.6020851248219059,0,0.6830328196750456,0
657.5033206152473,7,0.0774340267724857,586,1,12.58714340228055,0,0.83760192945246,0
543.1300637321106,9,0.5364608480945032,293,1,2.84485098674433,0,0.8585777364008153,0
730.8427372009346,8,0.15105162992616783,181,3,30.852437320647947,0,0.9229472121798018,0
352.03008641972144,22,0.5013315200127432,821,1,20.68377241436566,0,0.8765195392674482,0
474.37445442851504,16,0.027956546999782148,841,2,69.40046818609709,0,0.9473430651015179,0
610.6330793340567,14,0.04470903559177529,153,1,13.768036568910476,0,0.788327763757321,0
969.5999159827891,14,0.0669202110437089,623,2,3.2367149035876883,0,0.4253030862263137,0
254.0857611197304,17,0.08898773781215648,534,1,8.361175067113003,0,0.861954904198087,0
1239.5914779103082,8,0.18043128475803621,855,2,0.8066722509726512,0,0.9244090001845785,0
324.82359985960784,13,0.14629036488943986,427,0,6.846392335880589,0,0.9050614837401297,0
856.7432295972357,13,0.21505995972620884,455,1,55.65554683160808,0,0.895877170904119,0
651.7427620220047,7,0.1725420491882011,431,4,0.7528860841919226,0,0.948593288458581,0
882.7873421418506,17,0.33807084144503025,730,3,4.5504247703414595,0,0.9341796527920299,0
240.07093313472666,13,0.05302959253283252,845,3,1.8530529646157163,0,0.5484692738918341,0
658.3848155518091,12,0.16962559059323687,42,2,22.4107975089021,0,0.9428169404973931,0
859.2201630906968,12,0.07458266452154642,177,1,6.090304614277036,0,0.8748289602951294,0
645.8178588482194,21,0.1784323182626342,817,6,8.354118462837596,0,0.9112088021749686,0
358.7836522627377,12,0.24522472907911558,170,2,10.549038446790906,0,0.6307031783220866,0
898.2206239956159,19,0.18840028499920186,732,2,3.1220121707371917,0,0.7275030540434659,0
759.070057946068,21,0.3743473969821863,306,3,5.525801780862763,0,0.9108742949137596,0
602.1360392089179,7,0.08414653863410868,656,4,0.4782773378413001,0,0.6397738719386437,0
964.0354195285596,13,0.17392435151844365,241,0,2.7326058551423698,0,0.7760414665620389,0
436.00968141125827,7,0.051683744242471984,734,3,43.129179058871074,0,0.7335292899891303,0
851.1450441038292,11,0.28376134903456707,807,1,16.535346285306183,0,0.49772028348439395,0
729.8747654627169,17,0.41636290649624713,642,0,18.229138592300444,0,0.8134168748452362,0
943.8144184066452,8,0.2628160161469806,77,2,7.969903036407508,0,0.8782080510138272,0
1667.1848246902373,17,0.14949044681728246,80,0,17.08741040208596,0,0.8818057314509816,0
952.1823173586948,16,0.16267202962485314,339,1,3.717788340718004,0,0.5635310289146779,0
1098.47662438365,22,0.22788037192798846,602,1,0.5410084391784115,0,0.9289418997718472,0
1140.7334663966992,17,0.14669234633023193,196,2,1.6859069789386436,0,0.8839879116271967,0
621.3388001253015,13,0.2031959279007211,355,0,32.47048693002088,0,0.8951006127577557,0
703.7987453867104,14,0.22051885773519653,63,2,10.917335774134349,0,0.8713220147554239,0
651.6706487170691,20,0.22500001169834946,501,1,28.03507446078784,0,0.951552101824034,0
516.4545342334732,8,0.12577366641866736,693,3,21.77226429959589,0,0.9590253970093005,0
797.2993084383824,18,0.19564274717922206,691,3,21.838012970993926,0,0.6685892742357442,0
538.5631684705651,8,0.19902810271806123,974,1,1.9339327191078497,0,0.8820088580480455,0
591.8633263535819,14,0.2765896100143795,483,2,23.13978531998597,0,0.8258966080342243,0
881.9986932413174,14,0.20867938272041672,854,2,2.6089844552892365,0,0.5713393486014431,0
1053.4093954420027,7,0.09229121321019984,753,3,24.556289534840793,0,0.8735557961079042,0
290.66213721406973,20,0.24982544865749814,891,5,10.551520400786082,0,0.5333022175769745,0
691.934433680029,9,0.2346281220095886,515,1,4.242237100877134,0,0.9155344432495769,0
471.34975868896134,18,0.10292017696473943,553,1,16.12216108363774,0,0.5832358244456164,0
722.3595302418606,18,0.012723535366128875,950,2,10.20634260246063,0,0.8375012867129294,0
461.87191106952497,18,0.21396796737086102,154,2,14.726811403814521,0,0.7758856522865817,0
556.7134872070914,15,0.2819653059271098,886,0,1.1323741458760919,0,0.8751456700211783,0
746.4380841315423,7,0.011555160453363226,480,2,6.645153607918707,0,0.9466402396167043,0
1311.1751006167308,19,0.31272476850214964,894,0,9.089191325820163,0,0.85638247566578,0
1324.378894716403,20,0.29826010846565815,486,4,11.25265729038237,0,0.6805548599064086,0
777.6922451241151,13,0.5381439445276408,943,0,13.543838464794614,0,0.4048721678177798,0
354.11601291637413,12,0.15323851377547687,328,0,1.829470161671206,0,0.8786923709039404,0
1663.2513254441574,10,0.17420138432974583,698,1,1.006521205150697,0,0.9247057708824153,0
907.3392115423483,17,0.615644810965743,93,3,1.0806455258991605,0,0.8388373617884634,0
753.0361179820361,13,0.25042848460790573,185,1,6.6769936854602,0,0.8802766838566393,0
505.6338401801686,7,0.027816005886212056,236,0,13.707322701577782,0,0.9233024433237411,0
768.3965900459349,17,0.22144181258332332,749,2,20.990987953724247,0,0.818583437976837,0
567.1746226763528,11,0.015483280155832673,117,1,22.03204908261868,0,0.9082952877898969,0
325.26093360692414,5,0.5741371137597573,121,6,245.48831922826918,0,0.5546301432003914,1
390.572838715835,8,0.28051554738923357,136,4,2.8243507694451435,0,0.889478147699355,0
716.9602364753848,18,0.2204180309696892,383,4,35.465176362279976,0,0.8233274272525651,0
704.1112068001945,14,0.20325473757329066,737,4,7.859293456740787,0,0.8614425571714998,0
872.0781992873773,12,0.026994344822573815,779,3,2.5932217738302454,0,0.9701875739690077,0
456.7116039853338,13,0.2795019600390609,149,2,23.79506860818133,0,0.8966334794474973,0
1011.9601694866245,8,0.10987632370083043,330,1,47.51511330463573,0,0.7840842335483535,0
2377.8426541130143,20,0.13082007824743833,202,1,5.103523135314583,0,0.5757002887089567,0
251.8474457290081,21,0.1846194338135239,56,3,16.334467311705126,0,0.7532305773409634,0
1067.3783376183087,22,0.07203454300978751,995,1,3.220329269860649,0,0.8029770299797983,0
613.4861546526415,8,0.15692504396007734,113,2,44.50860536069992,0,0.7964027908835393,0
629.2800145108898,17,0.2787630279323522,276,2,1.2499582616056792,0,0.6626540788612221,0
1067.6418821464526,22,0.05185605100255951,724,1,31.721614921565223,0,0.8003613252954148,0
601.6778302460995,22,0.09477121243544745,973,1,0.007773423052084772,0,0.93096902678324,0
622.3659822742919,14,0.14356229407228013,44,1,2.293663932258465,0,0.49567448740501396,0
1168.6408620714087,7,0.1234069034969292,250,1,44.07432909962271,0,0.8877572430293423,0
295.7442647711362,7,0.22317511319157046,975,0,33.9157542348654,0,0.9182162999482767,0
919.9819729240834,11,0.15309932584357414,653,3,13.498760730800587,0,0.7890555339255306,0
1167.8560543507017,8,0.07475383827694192,328,0,14.571748773995346,0,0.7021174835418517,0
1063.7286183007495,18,0.12790208026188693,277,3,30.706314019434277,0,0.9129625943552014,0
811.2548130452903,12,0.12455242641153376,478,0,6.282002814267629,0,0.6724830064649998,0
1241.55958431345,13,0.035741237727084436,330,2,7.652681983961813,0,0.697419641081068,0
313.4895517035266,10,0.5388831655484406,809,3,0.45984931133730944,0,0.6879092460322186,0
511.3336242772994,19,0.4587689615166425,409,0,46.771185698268475,0,0.938208941493751,0
1436.4902685129714,13,0.16399492261741241,601,1,7.961367532279333,0,0.7858403714225439,0
1043.9076581425118,11,0.2837840679242424,577,2,0.5471264758553516,0,0.9248586867591045,0
1836.37034030846,12,0.09970447177037083,603,0,0.22466407685552664,0,0.7450400576965812,0
460.17834737267015,7,0.1553171118112942,105,3,1.807459791505946,0,0.7294304119722519,0
500.36902086868076,16,0.246043788218955,977,1,7.813351570323286,1,0.963499688215664,0
1183.8563943472632,9,0.1545356098131735,261,3,63.97761623004505,0,0.859334208922194,0
782.9995382926819,11,0.3589540233297438,786,4,16.786162214175732,0,0.7171865400684371,0
356.2529567664714,1,0.8547979775984265,10,4,86.2164043234108,1,0.2855544095761799,1
438.624895346371,11,0.31889751841880853,898,1,20.607093149725806,0,0.4770348299776414,0
1462.8174461384253,13,0.23028891830344342,908,1,8.081686419966148,0,0.748713958713415,0
815.6723409265277,18,0.08121858490801788,918,3,4.054079064534158,0,0.9403460900345771,0
847.5303927125614,11,0.14248340725723657,264,4,7.07233862104713,0,0.789498092347662,0
748.2617170374858,21,0.14192289931604302,844,2,9.173583448775465,0,0.8512328791605724,0
677.556223001037,15,0.1362154663743922,457,3,0.11487541150186602,0,0.9435072064188813,0
526.8853008859371,16,0.24002044761153277,252,1,11.048407392594857,0,0.8961040256151851,0
1219.051715903553,15,0.24116859824118536,33,2,0.5546512191317642,0,0.7313245798690527,0
1096.6857229073912,17,0.24363265635522088,549,2,11.881924250986925,0,0.699227559799773,0
548.8039687828181,22,0.24076608110663386,746,3,2.6304905926840805,0,0.8903254305091106,0
489.44503220737323,9,0.39239720119324534,778,2,18.548312357330342,0,0.8591112529048028,0
439.1169383908501,18,0.11989251698602556,190,2,0.796614246014751,0,0.8027464512923296,0
429.59265237415923,18,0.24560251546119055,785,4,12.94795896170597,0,0.9749930092604405,0
454.50876998744656,14,0.07630531374532701,210,3,18.94876190145705,0,0.7678876940035416,0
408.90471443352897,14,0.25916353646771384,960,0,25.383861860913328,1,0.6533503587285415,0
880.0713632822243,9,0.301622957790511,499,2,16.958719707603404,0,0.7905707926368362,0
471.0878082473067,21,0.3173588162252375,195,2,4.684270063100014,0,0.8079084945916735,0
653.3986858062264,20,0.03884184550711608,102,2,13.179183251205663,0,0.8401358755926505,0
361.1163273820372,10,0.1189211658436783,434,6,3.925651000855393,0,0.8826097684082768,0
992.4167262395554,14,0.19779304838655698,737,1,9.693501267353554,0,0.8934975185582761,0
601.3822137581701,16,0.1804573894272693,657,2,70.98484468667807,0,0.6559522133593313,0
1041.0976592249367,10,0.16561118123652832,812,1,15.352184111534605,0,0.822610915367803,0
395.52567822422674,21,0.16278722171834462,668,1,4.638678718289058,0,0.9267797813199521,0
572.2937377571437,8,0.12854308658729519,56,3,2.4327000410209543,0,0.7537223090696439,0
616.6235686418069,8,0.1916381009870096,47,2,29.71533783903371,0,0.5388893321073811,0
638.8635243776909,14,0.13446619269428153,309,1,14.11806653513973,1,0.7405098114848923,0
353.45409013758615,13,0.5099642566163834,491,3,5.52322788404811,0,0.7589522978037565,0
502.64218853914093,17,0.04879543738697683,341,1,3.2051556845736533,0,0.6613264307010905,0
564.3220848079085,11,0.2152028896332622,862,1,4.485261495616129,0,0.9381859584197608,0
438.85651731216717,20,0.2829679307462451,913,3,14.867596279694663,0,0.6545653795356514,0
784.9853707292657,7,0.3092482069710854,413,2,27.224784214217365,0,0.4027655576495647,0
529.1395753617813,13,0.1387267656583817,565,3,5.320881658045808,0,0.6176116172954859,0
644.5784727659486,16,0.20638325031746665,551,2,10.226961489980901,0,0.9499456591090745,0
701.6088227334965,19,0.10674873688070576,95,3,3.5277905057541212,1,0.717600149111019,0
1007.9706491135987,14,0.05659611180734901,304,1,1.367705547438456,0,0.9043357752676532,0
2151.2994199667273,22,0.2409703328060128,963,5,4.208232801013402,0,0.800192640321347,0
640.6818555993829,10,0.12313642837356814,31,1,3.3655594687770702,0,0.8438965619710418,0
432.96304766717736,10,0.11945142619619867,150,2,23.923477856372077,0,0.6645512056797527,0
310.07896662551735,16,0.1127158229248214,862,1,5.548653903495122,0,0.7688361809917104,0
171.46124789590846,18,0.2907249970954236,210,3,5.730106435955291,0,0.6977091071417237,0
1569.2946883883258,8,0.2602009909568877,541,1,14.19600940526346,0,0.7064838956490503,0
510.4853255228374,7,0.27741845710693025,899,5,3.0529464093390977,0,0.7007443782557373,0
668.874101551086,9,0.3350363894750696,705,1,13.467812715248156,0,0.9404602043499367,0
1582.5957939445398,7,0.31133425446884394,902,2,53.93893457237113,0,0.8443574197350002,0
703.3741252811404,16,0.3463941563045696,758,3,0.37617468650983693,0,0.71003177651622,0
775.7555318134329,11,0.2078931107022798,102,3,8.44049688686548,0,0.7387372020016352,0
632.1094535137273,19,0.1479162715262851,701,2,1.144264102071193,0,0.7710398169240974,0
504.76531036500916,7,0.20600206969735904,708,1,9.610509188086358,0,0.8851484120776195,0
319.0138294290426,20,0.3087027216759463,610,0,55.28612599008685,0,0.7968541319673551,0
646.0110694092037,12,0.2906998675821807,909,3,1.4296890842524135,0,0.9512530301892518,0
224.48238518554638,17,0.18733178410289886,785,0,18.112868869276358,0,0.9172612451540344,0
569.8684954180918,17,0.24932916878123318,447,0,0.25661852004367974,0,0.6545527262975214,0
709.0604397767959,9,0.5833694733769794,570,3,26.217022649452016,0,0.9001687876877291,0
337.8036639077638,12,0.33092456485299815,879,2,20.60407019951947,0,0.8494294060659063,0
778.3888166259828,17,0.04113180534989287,720,2,2.722586907852781,0,0.7924859318971226,0
716.053341813713,18,0.3570648162581264,213,1,46.746021380123295,0,0.8312289016396149,0
661.6870859027314,7,0.23909194710272105,865,3,43.0282963283225,0,0.7821501325666215,0
920.7197888065124,17,0.22643148221463816,829,1,23.709866035915386,0,0.8294021460139956,0
358.97062159446904,20,0.08133408051841023,537,2,3.8395401385469103,0,0.841774354551239,0
1222.0129517110354,9,0.020021949724697192,468,2,13.792383870865349,0,0.8894528819538664,0
1014.4872793659239,7,0.05698377605820706,755,0,28.118416110045295,1,0.809972178721139,0
402.8769403720132,18,0.4248596270119669,891,1,27.601300729167228,0,0.7796510815411337,0
624.2706332519053,21,0.2970157411150606,752,6,15.91690749090552,0,0.9140770369992349,0
839.2886282824983,20,0.25036426849787496,938,4,3.360772971567127,0,0.8490693370503355,0
790.0716857484318,13,0.3162375980490494,203,4,15.41437191298899,0,0.9330160100647423,0
813.1994195916898,11,0.17010487177534234,80,1,14.736995490468754,0,0.7789469393299842,0
603.1147012734008,14,0.1906586675875357,852,2,3.11327625470523,0,0.832191509958148,0
501.423124512698,20,0.06823384887254802,216,3,15.470206597175185,0,0.8310996530361504,0
1144.2464983700459,20,0.10047419867090183,539,4,4.026633224949293,0,0.9065102168782491,0
908.2173593571404,12,0.2303400065124918,918,1,35.335621004119126,0,0.6926387779737844,0
1589.546128022004,17,0.20070511676694697,784,1,3.5011045403233187,0,0.7641150945616962,0
605.5210092472083,16,0.296635177913528,561,2,18.907106209808795,0,0.7826519949504339,0
578.4502307597486,8,0.18974403282536811,727,1,10.81745225121505,0,0.868527564769775,0
654.0556139399256,10,0.18995208001451785,845,1,0.5362559050101895,0,0.6891924924283586,0
517.1806821915112,20,0.1748470765145671,216,3,4.03089375865509,0,0.7918134121945384,0
142.58112279136435,20,0.2891220248706929,474,0,10.113844176644207,1,0.8387206597972977,0
556.1351466977919,22,0.0701594788326305,526,4,3.45061402698043,1,0.8885732771657944,0
549.3042835673806,18,0.03772271937121671,689,3,18.830634341300794,0,0.8214975840113886,0
1373.5132391535165,12,0.2021268532322762,545,1,6.771388094427493,0,0.7749358256112052,0
711.858895738352,15,0.08624458147352651,589,1,12.745236538413534,0,0.41220344928136565,0
1347.3684716402663,12,0.03154976445895566,494,5,13.19538597743219,0,0.7069324147667729,0
814.9797152123958,14,0.14029556787964034,923,4,9.707305569623855,0,0.5831101348810036,0
1238.9506679533247,11,0.219482674921998,796,7,32.579082709978685,0,0.4973772592073628,0
217.388835422744,8,0.20921392386382304,902,1,14.568261520431536,0,0.9567227695837334,0
464.0270978771981,22,0.15007982899136005,724,0,11.153579059777128,0,0.7323964641122375,0
566.7077702337347,15,0.11861962492446686,873,3,1.970372878762309,0,0.9416865397167863,0
251.90562811792665,1,0.5378342369290743,93,8,511.7796977005311,0,0.1718621266544931,1
386.94057272465733,22,0.09987837492104165,823,4,10.84217618892224,0,0.817920856060061,0
428.17253396149454,3,0.6606515060863113,139,9,45.77525155222706,1,0.32593471971069876,1
417.33524652813736,10,0.2426453084932661,73,3,6.694384992207045,0,0.8931991001890947,0
821.039938698797,18,0.14670589506925716,421,1,1.5392426175140732,0,0.9475173179093358,0
1097.5725215921498,11,0.11929357369911142,824,2,1.498121236854836,0,0.7052469141084536,0
621.4117226655909,13,0.39538054565122493,970,2,23.367862400607784,0,0.7583071342060148,0
727.3260531722891,10,0.34972334110665715,747,1,1.8981968476197335,0,0.815582087769136,0
721.8047833581401,20,0.2994132863137202,468,2,16.465033365719528,0,0.9282938254006716,0
270.14010044440937,14,0.1475750910787242,425,3,56.980512767706834,0,0.8648711622013943,0
510.58502408027863,11,0.0364099088032624,501,3,4.165351014114305,0,0.9479486534385868,0
766.019725812295,13,0.0774595434586787,503,0,1.740409870857528,0,0.9763298510712382,0
209.7179082043989,13,0.07375784717596578,584,1,11.297262068241105,0,0.9072066195426289,0
965.402009446642,11,0.27343838440549256,389,1,9.708067714390955,0,0.8329886661088708,0
1100.326417174487,18,0.12190728175992621,348,2,5.414144152964498,0,0.9186805470689604,0
437.4458973997075,19,0.1068485299051935,65,2,8.9034681491956,0,0.9219043994242376,0
202.55776872494138,22,0.24364116844398442,803,2,2.0031425566476937,0,0.8993315281848459,0
738.7302276257517,17,0.2553085680841368,685,1,25.162105687596263,0,0.8221410691291359,0
720.6577150277187,9,0.351693725782584,326,3,42.85952226970876,0,0.8884852305682687,0
1021.5335501269542,18,0.129661248383021,957,4,6.945577560079296,0,0.8119448564364973,0
517.7337830674976,10,0.36325570402801954,266,1,10.605582422961907,0,0.8777349592336543,0
1126.203625620179,13,0.15545089988411462,450,3,1.6411367307906248,0,0.7494104607357067,0
681.8133298399567,22,0.19390710469957542,306,0,22.52158130752796,0,0.867548878194852,0
714.8728192778638,9,0.1733419975045275,260,0,6.998398604816969,0,0.7684410429846424,0
116.97673065292028,5,0.5073035701288885,33,9,98.49957122641992,1,0.15433710762831723,1
614.5717997959047,13,0.12473124144791271,236,2,5.333385149187288,0,0.8774668574490686,0
429.29289645659725,13,0.09811489458744364,309,2,82.84705672823078,0,0.6857785747240404,0
674.0368565336014,22,0.08553036660125171,155,2,1.089259535753886,0,0.9036440602898632,0
454.9141773732041,14,0.47884396776108507,295,1,39.64757301286982,0,0.761935508366459,0
663.3151337768513,15,0.5799482870979547,925,1,20.938920315303534,0,0.569445509159676,0
683.1902074421323,10,0.2084171816236944,622,2,33.90282189357115,0,0.8008513339508394,0
969.4027641019441,8,0.24187500537267637,949,2,6.059626292535638,0,0.913625511388911,0
895.0450354011879,10,0.027135270757959126,772,4,26.349851674681254,0,0.8981277779652393,0
403.57783762468773,13,0.04953394595470252,819,1,7.425714925894527,0,0.8897947501599994,0
1105.883230638775,10,0.1328544103536626,890,2,15.991221779560883,0,0.934322392053598,0
1082.9369358769684,22,0.03264062000397156,45,3,11.760719543598192,0,0.8033879105906649,0
925.0906841785907,8,0.2395275231563681,930,1,8.118465047957798,0,0.5387464720747088,0
965.5954386330571,10,0.13340106025144158,244,2,9.254300912834708,0,0.7007931711561654,0
474.8961279238778,13,0.24722005157512128,248,3,5.002112730852949,0,0.889718442535983,0
948.9649940167245,7,0.2833616905364454,129,1,2.3140487387237183,0,0.5750926063979942,0
514.6108502037141,7,0.1872509735875004,247,2,22.719824589528987,0,0.7537995689383639,0
598.0169659064304,21,0.05580448083463958,295,2,5.796248125245921,0,0.945507300084204,0
1421.4916377175389,8,0.14720149950603933,505,5,4.034132584419561,0,0.8296351720980875,0
501.55869874687045,22,0.1185849750215866,57,1,25.065218508520662,0,0.9546471341011129,0
484.3787446204871,8,0.2869500348926355,405,1,5.8588595618310855,0,0.7803686489104343,0
590.4393162987125,18,0.48836866406028095,43,3,36.28612774403067,1,0.9180750037635703,0
1089.7048198108212,15,0.2123619732049245,822,0,43.396379410051615,0,0.7749707773509835,0
913.0508013846846,16,0.1897010899776562,968,2,32.641709199236765,0,0.8804811512880169,0
1373.5312048451806,10,0.24517269878251996,446,0,3.0225948054527865,0,0.6563201928189769,0
1373.9307489946523,19,0.09763857647392142,767,2,12.405920569532373,0,0.853358231363102,0
389.09602773819176,15,0.08962622178775563,196,3,23.686607441721726,0,0.7443649008573059,0
633.185783166461,12,0.5124052860278953,347,3,31.788641951488742,0,0.6918458401556571,0
313.00586374862985,18,0.11246551329811434,53,6,8.08153450961705,0,0.9482674680711356,0
1917.7720057055576,14,0.36733521921169704,560,2,0.7493085142934781,0,0.7404818666504402,0
638.4201763666108,19,0.06476271859035748,169,1,6.119166103395587,0,0.8752415195704986,0
508.1127698875188,20,0.35167723026926173,528,1,6.717412966568824,0,0.7428840146819948,0
877.955961768785,19,0.2115118633172812,51,3,17.02261486206434,0,0.5486745722896605,0
680.5879195278218,14,0.31064700142307833,237,4,31.89469052422334,0,0.8435529998094029,0
194.75232731000114,17,0.28860033067833024,786,4,13.290354870148166,0,0.8495623577291955,0
725.5884417536483,15,0.19511787331671915,404,0,12.396953083577303,0,0.9583521836370721,0
746.8806731078652,20,0.26387731126297,49,1,4.215290303488562,0,0.6283644554115604,0
1017.6918611615722,21,0.3930174655656976,382,2,11.552951755983322,0,0.9174523907888792,0
370.5153662602065,17,0.23186804947072598,818,2,2.729076668271361,0,0.849843554525061,0
705.081169191724,8,0.10014658986980368,672,1,9.345341537368018,0,0.7684405986281724,0
1047.9108082972684,12,0.1153684642328842,837,1,11.499506472470754,0,0.6147697874708871,0
1001.8097089481754,7,0.13809214021675673,386,4,28.298078783663605,0,0.9096477361908979,0
775.82128890037,7,0.32302153535725403,929,2,7.788730945030897,0,0.7773022734112403,0
441.7106170678348,4,0.6595887137609471,140,5,90.97132424264119,1,0.03245431392487318,1
392.74342842534196,18,0.0015892732692156068,45,2,15.74543717570236,0,0.6794513841206165,0
679.8274058645532,17,0.10672847902347146,983,2,4.712826405335864,0,0.7578457578901645,0
584.8278470028525,21,0.09750975219390738,777,4,37.59740704274808,0,0.7976291159681216,0
918.4776351379638,10,0.23339578039196665,113,3,48.38194278492861,0,0.9263055457749906,0
374.96511076194093,9,0.3941029962209424,683,0,3.857636305356638,0,0.8628785553067321,0
501.460549902423,11,0.10347254634373511,525,4,9.649794064950477,0,0.8390450066751095,0
340.63595250606596,12,0.18173209102965038,844,1,16.057633480120828,0,0.8848485856989904,0
761.9143893402266,8,0.2096963851721341,94,0,8.538673967220795,0,0.9357460420559879,0
1011.6713019693144,8,0.08880004566913911,604,2,4.865746129988343,0,0.6745051022743503,0
562.7692666189105,13,0.08186985028476138,683,2,5.546222973568292,0,0.9581302742640495,0
600.7036567581647,8,0.2044757194891923,937,2,1.7615551602826354,0,0.9563662552852271,0
924.6295809526778,16,0.36320820431111206,308,3,0.6079776947298248,0,0.763950765315226,0
353.4981420311422,9,0.17646676392024505,229,2,5.17230546431819,0,0.8872016144930099,0
1755.239351495854,10,0.3614603709326875,760,2,6.329465190962684,1,0.7662464161406846,0
416.27070422665497,18,0.2104220464414802,754,2,11.295935428908871,0,0.7131496378821562,0
637.9842946892588,18,0.17341288006621758,114,3,9.583164381005501,1,0.6306429820953673,0
1001.911802923636,18,0.15817225291740825,285,1,7.600056880038775,0,0.9496928680268912,0
690.1420513580658,7,0.13270161943736278,816,0,11.775471906749003,0,0.6489054632869568,0
423.45238274937725,9,0.19851939930299928,558,3,3.857367748689686,0,0.7633258653626065,0
494.6920652185405,22,0.2564545861216717,942,2,10.752507884510667,0,0.817749506016974,0
713.2161970151219,9,0.3039885751388488,521,0,10.454564920196825,0,0.6072339141637967,0
675.0234562879036,13,0.1626210205473131,915,4,27.3328355103796,0,0.5493327924165993,0
676.2969994273587,9,0.15001632417527674,856,4,44.00758558367671,0,0.47165078995600174,0
899.5533730818964,20,0.6614297546932271,131,2,20.544746226185637,0,0.7003544731822253,0
236.343455912295,22,0.07921113530436737,326,1,2.2557021016683736,0,0.6813505578855288,0
574.5097026188674,19,0.25361278123132514,109,2,19.21343873795977,0,0.8409399358393796,0
1251.7946722927677,8,0.05374871896151039,441,5,3.127968255405066,0,0.8103784503254412,0
733.6979791450473,20,0.4169776744963699,894,1,6.613505391170024,0,0.8619072301068239,0
813.2541799454525,20,0.3227359570581509,786,2,1.3232260990433269,0,0.6237615841034851,0
713.7970846960395,8,0.49979511502675117,968,2,15.090558533699241,0,0.5078913777513008,0
514.0259999483253,18,0.15084969301470497,974,1,17.91283790048692,0,0.5651328952822949,0
815.315121929257,14,0.3460604429298205,649,2,11.815289472574579,0,0.797944180425788,0
1369.0661651859482,10,0.08351122215159636,533,1,4.281600319828227,0,0.8493905174751682,0
1800.6615336405982,11,0.16399703085688339,135,2,23.927272147205727,0,0.7628952433481451,0
558.8708012096372,21,0.32567248362135043,948,1,5.2343206911806215,0,0.9073746119588609,0
1902.5853233833907,11,0.5313443076120743,662,3,26.80634236113219,0,0.6879894453682469,0
871.8761803375462,22,0.289619383110776,252,1,18.010447398630923,0,0.6871382415286817,0
258.1406946615118,10,0.11457084793925808,619,2,5.05845829218429,0,0.795918837666896,0
908.3747959533653,8,0.08403733868038113,288,1,6.840595235726577,0,0.5683001037617734,0
826.8436032646165,15,0.010149451853497698,201,1,27.29287369242692,1,0.7496527416289028,0
493.6602304760928,20,0.11384545289607714,709,1,6.822123176757954,0,0.8248041443731339,0
528.7520695090565,20,0.04673498448580992,843,4,2.362792715830125,0,0.909969857024361,0
1372.6927775887118,15,0.2740668423600396,690,2,43.27828708325032,0,0.6423664634353526,0
1018.229748424608,21,0.18623763191079035,562,2,3.279868985044416,0,0.9690602874629488,0
344.353016013948,8,0.2597143604242836,299,4,15.83084436994647,0,0.8536146657942457,0
415.7328259394797,18,0.06624891457255123,450,1,4.126547280771938,0,0.962449596382486,0
356.454496095758,7,0.2569655550520643,679,0,6.203564698039418,0,0.8906791425057476,0
559.6950853390005,7,0.12552741667610917,510,0,15.593424878165008,0,0.9119182844512101,0
173.35967474896688,13,0.19305144027406568,860,1,57.09376290563336,0,0.7769102400518849,0
476.68634263698556,8,0.01580854108531446,764,1,1.523336264648944,0,0.7179329124343502,0
888.6396791453998,22,0.2217202745520766,194,1,11.889580070129934,0,0.7620956675701995,0
843.8153734396333,10,0.5452763972470727,727,2,19.857937661969125,0,0.924631120395373,0
997.7350310549912,12,0.1444356769598605,392,2,10.238521517019855,0,0.7950982755011481,0
496.79073388982636,11,0.2074870588979147,255,2,5.442777040517423,0,0.867195356378028,0
1473.8636553544425,16,0.31605834291444274,35,0,66.04388248048163,0,0.7445231215811889,0
633.7529269164285,21,0.09263524278698351,366,1,7.186388893125731,0,0.9369589616759467,0
382.2259148783947,20,0.06573017526964563,145,2,10.715547019536208,0,0.4926900203515535,0
955.7236933072796,14,0.30821356798931143,654,1,2.111539223701364,0,0.7961317340168843,0
365.1359346824999,16,0.08346471517727802,517,1,4.561789662283891,0,0.6919228882474437,0
980.1071584301959,17,0.07851602023029955,297,2,18.35528615613466,0,0.9630541028866402,0
425.7368407833167,7,0.10226055930816157,755,2,4.587811276524652,0,0.892603949698667,0
642.7825569633634,7,0.182387151615439,678,2,17.149749512801762,0,0.8256306340329799,0
250.02991406261214,5,0.6939348611520028,46,9,2.8554481130078275,1,0.2991389621617977,1
913.3669054711021,19,0.09669801038778844,303,2,0.7400581404872949,0,0.8833572223849094,0
644.6564852870541,19,0.1802275100539111,826,3,13.303747028204555,0,0.579451578878472,0
763.8760594007039,16,0.06855913887516095,110,1,4.244902314024255,0,0.8544729104693162,0
631.5492174557584,10,0.09140109915615893,281,4,48.07260214338022,0,0.8096422429018687,0
723.6553213231374,11,0.20878520442411636,763,1,1.6306846641768071,0,0.811403138416095,0
510.2829719753871,9,0.13591185375311068,650,2,4.737909118666902,0,0.7928010620251938,0
270.2429483759568,19,0.31945936055514484,206,3,15.088936520823129,0,0.8954655719638078,0
526.7895766373689,11,0.20856949109766398,117,0,11.502628267413387,0,0.6369608696015905,0
28.97935653900024,1,0.7055492739539777,103,7,23.095891452638654,1,0.12810395269774077,1
270.55349364614875,13,0.10774056986554195,665,5,14.077114853396893,0,0.9150339570271213,0
1004.4176120888825,8,0.04568848607243624,873,1,28.839935076940016,0,0.9242689242532549,0
953.4962720538464,19,0.12137098093810304,368,0,3.8651548235535267,0,0.8598855142571632,0
1483.8195003078242,18,0.4805129390548228,172,3,12.6308248935269,0,0.7914725841283234,0
1015.9616073649934,20,0.5238278926933051,663,1,3.2813131485841187,0,0.8082669686520145,0
578.9061036653949,11,0.2578211393406839,868,0,3.72430821351095,0,0.8611569277789739,0
285.95003626795483,22,0.11868002062578267,180,3,15.684862519156715,0,0.9794890590691077,0
310.38801232732374,21,0.252484691556831,770,2,5.242206205306025,0,0.6095283387369752,0
758.1414578908575,8,0.09855621773910088,668,0,18.425915682165606,0,0.9325042950076,0
206.28542048685497,10,0.42031881723729525,788,2,21.510623777656036,0,0.908231023396942,0
547.9555513306677,22,0.14912391783444187,68,2,0.3510899005393249,0,0.9681906126405664,0
728.0855878510075,19,0.2655647262942015,460,0,46.23032701266704,0,0.684125997189653,0
1038.219184427997,8,0.1435089960037491,641,1,20.98332109338416,0,0.8568235356692132,0
1195.228710236819,7,0.176726766741816,423,0,21.77376383976987,0,0.8384677114601069,0
697.7531280661013,13,0.1989766427945414,769,0,6.261472268341552,0,0.6954316642177577,0
614.5050411427115,11,0.09637003853598645,651,0,3.021717528439152,0,0.8313390936827997,0
552.9028822770638,13,0.28626184694965123,760,2,20.816769100706775,0,0.7712239553465531,0
511.4731951608518,14,0.19933264846711152,180,2,15.298171449274218,0,0.8814039849784162,0
528.8683619753756,21,0.054248625317291896,712,1,3.342881761811978,0,0.84701107298607,0
449.8544939358033,8,0.0852665271416003,481,3,57.155857573692444,0,0.6927154210977797,0
888.7742455694518,19,0.17452918997792716,695,0,3.28173738226649,0,0.97814176470769,0
413.35952260433777,20,0.054065515046398116,791,3,54.328914875383916,0,0.9207043408515604,0
507.68568020226587,9,0.4802288668852183,557,1,22.808403708970328,0,0.6804100904263587,0
858.4794239479781,19,0.03165604232044182,287,3,13.235246513810678,0,0.7334815850454945,0
948.7515748259387,10,0.3723098202932166,959,2,0.16185006637527222,1,0.920171378157007,0
1180.8350781775673,17,0.06196339154311611,447,4,13.557253413070459,0,0.7280860581738828,0
1045.6445725080923,13,0.1691010450979318,486,3,19.086982414243003,0,0.9417420359041014,0
39.46964068556936,1,0.7863485436306047,140,12,500.7693207879142,1,0.3912986578633681,1
875.4966786940861,20,0.0982458382143854,512,5,12.07827675812593,0,0.6485985037926079,0
687.610198845451,17,0.20788553934858364,598,0,1.2130327766447546,0,0.7752396249146755,0
524.5750355542939,22,0.31251883134224895,302,3,2.413539403539013,0,0.7901120502267915,0
490.4358866118616,7,0.11385293257687633,989,1,9.4807539894605,0,0.8553265790412383,0
1118.303088730365,20,0.12613858257912985,534,0,1.9574500390188783,0,0.9030202064168963,0
857.7063259572332,9,0.3768655529201666,735,3,7.492580523250733,0,0.9630444837250848,0
929.7848850515095,15,0.21496356123195678,821,0,1.1462127025927966,0,0.9351553033765874,0
794.8356031311981,22,0.11108018601371962,911,4,13.60908123319606,0,0.8599810331407234,0
461.19718983532636,10,0.06486437252015759,847,3,1.7059843529961158,0,0.9182417771033308,0
565.4343520626132,8,0.1681715242158747,730,3,6.632532659617843,0,0.7554799140558198,0
1671.0773260001529,21,0.25461981534630534,463,0,17.429169255265904,0,0.779199485519733,0
353.83080952269205,15,0.18775977555753842,389,2,6.289409175262916,0,0.7232522556080795,0
280.5748522611019,15,0.2794812068561384,123,0,1.1796914066278297,0,0.7706174598452337,0
598.3080218653239,16,0.053405637059656764,86,3,16.12755482959117,0,0.45454022623932466,0
929.7022259472136,16,0.2817935153913577,791,3,25.22465353405661,0,0.7053100616066174,0
439.32898069300285,11,0.4000061005532638,528,0,1.1143184489332472,0,0.8901484100954843,0
1583.156001928631,10,0.2822261410318147,262,1,13.565069398089049,0,0.7605936298411209,0
950.0421082548733,12,0.16350322575460144,487,0,1.5398102348120313,0,0.7684238357377096,0
631.3033221449361,21,0.09292512474159303,639,3,6.714767454006453,0,0.7186724292046712,0
336.51811479844383,19,0.03712061908604055,354,2,3.683622094266306,0,0.7434035845887637,0
944.1821377269147,14,0.08995251219567288,234,4,2.3927679650088858,0,0.8349594453024014,0
444.10717032886964,9,0.07921389917023909,576,3,18.31497293850991,0,0.7463820669359025,0
478.4860896440808,17,0.03582267242613989,938,1,11.905164511844296,0,0.9557728928466777,0
851.7339411873846,9,0.22689334879738882,710,1,4.568050445067747,0,0.8709033820599796,0
719.3650928426539,13,0.15004453169281834,734,3,69.56140421613102,0,0.717845421680895,0
287.00209619480995,22,0.36771084206656346,513,1,3.133512434049494,0,0.8982239206383099,0
1738.5125931490497,22,0.18310091196695727,45,3,10.522901738226755,0,0.7419858277065569,0
1113.5117166515265,16,0.25842256056876484,189,0,14.9679338527923,0,0.5754136098287992,0
697.8292098223637,19,0.3620211834971833,163,3,2.6606407186118672,0,0.9530145230570197,0
607.6785305586257,16,0.026160856084305417,898,2,7.357594558113998,0,0.6744049689841984,0
1483.8622383707668,12,0.17757966956078966,129,5,23.45049916140512,0,0.9070304586224022,0
352.4119282153021,11,0.4234871774845713,838,2,0.3487136901259511,0,0.9185074818257297,0
795.2390094531706,11,0.216060223952704,879,2,23.839801681133405,0,0.7248742947605131,0
385.1191686491379,12,0.33686112610418123,594,3,5.129664841867885,0,0.8805684613712268,0
394.12050129491234,8,0.12015111235658908,223,2,6.414438626803777,0,0.9210170138641631,0
794.7404992909633,13,0.1554635952986038,300,3,0.8899892697471398,0,0.8034705374109053,0
353.5563874378912,13,0.2400358442862905,54,5,3.432582723317844,1,0.9160549331368626,0
81.9938642720904,22,0.5744233278392448,149,7,56.96464495373491,0,0.3106534524158835,1
914.9033891983602,14,0.33753099970933287,222,1,20.659535934078384,0,0.8969043959670038,0
939.6387832940965,14,0.21860233621218997,539,2,7.022094338275557,0,0.6467135655071671,0
460.1799679406034,11,0.05551158910665199,508,1,2.0698217561407453,0,0.615517524307874,0
522.8412778040599,8,0.15980558814824664,403,1,47.95988190910089,0,0.8792445501480662,0
1315.4424014743083,19,0.14709474394003885,648,2,14.616223334962047,0,0.7658387851379564,0
473.1344202790299,12,0.07474493520098865,756,1,25.45540060857599,0,0.94897736439886,0
763.1679779442087,12,0.19840426427126706,887,5,11.223285457476562,0,0.9468363480694074,0
430.9104259106273,16,0.07822154149001286,609,3,10.1454930080271,0,0.6884648043289605,0
513.6152092520855,8,0.20144966450067997,686,3,22.357183092184442,0,0.9215925756883819,0
493.92091456985753,15,0.07005946794809353,868,2,2.5315291773706514,0,0.6946395534890907,0
396.9355341298259,21,0.046046154741888265,987,2,7.024440029967001,0,0.8118375938837389,0
171.47178952620106,11,0.22290849524238499,983,0,33.48156821823638,0,0.8763685821306381,0
872.0642356210587,11,0.3733762682315382,78,1,26.11170314393748,0,0.9019293485115879,0
375.69409328943937,18,0.13551392867700365,989,1,1.383094560765241,0,0.9693087033963502,0
545.0880260361936,17,0.21064787379333055,142,0,89.49590271915305,0,0.8738894899320954,0
845.8003030825666,20,0.31504843445465397,117,1,1.897795851551606,0,0.8758269343059505,0
906.7735803324671,14,0.34675355855776224,718,2,14.561197567526593,0,0.9196884239775701,0
558.3492890506031,9,0.3570495219113585,216,0,6.707135752990108,0,0.5804120145089419,0
924.8569950445346,22,0.25468609224035693,207,0,0.38666713744491216,0,0.8763388818410139,0
869.6616967044681,17,0.18221268120213704,842,3,97.51030760512391,0,0.5292427827408704,0
679.8301014567465,16,0.1494891411830499,614,4,10.319258357599374,0,0.7231160160533144,0
842.3733486939527,13,0.39104399454196775,61,4,0.7663288479455735,0,0.8277710161113288,0
605.2509770924979,12,0.04267108498001988,802,0,8.364006116401676,0,0.964659113321652,0
662.0068569691902,16,0.20923509095866843,935,2,4.609763854926774,0,0.5009508934518754,0
952.4083295902839,9,0.2641976676585579,918,2,63.32075152432009,0,0.9343521337797777,0
545.5394838495889,18,0.11098519988122454,301,1,20.321247154651385,0,0.9092048837345417,0
798.141737899295,20,0.23848135722036962,665,3,3.1567659588745443,0,0.9557996078139259,0
354.2876370358471,22,0.1455471035963695,42,1,9.762020176872781,0,0.7844741948051297,0
858.9994442605954,11,0.33002363454998457,728,0,19.45867702274259,0,0.9495056009923452,0
1390.6987658479698,19,0.24079411999356473,661,3,14.29333849484405,0,0.7273130822898846,0
347.7354454651651,19,0.018818424423261645,990,4,10.116631943335065,0,0.946465025837538,0
262.17410736584554,13,0.19723146771319444,98,2,9.721907020785354,0,0.6733621054722796,0
1760.0507647542256,10,0.11612677910596603,426,0,32.49441042004217,0,0.743759950095087,0
334.7943732219994,13,0.05736016411175099,634,2,28.913172024262053,0,0.8477539769864899,0
278.3436230404297,13,0.16162940432254813,460,1,4.937047266700965,0,0.8304056167984023,0
1060.3893334966162,14,0.14428327469434207,409,1,10.350172115839127,0,0.7407671179223378,0
597.5102195943088,12,0.1224395734218225,64,0,29.62899166739419,0,0.9903234414001868,0
496.2863865475943,10,0.3473912492395012,59,4,14.409424896593187,0,0.9213450437471915,0
1048.0806324474543,19,0.09146777626402613,211,5,12.55982031087145,0,0.890971745378273,0
520.4796343800477,10,0.09294609055950405,499,2,33.58991255928037,0,0.838130579648361,0
566.3820119596327,22,0.2960865949793297,295,1,20.794681037321197,0,0.6369420318052104,0
323.18080234482295,20,0.15710877592627878,396,2,18.59862583236254,0,0.8926411627370271,0
487.94167957784504,9,0.03445494298293487,752,2,14.718536544974683,0,0.9827352474131792,0
956.801731170951,22,0.1511279775748442,957,1,0.355852770185237,0,0.8936127480957454,0
410.05522368995054,5,0.4279311511470956,2,7,58.6896132491011,0,0.3674388463280579,1
348.5244537524805,16,0.022491067609597636,915,1,11.80596961398759,0,0.8845822791657465,0
781.1334594838038,16,0.20738121985950037,338,2,0.9962289806077363,0,0.760061169564576,0
1543.7665119588114,18,0.0386500829909626,31,3,15.51807040430899,0,0.6965189977648779,0
936.685085110702,15,0.2845322088679916,831,5,0.30825615257745337,0,0.9010984981110576,0
769.038587440907,19,0.12080365785274977,951,2,0.7622785887364119,0,0.8465739287566142,0
351.8289417798772,14,0.450049479491223,283,2,34.052112755274294,0,0.9601738026434343,0
382.6428774973702,18,0.20882340197337862,399,0,13.619699908328322,0,0.7560462176061442,0
599.4705938505971,10,0.2162552659596236,762,1,23.472938122600617,0,0.8004957081883746,0
1140.6574867117088,7,0.2782455102136316,843,6,51.773266975353806,0,0.85975257102044,0
260.3398827180433,8,0.14713128783988128,798,1,25.570409418568495,0,0.7947930262474812,0
570.3334055251543,19,0.13562791245322092,542,0,39.938901363518205,0,0.868311137642039,0
795.6101592847406,20,0.21687288456072396,348,2,13.827861551044167,0,0.7761740542900757,0
790.7258581190127,19,0.11533520208181544,723,2,6.574956602500795,0,0.7760315785470857,0
452.54430005227886,15,0.28393085847009336,224,2,18.054972607301707,0,0.8214767570996113,0
419.97328090702797,13,0.33566421180379485,703,2,10.129662294880799,0,0.9650050244973498,0
275.2372416821825,22,0.2829386170147126,111,0,6.483050961949176,0,0.9862352819071415,0
1055.562029605673,12,0.2695921566028796,810,1,7.530904345931161,0,0.880512124366744,0
285.03230169920386,14,0.16341238260565713,672,3,8.93825334624239,0,0.7589923609625053,0
468.77779911266975,18,0.18621941001755268,901,3,45.69821652314717,0,0.8941556246273533,0
983.4258699577645,17,0.24635286971040712,952,3,14.138236381249724,0,0.88463678460592,0
709.3015028441997,22,0.4166811752890265,394,0,14.199926919904925,0,0.9024643697082776,0
577.8294669415911,15,0.02586936082641609,965,5,1.4227742645658676,0,0.7586633662585472,0
472.99575420827455,19,0.29020560275210566,622,5,22.41142482570213,0,0.8868298853156544,0
1207.3628190332395,19,0.11081094687625764,294,2,8.558679622328652,0,0.8841499019719344,0
717.2509938293149,15,0.25653157483879724,248,2,3.8156913198037383,0,0.7123996767047484,0
1056.5099428280366,10,0.2604400521053568,712,3,11.016682818370414,0,0.8058778618383597,0
576.2530320511169,19,0.2760166979699015,870,2,6.564397267300068,0,0.7412243462444362,0
235.75393484677144,17,0.1994479020895844,498,0,0.8664217829984125,1,0.8262697877621707,0
892.8396572822334,10,0.18926048509426258,788,4,0.5574361188183597,0,0.9498856832814312,0
542.9778760718826,17,0.05462775314314024,664,2,7.3702056962627305,0,0.9104834271732154,0
1548.5716619719578,9,0.21879952980298045,862,2,9.995049045146397,0,0.7763807070825505,0
590.1305508996552,10,0.08739328743494276,656,2,23.454434598723996,0,0.8026383204137609,0
911.802630876913,9,0.31179081378424744,206,1,3.953844777866705,0,0.8103596937242423,0
314.0672308921562,7,0.1371183753904943,264,5,10.125885404816826,0,0.49179038513755796,0
843.9542055083068,7,0.10171105192831216,654,3,28.66285358095051,0,0.9054314992920154,0
477.22253790430085,20,0.17834335896863943,174,3,14.908511001856484,0,0.6646449681933952,0
220.24474559106372,0,0.5756501378384089,134,4,126.84662058502933,1,0.13754587506010044,1
683.4871560740652,15,0.04101205090628597,854,1,4.259611123223839,0,0.8636639303280857,0
644.0937765185541,14,0.09707639312077301,200,1,1.2166826596135432,0,0.7177978343623299,0
874.9814849647912,13,0.18844218058388548,30,2,8.367052312835042,0,0.9127854107460099,0
343.02622558942346,13,0.1973780906498026,776,3,9.93380049164272,0,0.7037247223355746,0
1083.169823332191,11,0.3516223291451338,618,2,20.196128222078606,0,0.9380339034818648,0
1354.9270924063374,10,0.30937403278486497,550,4,29.78223324742349,0,0.7287596100829797,0
178.93930237651296,23,0.7573306835284361,10,9,73.38944087209074,1,0.6513218670078608,1
375.74009845556685,9,0.08211466296382584,411,1,15.217011236728856,0,0.7792911697444859,0
530.2529309200062,13,0.08370869236237986,385,5,2.2076874203623036,0,0.9446344140288275,0
548.7389490055368,17,0.3518759787075013,52,3,4.075606969171804,1,0.8611428575027963,0
373.62466348121956,4,0.6505692664557813,96,7,386.9528475164555,0,0.8160699652928227,1
320.05417587072066,7,0.0638034363010465,934,1,7.262216240083878,0,0.8875133311438886,0
507.2633649886557,12,0.14000756749933,838,0,3.6527765511134884,0,0.8412786248770264,0
350.85117550287947,10,0.4079138214354284,900,4,16.13528391006823,0,0.9377733335172793,0
1351.7273299229535,21,0.3742032307093995,795,6,4.771113177842296,0,0.9753759905470891,0
811.7990428970821,18,0.4532103594649753,582,4,14.701672931195727,0,0.8853812293385358,0
327.9952366183397,18,0.40263587394976413,932,3,9.628552535451263,0,0.8990939765725884,0
646.0785742273251,7,0.1594909640786914,324,3,23.381992364575577,0,0.8286741671699676,0
293.9030882660225,22,0.06222587949003174,672,1,96.73643496340658,0,0.8746748604369603,0
464.4346821114352,20,0.20806923931091498,50,0,14.289809483290735,0,0.876065015296829,0
507.69319942823563,9,0.056209034210284115,62,2,18.050465771279242,0,0.7275933277735689,0
758.5817401774264,21,0.33151170548901626,327,3,1.7723576219221087,0,0.9033746853515475,0
187.09372951169638,13,0.13310581081717865,905,3,20.927581737715744,0,0.6505987123280301,0
898.2455779514903,15,0.16675650863721822,797,4,8.460108582944702,0,0.8432560813182505,0
508.4112694069159,12,0.07115876152392508,870,1,4.704921014532536,0,0.744983210211647,0
870.2331206281331,14,0.232493930007915,590,4,46.97762380479939,0,0.8871245628325746,0
709.0585530537376,19,0.21479514759972856,645,2,19.91866679035792,0,0.8877292478682017,0
595.6940100961513,12,0.23087675064019483,699,1,1.5394914335132828,0,0.8258798021531358,0
1244.6054917687045,20,0.20329962974860663,49,0,1.617801418862983,0,0.6857508807531312,0
1340.944182320751,22,0.5922718419878203,453,5,0.4338562877180788,0,0.8739939093448975,0
376.28097534220433,7,0.3450278984601834,750,1,0.22810713501892227,0,0.8138859189139709,0
864.9951495847962,8,0.09704648420922078,780,3,15.457090287118525,0,0.7208336435819871,0
1626.6653389893333,8,0.31047097577171134,925,2,1.3437777523332701,0,0.8381908952647853,0
595.9415822000431,10,0.10935002423698979,172,1,1.0348495482423063,0,0.9379619424119059,0
861.3003664163812,14,0.429293899207352,853,1,17.01914355685363,0,0.9890855277216992,0
480.7028399772213,10,0.5301592902415851,423,4,12.049528531937531,0,0.9681872765920473,0
1271.9153945910025,7,0.40227753014602474,453,3,1.6320166904000053,0,0.8755821162148792,0
568.4550959895595,15,0.07832325979831178,421,2,5.4309431934441745,0,0.7990561638917728,0
362.7829741537076,10,0.1699748629297106,169,1,7.846463842270296,0,0.6533984984812153,0
568.8188212808212,18,0.06337621420995121,372,2,7.687935892305986,0,0.8452307226170266,0
1303.487925790709,12,0.3748139034535843,553,1,5.597842046226699,0,0.7284234365183344,0
756.0653985065745,15,0.2637121491825504,753,4,34.941518556951216,0,0.5252364276891515,0
630.7861759564161,14,0.21553868945540122,381,1,4.3914163717656125,0,0.7529523893830908,0
818.1102096300086,21,0.0919363846837809,892,4,0.6245659243251537,0,0.8095941443013379,0
400.4547692501475,19,0.2530825878147407,191,5,10.422668462433403,0,0.8522101878266655,0
1186.5023204426932,20,0.1994690516484912,558,1,16.320470191601405,0,0.5847879740696913,0
615.8211763417266,20,0.23725829024565237,779,1,3.1893465675907073,0,0.9008076029607301,0
504.57736577405245,10,0.06342896347928359,415,1,12.92522112082844,0,0.9422921580621296,0
366.5889148829318,15,0.04575591742800377,841,1,3.595209300081914,0,0.7432228577588573,0
984.5545523340841,14,0.04810380422365666,490,3,25.314459195310594,0,0.9444020361908491,0
1338.2213902707983,7,0.04610781764070717,603,5,68.1361970764257,0,0.9690504259310329,0
769.037932922698,12,0.12933763668079634,362,1,1.2147864951115324,0,0.8543054414282396,0
652.0257658248848,19,0.14681186157804654,916,1,14.611729355312045,0,0.8721036175246761,0
2609.2327685660866,12,0.13067107224581062,603,1,9.195171213649033,0,0.9808865890467208,0
734.0106823536041,12,0.17417394078354675,796,4,0.09639644895225172,1,0.9069669379051604,0
711.4541454039394,19,0.1895484950279117,827,4,1.133224941108739,0,0.8053048726157652,0
781.3477361420731,19,0.21350058475188172,522,2,19.16492484715651,0,0.7323343328593949,0
882.2253540465542,10,0.16571144959618264,184,1,42.39626708480702,0,0.8127417053345819,0
930.4409439479821,22,0.2560043888292354,870,1,45.816255379014606,0,0.9172360566868726,0
545.0120010011797,7,0.33441218775823295,540,4,21.021996680170435,0,0.6856203771800368,0
1037.3601803762672,13,0.1806388270640083,530,1,32.865947928415046,0,0.8316648807620417,0
422.50693210961606,17,0.13467472820000576,132,3,16.616073703183,0,0.9536178049201508,0
624.9838316987045,18,0.5268296524786429,511,1,2.09302372047044,0,0.9492363360041114,0
963.9313468585426,22,0.20492132630052284,393,2,1.6782545906633082,0,0.8142338280238849,0
535.483233108816,21,0.18740693719594045,499,5,6.480104403798263,0,0.7743600704160262,0
315.65310803576205,22,0.6693751875742634,188,11,20.717923493669637,0,0.3114913042287162,1
333.8112637608053,21,0.11515715649327737,808,2,16.81650743296516,0,0.5974531450312004,0
927.869422748853,21,0.07981318987417232,610,1,3.545505778883909,0,0.7407622209396868,0
939.3211925792032,7,0.4466334360632018,785,0,0.7589617050500622,0,0.9421511067745832,0
1157.9963938098485,22,0.11607776543421647,729,0,31.39935533142882,0,0.8672089944009316,0
131.09217116131572,13,0.06041844890614043,933,1,0.24370293706162374,0,0.623867257290766,0
814.0181197937851,13,0.042897790741671826,669,2,11.427241373787314,0,0.8922489389429217,0
888.7768452012835,8,0.20731618377299812,900,7,32.2123183551131,0,0.9149802545417435,0
980.5958140411124,13,0.15112806857792407,475,0,3.941505242701119,0,0.7438724584842302,0
477.5173221545467,13,0.1581874244334304,168,2,8.154525909775304,0,0.8030004821471366,0
329.87012347297554,21,0.020858202416483364,700,2,10.36804571638339,0,0.8097129912053184,0
796.2180894002196,11,0.19870811188502321,865,4,0.08518462118240892,0,0.5528140972857938,0
1084.75742707326,9,0.2737351141689081,93,2,5.764082205097682,0,0.7354686833896483,0
651.238571053817,11,0.4062019405022648,809,2,3.3806700104156855,0,0.6907212404849923,0
1438.0796056229294,16,0.03251818057304231,192,3,56.77269234013253,0,0.7627431703658012,0
617.9573625161428,22,0.10150809327160965,969,2,43.13843778922124,0,0.929590929329008,0
1430.2393552982094,19,0.15146585034022886,914,5,32.321326648760746,0,0.7916324177634083,0
1124.8714019938789,15,0.2889467062451895,256,1,7.7779445949022366,0,0.6895889506594997,0
578.107745350861,22,0.09657853024671638,257,4,7.879468683821314,0,0.9274534863802772,0
879.6053387537224,21,0.18733889477197987,892,2,1.1725589397548781,0,0.8197108623481091,0
1301.032773385,22,0.0892417633820565,742,2,26.95162865023345,0,0.751228135889807,0
378.8469659800218,15,0.1926581238638277,520,3,19.504844977934617,0,0.8668029435874047,0
664.974942948861,12,0.3702793879365029,375,1,0.7626507093131146,0,0.8885071954674892,0
582.7469140663165,11,0.2820772507272125,915,2,1.663447149195212,0,0.8133483286421217,0
643.2073104499826,11,0.0945535727753801,777,0,8.410576505894522,0,0.8241212491686898,0
1257.5227378526622,21,0.17793995314520678,516,3,4.303180593327295,0,0.9370380855285252,0
372.5426904671182,15,0.1644186925855744,589,0,4.500501709407543,0,0.8698545744107198,0
477.9268336965065,17,0.15912614981780496,954,1,14.602612700470313,0,0.7146916500547399,0
1075.6079091335682,20,0.2129904155635439,158,1,0.8200780591396523,0,0.8696222245222098,0
493.6484331967962,19,0.3687576345057904,851,2,56.840453125579415,0,0.7872685332483699,0
1057.5364465207865,14,0.18643332698847184,466,0,2.9288938288297763,0,0.9623654234085625,0
947.0671882108855,21,0.3298209428449016,619,2,4.110163399020878,0,0.8047085579769043,0
1032.903771453419,15,0.1446696382192341,879,2,2.670144888622398,0,0.8989422856062264,0
1008.9822935266152,20,0.3345639359083996,752,4,0.5934766606779075,0,0.8764247429555678,0
712.6115393995218,20,0.20319776398486775,330,2,52.01596699065228,0,0.8533951657438694,0
1132.8645907371508,22,0.0962468227523215,940,3,13.135509374805409,0,0.7528447752064541,0
881.0633357467442,13,0.12556737006581223,180,2,2.8095825888153243,0,0.71435997293234,0
506.74863307636963,10,0.04833768855452258,523,1,0.2937132190279288,0,0.931804229288253,0
700.1446180312024,11,0.06496864434716751,732,1,30.18983159547081,0,0.8276060121622425,0
251.60203516636082,20,0.17761683948892268,777,1,4.104621924067751,0,0.7430925444129295,0
1143.727415565966,20,0.08347630572585962,135,2,15.46804939438967,0,0.9775025617602048,0
1178.2425245453157,15,0.3591724705211981,581,2,19.310674080737833,0,0.8382481272690608,0
238.25252979440612,12,0.22887294395278393,727,7,28.485142275350128,0,0.806128678553913,0
539.6173874117833,22,0.09602983208909456,528,2,13.422483629656512,0,0.8329966076517176,0
818.2557211371541,7,0.10057850455754569,454,0,15.256953998974254,0,0.8856037952261201,0
2426.7780865865116,17,0.11684861774744866,838,2,15.852117483516608,0,0.8450839036290526,0
754.6315710355034,11,0.029717847790915936,808,4,8.08669391859805,0,0.8315062363502242,0
950.1309150213963,21,0.15833435449277103,774,2,8.03008521715269,0,0.8089351574519091,0
437.9118691962857,20,0.21448638069158343,800,2,1.350056173015156,0,0.9043008265932149,0
687.137598047569,15,0.10943052060988658,961,2,52.192070491991096,0,0.8034891800514846,0
678.4165265605558,21,0.1459422395657676,90,3,7.06135393837649,0,0.8529297626698057,0
545.2448199006775,21,0.0931445336614628,58,1,3.2831920431563058,0,0.9145740058834947,0
541.500970927874,18,0.11907834910518829,294,1,2.7483902691515656,0,0.6353152207806436,0
779.2342978549799,18,0.024737625378692597,826,1,18.4692093736186,0,0.9366319452136125,0
527.1858627140132,13,0.2952139951175752,902,1,13.657343979663416,0,0.8222337997465016,0
985.7312489709905,11,0.0429733022971558,671,2,41.20859469628372,0,0.8380725558829635,0
1272.4275354100882,22,0.1822157561922312,697,7,33.16674075714544,0,0.8098576724469947,0
558.9813900438083,21,0.18326772659680224,66,2,24.662037188609965,0,0.8251216537112402,0
861.0714500858669,15,0.022249927013435547,483,3,19.938134552246513,0,0.794924125957197,0
674.5891947689996,9,0.07006376222144045,168,4,45.182446628543765,0,0.9386047684541055,0
373.35219750725327,22,0.2427767482534742,202,2,2.216351268052158,0,0.7638464137980502,0
573.6148009155618,10,0.16141192157589015,133,2,6.436926749579126,0,0.8913647284314293,0
217.74827600685555,12,0.34859662235188305,46,3,10.348218623481683,0,0.5979380520660968,0
637.6688527572437,18,0.14564778106112286,699,3,25.358346403871064,0,0.8671723594172503,0
877.8082147666548,19,0.3066269164200502,431,0,25.65312615193273,0,0.6189133798423981,0
435.73124705996685,21,0.19377129398779971,502,4,15.063493998436737,1,0.8312711627406066,0
807.7587904648879,9,0.23763814819422532,174,2,15.035400100120913,0,0.9423764905384109,0
1171.422116503795,21,0.1511309627131049,769,3,4.635204005189467,0,0.524120690386764,0
1318.9139682471402,16,0.30471253194356485,975,1,2.586000272939385,0,0.8276211677179509,0
1016.6144211125888,14,0.17468525985518688,224,3,8.85255962783957,0,0.9721614837532877,0
797.9317701137364,12,0.2369326600572257,596,1,12.682416330360914,0,0.862313649698817,0
270.0621503606029,7,0.45270086939792287,552,1,4.6078702322503755,0,0.4661792128666373,0
1036.1985996560634,20,0.04079669385013648,770,4,3.626099345961978,0,0.8415275793703313,0
1037.5328064603525,11,0.057314240740649676,139,1,2.660578563824666,0,0.5209949874085181,0
697.0862891459908,22,0.11245992904980688,979,4,1.999837140894596,0,0.6526588635159886,0
785.3534157577305,16,0.19953060478975174,149,5,0.34527391125200774,0,0.8686333723451795,0
438.3732379105653,11,0.023129953298816612,265,2,0.8017586445438063,0,0.7967700356694433,0
368.85762617101113,13,0.39577498773918607,429,0,4.126547505743574,0,0.7814961251853138,0
407.3195453627191,21,0.27450160522083594,224,3,7.525606392405571,0,0.9015913150608458,0
796.0303550631447,19,0.16350043217337648,721,4,18.276337339602538,0,0.9284827856837564,0
598.9204970955784,10,0.16114035596483411,212,0,19.551797255313012,0,0.8293189767728246,0
1576.4845248080885,17,0.31628509499396457,591,2,26.771903276081403,0,0.8720621312565162,0
445.59562502800543,11,0.05368393094473094,596,2,8.188268106226955,0,0.767898864275577,0
1326.5428832629716,19,0.2290947907551334,596,2,4.231664365436649,0,0.9268566641247679,0
643.2072177521941,10,0.21218813819412966,888,3,30.594433654746574,0,0.8644437279111298,0
1053.7873727007036,11,0.3640698546690775,568,2,6.124020867906367,0,0.7655805184270229,0
304.9891543341685,15,0.0790168985450122,92,3,37.39811721366184,0,0.8511977331275526,0
537.4782811578359,10,0.2574338513007486,180,2,7.425783336974529,0,0.7592578544109463,0
128.82543736685577,0,0.7532334806657724,161,7,220.6104545432743,0,0.07632550205952256,1
410.4689561608378,18,0.22318803140853338,682,1,53.15242316105575,0,0.6365809241374369,0
953.3892950099814,9,0.061721169899289725,664,3,8.219025573512976,0,0.24710314931239927,0
441.81219178007615,21,0.06225736796912625,720,0,14.183566394626032,0,0.9048159865729056,0
1495.8640687061159,18,0.2189330158115911,719,0,0.6629821748829883,0,0.9039207643031376,0
471.57381257568454,9,0.14310133345890155,479,0,10.992229375162168,0,0.898429541357769,0
690.7110984671333,17,0.1570151489682811,963,0,1.8716905633494931,0,0.9076423335835051,0
816.2416772456778,19,0.14259545453980546,186,8,0.003914849376737668,0,0.9597565702278271,0
912.2733080031946,19,0.13615229500294074,782,2,3.974058413893707,0,0.7361344631827016,0
435.1500460530776,18,0.09786069961587335,658,0,2.9189508706277816,0,0.8363087746150505,0
667.50162247071,16,0.06318854331268667,557,2,4.2885616118835,1,0.9183685183901797,0
1144.2162919759987,11,0.33475243622469836,536,1,19.681452470986862,0,0.7503745393259507,0
976.7826776144319,19,0.22684960906922239,984,2,9.494759565827179,0,0.5775420883598461,0
529.4537169595869,9,0.27487651585654044,509,5,0.45846526888493944,0,0.7207544926056553,0
468.20999609295217,7,0.10629880858913589,231,1,7.552096246284622,0,0.7003939052023219,0
489.6160111946868,19,0.0642928753490383,119,4,3.924955064480581,0,0.7827969324191244,0
604.435119295521,10,0.310950751302879,758,1,6.491755808703816,0,0.8143367170635666,0
377.54935331504385,19,0.05882098460690806,551,1,5.482421550242097,0,0.6970074283069334,0
494.62255181903504,15,0.28297050014457964,101,3,25.75004403578749,0,0.8432291616544652,0
320.32484552862053,10,0.1054295491024711,821,3,1.46116051245574,0,0.9450490847137757,0
624.3610817205969,15,0.1437130773740222,238,3,6.42717624577517,0,0.5664741080000326,0
742.62515673485,16,0.012328219591890552,345,2,7.123446077624791,0,0.7725659774886577,0
397.816342777856,10,0.19523074666930637,788,2,9.10715394582398,1,0.9644748365595133,0
469.9342432129341,10,0.17154121262615454,273,1,4.171639905778404,0,0.41260509543820434,0
467.6610620905485,11,0.1178619364406189,404,3,48.36182150943279,0,0.681733475168837,0
120.91174394427667,0,0.6303652545023748,15,7,134.3589021257389,0,0.05300785570076817,1
636.212545224725,13,0.3092487594710933,708,3,20.62925966820702,0,0.7364713450354233,0
747.912652990736,13,0.3332267745455663,586,3,10.10495759856659,0,0.7733250705777984,0
665.0244022963276,21,0.29316839549678336,726,2,47.83418186110739,0,0.801239339339852,0
743.8953717899385,15,0.2887919802149022,189,3,3.2014231509464763,0,0.8070062711526809,0
361.8517021832884,8,0.09303980520306458,859,2,29.029291595119723,0,0.8165997845090689,0
1033.6410902002638,17,0.18057586995887628,744,1,9.233894962742607,0,0.6287097303504696,0
801.7667110976589,16,0.08627414981102718,380,3,34.60393372925236,0,0.7847123832720245,0
615.2268146372252,7,0.29787995090369446,871,1,6.553678221093666,1,0.9468775636269277,0
435.2355143895798,7,0.2302386030513569,928,2,1.5884780811185957,0,0.8640947276361108,0
862.9721852560942,20,0.4151413323632653,115,3,0.2194193618974399,0,0.9154690218643737,0
519.893059743346,16,0.3341671008564404,374,1,6.6615186191947675,0,0.9021964472891656,0
307.9354078877048,10,0.5595580122532656,191,3,18.6674060448813,0,0.8719366881424258,0
605.3364462813831,7,0.20241009081731107,682,1,23.259530821864516,0,0.69490688081739,0
255.66476799778258,23,0.5715017548389401,128,11,30.59864704868012,0,0.12574449164039428,1
447.76881973516623,22,0.20323729145248373,443,1,11.643318260086033,1,0.832800395582981,0
659.9113506458383,10,0.22848941413912416,516,1,27.505650083603985,0,0.8821757913549682,0
1245.0276022154542,13,0.16941503153170479,449,3,11.982326415630057,0,0.9744622189909071,0
763.7756303770299,16,0.295492180854626,707,4,4.5102530855369976,0,0.9498114513877425,0
293.34131882820515,17,0.089016739707765,868,2,5.252600054314599,0,0.774548207783137,0
309.9121862393663,13,0.03334095023358978,781,2,4.328292165101669,0,0.8244597317653193,0
695.7481949802425,22,0.21637894283578524,657,1,30.017213088141304,0,0.6535994605867723,0
1728.4759762485269,19,0.11694344267035503,708,2,28.956802089150873,0,0.7999486028462336,0
517.6399848916438,19,0.30270089171839715,133,0,46.886397250040474,0,0.617813881224167,0
745.554852859764,8,0.26817176288346006,529,2,10.134699389596069,0,0.8398601418609193,0
633.3073686383369,17,0.34077317999951506,563,2,13.68149616065623,0,0.8003331516833952,0
155.00546819672323,0,0.4517564094850445,104,12,112.59993096037115,1,0.07161585438045509,1
796.795483258816,15,0.12190622828445587,58,2,9.134415401955767,0,0.8257818882623716,0
652.1872111866347,18,0.3703408372911864,508,4,11.619518561902382,0,0.8714596906723696,0
1721.3213913255186,16,0.5984512885059118,268,1,3.6765016797654013,0,0.9075943715564005,0
405.3304677642449,16,0.25972567805720315,131,2,25.880775447538007,0,0.7402549402046676,0
494.09391217819467,16,0.20124911412979438,712,1,0.3744608148080387,0,0.7746884884036904,0
1355.4686947808075,16,0.11885891289223285,118,4,26.693547300682056,0,0.7866362876915959,0
1021.4477119642091,16,0.02327560165641625,785,4,1.4723369613884405,0,0.7894364375809068,0
308.16739891049355,7,0.3223978561608946,800,2,6.763960855167804,0,0.8559543740226212,0
496.30961918623717,19,0.08227227019980846,697,3,24.06965087465625,0,0.714079195263533,0
487.697406062161,20,0.2640366830564068,171,0,15.757770286099772,0,0.8638623093124831,0
899.0245071497089,7,0.1586169995216806,335,0,1.5180715875458186,0,0.8246208033887897,0
674.2613351665756,9,0.1735722297839237,73,2,6.568769478738341,0,0.6916420333469432,0
669.7180155306777,20,0.12772078586840946,293,1,11.620501661933847,0,0.8062979662912525,0
1394.8102861091184,18,0.09010355696324156,805,1,57.16464018756396,0,0.7607326658765712,0
1100.0660947346385,8,0.1057019524138327,32,1,1.222342915377004,0,0.8114323942139587,0
739.5998871930456,19,0.1614690729625093,904,0,3.0006805519600888,0,0.8690546537021495,0
410.41295776823705,7,0.32067407094192824,986,4,15.582976516176863,0,0.34520366348564663,0
1145.5266579282104,14,0.41219586963687005,702,0,26.7977369295422,0,0.945675260242523,0
488.0802470119467,16,0.0114111236874477,52,1,1.4287721531597508,0,0.8792791623761286,0
827.2111455517393,20,0.26906301788019116,114,2,2.888902411223758,0,0.6764799389800735,0
869.0904693796448,13,0.28636654309602916,151,2,5.729270500271024,0,0.8189149554834246,0
1352.8243308265444,20,0.41418951054583447,712,3,13.537460987170643,0,0.8161529809181717,0
781.8288333565688,13,0.132728016174981,507,1,56.916759431260814,0,0.7642465582169986,0
432.4689516743571,8,0.23760545070261724,937,3,7.631611635994448,0,0.8513543633441363,0
622.1751673310528,13,0.28300866379659856,131,3,0.52990805302878,0,0.646597650422789,0
613.3138153378306,12,0.24006583172350096,694,0,1.5369347594212834,0,0.5848551077450674,0
1169.0620429909013,13,0.2972325031236602,777,3,4.329973836083304,0,0.9172673755929386,0
571.8035750817343,15,0.17174525425645593,895,1,12.215044092468684,0,0.7179871677942349,0
1006.3430124695626,15,0.262917547464619,449,2,4.219770026656362,0,0.646517215178379,0
1051.496401320613,19,0.07195832681371103,752,5,13.411460552939557,0,0.8352853939532002,0
651.739515703179,17,0.1779270394535027,993,2,9.313104853475355,0,0.8681772897091158,0
453.29139993114666,18,0.2642226400506368,53,2,10.360946640991692,0,0.6006318498124723,0
724.4931100705315,20,0.24837974488146292,257,3,16.754206521638302,0,0.8665697094918139,0
245.93563133792037,12,0.31394470066590474,567,2,6.1982156673633915,1,0.6226326075879303,0
591.1424126598566,12,0.16386388649378422,317,1,16.960350679142497,0,0.6367659601611967,0
568.5278292256991,7,0.17612457707956178,449,1,15.942863390598312,0,0.8706984812004234,0
1029.6545405385648,8,0.20624998262357544,102,3,25.205254888701816,0,0.7056331872611572,0
436.7951563714529,13,0.269722662052704,831,5,52.260402989969656,0,0.8949561684558013,0
578.8981137101135,7,0.06302702632702614,192,3,17.978641896934366,0,0.8314809796908788,0
531.1406497368262,11,0.04181310170513928,826,0,42.04229255591828,0,0.5916066498705435,0
914.6842116850589,18,0.2957137726343792,718,1,3.1669783222666656,0,0.6564981576697789,0
906.9046335993629,16,0.2003293022605333,760,1,5.010420296411647,0,0.645933179675106,0
1021.0700551027156,8,0.2212026931595726,367,1,8.98909102857851,0,0.8016061623889349,0
390.03528355632716,11,0.12244284573694797,378,4,2.2562593286551182,0,0.9653332281824648,0
624.3402005591022,12,0.24990851829513436,34,1,19.465144164947237,0,0.6058832522543739,0
349.96150410398985,19,0.21723321661868067,707,6,2.4670453056861974,0,0.6691952608632629,0
518.4918475795241,11,0.09334910645070434,323,2,12.98413956092006,0,0.69940575494185,0
718.083654200109,14,0.5605186978752631,991,5,1.733796918369202,0,0.8321189273933505,0
778.6767222851549,7,0.051424906701269625,41,3,14.409499152072161,0,0.577600147856945,0
578.1272082023437,8,0.2445230379335987,316,1,7.673565320695383,0,0.8429788266403875,0
719.2379055340139,19,0.27229257515459143,101,4,0.38542221729409576,0,0.8540116594738495,0
746.2224271425242,17,0.24385218602593062,527,3,22.56514130015549,0,0.7483835656607728,0
384.40947214858227,10,0.20365116688971158,768,1,7.070843457792189,1,0.9747711853845328,0
340.4004804289198,7,0.19370292404159858,44,3,9.925874153291323,0,0.702035357096572,0
726.770881609417,8,0.04679565554521732,285,1,19.338458980452476,0,0.8046073106723014,0
883.6272240649104,14,0.16820443098349652,439,2,9.025085242617346,0,0.9422019486319773,0
1965.3953768926474,17,0.05939114797953627,78,1,6.590869453553541,0,0.8248600089766671,0
1090.9009923191006,16,0.08845214084490594,474,2,14.027232794196872,0,0.8418874784297234,0
784.0703237422397,18,0.15852878629658995,763,3,19.697385130201084,0,0.7876672288374781,0
369.8374465386684,16,0.17885225413072361,498,2,14.181102345314201,0,0.8603502820386182,0
789.9868319670281,14,0.5303316484529236,172,4,20.37782239614296,1,0.9051929360923571,0
821.828001412061,21,0.3384926614393141,703,1,31.21836347779032,0,0.6412718209787622,0
416.2882604788507,8,0.12120153363266069,897,3,8.739840588791646,1,0.6774113252417956,0
619.691511121137,21,0.1112420059197215,819,2,18.88422603076268,0,0.7240016637381762,0
892.5786050553986,8,0.22263087899106726,963,4,10.788853389491152,0,0.9465020657557531,0
529.2769248763996,19,0.08688720188937847,683,2,15.241048203945082,0,0.8993143273699773,0
1038.5527922690644,9,0.045803030043944835,432,3,6.44471806755375,0,0.9895314536958617,0
725.7579840052824,12,0.5238028987871152,890,5,17.36219027441399,0,0.8066893766480784,0
334.6347699933773,19,0.2810024885954736,784,3,10.514534193693162,0,0.7542701502036484,0
774.3131831783267,11,0.12599945652275832,863,0,46.1481870135754,0,0.9259052411172323,0
472.646865439173,7,0.10762395543555359,38,1,39.76312397753734,0,0.9057462387390004,0
724.8400241752698,13,0.12385324782864948,459,3,22.446371825008065,0,0.7307711459402012,0
632.2469090208137,17,0.387609534760501,299,0,14.403039147068638,0,0.95678335186219,0
512.1519641083505,16,0.253378488685245,969,0,7.696558676579548,0,0.7966215074014736,0
438.55490644858867,11,0.1054129288806869,903,2,4.896611554495708,0,0.7934518187590841,0
1198.8736041630746,20,0.2772946884099474,618,1,19.443424859469136,1,0.9267124713563563,0
776.7929064846586,14,0.07543491146584669,104,3,22.220500248790902,0,0.8349177829059299,0
188.9351470476317,1,0.6066446188686001,2,8,45.034730656676984,0,0.35624780832147485,1
790.5999566512513,17,0.1161995254335783,255,2,0.8818429265688257,0,0.4876709059873693,0
749.1291841975506,12,0.12199053760754588,929,1,19.704878453647204,0,0.9728620468971565,0
1711.6282319189456,8,0.316381037364828,47,1,43.38289856298496,0,0.6276011995601156,0
923.631145735514,18,0.12940445382692706,176,4,2.800843554450263,0,0.7856071759733526,0
676.6580341715298,8,0.07431657841658584,155,2,4.392035809944162,0,0.5935679959963581,0
571.5610031064522,22,0.04398518019542038,248,0,8.408912459684554,0,0.9591612033809419,0
1158.7643884914767,19,0.15411255794903891,263,1,8.849389348413768,1,0.8238999968776586,0
499.012110771157,16,0.2455868498461108,302,0,48.57646815706539,0,0.910679024413937,0
931.5699794040042,8,0.12178430725343259,189,0,15.05823147697287,0,0.843018270598367,0
1535.417308083276,8,0.46051520110382144,792,0,25.005064145471746,0,0.9390013084819087,0
1034.2619079291746,19,0.16255256266291168,84,1,25.754668579207497,0,0.6048416363890359,0
435.864362071153,13,0.18810682662879435,559,5,8.702760451143938,0,0.433873114283812,0
1128.329631913922,7,0.10038668873436712,646,2,10.558118921077064,0,0.8182017603301138,0
843.8895190270266,19,0.2234166260862365,535,5,0.6840298788236596,0,0.7755516213588566,0
1215.9375652892386,18,0.42334784108801105,450,3,2.590829892533825,0,0.7378676027928931,0
517.6342200491359,17,0.11278440137116709,538,0,55.45905441965135,0,0.8123941920252885,0
518.7837068248895,10,0.09737929850257437,510,3,0.02785636778075647,0,0.972303164767191,0
833.4382257787829,10,0.3231948744413561,88,2,23.8214054619814,0,0.7569845919046568,0
736.3351336831257,21,0.30059366454820846,73,2,8.5176730252314,0,0.8474951748768045,0
528.6024486053836,10,0.2893270403298436,552,3,43.05180365427403,0,0.8817788264147949,0
1016.3955412385639,9,0.2182515905515843,95,2,10.285086106869533,0,0.8852625721580266,0
552.970135897535,11,0.33331708800935717,835,3,25.46105789179037,0,0.8521343849721511,0
707.4925854781762,16,0.04542096498810545,446,2,1.028717261077118,0,0.8864882733181885,0
1000.2501043162014,19,0.017808308860597772,961,0,7.636910197370562,0,0.8761446629476596,0
450.7631481649743,15,0.2275107738056081,477,3,17.444988976359973,0,0.8547897049177879,0
827.0809219049833,20,0.08312041965288783,755,2,15.883936470570518,0,0.4658659342940837,0
872.2697319776336,10,0.10061818265238728,475,3,6.429347055915067,0,0.8439663246401061,0
480.4117205434563,21,0.23660917901940062,888,1,46.87046052171045,0,0.8193973402454233,0
465.773429286055,17,0.13311219781284492,578,2,2.9933754171321603,0,0.8993765364139575,0
498.08905881986334,9,0.2740111381676856,304,3,2.8002344588413335,0,0.9722198469959861,0
108.00250601182437,4,0.7016321897648358,28,5,15.505898752347475,0,0.17763290850606678,1
912.6214283124348,12,0.36200578014583157,577,2,19.453412038986023,0,0.8767070623502182,0
292.9305592621108,4,0.4333495673900074,111,6,400.24767890982343,0,0.31646050667714337,1
705.1973090968096,18,0.20735421823972397,134,2,7.076410351181459,0,0.6915598507645654,0
746.4752948180715,13,0.08525160565370563,304,1,62.37880779611478,0,0.9259088078133396,0
51.691072775863596,4,0.7938929432342843,151,8,12.612657483949928,0,0.17167492462848308,1
664.9348730558181,21,0.1459209793875225,660,0,18.425563520906387,0,0.870053489517818,0
257.50561923267526,10,0.5418715700510598,763,4,17.252195712004372,1,0.844750563367202,0
769.9340812852727,21,0.2547001696704893,228,4,10.397626566677568,0,0.9768613837095906,0
582.243831488989,17,0.12164287067199414,627,0,10.910739108704135,0,0.6694314767310585,0
596.6195457485226,8,0.07037168978274051,737,2,7.395492768038238,0,0.5240099039515349,0
591.6124668518823,10,0.46172862065715536,848,1,9.805322847599856,0,0.8754552670656979,0
209.1557737069686,3,0.5928651968101648,64,12,14.16153124611918,0,0.22937185991264677,1
174.93924035332805,1,0.5968441299084926,35,13,37.88962823952389,0,0.35954480489935114,1
706.7228847038111,21,0.020458524428452928,674,5,1.1697377201469354,0,0.959980920390815,0
564.2235259044742,11,0.22266551929373082,257,5,6.05458538094392,1,0.8168333441987679,0
431.5180324399523,10,0.210266677258648,459,2,0.03540496139843716,0,0.6890717223320967,0
306.4060343151744,13,0.31013023223443764,351,1,23.5883580857246,0,0.879837419912323,0
854.8163450336649,18,0.2913258544037943,329,1,1.4380177515033494,0,0.6894473213269471,0
547.1261395599437,10,0.15075098160264483,126,3,35.61131678100195,0,0.8337909543883488,0
1519.910297748295,18,0.3167174904216684,672,1,27.088615926924945,0,0.9112101627247166,0
968.8617352116698,11,0.08263312778441576,220,3,3.6016082212673317,0,0.7966414606282953,0
398.99221703773986,9,0.16001032047493,467,2,24.28311707925807,0,0.8773099138081919,0
371.19453653095184,14,0.13006637318974698,84,3,2.5957286587840676,0,0.912817430585459,0
788.3838234982218,10,0.23379505907672288,809,3,12.045348162535985,0,0.7119279025106017,0
710.3925776563411,14,0.059193362775922555,300,0,8.269533648074447,0,0.7974415543652338,0
873.5773081548851,21,0.07989674390801396,366,4,5.570292565961282,0,0.9144933423168283,0
1267.4470610312321,7,0.24193654730254258,925,4,0.8341476946630848,0,0.964808745930684,0
396.97228043477924,13,0.3149057657385294,867,2,6.871131889232792,0,0.6076945032548096,0
673.5539888822116,10,0.09794566638865009,65,2,34.89299220664528,0,0.7828916275371828,0
945.483443601131,20,0.2520956928663192,139,3,20.760052296238772,0,0.6539838263567221,0
415.472477693391,16,0.2701724939340052,225,3,4.54310416541823,0,0.6266701854349573,0
453.64923438379213,18,0.04649169539354217,358,2,1.5526134982594606,0,0.9541135731787077,0
266.4153580227401,19,0.41554044118149847,744,2,2.3418282782317243,0,0.5446267009684629,0
397.22636116653024,19,0.13389996788965686,488,3,28.153442252955145,0,0.8950944390959776,0
622.1088496271361,16,0.11315261195517735,759,0,16.790221328950135,0,0.8734435779254593,0
469.27587397949503,8,0.37985447829887536,998,1,4.239157663251906,0,0.9286145924540985,0
941.4938549056354,9,0.24885114784448137,853,1,7.888804239665393,0,0.6960582664010597,0
1329.2954022933254,17,0.11101593049241022,841,3,4.440400360287613,0,0.9538455351692551,0
888.7415912585477,21,0.10172296049003801,443,4,9.01499561295889,0,0.641107528397928,0
716.5204086563223,18,0.40798566669276526,264,2,13.27113156172944,0,0.827412771800393,0
594.6671994657711,9,0.12775207822061652,182,1,17.778839455023785,0,0.9033227321498138,0
729.7405126238201,17,0.1379264069780193,116,2,0.14921471221204335,0,0.8942188137769558,0
431.0813556490366,22,0.164103446556524,627,2,30.880642417961738,0,0.7939435025083204,0
728.853727585053,8,0.08949025979698198,410,2,94.66416341248969,0,0.6100385616435144,0
672.1494523656102,14,0.24698869606606563,451,1,9.571453395725936,0,0.852105398886852,0
722.1752811792325,18,0.05051818868684955,372,3,27.779589076744028,0,0.8107424637529953,0
279.870553447855,13,0.21300185973371058,602,0,7.789298642020391,0,0.9208851057721684,0
1189.0235945477593,11,0.09635347414382342,477,3,1.3595292888318908,0,0.8460435467110725,0
606.605704272744,10,0.278518442869444,188,2,86.35562187146222,0,0.9090871197764905,0
601.6585083177936,15,0.09833401771165518,765,1,22.313759160725418,0,0.7387372259871253,0
1631.357686709231,21,0.31521243457375103,390,5,35.467499062212305,0,0.9061315142226574,0
868.7070789666284,10,0.04980056976920352,428,1,4.619183730175426,0,0.8237481633756369,0
336.9375079541486,15,0.38440185009130146,197,2,38.41542042413164,0,0.9136980669295773,0
1186.1846916968786,13,0.44973650423528266,486,4,5.23360687451052,0,0.8694139782766033,0
1443.1172608488905,19,0.17310980266140882,676,4,30.775640759841842,0,0.6431229895702814,0
390.56605405174736,9,0.3770517270310928,226,1,18.39894952337212,0,0.9012792792984218,0
590.6615207383732,20,0.45890984198797147,304,3,13.324857136248712,1,0.9252843357323519,0
95.89562863031462,2,0.7040199498242409,60,5,275.1079361025541,0,0.20979799042770764,1
626.3832185955077,17,0.1475195924111143,164,3,12.252958262833264,0,0.9084050323333345,0
571.8970622859766,17,0.2229743179691937,309,1,3.2634303124716455,0,0.837723975238413,0
2707.051221078235,15,0.12770320455384515,642,1,28.04667780670177,0,0.7692618766559367,0
968.9234970343128,21,0.27443614566850105,64,1,7.13973064086782,0,0.6838553863741172,0
387.8721873874774,12,0.11515541558719244,636,3,39.40839922327671,0,0.9249298213118885,0
794.0878692711414,21,0.40120199346880364,40,1,2.453013230339002,0,0.618412659593587,0
1014.1756095682038,8,0.08668119905142652,996,2,16.702202769908713,0,0.9187537524036722,0
561.0053117893558,21,0.08996214863490508,78,5,6.59464542130316,0,0.8692239668185948,0
794.0727772785749,14,0.17331016983058134,752,1,6.340943244400209,0,0.5069754338305654,0
932.7000644946602,14,0.0913928448467001,603,1,61.06052621119212,0,0.9267419571669023,0
480.95218781235195,19,0.09604088382280104,284,3,17.402875488126515,0,0.9801912713731264,0
605.2914258132495,8,0.11525527015012463,151,1,14.872255150706383,0,0.8883447507377176,0
607.3440574788831,12,0.06523158795635692,121,2,30.06373551294852,0,0.7430301172721377,0
881.3111442230937,7,0.1759776509760373,89,0,62.794442315287554,0,0.6833366444064283,0
705.6636870485961,20,0.40000477458306366,387,2,14.68840484761497,0,0.7429113844048223,0
659.3128712317122,16,0.23399734667503025,969,1,3.7920038861583736,0,0.8856609041976464,0
327.74537959676655,15,0.3626683128076183,330,0,4.197973762009183,0,0.9231739800435187,0
350.4813523627394,9,0.2196417694644026,897,0,7.444250697821943,0,0.9157173489488498,0
733.6896307300522,19,0.18947370102198086,319,1,22.94899550122084,1,0.9384538123602362,0
834.9785335408338,19,0.30589140604606724,982,1,11.029088357463884,0,0.7664945269766972,0
2323.8143581793424,13,0.060769886175435765,225,3,27.438181589819976,0,0.8226572033043134,0
1356.144489905825,9,0.14164803303361284,964,1,7.102196903098797,0,0.8770989552513445,0
1211.267091995426,11,0.5750665229382246,501,1,9.438321504040774,0,0.7580283386936342,0
678.26675593963,15,0.2546244260512686,521,2,1.9117256326404661,0,0.8312022758556333,0
549.8019114517999,10,0.0711069737755769,270,4,33.37451779423287,0,0.7943037090812874,0
39.29044592596804,22,0.7125854269073688,30,7,28.93996063605638,0,0.3236564173270518,1
982.3928956111657,8,0.3995391402341489,562,4,11.61975594507842,0,0.8892851767297161,0
733.1826082574074,8,0.08180899264915295,441,4,13.982916492812825,0,0.4214433155357715,0
2307.9896521891405,7,0.03899827303370417,337,4,3.6295505465309965,1,0.802526716967492,0
764.1747569770517,20,0.23234812621364517,661,3,23.545506228335306,0,0.844250795364322,0
746.768724941017,14,0.19416738030595315,507,1,3.4514980955539314,0,0.9088153554051601,0
1198.6026231944222,15,0.3919630911745478,680,2,74.49034344934192,0,0.8293686807298708,0
688.6763829571876,12,0.20832869766521211,464,2,7.735449039484145,0,0.7826585807719841,0
351.9101478121347,7,0.37707425959787005,551,1,3.235658491253268,0,0.9179231876615549,0
963.3026921985866,8,0.10467697430225534,834,6,17.94290386948959,1,0.9217245982908296,0
1910.3302744576554,11,0.12695015677993388,198,1,4.609085894606767,0,0.4876874424120225,0
383.90233416553264,16,0.1479517684366229,280,1,28.707315944454376,0,0.8258762849310401,0
849.2198644104368,21,0.20680744908159487,288,3,15.300064017153339,1,0.6844957771849217,0
331.06651278285494,21,0.12697311026969998,853,1,40.5435369615006,0,0.8570999337079469,0
1200.9929742867,22,0.2931385288991416,804,0,6.648581877715431,0,0.6139248966201787,0
719.4784199823838,22,0.07077612679283142,818,0,6.825144602332412,0,0.40355007320046266,0
572.4803972197908,11,0.37441086072748214,88,4,10.280058933906165,0,0.8001525963687632,0
499.4465860324411,12,0.09290794612829881,956,2,12.05169220529131,0,0.5621060922032632,0
1231.8225244925932,19,0.23618716293728953,384,2,9.098996022697017,0,0.7383167405826856,0
899.3699881821206,11,0.3293315494637646,517,3,6.175060740509993,0,0.8858096238663363,0
895.7325387839093,18,0.32267869770081664,405,2,65.07648440412483,0,0.8808434812712609,0
503.2672554214344,16,0.3071247761929164,353,1,26.050291424431162,0,0.8218401566865825,0
750.5568402325584,16,0.06529827356238904,759,4,31.418734019344075,0,0.8476336778165092,0
850.2748690424842,10,0.20927225312934525,636,3,28.823365720786303,0,0.7965039384478233,0
450.96972935543033,13,0.27376296233746167,76,1,15.256251134959559,0,0.7943534982404027,0
1272.6636393432789,7,0.19271877237229762,752,2,14.270791558263168,0,0.7864402445916016,0
490.1701868518762,14,0.031991312524449075,279,2,72.64808163725348,0,0.9085232128506571,0
810.4688491878414,18,0.1773025038442718,297,0,1.917484275766314,0,0.701114257811332,0
500.93011824845297,17,0.17669201024598258,712,2,10.276834091655115,1,0.8269925935757688,0
790.839049760613,15,0.22450842418586928,80,0,4.938928310856768,0,0.6489681155385653,0
809.2721805634342,10,0.04686553435032403,412,4,49.75246516792966,0,0.6385971081150463,0
597.0958398097059,17,0.06357907426643634,98,2,0.4806175995122092,0,0.9756403492685921,0
532.0424998077153,22,0.4308338597561416,649,1,5.191197870814967,0,0.8929253873053261,0
837.7827450716082,7,0.3754299390160724,61,5,31.799995900777567,0,0.6441238710032459,0
284.32583815792594,22,0.8371133328519719,2,8,111.68830893911017,0,0.47390250111290017,1
244.60482041720522,7,0.47885245758722117,535,2,6.628044209772476,0,0.8974665301944851,0
837.9355670840083,17,0.07064981381539416,486,3,0.23848004582445848,0,0.8687598494916322,0
1553.6563269632481,8,0.3241370344622684,656,2,24.311393859844404,0,0.9216121476876302,0
1451.2939875597212,21,0.09945423550270938,847,2,7.77658417516011,0,0.7805835317853018,0
1615.3833134284762,17,0.36971018521845006,582,3,12.099794103309033,0,0.6082370459515763,0
214.53781339201512,11,0.29757282668422447,384,1,17.165902202354147,0,0.867018755018092,0
300.2099765964403,8,0.11822997756774817,556,1,17.272722381968535,0,0.7124521740589265,0
1111.1140152152584,10,0.17716127355397512,727,0,11.666162022104777,0,0.7377218429099947,0
674.517170612135,21,0.25117378990865535,43,2,9.093627883208462,0,0.7147720665755328,0
338.97078576880835,13,0.14788458635181656,465,1,4.626583424812993,0,0.9022155753139842,0
118.66635461718103,2,0.5837958604699893,1,9,438.1200755613975,1,0.35509873030006456,1
983.457695131902,11,0.1409662195331806,358,4,38.006194034102855,0,0.8755412624393303,0
931.8537226861241,8,0.06545360067562059,107,2,14.062762912998695,0,0.9663296353326535,0
1131.1039827345269,8,0.2550655183979024,919,2,27.866051401581856,0,0.8796230838837014,0
536.1214286966001,14,0.4111160346592576,768,5,34.07591014351018,0,0.7858568921735365,0
786.2682893125912,22,0.19624739331792732,343,0,3.685233217015386,0,0.8596002838278536,0
515.3108452809047,18,0.2289638572818004,231,0,6.2680809660182994,0,0.8289348793088731,0
540.5726073948213,8,0.06118441678115586,776,3,16.718460117168313,0,0.956191444891882,0
137.27596241030506,23,0.7113392006366555,43,4,390.7086962335789,1,0.23921403129131455,1
602.637344659092,12,0.4243318374409268,614,5,1.9730041261686773,0,0.849611911070246,0
744.2210281954713,8,0.2613306203507724,493,1,12.811951347002193,1,0.6998918443576181,0
233.10502639478472,20,0.17234013401283685,959,3,5.193007625165644,0,0.9370160808102757,0
1029.8942533623915,15,0.2587966847556194,905,0,3.55949850584657,1,0.880024363575232,0
408.3899618982212,22,0.3036441496850252,802,1,0.9057416137976093,0,0.8265031658838518,0
170.9067964114692,18,0.24922137202206465,767,0,15.777291742800909,0,0.8914212039011394,0
467.55977891023093,20,0.07637056818031092,955,1,5.532007156279657,0,0.684443538628278,0
925.139175852502,14,0.19865598364975173,518,6,1.4005878938918102,0,0.6886542072924936,0
652.1385873759332,13,0.11293187498139093,712,1,61.90371017459121,0,0.8373823724084319,0
173.59830445786153,17,0.055359642481307966,813,1,0.6938337928241779,0,0.529421451029985,0
1168.8769614758894,21,0.11187076279262174,722,1,28.551317528194353,0,0.6369718024816066,0
692.1006645975814,8,0.27894725691126526,479,1,13.769075099229656,0,0.8996496000329066,0
553.3498781775357,15,0.14579092592733484,189,5,27.469563336922004,0,0.7902956418386688,0
489.67384306062525,16,0.27700095680196535,990,5,22.631328202444855,0,0.7181984935132509,0
1101.1360578140193,20,0.21263939772602122,73,3,47.36454466553385,0,0.8252808866281787,0
330.7867980681839,21,0.27574606795340784,678,0,39.84222803234181,0,0.8451124899659422,0
454.64000561080303,20,0.11477854015792067,213,3,0.2267423559221776,0,0.5848517465660642,0
1196.35194161715,18,0.07861599342482233,224,2,16.734233773066833,0,0.7804717458799687,0
734.8374036543134,21,0.2404003547350155,577,2,24.321112669111457,0,0.9389096073726889,0
260.6848432791132,11,0.17027293657794662,859,4,17.21327293302501,0,0.9161645534148821,0
344.75581795363416,17,0.21739979043983002,558,0,38.4238428621842,0,0.8133312627795644,0
570.9409967039965,12,0.1307472139886122,931,3,1.96058366354546,1,0.9162781139776789,0
1964.3352765394584,11,0.22647712511254936,278,2,1.3492762621501324,0,0.8705080020814253,0
356.1514965838841,20,0.06640218911498155,827,0,0.07436552001283207,0,0.8403877014768699,0
609.7347699145066,14,0.4015204479265046,50,2,15.416916691144557,0,0.8423566379899203,0
1143.5232783370345,9,0.12462831274176568,993,0,7.707997030320488,0,0.9341995785056867,0
1324.4252336645256,14,0.05789826521255685,862,3,25.884233670945108,0,0.7913379095585527,0
610.4804171433693,15,0.2830415205361236,935,1,27.756480036228265,0,0.6000398348736107,0
720.5348604175229,14,0.1092516499594162,294,0,32.807532006110414,0,0.8281611808312634,0
732.6010167208073,17,0.28214621533090734,712,0,8.29307203843724,0,0.7795891075278986,0
481.1695297886548,22,0.31490726169627337,344,3,3.4775656766522487,0,0.9277674385882181,0
482.6433294666888,9,0.10425680171520313,377,2,2.9934082985841153,0,0.8231534059181578,0
659.3345216019288,7,0.08212300939718442,136,2,43.15908052014366,0,0.6948615569722156,0
469.0337065165775,14,0.06799424110479119,886,1,31.863154643371296,0,0.9432236862763258,0
831.1304623089788,8,0.5482940243155094,700,3,13.503022824955458,0,0.8805874348479792,0
645.142062200211,20,0.4029875291791261,708,3,1.984212519644892,0,0.7661255669849267,0
563.0184147317027,11,0.19427896586459076,75,1,8.284417080979795,0,0.9080104659754148,0
1623.5154973727933,7,0.13453081838326594,241,2,36.76546565537546,0,0.5303741158325324,0
668.3148369712263,16,0.14426335904547552,205,4,15.402251309894167,0,0.5289643971812358,0
497.6837257037153,7,0.23887254762070714,103,0,4.371562389150564,0,0.802882496596984,0
827.8390765312789,9,0.27834846312777217,739,3,0.9286894615424133,0,0.9835418865222908,0
874.5737279060571,9,0.09411377323906718,390,0,31.020652748738364,0,0.9239413558146243,0
1111.6825194277267,9,0.11322452350009352,86,3,0.3105829529920357,0,0.9002250884529668,0
628.063517592243,8,0.16657004397179168,418,5,16.030894722116837,0,0.8422637799592293,0
375.53332846173726,12,0.14281498061759512,349,2,1.6910182193140104,0,0.76553315414918,0
1050.7657124790085,22,0.383655075652588,983,3,4.268961519547772,0,0.8836610432574425,0
535.0468591407172,8,0.4165878683345237,147,1,16.385603828161212,0,0.4057598022117947,0
1041.3533678691374,8,0.21963802488086814,965,4,0.08657180631464159,0,0.7249073839295659,0
949.9250033383589,20,0.18422037750488676,199,3,1.9797046576489246,0,0.9482308532619119,0
577.7850922285826,21,0.04919386120925636,717,4,21.476943023422745,0,0.8840496588553387,0
737.1103855822917,14,0.19407006237080407,218,2,2.938911123047002,0,0.9826668523189033,0
647.2000912564691,19,0.29099072962762096,228,1,15.204888122105665,0,0.8228908659670553,0
297.1508984681183,22,0.19811982095298986,393,2,1.9326364021641786,0,0.727676703029901,0
384.12428149115055,8,0.13653686495320302,514,2,6.815798063945768,0,0.9561242886995837,0
317.1515975540628,19,0.059407729097216984,527,3,42.59291865176366,0,0.9372415230095009,0
681.6392046695324,17,0.18219196012095284,532,1,1.3111439312146733,0,0.7656915486992735,0
963.1408595678616,13,0.022464741132991035,416,4,2.0153351841477805,0,0.522177297519641,0
372.4675199905458,21,0.31668169449942907,767,4,5.892959654341735,0,0.8363805791798268,0
373.5897485831425,11,0.2558865699771914,522,3,5.33044831492039,0,0.7646362538443549,0
653.1204584944926,8,0.29885159792693283,930,2,1.5257922049941373,0,0.9064921961182191,0
489.1320764900053,15,0.636179689843032,935,2,17.795512979040097,0,0.7208363636566916,0
483.9082293086006,16,0.04103800209904663,88,4,22.74041885187279,1,0.7370668249211537,0
242.32961294940193,11,0.31491423595972506,228,3,18.03022269844427,0,0.9303375284065281,0
672.3306767957919,17,0.12269665943285339,118,1,3.7310674665763863,0,0.8808012946191607,0
296.7297883874905,8,0.16685285457835067,758,3,3.669884499886468,0,0.6774488295535017,0
1623.6874581663033,17,0.21367393489813497,520,4,5.410879611051826,0,0.8580579355801934,0
149.2800051419889,17,0.08432890737795903,278,1,46.83226630108926,0,0.6612101092930204,0
1241.7242417977757,7,0.26457526753658395,371,3,4.916060058921572,0,0.8159451047810321,0
1232.3617893315763,9,0.4574476275780965,862,1,5.6452475927923595,0,0.8268087241730003,0
589.1900686717706,14,0.1707718094512033,521,2,21.144703228525177,0,0.7614994485476829,0
499.6392177575256,14,0.4435151621243064,570,3,7.13885263205844,0,0.859133675847853,0
460.69202732724995,19,0.16271298422002262,40,2,6.627380841856083,0,0.8113326434589424,0
1446.2476084011444,15,0.2806664496576205,507,3,29.34155468299049,0,0.8740766027634514,0
511.62868593776693,14,0.011496371175293387,555,0,9.601032107176797,0,0.9682201288416169,0
689.1704194677534,7,0.2619642651838523,64,0,11.31064036915293,0,0.6341591233494893,0
524.6509626115063,7,0.24863788247039031,705,4,14.22083296940717,0,0.6004735610021152,0
1430.8918970027078,17,0.06102056126741767,500,0,11.10574086670968,0,0.4839149558048053,0
822.5284780963226,22,0.08719823004460252,983,1,5.114806907882983,0,0.8174245290513005,0
464.18893004805636,8,0.05703636067407895,219,1,29.21142537729601,0,0.7334714858113982,0
919.0997844595755,22,0.47718566381422606,408,1,2.7216029726050617,0,0.8818043968586416,0
448.0931509025192,8,0.19718112814467467,508,4,3.771726745363482,0,0.7317116993396824,0
1983.3096920666512,12,0.22239732203195242,282,4,17.898275414699278,0,0.9379266636454753,0
643.1875778664306,17,0.03964970399921691,265,2,9.640113551114702,1,0.996267082150805,0
1382.007057012341,11,0.364144116542446,362,0,6.2992674905420865,0,0.7090117988201777,0
789.1147117071237,19,0.3112063507919141,396,3,13.85948683682414,0,0.6128045178721584,0
832.786651453318,20,0.07422702823548953,39,3,5.219318842177638,0,0.7188006707002763,0
955.3674359803184,18,0.1044784614600049,637,1,21.813028980792023,0,0.8003294457052752,0
458.3851748529786,15,0.48324679572168117,418,4,1.6343459041320074,0,0.821185812489001,0
328.6962632525788,12,0.313948127078261,954,3,24.975277362855937,0,0.7824684300321113,0
368.05295302418364,13,0.07208743583058208,351,2,2.4976557736250915,0,0.8926170074333108,0
545.8071198400711,21,0.17968301710428472,704,4,8.467884957048842,0,0.8736467627856361,0
1401.8584193824058,16,0.13425663578159044,53,2,6.929844488143575,0,0.7819913696611764,0
58.24401729028274,1,0.5539442904076316,141,12,432.7176143683457,1,0.597525572522648,1
615.0787694767345,7,0.09950269501904187,952,0,1.965281307195845,1,0.8303234935130143,0
287.27083640398683,19,0.1949665580344402,858,2,34.41151378226036,0,0.4938502354588686,0
715.6549999483329,22,0.3641932082496384,939,2,12.458633844202987,0,0.6921581712867628,0
742.8784084939695,8,0.06437312208408755,497,1,2.707090638827915,0,0.7544392290505403,0
597.59878545711,11,0.15943792577775057,467,0,18.671022567162716,0,0.7004806200931547,0
496.18358680473324,18,0.06566944598433028,184,2,11.705648518204287,0,0.6976004619264708,0
1500.8615416359673,8,0.11599625211945677,65,0,9.648062727849553,0,0.8042360025445894,0
274.64125207919346,5,0.7045743898920894,133,11,13.989225482767026,1,0.09709271927110677,1
865.229103149918,8,0.13645390371343996,143,2,6.53692799073687,0,0.6128296458063831,0
1267.6477061361197,8,0.19036304152930558,302,0,4.945320880685211,0,0.8439997901756502,0
1571.4003546113997,10,0.2589652900017454,793,1,8.296994859806599,0,0.6517211077525308,0
323.19193336768456,9,0.2712436393019928,630,6,12.986681899055093,0,0.7098175838209375,0
401.1456801345722,9,0.15592991866418904,792,6,12.274025027192609,0,0.7388936261505905,0
579.3077825161632,20,0.0933541557271825,783,1,14.296803400801583,0,0.7774273051764226,0
1051.0166051950978,15,0.09358463425360701,555,2,9.262322663691268,1,0.6159224413176555,0
991.9664369607876,17,0.48655965201935175,490,2,47.284145313336126,0,0.9863742919121603,0
953.76939008315,11,0.2513938403732269,823,3,1.433588553482651,1,0.6584654483753651,0
376.3947113237973,20,0.15469438722112283,54,1,10.319732711066601,0,0.7087923511193279,0
583.7214799963093,13,0.2503853170625678,441,0,2.8461092521484503,0,0.7963962326036175,0
935.8069227704407,9,0.11740299025216783,111,2,6.345901210811244,0,0.8716557699660207,0
494.4674498767372,7,0.16908096620170462,795,4,48.72653420862875,0,0.9134808415838688,0
248.17044287489406,8,0.42166978416330886,86,3,28.396034903287415,0,0.8924852070159867,0
922.7021981455556,17,0.02743082983319124,731,2,13.257358708551111,0,0.7232262553774746,0
1319.5837101906357,10,0.04233693631827728,905,5,7.142068828095789,0,0.6586496114992756,0
161.9736876959839,2,0.3802863228199149,131,11,10.533574077256752,1,0.18321840889418434,1
294.6022844458129,14,0.3501016198357697,481,5,19.701610176470343,0,0.8973378097956737,0
1156.9144919197995,19,0.1711148743383422,451,2,29.211856323481324,0,0.781685227666366,0
738.1168919655906,22,0.16845259544938665,788,3,57.55911448890356,0,0.5175264635934118,0
1434.053367107963,20,0.2571185427970011,249,5,0.5386165849212529,0,0.8451874451083443,0
518.5349089083666,9,0.178549273465279,334,2,18.99351045598251,0,0.8488920491061004,0
412.66054867002475,20,0.056678110445445386,657,1,25.75414657116331,0,0.8956226073908508,0
641.7146516676643,11,0.09392901029641709,242,1,4.467472825359568,0,0.5726374981623086,0
546.9155096598167,7,0.09762165399198217,181,2,0.14940497803545308,0,0.8899658907735716,0
263.0750633336381,13,0.1265545243748408,668,1,17.848730077697265,0,0.5039265929385492,0
314.4762673130685,11,0.3576792883642333,774,3,57.454305838235285,0,0.7829777105781146,0
708.6058391375823,15,0.406795783336485,797,1,4.449421618519384,0,0.8967585049597485,0
252.8208130745002,18,0.19275277906191152,438,2,5.030249137713202,0,0.7867356435305203,0
516.6854695035606,9,0.14752412271911103,758,3,7.7368424912473746,0,0.6411043050491737,0
851.7923574795901,19,0.17932302584319873,587,1,9.117085295652151,0,0.6331410917231007,0
455.35830629055783,11,0.2163759522763599,601,3,24.665534158023103,0,0.6768375235418306,0
621.8232063739417,21,0.2838457054782681,372,1,20.068448264650456,0,0.7120387199204414,0
528.527542661652,20,0.1852568948582551,148,2,4.151091028995188,0,0.7591168076530311,0
531.7804508053456,20,0.005725082413933738,133,2,21.236052699255225,0,0.8959905913304692,0
737.8588512087638,10,0.1435264121189582,491,2,13.390828187471223,0,0.9004415146584168,0
463.1191298518876,7,0.09180216670481384,697,2,76.45730300588565,0,0.7788293395322405,0
1100.0686576760309,9,0.17465193010184163,522,5,44.84563655943707,0,0.8794396783303544,0
709.0532496220226,20,0.15464602071302333,523,0,39.09708479814655,0,0.7151649096439308,0
1547.0822160064397,15,0.16275210329862153,186,4,3.43027274433684,0,0.933144432206157,0
917.5538845434559,10,0.32140128768380316,960,2,41.254147906311715,0,0.7943534614113702,0
1010.0378373650269,16,0.14665501328050112,785,0,1.689208952051074,0,0.6258338011449673,0
373.5357649014818,7,0.21642053792855465,662,2,7.247415935031993,0,0.6737777389780569,0
804.147824198834,14,0.17695269114343418,70,0,8.402512465386192,0,0.7609221855449086,0
860.7665882217757,16,0.150947148169259,971,4,14.390475116705352,0,0.8581368753121756,0
212.24481729719753,18,0.07952971012417917,445,1,0.6040667504495428,0,0.7728045528776746,0
298.9893542886532,7,0.16390684270377057,49,2,3.936084366780308,0,0.6212314079088974,0
721.3601303663075,14,0.19447426272612195,782,5,28.053057452736276,0,0.748426525863252,0
302.69115526926623,11,0.17788643190740563,734,2,4.190684844654456,0,0.8390994189210553,0
709.0143602520611,10,0.09264355391268543,469,4,6.018383682297229,0,0.7022478835211575,0
356.184992628614,12,0.1784081015013767,946,1,19.639785462073686,0,0.7275580415261215,0
1106.5290918103856,21,0.16862234023030445,347,2,6.4542342861504105,0,0.8850502853387112,0
748.9654277485171,7,0.13509864138589042,460,2,6.026170461729493,0,0.8317963009267281,0
747.1778997555572,17,0.03713597297983551,234,3,2.813351033611395,0,0.5221073492377399,0
619.1807814364224,8,0.13850715983732378,970,5,11.036780723132035,0,0.8202380210452542,0
597.0116392439987,20,0.17106784444320222,62,2,30.672324020458795,1,0.9300099462094863,0
676.85295174181,13,0.214986599779633,843,2,4.3677279961042625,0,0.6121248797061215,0
445.38486319708704,15,0.3446557238318108,619,3,32.82949323213244,1,0.8097682720186026,0
533.4314009458034,9,0.22032236853104747,860,2,6.92165402137437,0,0.7802447296115574,0
77.21662173407128,0,0.5430741032295233,149,5,6.431695803108151,0,0.22055203564559153,1
1113.7424921493287,14,0.20276184472022324,268,4,5.113432186665481,0,0.9406319517530151,0
218.28656621999514,15,0.2551133494953548,747,2,13.222758939489843,0,0.8154184063391118,0
887.9647948482262,22,0.35493043812630193,509,2,14.719679920386392,0,0.8525725330073685,0
882.6350861884754,17,0.44354333438644716,109,0,7.284649638133687,0,0.864085778156304,0
935.6776700466446,22,0.136751360969911,157,1,9.203982538656044,0,0.7508430524717865,0
810.8385803558166,9,0.11591132413413265,325,3,0.1284830701195122,0,0.5972353118394111,0
811.8912659674747,14,0.2543985904179221,534,4,10.098640103306616,0,0.8984486088092662,0
845.2321810344226,19,0.43538437766267274,255,2,2.7682606555788305,0,0.6353197644399792,0
741.086695486675,12,0.09656321814067674,691,3,27.007143314448253,0,0.8928079912835843,0
1121.1227259368518,22,0.3363575316290257,630,0,16.27551661891635,0,0.8270041318907531,0
589.9213952395996,17,0.14779422176330204,223,2,39.87741912599241,0,0.6980467031177978,0
588.8186411495333,8,0.17985282947219114,693,3,0.5468109228536424,0,0.8060658316734023,0
1033.8865422457086,22,0.25107878002279876,111,0,11.039398661197607,0,0.5136596821080078,0
420.30707310481097,19,0.1780866555081637,254,1,30.050732864753492,0,0.8379714138076831,0
496.4905243503709,18,0.17519889144094766,662,3,3.4412092714698717,0,0.9272139541795479,0
1029.0338016586568,15,0.20329612886657186,487,3,10.94012939577107,0,0.8541338064693905,0
757.7835188291612,12,0.204316815295332,830,1,46.25299893159284,0,0.9344149338905798,0
295.72573670619386,10,0.27173887338258707,829,1,29.177081816911933,0,0.7594766689248649,0
370.45377845634124,10,0.19724719823688552,512,2,11.667174818112947,0,0.7383605160097805,0
324.9683651618758,16,0.1079149524067852,501,4,7.179700790081133,0,0.5059652024375851,0
347.17484225958145,14,0.0990447688741784,775,0,1.722317136083562,0,0.8239874643235339,0
660.0426036001583,19,0.2302774567194584,339,5,38.8343830963865,0,0.8825829078052544,0
1156.6387973810195,17,0.20952811112410255,261,1,42.20316752423532,0,0.748271130841923,0
875.5813901956642,12,0.10253526469767192,308,1,41.10162643387125,0,0.8178396607259949,0
394.65795619957237,14,0.3046342863437615,784,0,46.0160990663922,0,0.8267032250037586,0
788.970096590454,11,0.2124306921698538,886,2,22.90326796560498,0,0.8857500133965164,0
835.7117213121732,11,0.12174397145938,829,2,4.331609342455893,0,0.578387966746795,0
689.0697286998209,12,0.19149996466674374,966,0,22.1249018499773,0,0.93387530624165,0
325.74643894539696,9,0.07664980798303608,499,2,1.5619928450438556,0,0.8084569384919156,0
395.98883014322695,10,0.27647444595393916,247,2,20.55251011487293,0,0.7850428505319421,0
1051.8540924209428,19,0.26938364956940475,785,2,7.690357160142885,0,0.8445263049441818,0
619.8358722876545,7,0.17580423078739735,925,2,4.232057108826037,0,0.8432231575260721,0
232.25000364099267,1,0.6242291280278339,28,8,102.85193461215069,0,0.21597132567408978,1
1289.216772653893,19,0.16276195058639015,166,1,31.518035310605878,0,0.8867573580708741,0
1177.2103791949144,21,0.40406685553123806,268,2,14.28004275511751,0,0.5084136406706837,0
867.8345129027958,10,0.059942503402317195,462,4,26.52650583743914,0,0.8880562613148002,0
735.4312482073233,14,0.19323697877069548,409,2,28.998925703288474,0,0.7051774776864276,0
782.3822924150486,18,0.09658643158792352,933,0,9.74542876112611,0,0.8229372183087048,0
551.4168081610848,8,0.07454932815115042,284,2,5.664879925074319,0,0.8419614612581533,0
254.0096591913842,12,0.19473573521152865,502,3,0.1657868383893206,0,0.6958246589182888,0
749.753967945398,9,0.10993331487277151,646,4,9.40989650939437,0,0.6669294727885323,0
719.0825346973486,7,0.5241522335960377,233,3,2.9507667992473174,0,0.7695127069880686,0
586.6407706616079,8,0.028950999154129624,89,2,1.9851271596190485,0,0.7609404161834253,0
643.8296018065116,10,0.4174819446718024,613,3,10.241074770249778,1,0.442961262500625,0
316.9513422768757,19,0.17098075979218952,773,0,6.302157879064954,0,0.8407659003608724,0
677.5365995681179,21,0.10238260885588533,881,3,1.9542241621199754,0,0.756901630200632,0
871.9004640479525,13,0.07770078244909746,118,0,7.478493194770745,0,0.920518520245628,0
351.20351913100205,8,0.026515521763202918,626,2,10.727150385810546,0,0.5709625247897473,0
906.3459661846879,19,0.19981974323622814,219,1,9.615120636190282,0,0.8896181834180568,0
2364.50046966557,14,0.09229348817726604,157,0,3.015818517441192,0,0.6999370890886285,0
586.0392374802441,15,0.10773301788038256,173,3,28.476030792329464,0,0.775708430007218,0
741.4894736912547,13,0.37297500113291987,724,2,4.620795422631859,0,0.9064676638851037,0
505.28913901079676,16,0.13245726698313165,426,3,20.392598281784064,0,0.7971562271448909,0
3464.62183126683,15,0.2448789614813268,736,5,3.2018767016710292,0,0.9292885210282583,0
603.1222625536834,11,0.13328220569266594,159,1,4.359541223128747,0,0.9496758701798974,0
372.4082094988851,19,0.11698299881525194,577,2,4.332736738514718,0,0.8288431762285248,0
432.0822016184373,17,0.2605155613817017,582,3,4.022770490978256,0,0.583891059933086,0
1852.8197412579093,7,0.23597257514698158,251,3,35.27304988542293,0,0.8022856046694488,0
204.3379973503184,16,0.19561426412653557,442,0,23.686787149027595,0,0.8278406160793114,0
758.1615110275834,22,0.08280405266351776,31,4,5.6722279395871915,0,0.7403629776621986,0
730.7778760201205,7,0.1926959417228139,561,4,12.635690143329112,0,0.8515983228472308,0
642.3970292587342,22,0.15265160873975636,856,2,1.5006501455509795,0,0.7221572156234771,0
456.103455402059,13,0.2592616431515834,684,1,9.071225208009189,0,0.5605009561880641,0
1032.3405279892427,19,0.16544380417710888,464,1,16.20679741828319,0,0.6842075948282188,0
1290.858751704331,18,0.2325198392073834,595,2,1.8794035823193505,0,0.9109649861421983,0
296.13057772401004,23,0.770381870770538,152,10,139.1220560012513,0,0.2717929833208974,1
719.4211391521861,12,0.21041928151346936,755,1,55.16291617946232,0,0.8522248315986881,0
530.7146371804151,10,0.145466281781046,159,2,7.617152167371905,0,0.8553881968732227,0
677.0824945073664,21,0.07916217658053923,809,0,35.45975214973926,0,0.7985223690809857,0
1064.9500224956114,22,0.24155788758442515,97,2,4.9835179488673855,0,0.6360449857210139,0
1812.7555238025834,21,0.45421069126670255,962,2,15.371240914332718,0,0.8977988890198333,0
919.6716255856163,7,0.05705110759251084,939,0,9.171732494956284,1,0.9237208353231486,0
138.1755514169983,2,0.6192250159474161,119,9,290.28758754076205,0,0.3100115774058071,1
673.7855814911954,19,0.11330907832909475,696,0,0.7883225626069821,0,0.7115119871090937,0
1115.924268141274,21,0.2244358646363967,539,1,9.423950522132163,0,0.9711843307336615,0
822.1643270765367,9,0.09091540324576067,922,1,2.1843499867707252,0,0.9433332231658955,0
886.9171926039094,21,0.296903720006242,62,2,0.6024736809722229,0,0.7532779095180527,0
463.85769641991556,18,0.10384694917465698,557,1,18.17109327920471,0,0.7485643076376005,0
402.49371091077217,12,0.11533555936317699,544,1,3.0809005628552595,0,0.8751630824764511,0
1276.9977624256878,21,0.20011964500042506,743,1,26.967081033482227,0,0.7582093554551439,0
961.1344116876033,18,0.1272692939109058,310,1,24.109483429583076,0,0.8036024606675719,0
771.6214643534198,10,0.14607000212976204,848,3,5.519951831529574,0,0.8763312821575955,0
2396.8125082697397,7,0.3426659312886227,603,2,6.396699272669917,0,0.8102836190522203,0
266.9665647353892,17,0.12334686924748786,395,1,40.61639620271115,0,0.6318123733691765,0
693.7305539737855,16,0.10247660521801127,530,3,1.7914885989697142,1,0.7662992564742294,0
473.96862321957536,17,0.1280920865681787,68,7,22.43899770034942,1,0.8376513235281792,0
637.8853191833247,18,0.20259307255024037,92,0,8.170795546858747,0,0.7401754304966971,0
396.56033749581155,12,0.2442012649673462,553,3,36.24047202178912,0,0.8928302694787629,0
1169.9754672698152,11,0.1560873446414953,361,4,15.141373683066275,0,0.7228775282550622,0
452.94271598808416,9,0.3359153828824518,926,2,1.242162370399126,0,0.9854037266660349,0
652.0635768391589,22,0.13141259624977533,389,4,1.4281419031455547,0,0.7880243401665473,0
1190.8931853198108,20,0.14107282656662037,506,2,9.319468564026252,0,0.37892198395329074,0
850.3785295629884,9,0.036327306931375376,343,3,33.04478361501104,0,0.6696117317790654,0
4340.81537396235,16,0.12343431384624474,992,1,15.399193922709296,0,0.8172503322730176,0
889.0545158822958,8,0.26020392306536316,344,0,1.3492622337677014,0,0.6212693663129254,0
462.3764848782806,11,0.19706565444467167,502,0,1.9999399913361544,0,0.9291973520687178,0
1078.649516236682,20,0.4294189150074458,890,4,3.8928704446728615,0,0.695062472534436,0
619.7417898911806,11,0.05629285304158201,382,0,6.274830805694702,0,0.9405088717359298,0
427.01016742671857,12,0.3408829502386143,889,1,6.5677406346815825,0,0.883338660535732,0
692.991137202588,15,0.1439411249434476,657,1,10.78324149080824,0,0.989248974754585,0
1121.036147639318,14,0.1375688610206553,841,2,2.2473476816082067,0,0.788156952772017,0
580.3033851294681,17,0.33596595152894404,867,1,5.533238355739803,0,0.9647551120684732,0
666.7435248355603,9,0.08335169736744201,275,3,11.70260132542827,0,0.8166402502872765,0
613.847176842042,17,0.29466362076027536,366,1,13.607473157770002,0,0.816332832425203,0
825.7955996124293,16,0.20708469381352446,806,1,18.712856808272566,0,0.8975336834468503,0
958.2584182296409,11,0.10722771484453503,534,3,16.214534929860427,0,0.840116473960965,0
563.8892902579112,8,0.12136446733735769,284,0,3.0533274749780825,0,0.6796649498273158,0
299.35030149688987,13,0.6130178804850126,813,1,22.222636289649373,0,0.8577406917042949,0
662.8168948773825,7,0.2557197371626597,950,1,2.4270845179706417,0,0.7836355703629758,0
471.49687444814583,17,0.27773795873171625,984,0,121.72000900582142,0,0.5996724578266437,0
841.6245653294798,12,0.10031072515949806,655,2,17.230749764710186,0,0.49752376757223377,0
2326.957006252249,13,0.11762286338786987,247,1,10.650694333615029,0,0.9076140509814884,0
595.6832542168755,14,0.3748507746237748,760,1,39.92048940664691,0,0.609414579805413,0
943.295589907165,21,0.11588930818291086,860,1,16.509695484697723,1,0.8581002808439939,0
692.4851417871632,7,0.1560787865977064,41,3,7.023034624349254,0,0.6705687909130954,0
524.7752851029662,14,0.14371800528327747,549,2,15.057409086643947,0,0.7814660632302003,0
784.6349188635371,22,0.14030402634976544,204,1,36.73670352187648,0,0.662811896308207,0
85.53574734794503,2,0.8208827677082655,109,5,60.210197142443185,0,0.3821355429810147,1
281.4961842228038,5,0.35692049601969716,171,9,74.8329670782204,0,0.05768232272229548,1
840.0697067376616,8,0.19127716321238777,895,3,1.0023403834534437,0,0.88573323488401,0
1260.9207415766482,8,0.09014818316066572,972,5,4.811358645159138,0,0.5820325238152846,0
707.1406013249655,22,0.47711402277742837,752,1,15.326602893023502,0,0.7431764012181002,0
1066.9121445710382,13,0.045269166822942936,718,0,14.348954875750348,0,0.9128623598017727,0
610.7369369532332,19,0.20099292013211645,751,5,5.13427248951378,0,0.8571267588073411,0
807.287450390499,11,0.5790841316901558,241,3,5.217792069947079,0,0.7050254825332364,0
540.0622328381014,18,0.06239941257320037,618,2,3.4149027572865083,0,0.9397505269207959,0
2144.490706632465,14,0.13614507978655815,909,4,15.666932818439246,0,0.7834083088064808,0
375.0751437988582,8,0.348514365222563,689,3,6.56555138754308,0,0.9355954396945686,0
544.8746582513945,20,0.1522922122932102,295,1,24.824018058823818,0,0.9206470138916132,0
1456.2850005540406,17,0.06372348576433189,778,4,5.196124499133477,0,0.8225811869797457,0
984.8449292113297,14,0.26940351883815217,923,2,3.80600995959153,0,0.6924893059872073,0
246.59851332281934,18,0.07787770253824138,110,3,8.603504934578476,0,0.9077785350441779,0
735.6166714982236,21,0.09135096805192866,985,2,9.930032581100711,0,0.8777312463148657,0
950.4428131949479,10,0.12811479838270406,186,0,5.059293660949938,0,0.7741701715331172,0
82.52428180944565,4,0.5123294118806482,185,6,186.73447553673662,0,0.21543858089429332,1
985.6399603166874,10,0.3329277763947764,272,2,41.101125211776164,0,0.5765285501631647,0
352.613921754861,18,0.12210325871799439,206,3,40.48216293004954,0,0.8800627519280644,0
572.2763898686176,9,0.23239733265202409,493,8,9.574495329403304,0,0.7447959181591257,0
1939.5003128130797,12,0.43156617974922823,880,3,12.41613971535925,0,0.8826570301269361,0
622.7083643996741,10,0.30848616786319416,802,1,15.78583464786752,0,0.9397446275704333,0
638.8469248833067,8,0.13966293433026883,488,1,2.2100234345066374,0,0.954299716829168,0
1721.351969199469,8,0.28893168056188834,975,0,0.7547735601462071,0,0.9493799778272338,0
1437.0748645236167,7,0.3361660839021582,170,3,12.0262819024439,0,0.6632642563786829,0
439.94666349682103,10,0.31660922155718246,182,1,31.201608765682657,0,0.8226439508606614,0
1202.1466369206903,9,0.26792475368787844,141,1,7.9297191308316375,0,0.8295454339452375,0
2206.07155051856,8,0.13334176103482623,392,4,11.056341156771872,0,0.9713918623000966,0
276.5861194930999,15,0.10533172889632626,796,1,22.678606482846142,1,0.9346521280334484,0
425.24887961393364,10,0.24144723186277747,196,3,1.927923738659107,0,0.8810674235789294,0
646.6209376788512,18,0.06770392878186536,319,7,0.8065830078107217,0,0.9092051972340061,0
995.6866481578403,7,0.3432174011416013,307,2,8.280992387171855,0,0.8402793292751563,0
592.6455145089486,19,0.14787688507162805,131,1,11.84352478446356,0,0.5745466649879107,0
1188.7481261579378,11,0.12352534803055644,806,2,14.737680504617556,0,0.7543788293566993,0
263.96331052016853,4,0.6019955982677573,4,7,201.10405390699387,0,0.47299180796679474,1
1230.6950010805313,8,0.050817638949301046,627,0,1.4767153016978245,0,0.8142739885068002,0
656.0357221312323,18,0.22125941063461838,272,2,19.407866193315854,1,0.7038891782756773,0
884.3329570222985,9,0.10444099499566827,117,4,27.7318190190456,0,0.9558728933100444,0
348.2221108737449,19,0.22138880390372867,663,1,10.46696704283501,0,0.9272471609901825,0
1414.33521081743,19,0.1515858717861785,842,3,14.277944257779657,0,0.9431791732300954,0
410.2402420766331,22,0.07437037492920967,822,3,15.045804521632698,1,0.8026706571959417,0
875.4202423812497,21,0.10189461259055402,763,1,10.954340475332037,0,0.8176052768655616,0
939.7334805143328,12,0.03947809102326683,54,1,1.7734359442302674,0,0.9274017281974867,0
438.82626749187176,15,0.13342859710512464,286,2,9.728990066463222,0,0.8104945219383674,0
414.7708177309823,9,0.13942676813032798,710,4,2.2331989334549593,0,0.8446225617299664,0
908.6454713198465,17,0.23418500691559907,419,2,5.1572047378837755,0,0.5878963018586345,0
345.83025059035293,18,0.5764903228526539,345,2,36.90762932371143,1,0.9044497014742352,0
1798.9997915273905,11,0.23026952202867554,612,3,19.28999244646677,0,0.583866637849126,0
636.4260053520804,18,0.14820197180010816,777,1,1.4434076021006403,0,0.6171598189050819,0
443.03221040918686,20,0.12286448115371923,676,5,14.528775663193144,0,0.8548485981868751,0
1859.5359543135135,7,0.03807147910931174,425,3,57.99268110268278,0,0.6344232181961642,0
718.3251498915364,17,0.3042719075656823,726,2,7.2086240154792405,0,0.7201475986244434,0
943.7883729985455,8,0.33779448012591134,615,2,21.91760009706273,0,0.9059301973371822,0
1491.3678509855242,14,0.12927945233554006,997,3,0.3583032366464036,0,0.818505452922185,0
1217.0495250383683,7,0.16884023498542297,502,2,1.2572985293229766,0,0.9405724971304338,0
1110.307939499095,11,0.15443422103693794,253,0,53.489840750511114,0,0.7926190564604516,0
670.3446392193323,12,0.07862110111637281,673,2,11.01934964124606,0,0.9054454798108368,0
965.7579660853308,12,0.10338160991815176,612,3,25.247413351147316,0,0.8349702394895664,0
395.66816520237217,11,0.18813552659715913,873,1,32.08165468437863,0,0.9029341380235583,0
1047.327485017205,7,0.04622859571785761,533,4,24.31729763527092,0,0.6127129738365517,0
664.6362008609635,19,0.09979407652925172,387,1,2.4789604371453846,0,0.7138376553545115,0
383.6098527836117,21,0.5667130985198404,83,3,59.56348314163718,0,0.8812831243855952,0
600.6099531895272,8,0.1555309253768626,573,3,0.3878310518352194,0,0.7033457670300819,0
402.6341626886368,8,0.48213920283379674,381,1,14.287185601142088,0,0.8656789332341532,0
797.4469384983286,12,0.36565973601708857,793,3,6.048944723554841,0,0.9292373495013385,0
755.1139649925968,16,0.10136452950807688,468,3,19.623708874420515,0,0.8212128431408067,0
887.8173230959337,9,0.4876897736092651,509,3,3.1095313230843056,0,0.7723366118837975,0
620.3856644011695,12,0.41249074794712887,893,0,9.496573224138844,0,0.8820796140367091,0
1036.5087765443584,7,0.19708588304869543,737,3,11.44035898250879,0,0.8105379935194692,0
687.7226289758589,22,0.030806703038298938,652,2,2.415264207310871,0,0.918229737410511,0
835.4807345928438,13,0.3217768384104199,976,2,26.307627328611243,0,0.9471775123473204,0
345.5776378177621,10,0.1290522124822261,645,1,35.21335846002247,0,0.955563810531676,0
376.28719368623655,13,0.20441185254308178,99,4,38.57975111163815,0,0.8460551275621255,0
611.4753475959302,7,0.3614589483935312,502,3,2.4483582304131035,0,0.9201967524503442,0
1106.2633202908592,17,0.19491326135930392,956,1,33.881717736868595,0,0.6123805326174786,0
628.0884115664719,9,0.10506240442714418,540,2,2.448839565704147,0,0.8442067433082514,0
709.8508245762359,22,0.15286026307950615,320,2,28.388208764552694,0,0.8241687058077428,0
1064.0395888935711,19,0.29993634746652037,735,2,38.30182960987648,0,0.9017827512122552,0
409.7143081330434,7,0.12992773954956666,763,0,2.2129547499396334,0,0.8576900083733009,0
497.0231214352214,12,0.163869619622492,510,3,32.68346540477062,0,0.568142584300689,0
969.0893061817887,15,0.3294911091466427,357,0,38.304042673058774,0,0.9471472284268465,0
557.2655711377928,11,0.17797370721801659,62,0,28.770960783145373,0,0.8384707060992139,0
371.6381963577598,10,0.576730471338907,657,4,3.8657198624276248,0,0.951510829393626,0
608.1981648775444,11,0.20479019929637066,600,2,9.825504772953657,0,0.9083084770381904,0
369.13903353866743,22,0.21594338122087992,644,0,2.8513888117787918,0,0.7877078601096505,0
914.2827089040929,13,0.12347770112905813,581,1,118.30108069363196,0,0.8463093066453024,0
641.3640619935461,11,0.22453149747037968,620,2,5.091164338387671,0,0.9160795456148154,0
1532.0329294108199,7,0.3661119989151456,602,3,5.067930376269834,0,0.8277337304205444,0
1427.2189317944099,21,0.5363136740384508,969,1,0.15185974697348736,0,0.9218814414798164,0
633.8822028581254,7,0.2023671409896799,433,2,14.934674207590085,0,0.9051668197996483,0
2907.8072661806054,15,0.12030752068990344,619,4,21.436852193599563,0,0.7744001087822113,0
832.4243491997249,14,0.2048699251678644,538,3,20.29736267242097,0,0.9622394332071269,0
830.699614219262,8,0.0377363455832537,745,2,2.420952690557304,0,0.38974726479993166,0
369.5300442138133,15,0.16173436295813706,799,4,2.6508186408271657,0,0.919849407553349,0
453.48815498702766,8,0.3107981556186213,393,1,0.6234981849606854,0,0.5375767777188108,0
264.9359822735171,7,0.36000898439439133,51,1,43.71075477485101,0,0.8639010618613651,0
348.4482923131407,21,0.03041905537138736,713,7,6.473183128250624,0,0.8702896560709761,0
629.8762347352218,19,0.11097652130107992,142,1,0.2845215336190052,0,0.9584613244602058,0
297.94576389451294,11,0.1095147664293569,423,3,6.42664612883593,0,0.715885533718603,0
224.60938994666918,19,0.3282618242015154,910,3,0.7183258262431627,0,0.8734572141931374,0
332.3848167274249,12,0.32246683985637237,168,4,9.301663640011759,0,0.8442839590949126,0
1025.764511409966,22,0.057650352586183354,332,1,7.469481464611784,0,0.8518058836757613,0
1567.1958965021824,8,0.23239926456628146,762,0,22.63862146963576,0,0.9986276400364599,0
1993.878180872397,19,0.23117709938252945,337,1,12.065291396688238,0,0.5625195394125936,0
832.8607268471088,18,0.15179109788145037,971,0,11.320723647010327,0,0.6992643336821964,0
346.08844722246164,13,0.19862439265164405,153,3,16.350926225781972,0,0.9388767374693332,0
2095.1668673853173,10,0.3220691374411078,30,0,21.198674673106023,0,0.6051317570035898,0
328.98580761010044,9,0.419845435934037,879,0,9.164254977421637,0,0.8899309317946642,0
823.1752033867973,13,0.10743365429722444,234,2,4.074164816096596,0,0.9406716461715505,0
782.4493899061885,18,0.08070132673314206,509,3,18.314571950720257,0,0.8725638838759923,0
616.1885550259103,10,0.060951453170972,978,4,0.30335796887429617,0,0.8467935362348719,0
924.3056329723338,14,0.10866965681358401,658,2,19.514470180752443,0,0.6908229375524729,0
886.2435915145126,7,0.25089076181026543,654,2,16.114942517164206,0,0.804736695129073,0
313.71178433883307,16,0.20122072927266718,720,4,19.08306822580043,0,0.8020306108276314,0
325.2829600052445,13,0.26960689882686467,880,1,3.3432391406796,0,0.9704016395749966,0
1832.3433740983673,22,0.06453002088073259,93,2,48.527782614487286,0,0.6971549795765272,0
1090.83072602722,9,0.39751368508753004,478,2,7.542345405371599,0,0.9696297024262894,0
844.0803668376104,7,0.09571987537538064,457,2,20.583449772004364,0,0.8498874017808867,0
562.1036518651832,7,0.37456206383407464,383,1,2.237737751653417,0,0.8862151305206629,0
1070.8918079934315,8,0.09052024299398355,213,2,0.4063861783319296,0,0.4508123583538649,0
760.2515979998244,10,0.34494887338259933,995,4,29.09448757035909,0,0.6470979337563226,0
894.9250120274088,12,0.1246563801883163,905,3,6.686196110246244,0,0.9287454283775565,0
1120.6836825269265,16,0.3311912947005674,294,2,15.066176732998109,0,0.7087833156900044,0
1393.0756883113588,9,0.11457456643702528,395,2,8.886299575155455,0,0.8448354407136074,0
664.5613878049802,14,0.04358439622681863,558,2,25.86662886904981,0,0.6695292527763088,0
563.4008395668181,14,0.11296224484847897,67,1,20.35979290703756,1,0.8936250668368108,0
1074.7097218797496,9,0.5642423290538351,960,2,4.859717055918972,0,0.8883245949731917,0
261.93559329748825,7,0.2538124717644056,955,0,9.935503939621453,1,0.7517590922185974,0
1145.1652142312985,18,0.22479994897450045,203,2,0.819232967850144,0,0.5689389605426428,0
672.4107997081561,9,0.3528077112224153,507,0,17.60101061642562,0,0.6852280611193586,0
1179.1431459174676,7,0.2962380686349189,201,1,24.873721459068044,0,0.8364942192546019,0
526.2446267018921,13,0.14256739158908102,321,2,57.85112266450196,0,0.8166368013156808,0
716.3024028707656,22,0.16410316051643423,497,1,2.7118946863629008,0,0.8387775115033933,0
435.8842058613535,9,0.47671383078084695,422,2,4.590921684936859,0,0.5949071670263316,0
598.7247300006197,21,0.18958646919088487,94,6,46.67566351324438,0,0.9119756984003484,0
308.59396905067723,19,0.25519690016286045,924,0,8.675580562411364,0,0.6701154455928077,0
1670.5979836770002,19,0.34093465906786696,725,1,7.967540785912383,0,0.9482479196033458,0
922.8960524781558,11,0.1518154872358762,283,2,8.260112141992519,0,0.8111833665897027,0
934.3793468439602,8,0.08719677166064217,529,0,2.0275035913116985,0,0.8125099205344619,0
1201.9615586238551,20,0.2924073625085219,210,2,14.448580044704723,0,0.8945043779336759,0
621.237841345783,18,0.21431741771985668,400,0,12.54597056757929,0,0.9077246997388866,0
427.08894810591033,21,0.23060986100698827,650,0,0.7729621406088267,0,0.8173212197402111,0
1882.990255718662,7,0.015050753992256997,158,1,15.885675104918871,0,0.9280735087400694,0
754.9817529942095,21,0.14107967510480432,678,1,1.0438932251975896,0,0.8189428265938244,0
972.2348373379438,17,0.1843965787504763,802,2,3.709234276358235,0,0.8899020731684867,0
539.9826183785613,9,0.2720228343035552,609,3,53.23235507834885,0,0.9443214403089767,0
691.1742687342103,19,0.12941875733072217,362,2,16.805776852407366,0,0.8100050903278866,0
883.9563070150099,12,0.26669896891894457,729,1,21.612592657053796,0,0.9661934628988741,0
653.1578505917568,7,0.4846164688405066,995,0,10.424534836741518,0,0.969179222646918,0
336.79360708450014,7,0.18016811050396753,856,3,17.763309092072074,0,0.7117677279226541,0
821.5475558919331,15,0.25414698886298615,689,3,3.827632291578738,0,0.9300825028651788,0
562.9807070854532,17,0.16218645298600548,226,3,52.455667731437515,0,0.6623178667283455,0
344.0418572876858,21,0.5000959316935867,171,3,40.30587905149531,0,0.720250134690014,0
731.856248297466,15,0.3717556916157082,681,2,16.310508630236615,0,0.5769780600927276,0
756.186932016085,13,0.23306035114442689,143,1,7.018198489923057,0,0.896212938007518,0
248.3464215008952,19,0.30618186411102,316,3,3.8738864094133527,0,0.9877159829084483,0
788.1014216885379,19,0.41548716395033436,39,3,20.005859906664085,0,0.8401917416924711,0
515.4936580875851,16,0.16443977646830574,638,1,49.4968509567945,0,0.8708185328520739,0
972.1840978883358,18,0.18810184605662628,700,5,4.062851969517159,0,0.9498410492938956,0
705.6898505296416,11,0.07783726264149866,43,2,10.50581515501384,0,0.9677843401913232,0
647.3328707284411,21,0.0939916742950785,925,4,9.40186302806493,0,0.8933654530987443,0
429.18027511594323,12,0.16546961385593342,93,1,51.02177304432478,0,0.7133790718603888,0
271.23693837292046,11,0.31342453779953194,450,3,6.313096311938368,0,0.9915557026215295,0
1035.822117647863,7,0.11840893456007519,630,1,12.046342820316033,0,0.9306965349713285,0
522.1893509879496,13,0.20320104539300665,818,4,4.697934939192943,0,0.9192190963630109,0
128.31826748513893,2,0.6816251854225095,59,15,148.74556004004629,1,0.6370151404856403,1
650.4665524268198,20,0.193668403949352,634,2,0.7508358407056871,0,0.8202457230483339,0
703.9675226936009,14,0.44718327964296295,834,1,7.125352402757667,0,0.9194294707793949,0
768.9760833082491,21,0.06870844204191284,699,3,4.120848645421307,0,0.8341247410286522,0
178.54065052860327,16,0.2635866471746969,978,5,4.133910625514075,0,0.864444759424997,0
820.582243078319,21,0.11450310141020548,743,3,4.770996752636561,0,0.7512643238519324,0
1109.700236412117,19,0.09477680872098004,75,0,1.483116795797173,0,0.652055791554629,0
552.1987288214497,19,0.15093110897628773,41,3,11.060096117068959,0,0.7115532313847533,0
345.02844482015445,12,0.07973292988750373,626,6,3.1523427669534767,0,0.8835495335433381,0
412.95108577198863,21,0.11771297328708771,660,0,33.303060855171054,0,0.7144464229529444,0
505.4876058006758,20,0.30342287949889085,752,3,56.66645421002406,0,0.8329327499673985,0
499.5746162442973,11,0.1480377836308582,515,2,47.328627875729225,0,0.6168801517660304,0
351.0528519442154,11,0.3097622565659636,358,2,0.6846245677934846,0,0.7523145784252934,0
1079.0050478706114,17,0.47089464187225993,688,1,3.3743004993758405,0,0.6977014644090878,0
497.64576858748865,15,0.13565738817691472,926,2,27.842108413634836,0,0.6513016251209848,0
432.4699739665267,20,0.23023338040690877,357,2,26.044872470389905,0,0.5195051281311822,0
1260.1434352256417,17,0.03021427693030214,84,2,26.858986425180557,0,0.8601361130160329,0
432.8658631883583,10,0.1735878333994168,813,1,6.246795222122853,0,0.7211853279531353,0
1417.1327692155558,22,0.16358646607912064,663,2,23.637006933064843,0,0.8626290154416054,0
729.1553255939389,9,0.0739206346518711,79,2,12.210420107922912,0,0.6625938542247604,0
518.5582447871634,12,0.055429397286120556,651,3,52.39922164097216,0,0.6591928450317455,0
520.174456593913,21,0.2816196510876966,71,2,40.79501456868874,0,0.7119266361691599,0
221.7251578800988,5,0.7626495306201408,176,9,1.6987785754683873,0,0.49851752294274787,1
422.2552018796338,21,0.05190487237579666,182,3,7.665773494786911,0,0.8276997843287334,0
215.84765598085542,11,0.2961854046543569,411,3,5.427961126895074,0,0.9115320057326868,0
772.9061260886095,7,0.15693120604216132,136,3,4.890796639182165,0,0.6913200301359731,0
827.9733027316607,17,0.42909563355974484,513,4,6.520712820192281,0,0.46762162976158467,0
1036.8729141693555,7,0.4360802883540556,30,3,4.876440223143181,0,0.8349977061336508,0
393.54963492696646,8,0.1524458422926559,186,2,22.227652738296076,0,0.8600735080876295,0
531.7622145511389,7,0.3171839456004586,967,1,53.08493483542685,0,0.6737366635530752,0
329.67514547547114,2,0.5724618790333937,132,7,314.0463329061219,0,0.32612065049221384,1
522.883726067804,14,0.2998829383721116,247,1,44.691750694846384,0,0.8864157222124049,0
895.0627858561111,8,0.5092698121735333,755,1,7.502466191603879,0,0.8580537416503946,0
212.42014296734453,19,0.16179428240495025,770,1,14.907327304694478,0,0.9200490960817087,0
796.6208751988487,22,0.16966070442826403,264,2,5.214604403338262,0,0.9197893383227495,0
965.1347883261055,7,0.04387482603350677,647,2,6.5573620126497945,0,0.8964228851955035,0
483.5485071171001,21,0.06085575263598909,572,0,3.9593240120267352,0,0.7737293621644548,0
1803.8561472178496,9,0.006328026962643016,345,0,14.51558603710566,0,0.8223464880129432,0
1037.2439642114603,20,0.0506343619519932,678,1,59.71946208478591,0,0.9591021492962323,0
361.86799827670444,15,0.23007766754364647,510,2,48.29106935620705,0,0.8036742332874942,0
321.42527784412465,9,0.21269296790869655,130,0,2.866523883821072,0,0.8395709983212887,0
472.5374849402507,12,0.11049843381962729,592,3,22.506197962366347,0,0.7013443479272873,0
647.803889442684,21,0.08999684248100118,914,0,9.442180635719843,0,0.7852041142589266,0
364.8934551142953,10,0.28141204694138156,725,2,26.36937324611912,0,0.8031615465078565,0
473.15121284698904,9,0.182969630815092,444,2,19.499860697691652,0,0.825203550400373,0
1111.129458456012,9,0.16107890856077434,125,4,16.37788536285497,0,0.5945529598292191,0
1162.762088443799,9,0.056247828699961304,594,2,11.573364219598535,0,0.8850555191150441,0
933.8528240554891,17,0.18736447128014153,787,3,8.335433277903352,0,0.8520543023038137,0
221.14925372921726,12,0.36050202067415626,202,2,9.260232517207168,0,0.8968321622631972,0
820.8659067810273,20,0.18576278264431634,621,1,25.468718322536898,0,0.7008672189116091,0
956.752248352929,20,0.3200066306169105,202,3,19.12736925620932,0,0.8998509628990305,0
577.1199504243451,19,0.04403975670385325,257,1,10.223357911443854,0,0.7747662574295329,0
538.895083309119,12,0.24913636139943204,302,1,21.309906439229497,0,0.9124470758023258,0
414.7285411409108,12,0.39163324983073977,245,2,25.17832279282891,0,0.8139307332654704,0
448.75140283424196,15,0.2338266932801571,522,3,19.262902663675373,0,0.8757587395515765,0
598.362960165163,19,0.17046030017356822,897,2,1.6195514314640758,0,0.8014539533241871,0
1647.99638908832,10,0.28382272211499854,275,2,53.937026375174234,0,0.7645637178435939,0
451.9887915291365,18,0.38244526119034933,517,2,2.0405277878872266,0,0.8626006846632815,0
885.0174235344393,8,0.10893065958312977,354,2,4.746318864563619,0,0.7266020091173045,0
1191.8479790715,14,0.2143346694294825,340,2,2.1692786706151126,0,0.9854410733906621,0
1075.9468901130379,19,0.2055984828603162,843,2,4.954166869020906,0,0.599016281315642,0
490.2974623724981,9,0.16932913500785915,983,3,13.923551513554248,0,0.6962173642177684,0
2077.4995471001785,19,0.4721580270049816,941,3,28.190482213797896,0,0.9621315439665633,0
741.6382917304097,11,0.29327731030351206,320,2,9.269567473408408,0,0.8442739280806983,0
60.93938912162011,2,0.39363038412933105,171,6,226.65339961331284,0,0.2619790348374517,1
552.0127333650564,18,0.5238791022031247,920,3,24.080455607616823,0,0.8969769989314516,0
1312.3509539557526,12,0.24423714408801142,87,3,20.788217209782545,0,0.8637979835460341,0
1340.7458994352075,20,0.30812758406182744,974,0,0.2122364940981057,0,0.7518192432086117,0
569.1975692509939,13,0.10842484444344232,868,2,29.47591787877265,0,0.9043722821812501,0
784.4243209792699,10,0.06846189298377144,361,1,10.448081982379462,0,0.8432693488197034,0
2098.4150864273283,13,0.04525112992177517,403,1,36.677886380957275,0,0.885235152984722,0
487.682190301535,18,0.18312506784034024,590,2,21.89945520444777,0,0.8384276435742639,0
1144.3117886875143,12,0.04741564802366062,185,1,9.842911913476781,0,0.8810374156990456,0
983.5966417950846,12,0.3340673697348985,665,5,31.63503632808756,0,0.6911890203229446,0
991.5110293504426,7,0.2737410162476948,569,2,3.525418488142175,0,0.7612443035192152,0
510.46532741771415,19,0.020883695398848923,824,4,7.132081052024501,1,0.8026021644239092,0
917.3831628647633,7,0.1815516466533314,714,1,9.6836729444227,0,0.770776960864319,0
447.1594589267346,19,0.12004645772316659,578,2,19.71776804101644,0,0.7063784632521836,0
1165.3370730587565,7,0.11673713291834442,979,1,0.6398574620151667,0,0.9124763957226513,0
511.794500991374,21,0.31688491952222664,506,2,28.151618526462652,0,0.8090513913450824,0
1301.783883514345,15,0.07902103615834707,589,2,0.6925740436223673,0,0.5453277751218775,0
725.4030627405459,15,0.031782568213631034,187,4,12.592274117871852,0,0.9316113123315208,0
1567.0102093417318,9,0.33522568135670283,102,0,4.4873768055253045,0,0.773465300846285,0
681.922210650929,13,0.17457698814021183,330,2,22.863784429867394,0,0.8485140318787263,0
494.5324328856837,18,0.07942605169115893,227,2,1.8530660784627373,0,0.859344550852143,0
576.456520388086,10,0.16468687049479094,770,2,1.7136970318455158,0,0.6782151717233235,0
369.90039931272537,20,0.2977152624115862,863,5,39.021127537408645,0,0.8202791796250238,0
322.04523726143145,11,0.45581239448197286,61,4,35.63814339276225,0,0.6500668240474695,0
564.0033441289165,14,0.03203478498283844,615,2,9.929571901382106,0,0.7291165873448597,0
363.1684255176102,19,0.13704478852030139,87,3,3.4842731947356422,0,0.8255814878856333,0
1431.8226999299181,11,0.3054460007405318,721,1,37.029718575087564,0,0.8723495291099278,0
545.6650529610354,11,0.3436893993239897,262,1,39.92154292024971,0,0.8315818414927246,0
1232.8966552367747,19,0.21484057180601543,664,1,39.431140389514255,0,0.8016728101514305,0
968.9812606265195,14,0.3213104504353551,645,3,20.459749482933557,0,0.7726064600204647,0
659.1936773610391,9,0.14816731075450407,637,2,1.4972738126808174,0,0.6147506409200483,0
895.1971559469404,7,0.26445007377702795,125,5,19.75096633008138,0,0.8286210137885588,0
1269.0866152128551,16,0.6921682194231035,556,2,30.467285744839444,0,0.742811637615004,0
754.9687485765485,9,0.42840641380628613,982,1,7.3721576710153665,0,0.9002765032742047,0
419.9360564287806,22,0.23211423360368927,387,3,18.970132570440217,0,0.5363955454654964,0
821.0820587872737,18,0.35471163600327665,79,4,24.11719636787528,0,0.7213484008349877,0
657.8441507909454,12,0.15628545008019534,237,1,57.45031219150459,0,0.652392458475061,0
976.064733718129,14,0.4862207348931481,487,3,66.66070086867865,0,0.8954801179124822,0
964.5837568903696,18,0.12739818440690462,808,3,1.6490018437850849,0,0.8749726376288323,0
472.16822347466945,7,0.1650578873138375,232,3,5.966200439267226,0,0.8791368224138593,0
1262.9256581661418,20,0.20010739524918086,804,0,8.696024322575944,0,0.6712176013550728,0
518.5432388784336,20,0.1278868682764598,337,3,7.015145762971777,1,0.7910049919500146,0
385.69859588251154,18,0.13786407728455585,276,1,21.86089502116823,0,0.6089664530369071,0
575.6426967082097,12,0.28766292530947407,376,2,2.5174398953010733,0,0.8818773849630364,0
798.8413136534149,21,0.07249861025031226,291,2,2.241548728741341,0,0.9117568750948801,0
1031.111849965367,17,0.4307052426628854,237,2,38.88499344607755,0,0.845471981936342,0
385.5271770483205,16,0.17578719486298264,786,0,9.679245663373136,0,0.43039883834562176,0
981.9353255300556,16,0.20924830227125407,43,0,2.4311325125102354,0,0.7163381070054701,0
806.9403476367662,19,0.27826262798608986,61,1,16.293883773756736,0,0.6614453083221136,0
473.3544479377279,12,0.419169313799313,750,0,12.233860456266006,0,0.6620037175318085,0
525.4438774053239,21,0.16541767706874858,883,3,0.3992912679393613,0,0.9229072454943317,0
507.0433615577796,14,0.07106996578540177,265,4,7.284910825096176,0,0.9018141382533882,0
744.3838519653926,20,0.11690092331574307,236,3,46.68847690983147,0,0.7779212737130129,0
860.7526039125129,18,0.2433698089956567,877,1,67.81592254707492,0,0.8848255718368053,0
315.1947425828021,21,0.03490905223890117,168,2,20.336510412923204,0,0.8919688018967373,0
384.88016437034076,19,0.08707823484080707,877,1,24.39482131036663,0,0.8349099823010788,0
551.2205245091449,17,0.16624561475501187,428,2,11.943997653252346,0,0.7192695417896984,0
964.419493910065,17,0.08883911830054368,245,6,6.263054695845744,0,0.7838269013410601,0
455.68455718359803,21,0.24035336594267945,738,2,44.91658045505149,0,0.9535754278623023,0
219.09655861818575,16,0.3727913130905203,129,2,47.354532059209454,0,0.6725346452642084,0
704.569681305358,17,0.14961523438634267,461,1,0.15836279540615175,0,0.8626041843361525,0
219.9541340672241,7,0.19671683214580876,228,1,77.79533403044609,0,0.8736166323137246,0
1296.1807904073569,15,0.3445464941830879,933,1,5.072216589164313,0,0.6459910566872142,0
1587.7298570188473,13,0.16631808854595406,256,4,5.582694447076817,0,0.8160595229671376,0
722.7748353361808,10,0.13687869317348297,251,2,41.87003536473861,0,0.7020988267577957,0
1071.874711229716,11,0.16507839394063265,226,0,4.191602024543749,0,0.9031168136132058,0
640.4198548529159,22,0.1763151643595338,222,2,29.65150200540709,0,0.6472833882983203,0
1542.5118085651256,19,0.25922855722198007,207,1,0.9871663328056135,0,0.7245916637567897,0
831.2487593944611,16,0.14279840203700753,922,0,18.190021476046837,0,0.7744225117804198,0
421.63897683177214,14,0.24011995095732197,775,1,49.81211181508255,0,0.915089735128446,0
1111.3888918029763,12,0.015683472070463663,728,1,36.86140875956835,0,0.9128332615373982,0
512.3732274733359,12,0.5052913358422048,541,0,30.729928725291497,0,0.9051104732239924,0
518.1139829793958,9,0.3878406574140358,281,2,62.05184313750722,0,0.7133771646528878,0
1317.857045419201,17,0.28146392435875933,630,2,5.989876790279228,0,0.8999377030886445,0
898.5845857036078,7,0.0631649212709954,599,2,2.642785009478928,0,0.8677959846811449,0
512.6575744525697,18,0.26471477918288644,253,2,15.957349078305903,0,0.7082577613838532,0
444.10980751353213,11,0.04500198889389055,214,4,10.661186704229774,0,0.8854641752651988,0
1535.5406198073217,19,0.06791814190639682,267,3,16.93410476474164,0,0.8892975223396641,0
606.629925536316,15,0.3125183134682499,41,4,2.5860666103429093,0,0.8823608662116316,0
332.3482162279686,1,0.5686724507080795,85,11,247.42568319591234,0,0.25464837404341356,1
833.6280167384785,16,0.04957883227751919,89,2,3.8505033620512763,0,0.8032444241523129,0
380.9697448726662,18,0.05485802828135579,448,2,10.690579790620575,0,0.8455988396899062,0
492.086323172734,12,0.1986467316708589,624,1,17.725248797239033,0,0.8518066425556612,0
476.9680835683309,21,0.09533258589635404,422,1,17.063252325458645,0,0.660607820894972,0
262.3536623297145,7,0.4216558492530356,551,0,0.9076852693715143,0,0.9241566652348291,0
1162.0927859006097,17,0.404667012274607,253,1,33.0112302374029,0,0.5081109277788906,0
881.215799224522,10,0.1903616238568273,77,1,31.210960589592748,0,0.8528414477066684,0
843.1757811112859,15,0.14009183903316566,301,1,48.44243444117777,0,0.7759874988055011,0
1001.6312808714184,15,0.3869675776870961,212,2,25.68180099432832,0,0.9485598342960085,0
841.1618150513226,22,0.07489816084536162,999,2,3.3964451872576524,0,0.8341638270833536,0
966.2928564516418,12,0.24577700956451554,125,1,6.786756895566466,0,0.6445241146807896,0
460.1653006012113,14,0.2461963790282616,376,2,42.38403300809154,0,0.7126447226105392,0
881.4764839649343,9,0.3170506961062264,156,2,2.553621795802573,0,0.8906350364335954,0
1329.4921482634882,9,0.06352965359022288,737,1,27.206608590567413,0,0.7359672423187109,0
1057.8990340769626,12,0.10717155400455583,851,1,2.0062406173521663,0,0.6593781313700541,0
672.7938105131861,16,0.02529929394983814,314,3,2.8380704965401606,0,0.8161339481385677,0
1174.4249753378529,4,0.794670672836161,153,16,5.938674139561427,1,0.1744171425830571,1
432.78296519227996,20,0.22021097681414686,839,3,3.129150623848895,0,0.8166592411907723,0
397.273104322262,7,0.23384084611944264,775,4,2.0696066424040267,0,0.7729690694435806,0
485.48685636318487,21,0.17157623000054267,674,0,1.9369852618486068,0,0.678795429910173,0
782.3753380525142,17,0.17566156873571734,574,2,15.801583144144411,0,0.7590283429027852,0
1882.3598523907608,14,0.22878617582557373,926,1,5.375167013489534,0,0.9623992850858133,0
714.6827453494184,10,0.07773469280317812,210,3,8.770678867129243,0,0.8366961295633119,0
521.3734442967512,22,0.07578764218978162,678,4,16.745995418107203,1,0.5509518999765156,0
512.1348987391226,21,0.3001976604971488,600,0,32.054123013653026,0,0.9187162968037218,0
722.4518333128833,12,0.037922476288247096,968,3,41.787120603884716,0,0.5947217978364285,0
730.7782071473571,16,0.19507188124857766,331,5,16.465594705754995,0,0.7148263132138967,0
553.0883074070656,18,0.15186181355996656,42,1,4.000697467533724,1,0.8593285902929744,0
433.55487186400495,12,0.659342799171341,348,2,10.748167681507113,0,0.8993852312504279,0
879.479378002682,14,0.28499172383588217,95,3,22.405731223575582,0,0.9214043482574661,0
598.4035854742779,21,0.11864833205965535,320,2,3.796394062436858,0,0.9804584099647164,0
532.5365080368036,13,0.3943464209062674,137,3,2.853411284466589,0,0.9138495806010518,0
859.012418814856,20,0.12627602960017398,440,4,3.6624081881315895,1,0.9615612465901401,0
321.5450508279133,4,0.8531250198391888,75,9,113.01821267416621,0,0.41857492251380435,1
1438.2642289027608,20,0.030367984173517742,133,0,7.720851840112034,0,0.5752686166821084,0
848.7316853943233,18,0.20677482767261732,930,4,22.676681358997346,0,0.7982454097998863,0
553.5388291339765,9,0.2477834662429312,552,3,5.092600568042275,0,0.9781452051509826,0
1034.7286716059523,8,0.21506535089939513,493,1,5.2467467746081615,0,0.6767250766739759,0
756.0485583084635,14,0.14200978530211347,968,2,1.5429018203804306,0,0.6696299423507661,0
821.1524183742882,15,0.5269312467059684,809,1,0.551274525776037,0,0.8276094422162201,0
519.1796241011044,17,0.31138187132043615,793,3,4.245960005493789,0,0.7247193802254613,0
414.48807041198296,21,0.4418025120174809,116,2,3.4928868225041443,1,0.4885615300941303,0
1074.8316010797296,15,0.29683850113248195,859,3,1.774619677817089,0,0.9412900427245967,0
448.46784138203714,18,0.11468376733977874,213,0,7.148243624820264,0,0.9839208138488157,0
282.4606927452785,14,0.24242646902404225,64,2,18.932382864033197,0,0.8000091341896204,0
828.5871937738286,21,0.04545111422222254,314,2,2.901748033028159,0,0.5131480951561703,0
489.7753472662677,16,0.1586485164932005,511,0,5.476663915732398,0,0.848703820843566,0
617.7059536454317,2,0.6054474955094976,34,10,112.20551227170455,0,0.36322973619720395,1
863.4915458665505,15,0.37636090470339384,208,5,13.70567980988555,0,0.8971189983788878,0
784.9946198417399,16,0.20087646828835304,278,1,6.667692525761754,0,0.6251530963024313,0
656.7804783746011,8,0.12364491175634358,136,3,19.511724764424734,0,0.7191006306143042,0
888.4319597450004,7,0.005586941686511096,548,2,26.798835798781163,0,0.7790724351389335,0
1696.0766202337131,10,0.04142981800554788,697,4,0.2460483868250879,0,0.818289172327058,0
748.6940451096032,13,0.025631670941884985,618,4,79.15265127235446,0,0.8429893613659961,0
1773.2092748195762,13,0.08720789508223777,66,1,9.533060360768687,0,0.8608581295269407,0
525.2109900779647,10,0.255354922497883,416,2,1.742805295868186,0,0.8706689874093052,0
519.6029814609864,13,0.14160853266669776,729,4,22.606776745209714,0,0.8868959712459017,0
489.2622089239681,8,0.5989677174931364,824,0,0.7400809764669765,0,0.8093817051946405,0
431.7625914042364,13,0.3019277008241805,438,2,11.775968025691906,1,0.5302458423308135,0
928.5216044564335,19,0.45730008116073717,937,2,5.349756677268286,0,0.7801839457183342,0
77.72534159268257,0,0.8038623572574772,158,7,239.60379475066233,0,0.08245097763983981,1
486.6004366922997,12,0.10101447885233594,166,2,13.203523237014565,0,0.7224355300261254,0
1125.2748232101233,7,0.2269934340793871,243,2,2.882446621841871,0,0.8417951370541301,0
702.3992089398276,20,0.009793623792490226,368,1,1.8638829651770035,0,0.8869161689769357,0
1102.568676855674,19,0.30710333856429095,217,1,27.91335404157565,0,0.731696560222543,0
799.9850076923951,10,0.3055329689966274,538,1,1.9108736397815065,0,0.5718443321247729,0
803.5012485752566,20,0.1141674931367319,326,1,7.946146630038042,0,0.9857369536251512,0
1062.2490329682435,18,0.03499039335467823,910,1,20.177190685996223,0,0.7700214532622629,0
408.65916104003867,7,0.2703940868734794,875,4,38.44057757425861,0,0.7272142670556796,0
669.8361874062591,10,0.25449098561551126,624,3,22.57630805031381,0,0.787369061462075,0
556.7885741881181,11,0.053749680679087024,475,2,5.688145646503799,0,0.8740309560327778,0
592.1761077277304,21,0.23264010508918248,452,3,28.491201997979864,0,0.6632693528927213,0
689.9023760800333,19,0.3736114929859144,94,4,60.90360703500629,0,0.7504803361298774,0
678.8543362407547,8,0.18055741341627862,865,0,44.36926803554686,0,0.8713543114699913,0
456.027280538656,21,0.26063115667411973,775,4,4.417536910211863,0,0.9460213138937354,0
469.69087595256053,7,0.09901250128145872,362,1,30.177502844037797,0,0.6644097689804249,0
509.1733189832694,10,0.10551100094347984,273,4,33.06112841822815,0,0.6622872624130322,0
771.6700306859109,7,0.16994371887922602,89,1,0.6530630592648987,0,0.8766084953154712,0
997.8208023625821,14,0.2547772874431661,310,1,23.74977335976152,0,0.8132594216418337,0
892.9088168658834,13,0.5129797581818673,575,1,1.0576442524985277,0,0.7196875381599517,0
803.2068338340906,8,0.38081970920462355,473,4,11.87010696705261,0,0.8600085629978144,0
943.9525268954893,14,0.06837135148167009,892,1,0.13026556881382176,0,0.8855336528888784,0
1069.81479167722,17,0.0476435765981589,788,3,9.871019507747357,0,0.8134310107637388,0
1214.012420111421,9,0.14973521999406852,719,1,16.79735338656816,0,0.7830736853705418,0
336.5455028064044,9,0.16363074513440526,525,2,43.18495731581696,0,0.6483792336574253,0
458.64773690216737,16,0.04366699366245239,960,0,4.471481483391612,0,0.826518620555086,0
719.0967795654175,3,0.7434655673367868,40,7,64.11933048820173,0,0.2990454346590004,1
561.2915307350751,12,0.18540171816590917,762,1,11.327916080761291,0,0.861639173498149,0
805.24698311691,18,0.17564153905046576,533,2,15.913456612337058,0,0.564963148807733,0
551.0244964924875,17,0.17929414884389808,246,1,69.63737180051893,0,0.9408898106712204,0
662.0268863949264,18,0.18224375022325778,333,4,9.710316536956546,0,0.6607723798003248,0
823.0593512497945,9,0.10033178185817462,83,1,26.677503081521703,0,0.7453096321255475,0
449.9091928891248,21,0.07592402734430935,204,1,8.978490034975202,0,0.573121886854999,0
602.7556571323075,10,0.354292217850704,912,1,4.297825182879078,0,0.7631759122051651,0
819.9748562267995,11,0.07615577123073013,534,2,9.66201138661508,0,0.7178845652511379,0
572.0117449129236,20,0.3202533951611135,593,5,39.12347905149342,0,0.8798406180559051,0
731.5269553010658,9,0.1118563762913231,536,2,1.3957348362795081,0,0.7772265434920929,0
635.086426148037,14,0.13373205580901462,227,1,17.30792194310628,0,0.8709244093430041,0
481.66054768060246,9,0.24224476014072938,69,0,29.301467198989425,0,0.6938292259035678,0
676.2075475959988,20,0.2288849596347334,432,2,5.503174321133143,0,0.8325798703192593,0
481.2967802120598,21,0.21614511768421316,64,1,15.828788372766265,0,0.9044689824261083,0
471.16724837477244,19,0.26675030618748824,276,5,42.8786954888493,0,0.8828126172953792,0
607.3703541427362,8,0.3828541008267837,963,1,25.42856063569412,0,0.6396474506852364,0
911.7193836339786,11,0.13335335442291887,854,0,5.361299252577194,0,0.804389486512709,0
1133.071065329145,18,0.06372904410912555,387,3,16.402031393042222,0,0.6529165260790637,0
685.6342239572449,15,0.15134445464707294,815,3,2.1736312810961946,0,0.8270136166453177,0
1542.6589655751918,17,0.10729867374509049,588,4,7.230372391656221,0,0.542454074480255,0
1193.4896777913548,13,0.041540961150276216,388,2,34.34140488029781,0,0.8627826650751492,0
1930.4069543766573,8,0.2346188483057329,371,3,21.80855193047825,1,0.9479502090517944,0
378.1848349538681,20,0.1277309810869806,591,1,18.657937785034452,0,0.9117784196510172,0
382.2565562702942,9,0.07581239701797035,454,2,5.318526909682712,0,0.8835585830273586,0
1274.41317747131,19,0.1769884620204629,684,5,11.510704545262348,1,0.7963408458858854,0
1196.5900288170394,15,0.030420258743597203,357,0,19.517345105960608,0,0.7252618854108741,0
1030.5300437504238,10,0.16995465082386627,421,3,2.551865411510034,0,0.8248011969586149,0
914.9556368843465,9,0.20979423222895816,176,1,12.591428692891187,0,0.7975114134258653,0
456.84136465880806,15,0.2150727074477404,397,2,7.542097026978472,0,0.6194567480527082,0
507.1236302416995,21,0.4870634538622313,475,5,2.2564971300403296,0,0.7058814720892712,0
1572.6242242206495,11,0.08607392672982152,519,2,54.68041751379218,0,0.8691691830304342,0
362.5303642120562,5,0.6297901677008976,89,9,138.62209669064427,0,0.16079003194810898,1
802.4382124946773,14,0.1963752230736507,543,3,4.166854441718986,0,0.8693610038048042,0
291.53294201692637,21,0.03875633044272828,615,5,24.851644203457507,0,0.8488445404736484,0
394.68721376914027,10,0.03759820982974251,325,1,0.8290199827137653,0,0.5624717609893165,0
1538.4552902470268,7,0.3285778067207324,826,1,1.298557964812497,0,0.9011742678350075,0
539.8887464110961,13,0.3609863790075584,546,3,5.6583379586329325,0,0.9252515026052082,0
373.05536228169126,15,0.034392105411669004,646,3,4.040995857364557,0,0.9006127075736085,0
1062.8739907635004,10,0.0759016922786553,619,2,8.370646630542328,0,0.9438642923338169,0
1136.1552990674531,7,0.30152101553017036,695,3,3.9990355751746955,0,0.7214225862129167,0
485.33679928271437,20,0.5373385926300426,918,4,15.615041730424029,0,0.4116921132610302,0
469.83947442050504,11,0.3644981042688433,122,0,57.92862127914268,0,0.9290321140235784,0
936.5899849698218,9,0.3192145688780703,245,2,71.61737456257927,0,0.8842926874106595,0
448.5282666473218,12,0.2454950619593953,991,3,13.200312180695377,0,0.8943736972498825,0
810.3455005996233,18,0.15129218840130648,965,3,28.242996115281873,1,0.673788750640391,0
337.9414625309897,14,0.1821923721538528,449,2,6.901388703772185,0,0.7988396591683651,0
515.4606565731887,14,0.3020910317657091,517,1,14.983131594667485,0,0.8850551820287383,0
672.0926321445022,13,0.5860476163977957,941,1,26.78362734910616,0,0.7924895250885804,0
653.7824600020438,15,0.24409386416272866,983,2,0.3550893406249078,0,0.7352307146801582,0
211.85718882326202,4,0.42678988107128774,55,7,18.830236511652068,0,0.057986309136262924,1
564.3021721714958,11,0.14513748516873734,874,1,5.2644129156269965,0,0.9607706038125409,0
540.8460459148306,8,0.14039112334416978,514,5,6.455068420808201,0,0.6858620502924659,0
900.4634093882104,14,0.1344032184666118,526,3,12.535317084808788,0,0.8719581923638866,0
581.4821059634387,11,0.26672862859701874,887,0,5.079235327422259,0,0.6673642585790236,0
423.352588642771,21,0.362891208616707,698,1,0.34724668516845203,0,0.6874418119328037,0
399.0011490760822,11,0.16224955859108162,842,1,3.4843268867510506,0,0.6764342673897684,0
2771.4618777127534,19,0.20398164737809588,621,1,2.634693020386616,0,0.827198391994221,0
317.0599469634164,12,0.4971243547905555,588,1,8.544190323433225,0,0.8717219396633156,0
646.8136383576535,16,0.07135378421452318,613,2,5.6479238391118916,0,0.8814952232051882,0
906.7743170882902,20,0.1610378537512769,275,2,22.60080551535955,1,0.8976111848538164,0
645.4608098430726,15,0.035080085773039414,423,3,1.8826559479020324,0,0.8827769289200941,0
546.1847647261771,20,0.07989957689090345,435,2,5.068726262986005,0,0.8426964568464705,0
248.51528140997576,22,0.7229568712482266,163,9,14.73617244014746,0,0.128572294135627,1
1043.1416515885933,17,0.10158562933467086,445,0,0.06902261699259934,0,0.5139276213494213,0
320.2037577614726,20,0.1327436778816976,840,1,12.117356548482555,0,0.8138849319171573,0
530.9342985474403,17,0.11342355025551089,506,3,13.70366471997993,0,0.7792520744261358,0
1339.6566303947634,10,0.2508286812681558,273,2,9.2113061684185,1,0.7697197489089592,0
961.764899536714,7,0.1698526680888239,370,1,3.8517783199689672,0,0.8430739710299308,0
682.6731776210878,22,0.06144697654768102,976,5,0.7276441900851285,1,0.9334094408050827,0
485.63088656892927,15,0.12250074009922507,308,2,52.33199116603266,0,0.7240344383495516,0
1085.8208152219513,19,0.18377285306923727,642,5,0.6013861344165763,0,0.8301611421418108,0
1855.0303832358968,8,0.009886601053467604,288,3,13.592249767778231,0,0.9570972721894119,0
1006.3260831984979,18,0.07007213901955307,68,5,44.68222941055808,0,0.749266711923701,0
1211.183142443063,12,0.10936279054892385,325,2,37.4887265838566,0,0.9039872074096839,0
310.3364343054615,17,0.15022006418698272,602,2,14.734495278926943,0,0.8511495648237339,0
1299.427704709318,10,0.22117269367140474,657,1,5.122793819196199,0,0.8815828655591251,0
504.7913696383055,22,0.07064685822607082,753,2,0.5006331370236378,0,0.8864336824337736,0
697.6541063331956,11,0.32734156463001196,32,2,0.8390180652153952,0,0.6742616298155341,0
247.059348640951,19,0.21471792434904474,806,4,1.6578636524190618,0,0.748253015712672,0
289.2843505561148,22,0.4416103004337167,968,1,9.626432532418502,0,0.6624388447886328,0
258.8367817681704,17,0.0918881508299057,772,3,16.065187215154054,0,0.6119192384629913,0
1340.8685036340205,17,0.2459935271677327,157,1,5.203635524886343,0,0.75076509643169,0
985.0672684093593,2,0.8629159052462843,168,7,0.01991345451373985,0,0.2557187449799309,1
601.2758287397241,10,0.23823715524482703,219,2,0.6885083410691506,0,0.622025068694498,0
731.8830009944991,10,0.15966512996737153,338,1,18.556742344839456,0,0.8533799878173555,0
632.8821883554198,16,0.12263987692468117,211,3,6.407853073622109,0,0.7269893764580778,0
794.3710751055148,10,0.12100987547091642,181,3,7.089894406125922,0,0.8927111369053958,0
398.40791899001425,20,0.07189707919836631,303,3,20.542534167127382,0,0.895831220640798,0
398.48274645503614,9,0.07294093367703852,414,5,20.171516233861375,0,0.8322474580510383,0
889.4244317787794,12,0.2830180424980112,466,2,3.0588752151426073,0,0.8420277897961489,0
381.45375276842645,18,0.3395331825952038,347,2,1.2761511719531997,0,0.8957212573574239,0
1257.6293397483714,10,0.2911497465659439,980,2,16.401628816202972,0,0.9310028123360922,0
1577.752807130889,20,0.16062010367095944,166,2,4.468185798697191,0,0.6529940992427931,0
1407.2564691379264,22,0.17860944226220507,181,2,22.59640848636416,0,0.6995340364077687,0
729.917185166778,13,0.2603727357302847,334,1,3.68856189259444,0,0.57466086976124,0
755.3596989595142,17,0.12346290866683067,982,1,7.589300689202782,0,0.8545552717305909,0
222.53793302311945,23,0.5820874633317522,112,8,217.71435391770459,0,0.33127086106072545,1
1367.6229226872774,21,0.1202440784484153,81,2,26.685570184875985,0,0.8433352853296444,0
1238.9948894357517,13,0.16101181695502442,909,3,12.145630253614033,0,0.9318790823529711,0
111.38102547554229,22,0.41674316370763487,128,12,38.76054125044494,0,0.3046914148549494,1
318.65404436015035,15,0.10967781323001335,837,2,18.87243300876556,0,0.8904224375750028,0
760.378277221721,18,0.07267440568854651,451,1,9.558496167307364,0,0.8740541106585399,0
382.9512994143122,20,0.2117338620998866,910,1,32.110145027478666,0,0.9008869506811917,0
1006.7077111307906,17,0.3091276254968018,212,1,13.800540528608686,0,0.7692798462685608,0
659.9721012791138,12,0.08911963131337217,664,6,38.16841252770647,0,0.6337376634809183,0
719.5162685485806,19,0.1664415459750352,898,3,4.9437272188023105,0,0.5986017910611787,0
382.5499327172933,11,0.3486742674609716,31,0,5.692930572705263,0,0.6560891683958747,0
474.42715604972057,14,0.23619460507532924,146,0,5.469948138189883,0,0.7701071153802892,0
368.1280402209948,16,0.41539486932804237,63,1,3.0752220928719285,1,0.8368032648473142,0
560.3145841837207,15,0.3037756850058335,878,4,61.221606269250195,0,0.6098150817106766,0
796.5223942869511,7,0.1914628030582706,847,1,39.72570898061198,0,0.7384431603346843,0
1047.433803336935,8,0.047600006298954334,856,3,15.235059477505882,0,0.9632437768912853,0
637.634185081491,21,0.1494348900402812,950,0,24.290178108104623,0,0.6247093282827736,0
368.01103891522564,8,0.27170271226813386,652,3,8.44146571000216,0,0.8346382004001334,0
458.78224019284613,19,0.08590798517509854,385,5,0.6965716908319528,0,0.9051811878901611,0
175.53622009591462,8,0.14049840832249866,751,2,10.549859050918387,0,0.7907949071434393,0
358.32052554687425,10,0.25916581662337757,191,1,6.075739574710318,0,0.9333251089224422,0
504.8454563921286,19,0.2995163686167066,565,0,18.223632511779627,1,0.7349990571493185,0
364.87996855469487,15,0.18589292701491708,898,3,8.3583490270924,0,0.8160628784426743,0
466.25546660341524,22,0.18775790330040903,273,2,3.450810758345279,0,0.863635889175933,0
538.4709253321788,11,0.14735581183522628,151,2,14.651596607841741,0,0.7464428753125215,0
757.8413701452172,9,0.4646603802696225,846,0,24.800740593287188,0,0.7903396529535399,0
327.97174732286607,15,0.16877095283818389,914,0,9.837757308100622,0,0.35414400347200187,0
596.0810471311693,17,0.3442063908478641,570,2,30.423341233833764,0,0.5275229081750966,0
681.2214947547476,11,0.24293517571010198,247,2,22.78198032158288,0,0.9869069065152949,0
268.6259893418974,8,0.08515819884039685,336,2,73.8681332802521,0,0.9079839143797428,0
269.5654409962362,21,0.4222831105455518,138,3,7.964441478216566,0,0.7858896009294492,0
1266.9422312371166,8,0.34971762710881993,490,3,7.199411953181827,0,0.6625330297014859,0
1068.1117549170992,13,0.47292102413810533,509,3,22.751949964657054,0,0.7994506135063661,0
585.8808989044825,10,0.29930343854489133,392,0,1.6024093848892929,0,0.8493304702600986,0
671.1190576242591,9,0.16504225369539058,368,0,0.9165215693997844,0,0.9509369429977866,0
882.1000681430718,7,0.29747642111472916,594,4,2.096664252746823,0,0.8375447782266217,0
494.93731798797427,21,0.25740130592593014,777,2,5.812041729791532,0,0.7357582102951454,0
170.1325078771557,4,0.8045793715993501,9,14,8.90704065165572,1,0.11623723953419575,1
762.3423016488925,16,0.09781307533045562,373,5,3.506061212912726,0,0.7939482786732687,0
528.1983526761559,10,0.4746884974953229,901,4,16.595336344240067,0,0.5844756296931088,0
996.5890011878388,19,0.10056292169405705,758,1,31.545080173189124,0,0.8889440417551898,0
441.94392150247165,19,0.2275542222793609,87,0,4.728505762404165,0,0.9054391315635179,0
77.67612978619034,0,0.824963597202586,57,7,77.62890693823368,1,0.25275944552765367,1
409.2789823400638,12,0.18953747996229092,60,1,3.8987457524475655,0,0.9020232691977653,0
19.671119366004913,3,0.32962455677960034,67,6,181.15574152118555,0,0.12873516090041254,1
490.34057907174696,8,0.17547073849624265,682,2,17.862349870735777,0,0.7375018276530025,0
42.97764318182115,22,0.8555056056972944,137,8,86.86009036438172,1,0.4164206343983551,1
716.2912322883348,12,0.31021091109922994,399,2,16.50035101793584,0,0.9510010354291222,0
586.121064996643,15,0.057201873324741796,610,2,9.815624730260073,0,0.8947485111348236,0
870.3721428671503,16,0.21502394503610256,890,3,16.15624809290765,0,0.8566414563376097,0
842.282388557831,14,0.04145039621090171,770,1,3.042579846619362,0,0.8797196821072232,0
619.4372595382039,11,0.14866019598808014,396,6,23.50846247724369,0,0.932928105277936,0
724.9160545096357,13,0.14236591831839332,409,2,28.835174472102935,0,0.7069458454114879,0
565.9187930414713,11,0.06710730930825391,902,1,4.711331178841976,1,0.5616517433033058,0
197.58695848142216,7,0.050474448516219975,337,3,1.031088866256101,0,0.9760399971271428,0
813.9662681774233,13,0.13548757325234667,639,4,1.7048562076716514,0,0.8567977546269636,0
2032.2112330533794,15,0.20327632487485364,489,1,7.7781411601223605,0,0.6014663098765339,0
444.42880697713014,10,0.36483147421082385,510,1,32.58820262172122,1,0.8181486619622229,0
814.9923929536957,20,0.46708899799647813,757,3,9.12922736156419,0,0.9579962762109133,0
1002.038699261397,20,0.09880060526323516,300,2,6.575328391775174,0,0.7235164171945678,0
404.630333176858,21,0.07601212775002714,715,1,7.6490891170221955,0,0.8851490725740842,0
1885.3011619063705,21,0.13855374855586408,132,4,7.679063286005697,0,0.7669425090016905,0
1065.6747417767283,12,0.1684238263471232,502,3,17.885043807565932,0,0.8362761853524255,0
412.48526928850526,16,0.26660362349432737,153,2,0.4481036119407184,0,0.8872337370244975,0
1509.9907745881546,9,0.14244625441298706,252,2,5.241796974216494,0,0.6675042501375216,0
1152.8085277582004,15,0.274686386863712,108,2,20.048099833635224,0,0.9100554180118564,0
577.7169013653677,15,0.20440009218086724,52,1,24.25007399292575,0,0.7210039106377457,0
366.99231160289304,7,0.2535828840349325,557,0,8.527582783508155,0,0.8652874670913022,0
320.26424560650366,8,0.3895438309733163,876,3,5.7780505658073,0,0.898017593572171,0
132.8042643514015,2,0.544397375074067,144,9,78.78628842140928,1,0.241005510731066,1
582.0119851698939,17,0.21212041353294003,834,3,2.8623413876705843,0,0.7062818544077375,0
896.9916954281482,12,0.09966225704955266,858,2,44.158899579391424,0,0.736239796212758,0
1421.3672180848282,20,0.10005001931732546,90,1,6.85931087383408,0,0.8717479150300438,0
1067.8050184208773,14,0.16996649062506966,562,1,0.6012782542664364,0,0.9160742081376227,0
430.8024481755717,15,0.07776336649693134,614,1,35.008279626201606,0,0.8890666817567251,0
783.3945749051787,22,0.08130832324436224,225,2,15.725990929746265,0,0.829782448096748,0
172.98369465964643,13,0.3006567331611446,270,3,24.163350270158187,0,0.5560081931817674,0
933.5925350047855,10,0.17005247199203496,84,2,2.5554333544536116,0,0.6402499743586154,0
453.9021075417585,13,0.19544700580951327,444,1,50.21858019627874,0,0.8317025384744235,0
182.26848595368634,23,0.45438778293703197,163,5,43.13592426121077,1,0.48788908585300217,1
1381.612916010912,21,0.34164599120672245,617,4,12.898522574872585,0,0.955673652776605,0
524.7683901409314,10,0.11263601439366791,216,0,22.606405561385884,0,0.957595714581967,0
299.7904115179318,4,0.9295293136001315,58,9,151.25837339969448,0,0.14225169424289769,1
407.71782430982864,20,0.4274936766842312,917,2,3.5919593959032996,0,0.9145419777877002,0
427.49068443822335,11,0.18049922395240695,251,1,9.833055875361163,0,0.8025063879014291,0
1002.9920644393825,18,0.1835261098680971,968,0,43.55205700852064,0,0.7228081902045089,0
298.8542540813691,13,0.29515228930383514,187,2,1.9444525808678794,1,0.9885695321698794,0
516.1193595891173,22,0.23655708307007617,236,3,0.8307105025968055,0,0.7245918415873865,0
851.8864771792028,14,0.29396839052923757,164,3,3.935139424949352,0,0.6577053947300463,0
784.7695380228133,22,0.18889359048709964,600,2,3.186543453620903,0,0.8125742115853927,0
617.6833838595612,9,0.05781621132307007,844,0,9.022110368358092,0,0.7213741817325957,0
441.24794626451546,14,0.12077662995732182,408,2,10.237718459126562,0,0.8782059307426663,0
492.09446137490687,19,0.3924903722571295,806,1,8.752944681763461,0,0.6021019162118262,0
561.4273228451174,19,0.39553106767688656,606,0,21.98301813200726,0,0.9562801873134769,0
645.5103896394,20,0.08195270460125827,883,2,2.2216498422879325,0,0.7762429026065251,0
569.1930959788212,10,0.22335889858170815,126,1,26.473334002819694,0,0.9229346027812242,0
433.8212629371163,11,0.041583517433144104,604,4,15.671445766683078,0,0.6840618483935447,0
975.9476468824843,7,0.07022585704970212,419,0,17.399195661757155,0,0.8818514015077964,0
476.02956386837656,21,0.16497859006297874,716,0,0.5368728766596695,0,0.6793729294843102,0
303.54440598155634,20,0.10740780761949953,642,2,10.68228017296357,0,0.8371754123883386,0
753.2767567042257,21,0.035865704484421154,770,4,9.362493282102868,0,0.7816433973705657,0
78.71579945867899,5,0.7007521612914195,11,7,62.87727204498097,1,0.005538032750851085,1
793.9478193661166,15,0.2006024035333586,638,2,4.796174717268498,1,0.919100093612971,0
694.3391415377871,17,0.14511465104406246,96,3,23.030852623115923,0,0.5876318293155699,0
275.06192833114164,16,0.11512138391637576,818,2,2.088366231695777,0,0.8854582619907727,0
699.4897180279609,21,0.15660253781181155,233,1,25.880955939266723,0,0.6520578402948182,0
573.9334885124404,23,0.8099095148699655,173,9,14.248384959119962,1,0.28370400961739295,1
693.1931997069714,14,0.15563674895052662,322,3,8.496657377632477,0,0.8299446745263002,0
572.8104344252273,20,0.21047469772415828,860,2,32.269583066540356,0,0.7127126656617299,0
163.73770952477292,3,0.8457245968850002,109,7,480.7330752361379,1,0.24179633650681503,1
676.5214072393131,7,0.26647362970217797,825,0,12.985035399233615,0,0.8783459185325897,0
506.1344315327197,11,0.10840866404498734,594,0,28.78282381507614,0,0.7903340620978095,0
348.46395816018094,18,0.2733695082484907,348,2,58.493569958160954,0,0.8756633126988916,0
624.390165760573,13,0.04853267180748565,902,4,65.53531676002086,0,0.8394108148828248,0
555.6128565548777,10,0.23843794830850315,479,2,1.8412271933792808,0,0.8767950513887282,0
414.4940596803267,17,0.08038758954681104,235,3,8.390358498239033,1,0.9477251953559563,0
517.0805554583741,8,0.15090738090387132,164,1,7.617587140132843,0,0.5528185408785417,0
652.363863026539,21,0.039260012858504285,655,3,24.86028009608018,0,0.7056789506518913,0
396.65490225719276,8,0.3185261091212098,485,0,5.974487092756691,0,0.5361914748332771,0
633.9130621398314,20,0.28460656082247726,280,2,21.903462797136832,0,0.8729271588637645,0
711.6241082947514,9,0.2096102216300197,202,2,5.174189028103749,0,0.7222783492595697,0
485.56955301536095,9,0.10145873777916065,107,3,28.657260172656322,0,0.7616421971990981,0
397.25084477900674,15,0.09661680826908475,307,3,16.643327798566393,0,0.8511132118508501,0
230.12047632112302,9,0.10058929666419603,489,3,2.8003893780912117,0,0.9615158800606554,0
945.3751509121845,20,0.5214177024746943,686,3,53.562589255315324,0,0.7653785152242479,0
523.1409959319587,22,0.2051940838858199,595,2,29.39868113974199,0,0.8744695165257041,0
273.4304532901116,9,0.3049571109328806,827,3,11.380150717659905,0,0.9173167721355346,0
531.5376746916104,11,0.06565498437645187,773,3,9.680086737338264,0,0.6146174390533308,0
631.4000216384774,7,0.10004446311263157,968,2,11.255585390269955,0,0.8227215215641477,0
1124.5085212017464,9,0.20026931105607737,766,3,3.662459695226293,0,0.9611145660711224,0
949.4422355198419,15,0.13291400132258244,65,5,22.25294380554473,1,0.8471759455047656,0
710.7834967198045,11,0.19782801868437871,561,2,12.870712078690648,0,0.7745697454623773,0
581.5325780688798,16,0.48851174754739374,621,3,11.34005989090046,0,0.7954870706565884,0
586.7224492085816,12,0.03987407253428059,487,2,9.339567985428763,0,0.7190667854311606,0
489.1517261285333,11,0.13469591114031798,150,2,11.1233857959603,0,0.8986094830426068,0
493.10724961059526,12,0.17158717624626507,43,2,7.7318230510709665,0,0.933353171849164,0
523.3506401976975,22,0.324458232415215,757,2,7.124777242547791,0,0.8163551240027176,0
2276.052077594076,13,0.14392914658205994,850,2,43.24054493446011,0,0.8442669833574571,0
289.6061815838679,12,0.1867350599354282,112,1,3.7005062140817753,0,0.9036794105846874,0
700.2679901418969,15,0.4013910484409592,731,3,3.095526179732639,0,0.500248671007689,0
742.1449096058277,18,0.06271240454440345,193,2,4.172900298184723,0,0.5563780202177571,0
150.21384593197783,4,0.7269780363977282,58,7,152.17618478066154,1,0.13182514105206253,1
1914.3190048300282,20,0.25980306607385595,149,1,20.865249362953662,0,0.7310814970350752,0
860.4396730759871,9,0.3929179600655313,471,4,21.235554053852383,0,0.9434765258655714,0
815.9799017864125,15,0.10885247578750472,589,0,9.997185394418675,0,0.7936986596283434,0
98.26409978244125,1,0.600543711996756,44,9,217.15367638400733,0,0.252203957091575,1
641.0625084234463,16,0.251889079623008,416,3,1.5512680930997373,1,0.6747434828561236,0
476.2511028753571,14,0.045971212362897626,481,3,2.428507606812182,0,0.8570844184479619,0
225.1335812182193,18,0.15205417852887645,671,1,3.4897593138406364,0,0.7114455054452923,0
726.230875906636,16,0.06654520197332538,869,2,52.51749034078444,0,0.9269007849586545,0
293.9598716835407,15,0.187881265757856,404,1,1.0690141763224563,0,0.688208152426154,0
755.5432711961585,17,0.3157967171161151,584,1,44.15961128584923,0,0.7426518568333595,0
522.6648014910144,12,0.019597237964928283,363,2,60.26375498636162,0,0.9255596921906868,0
970.8519252925329,14,0.4896543448148533,915,1,4.878284100491028,0,0.80445955162054,0
432.0472852486382,13,0.24703031920163834,574,2,4.740337564516262,1,0.8322158541795805,0
1265.5437822254937,13,0.09033098068918634,320,3,6.023747386894261,0,0.7887945418877802,0
879.7234670303634,13,0.6348566666027257,838,3,1.8371086301725155,0,0.651947632626631,0
574.438139328022,17,0.21058854764164325,604,0,10.026979033076826,0,0.6745016294712324,0
491.29638097961856,7,0.09843742564391078,335,2,52.55309205373652,0,0.9166493440982132,0
556.9773566548803,19,0.04304442220179227,417,2,0.09157549787328298,1,0.8144825521067642,0
800.1643965675321,21,0.2920100620735195,525,0,0.9508698468813535,0,0.8232580669498419,0
1026.0722395275884,9,0.08632080904723845,815,3,4.282077297076241,0,0.91915819581358,0
173.05930848243054,8,0.1501090064595983,711,1,13.166796619813642,0,0.9262178425713267,0
430.89953595085115,19,0.0976775566465173,392,6,27.6787484730798,0,0.6245673180669734,0
291.5155761602562,13,0.254089489445534,431,1,4.157516444018856,0,0.7573058274648323,0
870.9476742838979,15,0.08242349796083344,214,2,35.91146909742838,0,0.9458004241269126,0
170.67599748419659,2,0.46209791617699425,192,13,212.77899501091753,0,0.40125530480050897,1
531.1302359875156,22,0.22010842893096152,350,4,17.225580490599945,0,0.9393342822439249,0
696.7987579562378,21,0.2587160604223731,954,1,4.4684825364521945,0,0.7479282091596553,0
536.065296337683,21,0.5922848136475325,587,0,2.949591979292637,0,0.9755301621675084,0
1247.3533033238953,21,0.2523831135446465,876,4,2.741839988655963,0,0.5865684822452286,0
1777.1786784649385,14,0.22449625123613107,971,2,46.663528129503334,0,0.8036755540466337,0
1848.5640257160098,8,0.10677746777611753,587,1,5.701371976015542,1,0.8075443951502143,0
564.7055453131226,21,0.2667514944419707,54,3,2.8461295630953143,0,0.8145180331012838,0
785.7124158620649,18,0.30958790612237125,882,2,1.1939661835878117,1,0.8410374354796742,0
792.3372422720071,13,0.3660213372611105,838,1,5.843958932123275,0,0.7419509810895223,0
421.33223189305016,19,0.20328726563191407,538,1,7.540018208376341,0,0.9189667090976413,0
960.8844501838097,20,0.11467288018055037,605,3,10.933104602240787,0,0.9294008959811844,0
636.3492079102997,20,0.2280671258244321,99,2,8.541373605744912,0,0.7265811216623831,0
747.5288484013487,16,0.34065139518786325,419,5,14.010540854164828,0,0.6501136289542903,0
142.50175528824198,14,0.40518859121552847,253,2,0.2964863181130838,0,0.9139137079291233,0
501.7730643266151,10,0.31450264997951816,92,2,4.345456790475808,0,0.7389106484838929,0
580.1752350579729,10,0.17736996936918029,884,4,18.832871013217954,0,0.8646254806233828,0
383.0933807215815,18,0.12449031284697956,272,0,7.5793461638077595,0,0.9403131018216623,0
376.11113020671604,20,0.1237104955267762,655,1,5.67560698384836,0,0.8025658787611842,0
755.279910507083,13,0.09666033140023868,778,4,20.182358828848372,0,0.9565676493949413,0
225.70151468918834,10,0.024152737629295602,991,5,17.2460367937091,0,0.5536467414711399,0
1023.7378053449538,12,0.3533706541433333,116,2,6.812516467613678,0,0.6854876595413357,0
365.7997006687954,11,0.03153361659614777,905,1,53.68088511457056,0,0.8335140650783733,0
521.0509452699968,13,0.153981201912778,536,1,19.35147314977597,0,0.8899818308245404,0
883.4004818591653,20,0.39328433836239807,347,2,2.9863855276959206,0,0.8672200888979176,0
708.4975493869363,11,0.36076444169018085,989,0,7.240445428756489,0,0.7975756474775804,0
1142.6334687786969,19,0.39187695654901095,820,0,16.940964542369734,0,0.7864823379020587,0
699.8260684404204,22,0.03595163746420224,109,3,8.69832318892339,0,0.8571191099542522,0
757.8540540644159,10,0.31671811899276064,151,2,3.1940368842616422,0,0.5869053509856331,0
336.1231529659709,18,0.2859294926544931,455,1,13.54742959253451,0,0.7916971182823802,0
1106.7735284570315,15,0.1560291667888541,304,3,36.03369888745495,0,0.8666185480330076,0
355.82333294154813,12,0.13244314424360748,250,1,11.482270672704615,0,0.7163543621443903,0
891.286775155059,15,0.39788416210576544,215,2,11.894847893816465,0,0.756935619031032,0
427.82925132641,18,0.17245379903549204,334,3,3.1124592716657817,0,0.9119513772475899,0
529.2338296333785,17,0.12109868959736997,897,5,30.831075125116485,0,0.8669604222918953,0
456.79412078218394,16,0.1962055933615191,874,0,3.5760901627011545,0,0.7730199329413661,0
958.9377312835701,14,0.1613721373170273,938,2,35.14349055249902,0,0.8486788687326106,0
591.9802144643922,8,0.050559830384772866,216,4,15.805130051975468,0,0.7078600848346415,0
749.6400958936398,22,0.2641604727700702,470,4,10.26624749712207,0,0.8033377698709134,0
909.9335906611842,14,0.070825536242188,181,1,8.832458849861627,0,0.6656096520982988,0
1558.4592846308951,11,0.2907765908436574,82,0,7.018381326513797,0,0.8985927869999892,0
618.1429293581969,11,0.10683880977759612,932,3,6.448298384789825,0,0.8004558960887576,0
841.1769031706839,9,0.41103646488549717,914,2,20.26616094808855,1,0.8279766928754794,0
1315.2156741242866,15,0.11718664123012669,75,5,30.87230307537877,0,0.8731967978542319,0
418.922952140328,18,0.15158051380272963,372,2,22.354290995181398,0,0.37627526437789044,0
1006.8439754701424,7,0.08659064588124223,204,5,10.811512301284912,0,0.7501936954079548,0
557.6462704151302,18,0.25696774996772925,306,0,8.809539862047593,0,0.7852454305669853,0
651.4286624302063,15,0.13353271650692145,790,0,1.3142621338511604,0,0.9138240848723755,0
1056.2273027473698,11,0.1911576446653191,981,1,20.285678504109097,0,0.5819306603971377,0
792.3409914357408,22,0.17961477020862737,858,3,13.818775228047881,0,0.6369334298381264,0
605.2810632073082,17,0.2547135940855683,757,3,6.421219900444187,0,0.7555692327825628,0
585.4780027159134,13,0.2177985512166377,769,2,19.421576177568557,0,0.881535783491447,0
572.3417818398076,17,0.6610260589244741,161,2,54.07894387460585,0,0.9278152322406359,0
653.5741959560248,21,0.27900543277978296,72,2,1.3195456958456278,0,0.6764975678856106,0
330.33154857893345,12,0.1535021162778183,359,0,9.554847692846794,0,0.7378597126064154,0
690.0348000057078,14,0.5800517514237747,902,2,11.278221685638648,0,0.892182334721146,0
772.1465411502791,14,0.2988319594323042,769,5,46.74139424848207,0,0.9578016164366507,0
1458.3950658037056,14,0.3165123401804462,601,1,13.15560026625791,0,0.917194334992824,0
388.94889637173077,19,0.03809234941357952,315,2,6.775017086835162,0,0.7442013057231955,0
592.1917503324736,7,0.14201565650321787,525,6,1.6856595804673038,0,0.9451947830623272,0
486.05138185087395,7,0.4070247659944746,353,3,0.44037875334410825,0,0.9447749260403565,0
1003.6689103051219,8,0.3632675379907045,82,1,15.577314649923835,0,0.9589371785362895,0
1006.9652294392696,17,0.08846734659939379,306,2,4.403001073429241,0,0.8743867588912093,0
573.2010786835948,19,0.08792321240323697,157,1,2.0001107771933855,0,0.7299807939414716,0
732.6243291384387,19,0.1979699504821866,86,4,2.6220900005754744,0,0.6299307590061246,0
395.04766545224135,15,0.24032130609990365,78,3,4.7740164017214965,0,0.6964282284319967,0
950.188716894781,8,0.18700983140147603,834,1,1.4907048263829341,1,0.8844280640764804,0
774.3096866302313,13,0.2758072737241481,742,3,26.92644482686348,0,0.80463766674215,0
351.30142030159897,21,0.07945286747562584,346,1,16.348724006795464,0,0.91852887219007,0
485.1097029918765,8,0.7280403872286172,981,1,15.891916362014092,0,0.9659182420837563,0
575.6698118819319,22,0.41858188722459266,118,3,6.604111012902656,0,0.6902038038685934,0
530.2676499353928,16,0.1338118056732525,80,3,5.5439847600691206,0,0.7671768760279284,0
939.4042589638648,20,0.14426971187726,889,0,8.915894357951686,0,0.9261579450001772,0
585.9814581868402,14,0.12587796339851748,969,4,21.839235218712727,0,0.7612744733787534,0
399.2108485851233,18,0.31187403907801736,385,4,43.52274536403845,0,0.8890656299658067,0
1718.2564653312886,11,0.4062924616921225,413,0,3.9704823506755362,0,0.8402192742670291,0
981.0130824119415,8,0.11409493831436893,55,1,0.27182390214857316,0,0.885516296061903,0
927.6186284363482,12,0.2339397430533431,186,2,42.73350390826289,0,0.9417591955993746,0
892.0124285017973,22,0.015559501794948286,819,3,4.330874553583413,0,0.7221208955339459,0
1106.0695525624978,8,0.08432933441437027,298,4,3.67353916936419,0,0.7761229776817996,0
382.3412278167339,8,0.27896361301179284,906,4,1.8618390414401107,0,0.8849787834190598,0
921.1953820194452,14,0.047475865955100685,743,1,33.29352806968554,0,0.8745364671539744,0
775.5010526365887,7,0.06986955463751224,747,8,38.48042245797664,0,0.5867197511455666,0
1014.9110056443401,10,0.22080829750708658,84,4,2.2282190131774584,0,0.9798497966305127,0
1459.53111117028,22,0.07880810215750812,865,2,19.805289750489237,0,0.8884199587929656,0
858.1416334987749,10,0.2278441267837496,693,1,4.276052337544232,0,0.8441022354393556,0
449.79895309175265,12,0.4746858110423935,755,3,3.922518357756385,0,0.7297671460096099,0
955.0481098630619,9,0.15155021258971732,833,2,13.168605441013934,0,0.8119418808595705,0
607.1455333131612,15,0.5510540731288045,44,5,11.126460827383859,0,0.744677994040156,0
524.4711730490042,7,0.4517177140673908,685,2,3.0327084388895558,0,0.7591929491287787,0
976.4582788496436,7,0.053337410463026876,577,1,26.36222965939365,0,0.8652331224657316,0
339.6975156292223,11,0.15759310933031442,363,3,1.9115546530343726,0,0.8567014671252676,0
387.01083345393636,12,0.018024301269566535,217,1,40.99813430053821,0,0.7742408524011478,0
1026.6277828152715,9,0.23496065984810244,183,1,8.510841015629824,0,0.5702316583222655,0
1732.8862431800273,12,0.05525616644524598,643,1,0.3039662499866146,0,0.7304514851191934,0
412.77693245099215,7,0.05051681399755841,493,2,10.271792387869924,0,0.8763191672761761,0
467.7105187122415,17,0.27496743859573197,763,2,28.441673665904514,0,0.9502172410792797,0
356.5791167050062,20,0.3065817091416474,855,5,1.3836035177327135,0,0.9627014009279891,0
1068.2580291728102,14,0.04906334316190165,804,2,7.896424518432133,0,0.6221950804171148,0
767.6056770342792,7,0.19420291186208855,751,2,16.6401524606874,0,0.8498617668614619,0
624.6368991797405,11,0.19800968625955678,631,2,12.745099415075106,0,0.8973441904365569,0
981.2442328472416,18,0.16537110570040325,777,0,3.741274977813818,0,0.7715319788245517,0
878.9969775962217,9,0.34860194317235116,623,2,43.938989575969025,0,0.8415374684286948,0
586.4310605697057,13,0.028572608395351858,384,3,5.4421232498934,0,0.862923282204055,0
288.4653485413709,18,0.17057358821806162,918,0,2.033928469800041,0,0.849041385739721,0
266.72198924039833,20,0.3464401497760221,504,5,0.6024939191903591,0,0.9203083708303094,0
663.4580430385645,14,0.5644459291674928,616,1,3.6314488167876897,0,0.9437037786687018,0
758.2141187365934,21,0.32399601581795556,877,2,18.42216291423507,0,0.9278554946669441,0
721.4580653784343,13,0.08763877833815092,54,1,2.825972632186673,0,0.9480159636520883,0
841.2571903552824,12,0.012839452586304452,836,0,25.035833414820953,0,0.44380135189796727,0
914.8031035261794,8,0.36707845182147697,102,2,9.599139493989705,0,0.7839467463110947,0
398.570115414133,15,0.25755488247378727,142,0,18.374503988663633,0,0.9645561551403757,0
754.0864276571224,13,0.18706127105636755,521,2,1.1723896250111046,0,0.7959328424022232,0
970.7378649042578,17,0.12242146772792263,727,3,117.42053103675534,0,0.3908724543206261,0
581.273215330756,22,0.08827822067003716,125,3,3.09342988103455,0,0.901590276341172,0
325.7309467968845,17,0.0785340940369852,927,1,19.36735418636611,0,0.8573341854984694,0
426.3313141840969,19,0.13704891559585664,602,2,22.07243949529187,0,0.6689814792351353,0
449.66395691387345,18,0.19247005429138547,464,1,30.710340050144286,0,0.6873539042986689,0
532.054877685386,13,0.11973223211855924,352,3,38.560573578286984,0,0.8535160756952939,0
123.84898345143688,2,0.23403470372649593,3,16,82.65034345676212,1,0.16976581258202925,1
734.8688615272033,7,0.2496083848583903,953,0,13.364581797673544,0,0.581602273166879,0
501.33701009794027,11,0.07030219966391513,654,2,14.790772761392567,0,0.6608433687939613,0
1351.7212895175253,15,0.5108765298988861,63,4,21.430562113048495,0,0.8239173080935133,0
521.2239448194999,20,0.11627444629002272,321,1,16.445374549681596,0,0.7606215518319814,0
910.9556645746238,12,0.3289883548204893,944,1,2.253942382094094,0,0.8056594355973916,0
510.416392855555,13,0.09024979359795408,107,1,4.949389821087982,0,0.8583433583447202,0
476.1151593185402,9,0.06292302683736595,945,1,16.47841368620592,0,0.9287181722029425,0
437.52672156643854,21,0.2609783754468963,107,2,13.049055586336317,0,0.8974714115765429,0
252.78447579692335,9,0.4272011267927642,80,0,26.970256921996643,0,0.8691084947090342,0
337.6637139584307,20,0.2542571040126531,164,0,3.5638116122850065,0,0.903699577886335,0
292.0973838756859,20,0.45306201654893724,147,4,9.172094773195111,0,0.6988791723762912,0
168.130774561558,16,0.2636757235909472,517,3,25.76855428576301,1,0.6523874146002925,0
887.6704975708261,8,0.11911391157626743,737,1,2.210361546185951,0,0.91377045780746,0
784.4132264974479,22,0.0989251644608397,695,1,6.6032460176852465,0,0.7230120797925619,0
1936.5590855874636,9,0.3434244226800466,82,1,5.729310654931156,0,0.9599125486055228,0
548.2055366186203,8,0.21626428983784582,434,3,10.122526351387746,0,0.8759959934453179,0
846.0994969031584,11,0.28508282540681645,82,4,10.430305664106825,0,0.8390376324758198,0
980.8184379191431,18,0.2523731220351507,241,2,24.134053465146273,0,0.7678943890651395,0
1223.5921551094607,12,0.22115504784772555,229,7,28.137108599495022,0,0.580261272498505,0
1485.8826712584696,12,0.18681566650652146,995,3,2.96480686577863,0,0.9583638670044927,0
252.6515617528539,3,0.45646325950786837,98,11,207.9602996762882,1,0.24570406307609713,1
1116.2927375508157,18,0.20201873190951367,356,1,42.59272930692681,0,0.7684430766725189,0
631.4433143269138,19,0.16608788840024702,330,1,0.9999544983110162,0,0.8068402903221507,0
475.321274294296,22,0.08522914991623161,834,0,8.91007370468504,0,0.8956874100679695,0
620.219119523097,7,0.12246503163727566,523,3,5.1528168152198965,0,0.9220198768409372,0
587.8547748435678,14,0.1304168206038844,684,2,17.94463248218782,0,0.7948767947686812,0
674.3018138182215,22,0.40668578688816404,983,5,25.09545749483801,0,0.8058871392911394,0
458.4984590594284,10,0.1297937436417206,756,2,24.76051367875027,1,0.7729321912789582,0
552.8153295980882,15,0.3134571634532031,86,0,22.36800257191756,0,0.959861377871024,0
459.920148042049,3,0.7242473974534412,25,10,9.914028641499506,0,0.3346137145182973,1
754.9777861291794,9,0.10327258648704432,227,0,29.48234517832101,0,0.8601066630876008,0
527.232231881892,12,0.07955710721820766,159,3,11.503862908681988,0,0.9543242802514503,0
1051.7507704297739,10,0.18439663884380977,920,1,11.160990644412925,0,0.6266407960422224,0
131.90446700441646,23,0.7083322805523607,8,7,262.1225282248566,0,0.028910772715521286,1
527.4434575562854,18,0.06201186377590167,773,0,17.52078672253245,0,0.7193645437371853,0
1033.5085138554396,21,0.13587274937321667,220,1,16.03105966779281,0,0.7804917646826528,0
444.5664274892279,11,0.14842980216585774,891,4,2.822237962931648,0,0.8395630796800363,0
894.5801034994623,17,0.06282544140406165,336,1,5.642994505106779,0,0.8350417902600645,0
95.5840023049054,4,0.7831264500578935,126,5,44.97401921705748,0,0.24475944621373733,1
613.5243629205753,19,0.2157561643669513,76,2,5.865230423512783,0,0.6866291573058454,0
890.919966879953,16,0.026237599313324252,371,3,4.300640123669818,0,0.8552154521806913,0
2211.9028117578446,11,0.3193122345162175,519,2,1.807341281854396,0,0.59299632232025,0
676.3667883208033,18,0.3676933811276971,662,0,6.184150689916438,0,0.5319159163400945,0
471.83670722889144,10,0.1966608892579863,247,0,15.448297345749166,0,0.9148300056298307,0
627.1545640754463,19,0.43471032732315745,282,1,14.446318396807074,0,0.9552906104660994,0
1616.924767359657,20,0.1986928831645157,61,1,54.156006042470935,0,0.9634118644325762,0
952.6521833720751,14,0.12465621661545717,968,2,53.51922030798217,0,0.723370936786065,0
1213.7044004112422,9,0.32478405719566744,178,3,4.722798317155305,0,0.9171706186356658,0
1253.2979956928173,7,0.25087685254149605,521,2,103.35201756282379,0,0.6262765801506154,0
569.1720011200485,7,0.08788563091964356,150,1,18.58951499721956,0,0.8704638119227321,0
1016.4715460204187,21,0.2676713035638134,90,3,17.802601271629044,0,0.848950580303054,0
862.2304702383544,22,0.3562659808444616,555,3,13.196788939434038,0,0.9436727350446821,0
341.17850424800463,16,0.23285430887758726,291,3,89.5765753323143,0,0.8417273462213741,0
424.0123003202647,14,0.15641916509133072,30,3,0.5449922661354353,0,0.6252047584132508,0
469.10281786357626,11,0.2158890354608006,476,5,4.251109149634924,0,0.9124985242420904,0
535.0391406369245,17,0.731235999226748,181,0,18.48410227855601,0,0.8576945759900172,0
542.7823242934796,7,0.26551124307576796,299,4,54.80078900558894,0,0.8452126224748111,0
655.8797280816086,17,0.08105975265156452,810,1,4.462588874269744,0,0.740020960806311,0
1581.9590194200941,10,0.03766446601525174,726,0,31.308989004912377,0,0.8121068109232733,0
1295.5435218118,21,0.25925393377556477,132,1,3.1430503880912752,0,0.7239838205237157,0
531.0855577585988,7,0.38200974183346476,358,1,0.5652225721156188,0,0.7505167021116088,0
484.759501007537,15,0.13779216148405174,667,2,4.49983104482771,0,0.8626325289505802,0
771.7868541317383,22,0.18574669813958697,241,5,12.08290704363752,0,0.6853067835208387,0
932.0377689068769,14,0.048656388187966075,373,1,6.243905240961527,0,0.9200603353453675,0
641.6084073146294,9,0.031206296820806556,389,1,35.31218964589365,0,0.730731172193478,0
819.5998892692469,21,0.2400110495811667,36,0,30.08486836292108,0,0.8357747093373137,0
585.7966108334376,19,0.3193598685376897,39,1,16.885101854251335,0,0.8096711791895359,0
130.636370675841,23,0.42941731310531334,166,6,3.864817924354763,1,0.549682247244373,1
1859.3436945690605,22,0.11738304721463146,517,2,23.661244737228756,0,0.7898822839979212,0
323.2421134549744,2,0.6344659383258202,67,11,19.683485185976103,1,0.1300447538958295,1
1273.5715755684816,12,0.22892110831018914,142,3,14.299509770200604,0,0.8449312609475685,0
718.9504121247727,18,0.2646156267499494,827,1,9.781961727678862,0,0.7202138605085043,0
464.03879982673124,20,0.15772157074438137,487,5,3.715920267594057,0,0.9512596483930799,0
887.5294474415161,17,0.13141395809106515,128,4,16.776266328756396,0,0.6178392553267343,0
484.55635365043275,17,0.27506041993273506,866,2,21.71013468491823,0,0.8192581374193634,0
141.20781666780593,2,0.5948443881335901,47,10,51.51444326521628,0,0.2556301477958226,1
474.79862571404726,15,0.11006998076849232,256,2,25.145879851008395,0,0.7546968522725632,0
509.62937987053795,18,0.20078011793284425,54,3,14.686383160567146,0,0.9282948595573426,0
762.9487027617147,19,0.09578336336212508,61,1,26.214170055790643,0,0.6748412087961567,0
860.1268698654372,10,0.12225456814382318,392,1,39.81939277700299,0,0.8662657517482856,0
409.1881035276032,13,0.20732835940555683,982,1,6.937857532406287,0,0.9133182234949092,0
660.7353066521048,8,0.21928296630651745,561,4,30.979771153053832,0,0.8160364297909224,0
988.6075180435879,11,0.14736698846940136,837,2,1.1980521031265652,0,0.7160955021381941,0
977.2851369682026,22,0.25351605741505934,702,0,6.607265624155154,0,0.8260913917022594,0
199.44974409337914,4,0.5463091862486614,85,5,107.59142210731922,0,0.10733569144400991,1
640.8808350916792,7,0.03841652264693653,586,1,19.775490216356896,0,0.7298313351348721,0
640.5714104508331,15,0.24267330393846404,273,2,6.560763866099431,0,0.8095567761126882,0
640.4932613211448,20,0.27434513124672666,898,1,8.782172178345746,0,0.6671031089464842,0
778.3208133876217,16,0.1772803053349355,624,3,14.163369352619874,0,0.7178424833131284,0
921.1265617264369,21,0.15847511267029707,350,3,4.306805916788758,0,0.7160834460800103,0
300.84374656020685,12,0.1812318981406299,833,3,16.20619926332969,0,0.7109998025730133,0
1015.9375547640096,10,0.36427857283479403,384,3,6.886096937173598,0,0.8227270096273049,0
369.5160752501767,10,0.022301852148909715,33,1,5.83108203053415,0,0.852840587338459,0
568.4800613130277,8,0.23480704142008005,841,3,19.151200701378038,0,0.8915530847382367,0
414.85013876164817,17,0.11602915465424088,858,0,10.011317317561064,0,0.6544702668549345,0
390.08040459941503,17,0.02814368907122752,482,1,11.049541546476915,0,0.5661333892509421,0
652.1583452493212,17,0.39128772487052826,275,0,15.370502709301382,1,0.8169047062030452,0
476.20785080267564,21,0.3461368898407738,253,1,1.854577462673416,0,0.8645824124048233,0
407.57886722812003,16,0.029397797484327654,416,4,26.062685140521808,0,0.668261262839508,0
940.5077523936083,22,0.21187256782141906,637,2,49.00898080802727,0,0.9079728814040299,0
569.7464016760349,21,0.32895309327567096,184,0,9.013961998446645,0,0.8281760379000791,0
290.69862168427215,13,0.17110429809600894,737,1,6.244385467933344,0,0.7776862336366168,0
559.757857345462,3,0.5581400484318333,55,9,434.97306880208816,0,0.11251903571164054,1
428.7541215147982,20,0.2560530855791741,717,4,17.306222787902364,0,0.6627673724186228,0
503.24639810687603,11,0.1473818166485864,197,4,27.663005983465176,0,0.8374810984499914,0
836.4742382035186,18,0.08509596366861318,579,4,21.77334706172941,0,0.8700404064103752,0
1540.532955893684,9,0.1222947816871262,886,0,20.20962573569117,0,0.8727399435470402,0
361.53886563638855,17,0.15908877664066048,591,2,5.396139194434208,0,0.6570677281660758,0
200.71222308533308,11,0.1908045900323014,915,1,13.803060923694728,0,0.5875347692730015,0
304.77464340542133,13,0.5744965740985186,687,2,6.106984744379425,0,0.9218118871750178,0
395.2825643128678,17,0.2159405732642621,177,5,2.2277828848224033,0,0.8601779408026822,0
482.8814487089439,21,0.237979792645421,191,3,13.469585168999444,0,0.821182789736444,0
840.2067802662011,20,0.16130584051945784,252,0,26.298757302058558,0,0.9313947312900052,0
1381.0921550040393,12,0.42459295554352994,682,2,2.8362406945427114,0,0.5953205417248532,0
1085.430595167407,14,0.019129315154079684,183,1,1.3454153783208014,0,0.9393214332304708,0
556.5399974338217,21,0.029931494780516446,59,1,11.746710023025447,0,0.7868464020576367,0
868.7158508624408,13,0.18860850955822944,314,1,11.428369740512705,0,0.9822078725795695,0
871.3672991175829,10,0.06343759332105933,35,4,53.46410487408683,0,0.9490144492799973,0
1542.3428020337383,13,0.1444089274705414,279,1,23.67141918649684,1,0.9834555285639782,0
1260.2878571898193,14,0.2292300772425395,772,1,8.805563954352802,0,0.7339611460239074,0
833.3379154755092,13,0.35142875379260263,406,1,31.85920274960129,0,0.852110581560357,0
2566.7833200157006,17,0.04776147496953291,580,1,2.3629431558520433,0,0.787554932407102,0
738.6113746088638,22,0.23926274384585866,833,0,0.32831326587078247,0,0.8665543123497965,0
1118.8866808660132,8,0.02532974953092402,313,1,12.975223087157392,0,0.8163024325648791,0
613.8527549650227,21,0.33604924518750534,842,1,30.36404112371827,0,0.9059995732685725,0
881.0448996712715,16,0.17041256768555366,706,3,10.306123801450557,1,0.680256664594253,0
687.5597831414624,18,0.15674718697750312,578,1,4.413918376294335,0,0.7981154842647585,0
459.00884458754916,13,0.11496988176070776,897,4,1.689348248583252,0,0.7799311255121854,0
33.79450690368265,4,0.5360197264695092,24,9,145.63891750363976,0,0.07899817758075177,1
372.6586001317822,20,0.23884486767340216,910,3,7.388669403861407,0,0.7147676455694648,0
380.76544377974966,13,0.08534793612774089,287,2,28.86235539010805,0,0.9477105026463464,0
541.5076268327977,11,0.20133011988065416,917,1,8.881424893044306,0,0.7586624410113498,0
556.1951048133058,22,0.17473589281630283,538,1,0.7895274153527115,0,0.8037248934655445,0
1207.4302800998664,19,0.07139472926128408,545,6,29.48068238389132,0,0.8519442002430611,0
1526.7029450105424,15,0.497823496754508,37,2,10.41237841047634,0,0.7071708604921072,0
862.1006058226365,16,0.3275750914767358,604,0,0.6333220631802348,1,0.9237487920635616,0
338.77401026945915,8,0.11952813009219566,473,2,14.364056922328835,0,0.6082322902220302,0
293.5576605405797,8,0.31384488797632565,88,5,41.995143454207934,0,0.6567020955240044,0
324.971447516124,14,0.08904604922101701,306,3,4.438479116690059,1,0.6420954160238634,0
1768.390497640775,11,0.09511987115797922,115,4,35.972117676269754,1,0.6783463164131904,0
522.8583387886113,21,0.02558164838800179,359,2,20.95823251196953,0,0.7974726963834983,0
125.85310737233911,4,0.4422858562396445,113,11,23.381231246436432,0,0.34261136160891625,1
290.57112170701464,10,0.10211079752967375,749,0,1.993125645702398,1,0.6345139435770191,0
399.59024695782716,14,0.3159288218692598,992,1,1.2294763825859796,0,0.5490984586253295,0
344.73507851859983,8,0.03526173006681739,124,3,4.06294525955412,0,0.8091393953362774,0
825.8604586017211,21,0.13381664711864036,276,0,15.558291730207316,0,0.9289168998054118,0
579.9659186469387,13,0.19352725648424668,781,1,5.0052893682742745,0,0.9408963592356028,0
1238.9772719720709,9,0.24994007997106943,366,0,14.719059201986111,0,0.7094593030675712,0
1243.9750989922902,15,0.14313489381061906,930,2,40.007308688596744,0,0.7748830751479964,0
230.69651085639276,12,0.18817547813889807,926,1,10.14270317794451,0,0.7461451335441021,0
586.2645036967608,17,0.007487657558587996,156,1,10.76904010134207,0,0.8403482864264331,0
635.6915923050102,20,0.1576748972401258,306,2,16.58066677144813,0,0.6786245889579082,0
654.8214658480917,7,0.43666994461930586,941,3,7.338228586757365,1,0.8454549035482337,0
1334.1760646631437,13,0.2540166994764735,401,1,4.0611975169091865,0,0.7714462417594817,0
785.0802351891991,7,0.12774265605068333,752,2,13.347685886568026,0,0.9074229219289097,0
1693.9637980458624,12,0.01447411466854294,907,2,2.1534776355865985,0,0.6409490729785029,0
345.6567029822776,19,0.16184458872783158,83,0,26.42829280459006,0,0.6268255001316264,0
1265.4319453113937,15,0.167041679472594,195,0,19.307048550799838,0,0.7324302764491326,0
966.0700363495587,15,0.4004925520648272,84,2,1.9625150522563126,0,0.559475305629054,0
737.1373894745128,20,0.03374720499092558,925,6,19.051025195254777,0,0.79203588232486,0
564.2126842961671,18,0.035076694070022105,111,0,18.501674821488752,0,0.8469910649738136,0
1039.9956243526824,17,0.026444517463785736,703,2,18.065656745021712,0,0.9182364518572013,0
465.76122131343635,7,0.12846211890505996,170,2,5.397823644376496,0,0.9340619926324176,0
1561.0808657948996,21,0.36091060750866505,69,2,6.580185275434593,0,0.8801429761623065,0
767.0067169883126,21,0.10116058750123612,752,1,30.439876079569753,0,0.7494138188013428,0
1037.5230784926184,13,0.39290758123072134,554,1,15.630579892484615,0,0.8168129067467214,0
570.4116841729525,18,0.13665687447039132,494,0,40.8391570531454,0,0.6508774350271945,0
449.5467247238821,20,0.2577516115003697,813,1,13.150545016905008,0,0.8257916083520415,0
980.9025286699408,19,0.26974845592941676,968,1,9.81108120124266,0,0.9775078864370743,0
424.9508129590122,22,0.6489769118717486,112,7,105.2363622672607,1,0.15649668469176786,1
425.5520304420181,11,0.12632014214862314,445,0,5.005073517167623,0,0.8452652010103519,0
555.6917336106235,7,0.07658338222895447,701,2,0.02980027431556114,1,0.683902449238365,0
730.5804456254209,10,0.1997740378851089,906,0,19.59593804268475,0,0.8428402246980097,0
501.78918274083054,9,0.08368261936441236,518,2,18.030631986423984,0,0.8260447206112761,0
451.70538157605966,9,0.2256256314930194,55,3,12.967251404845571,0,0.891265406584441,0
489.15594438873313,11,0.04792990223766014,321,2,25.333276261690266,0,0.9389876784679444,0
479.6194072501803,22,0.09618484001050238,730,3,1.5903249418176115,0,0.9212702922754834,0
273.60446010199576,22,0.4275327769763232,782,1,22.352535077504182,1,0.8646412234615283,0
794.1296674932167,18,0.3837836890096956,580,2,13.282856818932267,0,0.6558907155417693,0
815.7784219350247,11,0.05525353616678966,96,0,12.1680620491379,0,0.7659742300002139,0
760.9450446087673,21,0.10795582401601239,392,2,12.201412789535546,0,0.6552484568836734,0
797.6797833716785,14,0.10123981806802697,561,4,3.99272013090435,0,0.6252367320601205,0
923.492950720562,10,0.23937835352934983,191,4,5.731668266624263,0,0.7138226473042817,0
788.5085766587154,10,0.12533681687449827,955,1,24.137596065639677,0,0.9197763323520434,0
571.7758908794118,20,0.1111591213366651,947,3,10.124805978075585,0,0.81796866880664,0
805.5012797308509,17,0.05789732419090278,534,1,22.482650322112754,1,0.6703240806170696,0
912.9993074062197,18,0.24514774515311877,335,1,8.450240550526088,0,0.8262887584019323,0
488.76840048967324,10,0.5023518467165845,994,1,11.759754976536803,0,0.8977303312128958,0
401.9011266435964,19,0.06579198034575547,495,0,9.901395689478518,0,0.8235396879824479,0
900.719543558581,11,0.1784666522505618,836,2,3.452607682476803,0,0.8578845161654114,0
516.5896508223907,12,0.2722492019026547,225,2,1.2904923640319228,0,0.9363124288562161,0
540.9506473340299,7,0.48663503405896114,79,2,4.9143702591167395,0,0.7089325888006756,0
608.1271026726697,9,0.0831682240765945,919,1,5.038519214845931,0,0.5426600868897988,0
656.5567478518464,20,0.04525982693335286,626,0,3.79150658421223,0,0.8799980386793225,0
756.990883254049,22,0.29456166182304655,191,2,20.264906839497883,0,0.8484573125083134,0
386.7838002780009,13,0.24981386430149152,516,1,1.7260239885011726,0,0.725917820625999,0
559.1256429684516,16,0.2133265535544104,726,1,3.9184873014285477,0,0.9132428684063718,0
691.7344719822133,14,0.08550502737681566,544,4,2.7255309385813833,0,0.897757640168746,0
354.0532066655696,7,0.47259977948231885,121,2,0.6696880557630989,0,0.7731318640936805,0
88.08710284287277,22,0.7481335692390213,124,15,381.28368706301245,1,0.05832281764780236,1
1241.1530652515692,14,0.348957031761762,466,1,1.2836386405595357,0,0.8994008112845978,0
555.2122438759542,21,0.20602682559873647,350,1,12.210731227030847,0,0.808336474072847,0
384.94360885070216,10,0.19717807490700545,635,3,0.37341917877608904,0,0.6718437873959585,0
56.08867635089613,5,0.41557407215366654,118,5,184.3095406148011,0,0.29834340992035024,1
555.0916699897631,19,0.32010463988385823,964,1,44.77146660397179,0,0.8049168345361826,0
474.4947998206742,20,0.09779259190197609,316,1,0.8236506826459614,1,0.8126000098372346,0
1109.93498007039,7,0.12520286424140506,746,2,40.88886396459522,0,0.6136717961478861,0
653.5719378875989,21,0.14039122524787498,874,5,23.650698187249418,0,0.7840189481763533,0
562.5476958844387,9,0.43764959884991456,815,3,33.46949929229449,0,0.8789874226518845,0
402.84323026514335,22,0.21134194878579804,139,1,0.827759095214019,0,0.8887403274303617,0
1289.8387463667757,17,0.3707879824686368,488,3,27.665640568416066,0,0.6313176137913077,0
868.1894630626848,15,0.2865042208961767,42,1,2.292539912610936,0,0.785322975249674,0
389.5811561753132,21,0.10501800650490394,122,2,21.791038382232234,0,0.8699517090724661,0
1226.9951399325091,9,0.21639408128292606,372,2,0.7825460033705878,0,0.8510352055777127,0
1234.8311487748904,13,0.2840623561223296,740,1,3.044865349902003,0,0.7762948996945955,0
1059.3798203320416,11,0.1487278361942131,44,3,3.6638591484839447,0,0.7542259387437071,0
1034.4118362336244,11,0.16126216153030698,491,4,4.99698777092368,0,0.8453932754694311,0
556.2437500693652,21,0.010837435426268043,555,1,10.726113106195386,1,0.8133678439226945,0
741.8255378132852,20,0.07010825747300786,760,2,44.50889116313039,0,0.7979179464132461,0
75.10043134994898,22,0.6167936913675212,24,6,29.68250287177158,1,0.11931659322513964,1
212.69744264621576,17,0.1986888201419005,521,0,15.893151117224878,0,0.8803145391102376,0
517.3626491057292,9,0.240556767486383,238,3,1.1347513521319728,1,0.6542798635595403,0
30.36227247711715,5,0.8077935567275034,16,13,177.47301739679617,1,0.6017750529374756,1
521.4356094379208,18,0.16717023201043407,452,2,20.036730085210213,0,0.727186865572138,0
827.9059575229544,21,0.0664591781437162,692,1,4.349245852404875,0,0.8332173032677266,0
296.97829652773424,15,0.05797560623686254,374,4,5.431728371010473,0,0.8656255432194365,0
916.4419641237253,16,0.2179740865398643,407,3,9.68477873511851,0,0.8654317531443315,0
458.8517400328669,11,0.08004376727379191,62,0,0.7479897132805206,0,0.9227530391256601,0
946.3105229588223,22,0.229127899045114,167,0,24.111104660472662,0,0.5718046767296432,0
349.15248867627287,15,0.30885975773894,93,3,6.404511263157858,0,0.6054154737188285,0
320.27916315671393,22,0.24933336345437432,839,2,9.764991016104293,0,0.743377733049414,0
1368.3547331972586,22,0.1592148100816975,561,2,16.00229090561844,0,0.8609352595073504,0
1148.0805545834023,11,0.5329963814293519,171,0,5.773631945463779,0,0.9032947067361204,0
1096.3714933497927,8,0.4221857911091389,716,2,23.696592144187175,0,0.8116697832815176,0
928.9691344695468,11,0.06450730972966812,864,0,24.135308172063482,0,0.8625930910208872,0
654.0096820176639,8,0.26070904571333314,30,2,35.21278910183634,0,0.5202535751655586,0
413.0784559032327,9,0.25343902781107863,990,1,22.757661377234744,0,0.8660332198528699,0
305.51616845473495,22,0.32968053197565783,172,4,43.95530051633061,0,0.8034645435253743,0
435.871217167135,19,0.07955404998861089,553,4,10.546460334266342,1,0.8610844286535928,0
507.7958566825139,18,0.261326544161075,616,4,0.14162723135696295,0,0.7703626537230621,0
698.5730444616129,15,0.2657841897836402,755,1,10.30381673679937,0,0.8069652624370272,0
885.747504724173,21,0.054637111748604646,664,1,19.984449061602167,0,0.775087926749649,0
1405.4553392829996,8,0.33195299257400596,667,2,24.824799039122574,0,0.915051933759568,0
472.09477510053193,21,0.09084369985511212,360,3,4.244071800604833,0,0.5841499661931423,0
558.0393150357562,20,0.27043192406697936,120,6,3.476804290462755,0,0.9726550006279648,0
904.6088423831475,17,0.17570036176160214,77,2,6.716483773110019,0,0.8411512085699748,0
696.5607431374497,18,0.27457513806153855,583,3,4.721459056090833,0,0.5703445748998203,0
562.5221949853495,7,0.3035143564537908,608,7,17.36229971545334,0,0.8416005871664709,0
698.455196389368,9,0.5094566280042572,781,1,1.6263964234487531,0,0.8594123634501818,0
1193.2716296147535,13,0.1274890463678451,712,4,3.3471502727107807,0,0.6092910372137823,0
524.574996782279,17,0.2208621087567132,607,4,21.520931644914388,0,0.7316673336916828,0
477.14005092095044,19,0.0826685117885416,399,4,2.465352099400242,0,0.5595773497399096,0
108.71588290461112,22,0.76647957896827,70,7,132.54207632481476,1,0.34124529461785386,1
294.0735715290087,20,0.029839523380195018,371,0,6.856831622729198,0,0.8127518697316766,0
494.9289985107524,19,0.00868487391120926,242,6,67.51029005571728,0,0.8902683849502027,0
1008.9558854474484,16,0.27569398736430445,939,4,2.166151051671987,0,0.9037284603161421,0
653.5638618733512,8,0.08083891886729144,568,2,58.93937353341011,0,0.5352906524835536,0
614.8086133485347,15,0.17843653282543592,93,2,0.9584907605028715,0,0.8787554502638556,0
712.618264326242,9,0.03799605942876195,103,1,10.290800608530274,0,0.7350438771270714,0
714.0287839698993,17,0.09812200756733103,997,1,16.327090982521234,0,0.6286984714316003,0
565.7425368796135,18,0.08503708175339697,843,5,1.5232159432207655,0,0.6803808409194808,0
978.5536437438287,14,0.3624021986448669,506,2,16.787361073410484,0,0.9103596348609465,0
1157.116416361749,20,0.06693038917127109,680,5,16.334704142102773,0,0.8788316787630563,0
1062.047985097042,10,0.21624864841780173,673,2,9.209001068941332,0,0.7216398702414448,0
310.0360604153118,17,0.05214344154275688,604,2,10.65037063386248,0,0.4332264490650106,0
773.0424586171176,19,0.1269886964958111,675,2,6.079884144722321,0,0.7562335353763424,0
684.084645187783,11,0.09857815082400782,175,1,20.521488431653136,0,0.599293457317039,0
647.4548019920314,18,0.0949803050424533,566,2,14.306951997934398,0,0.8747291746413702,0
771.499806277573,7,0.20801113799359894,896,2,14.96779772271795,0,0.8136361512527174,0
512.8843823694966,13,0.3571294048505375,61,3,7.443307401341406,0,0.7394048006675826,0
708.5361744836207,10,0.1902309401488916,701,3,2.8786223688954444,0,0.8727531646666428,0
1717.6743252090134,22,0.2009354640131341,558,3,31.768296832404936,0,0.6613709470817803,0
636.8312233979452,8,0.13916396112107238,574,2,1.4210896755513396,0,0.8844155369742992,0
739.6927600437629,13,0.17934224417914305,249,1,60.34667703060053,0,0.6601871435472121,0
541.8820158591694,13,0.19486559606966278,659,1,56.8718229421298,0,0.6239194793539351,0
1778.223534249444,22,0.23731631228089498,791,2,0.7166892123039843,0,0.7005550412116458,0
497.1101059632856,19,0.30813665655426864,513,2,3.233626767890395,0,0.8009730066329118,0
1715.2712539985403,10,0.07935794232847079,233,1,6.272568594019823,0,0.8447251696261602,0
808.4856806897915,11,0.29870543851104364,116,3,15.56084597445084,0,0.7188181840805191,0
459.2764346416635,13,0.20244206756532923,241,0,2.5091203585416664,0,0.4972045116002457,0
562.2611350635558,20,0.06759221069270827,177,0,21.066947550747823,1,0.7120493157943698,0
1190.7713122664472,10,0.285410398230242,501,5,7.088153777752,0,0.5424763066424749,0
442.42483229705107,8,0.16847643262757322,452,2,3.505811304657164,0,0.9059678558924027,0
1851.6771439633433,22,0.1386516145350428,312,3,16.114113680024083,0,0.9067603353994889,0
468.67423519134957,21,0.07839183516931066,305,4,19.525766026791782,0,0.7976611280832766,0
1352.8730352411508,12,0.07203104409756643,168,3,3.475819400523523,0,0.8219176424200999,0
850.7167306221705,7,0.420549874184463,31,4,14.182027840864624,0,0.582998132141467,0
669.1849095375944,14,0.09247513729963741,489,2,53.68082484583937,0,0.9126475976823305,0
497.10933614134245,19,0.10384759640312287,410,5,0.024252364505230706,0,0.5930356252720651,0
731.8221422213342,21,0.2246397678796207,923,1,3.0420823223759177,0,0.8255169643776942,0
167.65091000683194,2,0.720205384337659,131,9,68.89081684190771,0,0.43916796498040156,1
416.0997644296155,11,0.07637796401496365,255,2,1.131349803926089,0,0.8557699643251401,0
1474.5125507685368,19,0.2510673472037375,362,0,1.5530062686938715,0,0.6463520614291278,0
1262.3500878135826,0,0.9733654077876742,60,6,297.7762034722749,0,0.255332473311767,1
706.3969351768046,7,0.42531015794145766,69,3,19.06098096267844,0,0.9332431275556919,0
609.9607143095849,9,0.07302164401723682,35,2,7.240008742947951,0,0.9688051288778965,0
784.5045210697876,8,0.11679695874200528,348,4,10.493120437180846,0,0.8120382191361221,0
958.3122220445091,19,0.28781375704518863,329,5,27.823580485064923,0,0.8261261917370573,0
653.563261477358,21,0.24832751117920504,944,2,13.93651637639987,0,0.901887134722124,0
218.65400442003644,21,0.05183854677140072,580,1,16.163258419914953,0,0.6615278715929308,0
390.1785959660388,13,0.23096155177426994,900,1,12.910733725414643,1,0.5713877929908217,0
51.85126372697092,2,0.805871608436403,100,9,148.54781670360575,1,0.06660514415678165,1
916.0669627388487,16,0.0794780811643822,427,2,0.1452685249118723,0,0.9189863447668545,0
391.6279121875933,20,0.258002591412422,680,2,67.2505560807204,0,0.8466173289390667,0
578.5334635463064,12,0.11473347141135463,627,1,78.7316223269508,0,0.7906631082579968,0
307.8091349230013,11,0.04030204724348607,585,3,3.9309762889202036,0,0.9035276046615068,0
3031.801411228842,21,0.1371688050333902,342,1,8.096681805160303,0,0.6931888193438119,0
775.8517760584124,12,0.34101194413251923,952,1,40.80590656337929,0,0.8270629232539893,0
450.79341962579787,20,0.2193152466773626,818,3,7.432339576557264,1,0.8337251214248274,0
1521.8482263167014,11,0.11464068589502543,267,2,10.840788224946861,0,0.6689167941192627,0
1464.5584816455364,18,0.07391439436037354,339,1,37.492723188524515,0,0.8473541529309272,0
591.7538239864392,15,0.3090310465992577,149,6,1.696358109188459,0,0.7955811983097419,0
506.03169502432183,10,0.20377718375217824,306,1,14.723357404417447,0,0.8257203887536536,0
722.8373736527817,22,0.4540364138253632,917,3,15.788102439412299,0,0.8827764619919198,0
730.8116781146977,19,0.46437456848281916,206,1,24.201633607562087,0,0.6404143932642546,0
538.9223506868171,21,0.270952610178596,977,3,35.60778165266764,1,0.7270892637684241,0
1136.3193372456528,13,0.06337751057456323,698,5,5.5539889696596445,0,0.8059569332831162,0
574.7473083775034,8,0.024111423953466285,911,0,8.434558993163176,0,0.8827547503608217,0
1477.8006199991157,17,0.147841403338747,871,2,9.163257358200777,0,0.9055918160022997,0
386.67243000351147,14,0.06994998473743338,112,6,5.553678584937487,0,0.7986681253197647,0
1073.5293689477642,15,0.4337704950569395,630,1,13.054723936169152,0,0.6627741537614197,0
529.1424125612454,20,0.08706058522880386,145,2,9.21498200196638,1,0.6460361209076231,0
607.6061136985439,21,0.197285678441419,987,1,14.537806655244086,0,0.9387855846315198,0
620.2963235305388,10,0.10628215555454407,619,2,4.9854202078745296,0,0.8305189217375011,0
747.7204364626032,10,0.11461982127735128,833,1,42.46214481086708,0,0.8267080556299692,0
449.1065734117849,13,0.19660973140402155,236,2,17.46115911646599,0,0.9136066353389214,0
977.3491483554373,11,0.2564812473150003,418,2,20.929981896567128,0,0.8826450193038042,0
649.5425140723123,21,0.13425602935840364,575,1,4.19720215306967,0,0.8390181751350174,0
140.07247024371338,2,0.556810839305667,151,10,69.63571913621908,1,0.3941636881398866,1
1040.975021204441,14,0.096849222132268,453,1,8.862521928194592,0,0.7685329687001262,0
550.243736717031,19,0.04150570936592887,875,3,7.369373930703671,0,0.8243540607302374,0
425.8045323201236,15,0.13390613908159027,884,0,14.38885511199135,0,0.7838386368579756,0
958.8427985539356,21,0.22557339910417534,869,1,3.7098827768686853,0,0.958062906032604,0
728.1002319819423,21,0.20622990960629728,694,3,10.656520048544035,0,0.8540249523779824,0
407.51840820073846,16,0.20186906165341134,91,1,7.60868642989211,0,0.9233514769031085,0
856.2826281979221,22,0.19917799583936494,423,0,17.438600654487693,1,0.964050317452163,0
663.8557687069747,13,0.10277350996686205,993,2,4.344089950827794,0,0.8611073909330929,0
661.7226424304341,14,0.04634408699117829,118,1,14.096052577297483,0,0.8903352393728193,0
643.7868445494274,16,0.11790713039989881,137,5,8.637779751294007,0,0.7354487928013093,0
925.5640673587903,16,0.2077229662186094,401,2,1.7427783047964174,0,0.9010008360346451,0
550.000769139083,17,0.14563055123397495,367,0,9.140067827936136,0,0.7370184899322091,0
567.0130709231796,7,0.38816579819235825,135,2,5.217369049270733,0,0.9742003518796006,0
1075.7668847911298,13,0.27373500354685054,934,0,30.473329535396065,0,0.9192458048785274,0
803.1896288967947,19,0.0358764943786601,407,4,31.85344748603764,0,0.6052144133278569,0
547.6572292398316,11,0.23962016654486687,591,1,0.11429297062751582,0,0.8792689207748998,0
1162.349912024729,12,0.18546789932601454,434,2,10.549614196268378,0,0.651961338690846,0
955.1907215904754,13,0.06735360785649587,363,0,8.00993254232315,0,0.8464927543085212,0
815.3142999075937,16,0.03402567390769161,356,1,18.976925565291836,0,0.9531706603357062,0
712.7837081866705,12,0.03466934688151247,731,0,31.536849758387394,0,0.7214943399340902,0
825.5602769205022,14,0.12577148346108452,92,1,8.716844486393517,0,0.6748826976691654,0
932.8458389321555,19,0.05194235102855355,407,2,55.52863485276556,0,0.7256690908372385,0
977.8102552879036,14,0.12913891619757592,442,3,7.345810772527179,0,0.943132304160167,0
857.8505320962429,22,0.2643628661844329,842,2,1.0945939846776316,0,0.6276178193681861,0
853.4513404075993,20,0.04666160462877962,567,3,0.3492176949958634,0,0.5075190623204562,0
1058.4593119255392,17,0.16134542302153088,509,2,11.479720375578012,0,0.5341603371481667,0
1092.473440342242,12,0.23475188487451856,915,0,11.565273934723372,0,0.6829776912401764,0
280.0913793886689,19,0.4096709819993517,604,2,3.189460384339184,0,0.8650702295287349,0
329.47092454435233,22,0.11375162907010564,647,5,54.266958320968,0,0.8689112059364383,0
908.5044062851681,14,0.08853047618155284,165,1,23.884087372388592,0,0.7807954559218246,0
742.1079799661884,21,0.16781749011443045,736,3,10.009319452362618,0,0.7498598437605367,0
250.88825217717456,13,0.2642741154510781,813,1,64.13819062411812,0,0.45799159031763254,0
549.4628537447396,15,0.06147989306166544,117,2,10.488631867298823,0,0.8944007387517814,0
356.07746765505925,11,0.3445289296810911,627,2,6.172542649321534,1,0.7543208418021045,0
402.17798093618063,20,0.11033767832244315,205,2,11.420366665809796,0,0.9252774711586091,0
604.8467885681813,21,0.1310545791962539,466,6,5.639947220387569,0,0.6982953679935532,0
334.55891851929323,11,0.11439307949320852,246,2,11.25198345154012,0,0.6349720582107774,0
1114.6539177115262,12,0.144380061702046,755,0,5.362329351757525,0,0.8364452941244482,0
815.7450149848207,10,0.36510612059047726,437,2,18.52865930798599,1,0.7102658219538008,0
467.86600931089333,8,0.3042623928974555,337,2,25.871180323166257,0,0.8240414794736576,0
556.3685736692336,22,0.19514341133744934,53,2,6.4289632757148905,0,0.9059010833769937,0
1484.8655370363238,14,0.3649630798578499,802,0,39.68489600720652,0,0.8457541126903214,0
459.7655055597494,8,0.03827892184809584,396,3,17.83082983563523,0,0.8319597885992086,0
976.3832572534328,11,0.14452844019230435,149,3,20.068035301874374,0,0.7842721233391471,0
697.6880776510474,14,0.00779520294128693,231,3,9.883858455630506,0,0.8670402770955423,0
298.67683332360383,19,0.03762538469416664,40,1,16.801071561194057,0,0.8787281165129112,0
856.2486860135996,15,0.2409611613963141,443,1,19.265262340598266,0,0.8461173245894821,0
629.1400603693593,14,0.1637539048754212,778,4,37.517503395057446,0,0.8684729304734267,0
1366.3672271667242,18,0.31721489704550826,132,0,34.18066637001901,0,0.6803953816364448,0
905.9487191839685,8,0.05653391169698229,187,1,11.150142774679479,0,0.7428007586949423,0
378.0815668335795,21,0.15991155655229597,94,1,4.028946739782499,0,0.8073289483825172,0
433.321899755095,17,0.4190335280207516,723,1,20.965460659195195,0,0.9783206248595824,0
1360.001053887587,13,0.11314099889000942,371,1,11.463440832177394,0,0.9073026227912764,0
1520.1140742608,7,0.07079413888692634,923,1,4.81318327065766,0,0.8880323415988591,0
748.0621124591097,16,0.1119781979092877,264,0,6.568018703623199,0,0.8863283288358805,0
1189.0331084042195,20,0.29515363912123493,494,5,14.130486654943578,0,0.7007256158816347,0
457.91041200678035,14,0.1235214298810365,322,0,0.872678419153079,0,0.6457183460019665,0
707.1749110228344,13,0.36391251206370395,798,1,13.274802875219693,0,0.9428539567416562,0
306.64086070240126,11,0.2921335161401553,546,3,4.392808945398505,0,0.8478223868782593,0
956.7944441699656,9,0.27421603682419277,711,1,0.18614211900080765,0,0.8852016557133283,0
553.1776959189025,8,0.2903377958401344,230,6,9.514543346312088,0,0.941136303437874,0
901.6576975552684,14,0.3774524937290314,501,3,1.5884708779222947,0,0.7853140929561447,0
455.23164606626364,15,0.04772399280324835,550,2,17.456999422324344,0,0.9684299405953724,0
1073.7899024296953,9,0.13506744360147277,81,2,2.655520990845566,0,0.8493560605637953,0
487.3197977879181,20,0.2905618955502058,270,3,4.363619976443366,0,0.7775129414368699,0
841.2048269516006,22,0.12916944206168837,914,2,3.8713334780908575,0,0.4650292444417604,0
967.9720326515321,21,0.1744758885860209,348,1,2.962909950841289,0,0.7313733004684505,0
685.6434493713149,8,0.1075467796520406,389,2,21.818676515685198,0,0.7006142488545803,0
527.7857706876541,17,0.07926880097504266,366,7,18.283783473847546,0,0.8151944072330771,0
600.4055757291372,7,0.3095219061369762,417,2,26.387854385556203,0,0.9343583144479887,0
1172.4584497640476,16,0.14446287752737044,995,2,3.340473457172705,0,0.7863379056559332,0
640.0686897534817,12,0.02028729379704151,698,4,0.29223852702262826,0,0.727710605391398,0
646.5960378397872,12,0.21829487647793092,576,4,14.492635754629395,0,0.8239028635705714,0
597.6087512001178,15,0.24997693777529315,836,2,0.5172187355717449,0,0.7917422010540239,0
2327.3445207728123,7,0.34246371678219656,797,2,17.77374681211529,0,0.8279526462237784,0
123.2505597313653,3,0.5394124148301553,69,6,79.75411358461278,0,0.31312142417252237,1
307.32151225294416,14,0.2860261964754904,216,3,3.4469011529366744,1,0.6405444412243034,0
505.8991272749075,17,0.43727717074087785,575,2,6.055448146932392,0,0.866599301068523,0
1686.6755805890625,17,0.28203076292059986,252,5,3.1655060207150862,0,0.7536331648139716,0
1051.4364000445305,17,0.15941981806067354,869,2,12.744761649983204,0,0.8914423864181361,0
273.228379728463,10,0.058702630271328035,734,0,6.975386128012951,0,0.7479877337904131,0
482.83536257717003,10,0.14198513755465866,854,3,19.14887100969324,0,0.8177588604116931,0
441.40811194166554,22,0.22838395026884614,405,4,2.0127029050562575,0,0.5885725325132357,0
638.3067339830197,12,0.26903060270033957,448,0,30.384954739003188,0,0.8187100559295591,0
672.4514632793141,8,0.13793157661432812,826,2,46.68573330742197,1,0.964170788282492,0
1160.7080303574246,15,0.2648857315885514,128,3,4.524384715761622,1,0.9185640152181029,0
819.131094632845,19,0.11110632756706608,342,5,3.9615155877022183,0,0.8475931813349014,0
1655.145870580423,17,0.1248871364402154,504,2,12.348702337616512,0,0.6142588127748861,0
241.25750937127165,15,0.10397406620666436,916,0,60.831546603469015,0,0.857289904249072,0
772.2232317397759,19,0.07567118139015097,941,4,10.606111485914488,0,0.8683621535511983,0
504.30489076623076,14,0.42011152093758164,454,1,9.044208713302314,0,0.9246846473247359,0
1370.2912610363012,20,0.042801845092132834,520,2,8.059976557471948,0,0.9252399385223327,0
1415.4957234823967,16,0.12264407046585574,728,1,12.708524960746164,0,0.753276641316532,0
1223.1765203351904,12,0.11470193598307919,929,4,35.16257733296179,0,0.9861915974920252,0
712.2840100253319,19,0.10796058873672491,102,0,3.1142625076586574,0,0.6016454691882435,0
327.3612301476124,7,0.13658054445693352,374,1,12.114273251535797,0,0.8467776781534133,0
817.9303302942783,15,0.07281777273096501,569,1,24.242711506311622,0,0.8266337017060015,0
1049.8993722964756,22,0.18413646906892234,980,1,27.839120681673062,0,0.8448254667435376,0
1187.0692450071188,16,0.2147918092016043,507,1,24.925897448324033,0,0.9337872264931495,0
411.39020173413036,15,0.08951084659189912,762,2,20.875292400841186,0,0.8666741011061245,0
431.5062282805758,12,0.1298065353913884,98,2,12.82043723338537,0,0.5474357889711122,0
871.7095226784865,11,0.07365791301086376,112,2,30.008623098902255,0,0.5093478787271447,0
881.0964372728104,13,0.1754692170566403,689,5,69.5835939306064,0,0.7460838131761997,0
461.54421887110885,10,0.287034808473413,202,4,13.282055798905418,0,0.9034774712548763,0
984.9607097078897,16,0.28414051394768314,837,5,19.68032595642399,0,0.9015637387759623,0
1274.1216079607868,21,0.2250197617337419,986,2,54.37441589194962,0,0.9387948685019029,0
652.5700147186291,21,0.23467644940606947,300,4,4.884844915679556,0,0.9003815396742865,0
4267.656935669716,18,0.26380604487510223,102,1,18.371677566776135,0,0.9741134272496845,0
497.5635129305641,10,0.022929716586124593,200,1,10.21977465512663,0,0.6679997710959403,0
323.27664087759564,9,0.19502269821905638,85,1,0.8420920622381,0,0.7562425069168525,0
768.364228876165,17,0.19759345872019338,315,4,49.47118511217006,0,0.9381967917553384,0
431.87334225765716,22,0.07291014353242962,889,2,4.306467028431649,0,0.7960632488473366,0
1158.850565322832,7,0.16515581419965653,688,4,16.10585103215718,0,0.8683077033486308,0
203.38478789300555,2,0.3771091388252261,112,4,3.4476156691239854,0,0.19919276012041387,1
2249.2421072591433,15,0.05944693353932013,642,1,3.6250763248777997,0,0.8064064494514716,0
881.2268881793727,14,0.014630014387794536,989,0,19.504133554573343,0,0.7839415611679936,0
568.8973078224831,20,0.18118181505985054,561,0,7.99822001799471,1,0.751891318178023,0
748.3025977522127,14,0.5326860645991766,643,0,2.2227431595765452,0,0.8219352391421607,0
2795.548665717754,22,0.1811283371089983,372,3,14.71651335122361,1,0.7081056479242324,0
1451.5973010543441,11,0.11163256501542614,999,2,6.446696965259916,0,0.9267024384251825,0
180.7826061630775,3,0.5506625531126125,94,7,119.81991972884427,0,0.12283649780147461,1
354.8699178774434,8,0.24398692346023496,220,1,36.38146347928333,0,0.8151647895934372,0
738.1588845073601,9,0.2086644934734039,669,1,36.434816072625516,0,0.9370847309088982,0
514.652522261354,20,0.21553958940950063,883,1,9.91870364055069,0,0.8695335385440679,0
730.4318471360892,20,0.11981729025826539,386,5,2.989334536207702,0,0.4763445491248171,0
781.6295864304261,10,0.5130269209799923,443,4,35.51001689539679,0,0.752089008447206,0
781.1738954346814,22,0.18897809970145796,643,2,18.493614253993275,0,0.9757245610568807,0
970.8290916635701,16,0.1490518256588631,46,1,73.17488149949486,0,0.8893748219891594,0
564.3455690598655,14,0.06323792030201708,41,2,3.8838532747209156,0,0.901474700379123,0
1816.3475709914567,17,0.04322628861784119,359,5,2.985297892448189,0,0.8559556552892337,0
277.12813986404785,16,0.3506175844771902,800,4,2.4514641172556155,0,0.7911657491431998,0
667.8550041093082,13,0.12647877101975724,313,2,6.849671684197663,0,0.9012912304403223,0
490.71265754290533,14,0.06722323821143618,200,1,10.752259068596073,0,0.9234587475926319,0
766.1517123440939,14,0.0880914863621529,864,1,42.16969158808384,0,0.36081247442841846,0
317.6336035409088,19,0.06962916135908465,302,0,9.192150860019895,0,0.7213540719309343,0
834.3689567784853,19,0.47726162005771766,441,2,21.350955908951182,0,0.7397973415156449,0
829.3670430056574,12,0.14977987721825356,117,2,10.159351311777828,0,0.9735089852718111,0
992.2965752275462,14,0.19130569059000718,482,1,13.203909399263342,0,0.6389503749932908,0
605.7167681173462,18,0.24962304404995272,666,2,10.478033924748548,0,0.7186687620551759,0
588.2993431130939,22,0.153635544218161,85,3,31.21818951864318,0,0.9739818296296828,0
236.8426139672188,14,0.2195480464840894,655,4,22.73524682186976,0,0.785202785583683,0
1691.8335344193215,13,0.22077865981001416,249,2,24.999020929064617,0,0.8466156540477833,0
326.79339334658994,8,0.23022454199554232,935,3,7.422324766934027,0,0.7730336769602724,0
1463.5351176029176,11,0.3232993287653895,280,2,4.879663370221473,0,0.7710455274987625,0
1288.108892512869,16,0.21166029188672647,200,2,5.341946001029028,0,0.9149730375260272,0
768.5245080553736,22,0.41415444853831423,436,2,12.301386179761879,0,0.6997150862852264,0
1687.1747654458243,19,0.1277061424807248,189,2,20.61924437450927,0,0.6786130499612616,0
754.3204146694687,22,0.13026372509951073,896,3,9.920376921201585,0,0.8542836517124529,0
460.34065389631826,20,0.09325251432140555,163,4,14.364200447542926,0,0.9521348378613848,0
715.2032276441358,16,0.12700148858719307,915,3,34.18515277059933,0,0.8611641651945012,0
1135.3251993199385,18,0.3665469487004894,164,1,6.521801242046143,0,0.9406680264283038,0
591.1191967077648,21,0.45937552694799383,206,1,8.331675582537805,0,0.7392831383045212,0
156.5189259179968,1,0.6423750185269341,84,11,21.372482725191123,0,0.11301784327455539,1
919.7840413199702,17,0.054082100825940754,739,3,1.344289606659737,0,0.9480744505725119,0
172.87784137372773,5,0.8729758785813343,100,14,68.09294104723661,0,0.36332151924666045,1
441.308227066273,19,0.23731472994447414,498,2,35.40568237474626,0,0.9307490636311407,0
180.0603917844734,23,0.42307388347356434,24,5,57.35203878645985,0,0.45295756846707086,1
657.6443462570394,9,0.21047772797348707,573,2,16.792919326718174,0,0.7444244579100577,0
461.4406294951411,17,0.38502163965397207,685,2,0.01415339959103563,0,0.9032576978972567,0
622.9805925930264,12,0.12129267037748473,556,0,25.60124614916317,0,0.726667641291867,0
1206.8737720205584,19,0.09699608714286721,275,4,3.501551428053055,0,0.8796454584217123,0
99.27772921601697,23,0.7837019610713294,159,13,208.4276066304413,0,0.14137058906760447,1
1105.9536919557377,19,0.11367470066838603,425,2,58.2801805333099,0,0.8660035963232336,0
364.7156532811436,7,0.15882696989564365,617,2,1.6280244867937643,0,0.796408253494897,0
392.2739802423627,11,0.3121983961078936,525,2,3.6201474269571223,0,0.8550098225408046,0
2023.94399584186,11,0.5787272608831172,384,1,34.159542764547645,0,0.6728909601151092,0
56.09765146393616,22,0.5451586284018686,85,8,246.78679228327636,0,0.3607646087660783,1
517.7584014696964,21,0.0940076329495104,915,4,18.06211146143446,1,0.8129369045427483,0
538.9022131641406,20,0.5184233037012069,834,2,4.00822795684646,0,0.8389046837899656,0
452.31669102802584,18,0.161300343159971,962,2,19.741314172081875,0,0.724868458694848,0
420.9882081281631,19,0.3281777912483447,333,1,11.369644740493834,0,0.8185299489230667,0
620.5910543885698,15,0.1825627574832939,571,2,22.515459345322682,0,0.8982378194062618,0
1473.3742863776451,22,0.09684669012013036,843,5,27.717668176742762,0,0.7274756198242388,0
564.0878478313884,14,0.24070296222814727,245,3,11.339571127357004,0,0.8168560321713004,0
489.5638314879794,17,0.3688253520666785,492,3,10.825932997428282,0,0.8046189025368498,0
361.78476015282945,8,0.07912342642575611,685,2,23.26025133705346,0,0.9150764468882678,0
364.41900916648655,10,0.28241976999496887,992,6,11.154623803982263,0,0.5716004784718631,0
571.6854902792302,19,0.19283863748920932,941,2,2.4694771760019587,0,0.5148460244160676,0
534.6047157249185,8,0.16196787848451355,71,1,4.989810798894944,0,0.8150899192207649,0
483.281620137286,22,0.1219886721477933,974,1,5.62404980810609,0,0.9071701805612853,0
796.4787029815353,10,0.22403330138806246,734,1,5.690282525531538,1,0.7913206831521661,0
195.75653457200963,2,0.583577777473779,199,4,100.04438863836232,1,0.2867132882579098,1
504.8198718223918,20,0.025696511757482166,977,3,7.978212247980211,0,0.8535110394631585,0
1033.2708177042948,14,0.3314394994726704,971,3,5.081005301097232,0,0.8263827694082965,0
1140.0615450685034,22,0.1576971118760836,801,1,39.536427471542545,0,0.947593423622659,0
1861.9970675731238,15,0.18809719621471227,611,3,3.9172520861404094,0,0.8188074638077206,0
267.4772281256129,20,0.03684218837900326,752,0,16.565601147655407,1,0.8902310244609435,0
2481.048810573568,7,0.042713544304342835,917,4,19.39169781430747,1,0.8578659333845643,0
512.238054590884,7,0.40788620808895587,989,0,23.572868003553065,0,0.8111182860611069,0
710.598637073495,19,0.3206361123250819,799,3,2.493597749647513,0,0.6842111881118602,0
778.0008829905262,22,0.24690583791668905,135,3,58.27110076268667,0,0.7012660714495998,0
580.6252596595141,19,0.26220164076053065,198,2,29.462004867067186,0,0.6713095181083396,0
1027.99623019697,18,0.16726400325508872,645,2,7.143364807329751,0,0.8032519289767791,0
1058.8968584426325,20,0.28363893994215245,791,1,32.401982092488936,1,0.6870238906310241,0
80.89982887822833,23,0.6541184525817726,66,9,148.64068846920608,1,0.1614598527707297,1
583.4575378511109,10,0.16086748083118865,214,1,20.98043886569866,0,0.8026816114462025,0
321.7251470949973,7,0.2326046933961281,568,2,7.986011871731599,0,0.8387712656634906,0
866.423327045213,14,0.2549848070635164,298,4,38.27136289060009,0,0.9116514351316353,0
691.8740532852197,7,0.18566291726751435,929,0,21.387155570427407,1,0.8691463626769912,0
463.2154185345532,14,0.16548104883558368,509,3,2.3898920022012233,0,0.7893776872476532,0
746.083216361099,19,0.17174286379174508,187,0,1.5433531929501798,0,0.8124145533082013,0
401.9571161923788,7,0.06634775144435677,287,2,1.3264766949055522,0,0.9733618914569928,0
397.22147774264124,21,0.23617446373639775,455,2,19.016698689407118,0,0.9484577580625384,0
521.8919480154884,15,0.2588880333733226,272,3,0.3442215658824918,0,0.9252800936325725,0
960.9926207781297,22,0.10485760736862021,373,2,5.890586238864857,0,0.7437602873388428,0
485.76528899758597,13,0.08935819679026455,409,1,9.39346664966386,0,0.5887909971399493,0
681.6075812334293,7,0.2374063917595948,170,0,37.345945460331116,0,0.8089262174681491,0
643.6902294446836,19,0.21873477491518026,329,3,11.404446850514171,1,0.7257523691837334,0
1350.7058154112167,13,0.24155495154264195,747,1,7.235338537599216,0,0.6904263090171787,0
664.9905919893331,9,0.0750097141393799,348,1,4.263735654214872,0,0.8622557782241472,0
366.02484282241966,17,0.39775875252159004,634,4,23.7436822933649,0,0.7852339100013563,0
926.8298392333792,18,0.041914117550679114,110,1,2.318606371574791,0,0.8653923797108567,0
955.2356547214164,10,0.2937667038624338,681,2,23.359225384441693,0,0.9358482846649895,0
298.00968048827934,15,0.2655626657203848,739,1,9.58831681359835,0,0.8521823572393207,0
413.3953574687759,12,0.1788410311818328,764,1,0.2692154065509159,0,0.6961743076515319,0
832.1209445183287,9,0.409337187502926,377,2,2.790232007742356,0,0.6840610724688669,0
668.8632819105305,22,0.41100319602402496,888,0,0.18913543870536909,0,0.8269243324145865,0
775.3150377584701,15,0.34467834954034104,145,1,2.269469057906287,0,0.8335497462682256,0
383.1636044839595,11,0.10933275518797986,989,1,1.4258022917294857,0,0.9232607215053733,0
706.0592989555414,16,0.1275336324073597,544,1,8.09473610727788,0,0.6860310739455315,0
735.9204194883624,9,0.2652548751896419,413,1,1.4046514271696355,0,0.8011116267945531,0
1238.9808436915446,8,0.4046243533660791,223,2,2.799318525905126,0,0.8999881366312482,0
505.0927800270416,19,0.3989020348563901,457,2,5.260538141609868,0,0.9063805360593116,0
790.4596029996857,21,0.1770687275576221,441,5,30.60091833925825,0,0.7273532453574699,0
503.85914408846827,18,0.12482997686493419,874,3,2.953683790065051,0,0.7899392955354755,0
1389.0577415913676,10,0.16589548535606458,491,0,14.979781599981095,1,0.9211782332232008,0
677.8398374599117,21,0.04432437127256407,190,2,24.459528332508647,0,0.9610228952862216,0
1500.6447488591846,15,0.05498482835433201,537,1,23.61640247343312,0,0.7645689653776852,0
2456.9072214297753,16,0.13906299798426847,744,1,8.504859834568958,0,0.850706521091084,0
338.41737334292475,16,0.05017523504845932,330,0,19.81136260700737,0,0.9307053845710279,0
805.4367508227153,10,0.07622392150293344,814,0,15.939214760089351,0,0.8102870800964296,0
661.660708893396,22,0.08491342059450868,377,2,0.689426260238355,0,0.8176141527878369,0
303.6955948861054,21,0.3415140161774819,532,4,35.869628082491666,0,0.8292613998146982,0
73.30165404189296,0,0.8533704046645958,14,9,9.587306037337402,1,0.3197754819796416,1
1306.9774486338604,12,0.3561508145871436,973,3,19.168518587226554,1,0.8327615510198043,0
892.2186001923081,22,0.17312859544031953,198,0,11.96889494107317,0,0.8671285498511722,0
346.18627371702524,13,0.14889461043286126,566,3,19.371912075677642,0,0.8424321806327445,0
38.828854924497456,4,0.7233697495623613,44,9,21.786444561210423,1,0.13348638128768292,1
1541.6803916993913,14,0.21473141567929266,770,1,21.993966808736904,0,0.5238426897105728,0
675.147882889325,8,0.2829333835949606,282,2,2.5063605059925407,0,0.9136190577041851,0
1389.326707717832,20,0.15892803291235566,727,3,23.29263299651303,0,0.9234813574895271,0
103.94260067101183,1,0.6755240113664179,29,6,109.43438602477211,0,0.42579772814475036,1
1341.423047979104,18,0.18558173822134463,350,2,21.391322909035033,0,0.7937876765121393,0
870.9692890622523,22,0.08110014398334504,558,4,2.0351538082590652,0,0.9332999505604962,0
536.1385191236008,22,0.1008133820502,184,0,2.1493151143674663,0,0.6032812545175686,0
682.3702494497386,8,0.1358088781704033,154,0,2.084993409593236,0,0.7945842680470043,0
897.3294785957489,19,0.33359242487555213,211,4,5.563406802261933,0,0.5984683914815073,0
955.5539751950986,17,0.12928869710862975,116,3,12.017572873086829,0,0.8722593411581376,0
665.2028198574587,18,0.08518089996066133,429,1,45.35034460868648,0,0.9029030432807629,0
1077.581558136855,10,0.012898110708432386,177,5,9.481745114339997,0,0.8499623466465347,0
450.8915044130703,10,0.45019182589312207,334,1,15.71417479301905,0,0.6828925567779727,0
1186.9573824155198,11,0.13128993695759303,710,2,50.32158013049704,0,0.9106802108702933,0
742.869568292895,21,0.1781171425822786,838,2,8.950313087696951,0,0.35140580443982833,0
546.9772057683467,17,0.15218292467842515,69,1,23.312657858397184,0,0.7725286918505389,0
740.8886124711833,9,0.4013877654057701,213,1,17.25125662934734,0,0.7743143588157815,0
1064.111295392124,17,0.11566672079232725,252,3,12.26290073608919,0,0.7257096354023894,0
228.62531266024416,8,0.11174442526948165,381,1,5.605628979456111,0,0.8699333978322182,0
403.79747631748404,8,0.3242955913241081,853,0,0.6647639784345348,0,0.9070556480966694,0
425.2757363751444,20,0.023318084463102382,524,3,3.4876165554249186,0,0.7628238887918838,0
602.0820193869969,15,0.3952391691065754,673,2,8.733415105968874,0,0.9087848961082704,0
60.661201990698146,4,0.6687861516985845,184,6,120.23772513749991,0,0.035486159810741484,1
647.8106791226855,16,0.11512958001901669,50,1,6.405427243565886,0,0.7093632142599251,0
480.40600830171167,7,0.1882190150714512,635,5,9.873669734932754,0,0.7446526696590232,0
360.5983995109703,8,0.3912465684159552,985,1,9.83043859381997,0,0.9346682082075195,0
587.4151600269636,14,0.22778430934565036,937,0,4.277684119961446,0,0.8753825573743994,0
410.3184600449302,21,0.2463367778396795,723,5,6.850816287267163,1,0.8304679694808762,0
434.47572068251276,13,0.4300274457659957,220,1,11.412305986382682,0,0.9647782095909779,0
591.2490391373419,19,0.17289409597312055,288,3,31.534516118049282,0,0.8005180732115961,0
711.5119828051251,9,0.3469338956311349,259,0,6.546730256440665,0,0.8393774965844281,0
516.6053921252471,20,0.06571999211514305,637,4,2.0818570598191335,1,0.8896916710693261,0
1187.9740787026271,14,0.1633320555452677,148,0,2.775315021840604,0,0.6797490248341985,0
80.71266132200257,4,0.5293052390709944,105,15,225.05270655686206,0,0.36455754435388715,1
1085.8649737142127,11,0.11707203256137214,931,1,8.204413251502602,0,0.9247887152247102,0
502.6513170777355,14,0.11166531024317596,942,3,2.962264296422493,0,0.9581539071400754,0
537.6735147485872,22,0.2760844274796248,595,0,2.613889686766574,0,0.8759809818529375,0
1428.4203668048433,7,0.04713691752431196,590,2,16.421730104673816,0,0.7460913152287802,0
667.5619451700568,22,0.10465635388116176,811,2,3.61461060622033,0,0.8052121170511862,0
1115.532897730753,9,0.10560150906567642,435,6,1.658429934744286,0,0.9160208739028042,0
1241.6370478967979,21,0.18072735320901848,524,1,17.778658990344788,0,0.7233510868768727,0
2050.6837511162107,18,0.16524712875783445,135,4,1.2335757563151795,0,0.8805238205633388,0
497.3411375753648,8,0.13029982731801104,422,2,30.71491766731831,0,0.7313541235575296,0
645.3643170617106,21,0.023247802724631207,390,3,1.93138769524175,0,0.76706572747169,0
448.47329828281045,20,0.3373368748078946,110,2,10.195352127394049,0,0.8948462903810693,0
534.6995200244113,19,0.35771082863636927,695,0,9.323255908993511,0,0.8588917708536302,0
666.5809988311254,15,0.28393137685563846,72,4,29.015740473551993,0,0.7931195882111193,0
1243.3716190576952,15,0.2031943783772418,202,1,34.966976636564006,0,0.8506003567331731,0
1858.304757904954,19,0.1329498399231546,317,2,5.592722365788424,0,0.8353391141392535,0
990.7284531312755,20,0.13806049419183059,489,0,0.12968130912573272,0,0.9434114553329235,0
1403.7698127050612,8,0.29948436198584677,480,0,4.822960965321753,0,0.7826885485315511,0
451.8066681138722,12,0.057300537159516114,158,2,16.05368365597238,0,0.8214834887699266,0
779.0266032411845,10,0.09674612925607506,527,1,8.441461701433775,0,0.8726186324834796,0
910.0067348314744,7,0.23542127222562143,918,2,8.546604395786233,0,0.9652202167359925,0
592.1108847710152,8,0.12320297379191422,592,0,15.371142558531686,0,0.9597830272044491,0
842.9709197385708,16,0.29481985594521537,414,3,2.2272158611474846,0,0.7402614684906229,0
1121.863209540004,10,0.2002963825725613,563,4,13.935813428146025,0,0.8763059688847209,0
878.9618342612079,11,0.2130710830796434,246,1,5.715508204167887,0,0.8753772124610769,0
1587.1199411201346,7,0.11692604528722644,125,3,5.7910652055192,0,0.8435504042815313,0
559.2410339234884,14,0.20138429538624636,415,1,33.15221934358207,0,0.5950788830299704,0
752.1128821069193,15,0.16163407105711122,240,1,1.617205494336915,0,0.8062873687778535,0
751.7927444056373,16,0.28331423798657224,171,1,13.854642322857403,0,0.8055724703699995,0
617.7470631389383,8,0.3044755982893642,360,2,49.47375705732891,0,0.7676885984722114,0
672.4290754816467,20,0.10778928677454964,890,0,8.415551876030777,0,0.6384753433197438,0
354.42531739381167,16,0.3184055006204763,986,2,28.910741310079565,0,0.9159658458865222,0
1134.705843911498,7,0.11949760444492188,860,3,8.559376649040699,0,0.6367621197474226,0
430.11403138342706,20,0.10847234180241004,704,2,19.14180015980847,0,0.9587467131377962,0
712.7575203434408,20,0.1471681561116756,733,1,2.536691359008319,0,0.8552258408319074,0
398.99098029315564,13,0.20243202799573384,145,2,26.05896945516648,0,0.6305132873640155,0
399.63460867449606,20,0.02682914395038213,729,1,13.021758916113905,0,0.6523994929479635,0
454.0800712957188,22,0.17355549533603506,544,2,14.329734543239926,0,0.8226162046081097,0
666.0220083684961,8,0.215439223727193,927,1,13.569930501949438,0,0.9690614298045849,0
22.80621998039539,5,0.45259192307620055,182,5,20.710608151824644,0,0.43087711230110387,1
708.8314302923577,16,0.5171728259398589,376,5,23.825277758366845,0,0.960433582026969,0
858.9993883703595,11,0.26306238375035557,519,1,53.992000525953415,0,0.9660963739647934,0
1098.1463382479205,8,0.06571249562588218,151,0,13.831723889163705,0,0.9702175146056258,0
398.8257745641203,10,0.10918891738505927,376,2,33.88266254449947,0,0.8422542681982554,0
159.38551249544216,23,0.7843652672199458,140,11,84.31623684282106,0,0.15885927747538753,1
1358.4740084560965,16,0.37152127244870115,854,3,9.337829128986577,0,0.7562899149966609,0
270.10277636028246,21,0.29156376834395625,946,4,49.28396028452737,0,0.9605599507251078,0
114.73653100187649,3,0.7650324723292693,159,7,62.947169469396165,1,0.6291836223312031,1
1152.7295790411931,13,0.3975805633129764,740,4,25.815262657061552,0,0.8775276507907818,0
853.2558550641007,16,0.3642126279284401,867,2,6.227115312609894,0,0.8408859069278135,0
757.3168526314844,18,0.08596975041116646,240,5,10.107326340763231,0,0.7678718249261299,0
590.0477483561735,18,0.10904154595913981,141,2,6.642249241522113,0,0.9365070526216528,0
